sim_t,client,soc,temp,throttled,alive,ul,dl,power_W,scale
0,0,0.297527,25.9347,0,1,14.3139,14.3139,12.4624,1
0,1,0.247527,25.9347,0,1,14.3139,14.3139,12.4624,1
0,2,0.549107,25.3377,0,1,3.78728,3.78728,4.50208,1
0,3,0.599107,25.3377,0,1,3.78728,3.78728,4.50208,1
0,4,0.347527,25.9347,0,1,14.3139,14.3139,12.4624,1
0,5,0.277527,25.9347,0,1,14.3139,14.3139,12.4624,1
0,6,0.799762,25.3377,0,1,3.78728,3.78728,4.50208,1
0,7,0.9,25.9347,0,1,14.3139,14.3139,12.4624,1
0.1,0,0.296385,26.3508,0,1,5.62369,5.62369,5.75536,1
0.1,1,0.246385,26.3508,0,1,5.62369,5.62369,5.75536,1
0.1,2,0.548152,25.693,0,1,4.25368,4.25368,4.81239,1
0.1,3,0.598152,25.693,0,1,4.25368,4.25368,4.81239,1
0.1,4,0.346385,26.3508,0,1,5.62369,5.62369,5.75536,1
0.1,5,0.276385,26.3508,0,1,5.62369,5.62369,5.75536,1
0.1,6,0.799507,25.693,0,1,4.25368,4.25368,4.81239,1
0.1,7,0.9,26.3508,0,1,5.62369,5.62369,5.75536,1
0.2,0,0.294413,27.0738,0,1,11.1951,11.1951,9.94093,1
0.2,1,0.244413,27.0738,0,1,11.1951,11.1951,9.94093,1
0.2,2,0.546854,26.1721,0,1,6.72472,6.72472,6.54228,1
0.2,3,0.596854,26.1721,0,1,6.72472,6.72472,6.54228,1
0.2,4,0.344413,27.0738,0,1,11.1951,11.1951,9.94093,1
0.2,5,0.274413,27.0738,0,1,11.1951,11.1951,9.94093,1
0.2,6,0.799161,26.1721,0,1,6.72472,6.72472,6.54228,1
0.2,7,0.9,27.0738,0,1,11.1951,11.1951,9.94093,1
0.3,0,0.29214,27.8985,0,1,13.0851,13.0851,11.4563,1
0.3,1,0.24214,27.8985,0,1,13.0851,13.0851,11.4563,1
0.3,2,0.543839,27.2921,0,1,17.5646,17.5646,15.1938,1
0.3,3,0.593839,27.2921,0,1,17.5646,17.5646,15.1938,1
0.3,4,0.34214,27.8985,0,1,13.0851,13.0851,11.4563,1
0.3,5,0.27214,27.8985,0,1,13.0851,13.0851,11.4563,1
0.3,6,0.798357,27.2921,0,1,17.5646,17.5646,15.1938,1
0.3,7,0.9,27.8985,0,1,13.0851,13.0851,11.4563,1
0.4,0,0.290421,28.5001,0,1,9.56096,9.56096,8.66536,1
0.4,1,0.240421,28.5001,0,1,9.56096,9.56096,8.66536,1
0.4,2,0.540975,28.3364,0,1,16.6718,16.6718,14.4341,1
0.4,3,0.590975,28.3364,0,1,16.6718,16.6718,14.4341,1
0.4,4,0.340421,28.5001,0,1,9.56096,9.56096,8.66536,1
0.4,5,0.270421,28.5001,0,1,9.56096,9.56096,8.66536,1
0.4,6,0.797593,28.3364,0,1,16.6718,16.6718,14.4341,1
0.4,7,0.9,28.5001,0,1,9.56096,9.56096,8.66536,1
0.5,0,0.289944,28.6219,0,1,0.146313,0.146313,2.40239,1
0.5,1,0.239944,28.6219,0,1,0.146313,0.146313,2.40239,1
0.5,2,0.538463,29.2304,0,1,14.5549,14.5549,12.6615,1
0.5,3,0.588463,29.2304,0,1,14.5549,14.5549,12.6615,1
0.5,4,0.339944,28.6219,0,1,0.146313,0.146313,2.40239,1
0.5,5,0.269944,28.6219,0,1,0.146313,0.146313,2.40239,1
0.5,6,0.796923,29.2304,0,1,14.5549,14.5549,12.6615,1
0.5,7,0.9,28.6219,0,1,0.146313,0.146313,2.40239,1
0.6,0,0.288011,29.2921,0,1,10.9408,10.9408,9.74019,1
0.6,1,0.238011,29.2921,0,1,10.9408,10.9408,9.74019,1
0.6,2,0.535718,30.1977,0,1,15.9635,15.9635,13.8364,1
0.6,3,0.585718,30.1977,0,1,15.9635,15.9635,13.8364,1
0.6,4,0.338011,29.2921,0,1,10.9408,10.9408,9.74019,1
0.6,5,0.268011,29.2921,0,1,10.9408,10.9408,9.74019,1
0.6,6,0.796191,30.1977,0,1,15.9635,15.9635,13.8364,1
0.6,7,0.9,29.2921,0,1,10.9408,10.9408,9.74019,1
0.7,0,0.286021,29.9728,0,1,11.3076,11.3076,10.03,1
0.7,1,0.236021,29.9728,0,1,11.3076,11.3076,10.03,1
0.7,2,0.533205,31.061,0,1,14.561,14.561,12.6665,1
0.7,3,0.583205,31.061,0,1,14.561,14.561,12.6665,1
0.7,4,0.336021,29.9728,0,1,11.3076,11.3076,10.03,1
0.7,5,0.266021,29.9728,0,1,11.3076,11.3076,10.03,1
0.7,6,0.795521,31.061,0,1,14.561,14.561,12.6665,1
0.7,7,0.9,29.9728,0,1,11.3076,11.3076,10.03,1
0.8,0,0.283409,30.8775,0,1,15.165,15.165,13.1681,1
0.8,1,0.233409,30.8775,0,1,15.165,15.165,13.1681,1
0.8,2,0.530748,31.8886,0,1,14.216,14.216,12.3817,1
0.8,3,0.580748,31.8886,0,1,14.216,14.216,12.3817,1
0.8,4,0.333409,30.8775,0,1,15.165,15.165,13.1681,1
0.8,5,0.263409,30.8775,0,1,15.165,15.165,13.1681,1
0.8,6,0.794866,31.8886,0,1,14.216,14.216,12.3817,1
0.8,7,0.9,30.8775,0,1,15.165,15.165,13.1681,1
0.9,0,0.28123,31.603,0,1,12.4951,12.4951,10.979,1
0.9,1,0.23123,31.603,0,1,12.4951,12.4951,10.979,1
0.9,2,0.528267,32.7116,0,1,14.3643,14.3643,12.5039,1
0.9,3,0.578267,32.7116,0,1,14.3643,14.3643,12.5039,1
0.9,4,0.33123,31.603,0,1,12.4951,12.4951,10.979,1
0.9,5,0.26123,31.603,0,1,12.4951,12.4951,10.979,1
0.9,6,0.794205,32.7116,0,1,14.3643,14.3643,12.5039,1
0.9,7,0.9,31.603,0,1,12.4951,12.4951,10.979,1
1,0,0.279399,32.1852,0,1,10.2909,10.2909,9.23085,1
1,1,0.229399,32.1852,0,1,10.2909,10.2909,9.23085,1
1,2,0.525162,33.7568,0,1,18.0959,18.0959,15.6491,1
1,3,0.575162,33.7568,0,1,18.0959,18.0959,15.6491,1
1,4,0.329399,32.1852,0,1,10.2909,10.2909,9.23085,1
1,5,0.259399,32.1852,0,1,10.2909,10.2909,9.23085,1
1,6,0.793377,33.7568,0,1,18.0959,18.0959,15.6491,1
1,7,0.9,32.1852,0,1,10.2909,10.2909,9.23085,1
1.1,0,0.27698,32.9799,0,1,13.9858,13.9858,12.1922,1
1.1,1,0.22698,32.9799,0,1,13.9858,13.9858,12.1922,1
1.1,2,0.522479,34.6248,0,1,15.5866,15.5866,13.5202,1
1.1,3,0.572479,34.6248,0,1,15.5866,15.5866,13.5202,1
1.1,4,0.32698,32.9799,0,1,13.9858,13.9858,12.1922,1
1.1,5,0.25698,32.9799,0,1,13.9858,13.9858,12.1922,1
1.1,6,0.792661,34.6248,0,1,15.5866,15.5866,13.5202,1
1.1,7,0.9,32.9799,0,1,13.9858,13.9858,12.1922,1
1.2,0,0.275069,33.5692,0,1,10.8011,10.8011,9.63021,1
1.2,1,0.225069,33.5692,0,1,10.8011,10.8011,9.63021,1
1.2,2,0.51997,35.413,0,1,14.5379,14.5379,12.6474,1
1.2,3,0.56997,35.413,0,1,14.5379,14.5379,12.6474,1
1.2,4,0.325069,33.5692,0,1,10.8011,10.8011,9.63021,1
1.2,5,0.255069,33.5692,0,1,10.8011,10.8011,9.63021,1
1.2,6,0.791992,35.413,0,1,14.5379,14.5379,12.6474,1
1.2,7,0.9,33.5692,0,1,10.8011,10.8011,9.63021,1
1.3,0,0.273272,34.1056,0,1,10.068,10.068,9.05744,1
1.3,1,0.223272,34.1056,0,1,10.068,10.068,9.05744,1
1.3,2,0.517226,36.2766,0,1,15.9539,15.9539,13.8283,1
1.3,3,0.567226,36.2766,0,1,15.9539,15.9539,13.8283,1
1.3,4,0.323272,34.1056,0,1,10.068,10.068,9.05744,1
1.3,5,0.253272,34.1056,0,1,10.068,10.068,9.05744,1
1.3,6,0.79126,36.2766,0,1,15.9539,15.9539,13.8283,1
1.3,7,0.9,34.1056,0,1,10.068,10.068,9.05744,1
1.4,0,0.270931,34.8388,0,1,13.506,13.506,11.7992,1
1.4,1,0.220931,34.8388,0,1,13.506,13.506,11.7992,1
1.4,2,0.514067,37.2827,0,1,18.4114,18.4114,15.9205,1
1.4,3,0.564067,37.2827,0,1,18.4114,18.4114,15.9205,1
1.4,4,0.320931,34.8388,0,1,13.506,13.506,11.7992,1
1.4,5,0.250931,34.8388,0,1,13.506,13.506,11.7992,1
1.4,6,0.790418,37.2827,0,1,18.4114,18.4114,15.9205,1
1.4,7,0.9,34.8388,0,1,13.506,13.506,11.7992,1
1.5,0,0.268753,35.498,0,1,12.4906,12.4906,10.9753,1
1.5,1,0.218753,35.498,0,1,12.4906,12.4906,10.9753,1
1.5,2,0.510984,38.2433,0,1,17.9669,17.9669,15.5384,1
1.5,3,0.560984,38.2433,0,1,17.9669,17.9669,15.5384,1
1.5,4,0.318753,35.498,0,1,12.4906,12.4906,10.9753,1
1.5,5,0.248753,35.498,0,1,12.4906,12.4906,10.9753,1
1.5,6,0.789596,38.2433,0,1,17.9669,17.9669,15.5384,1
1.5,7,0.9,35.498,0,1,12.4906,12.4906,10.9753,1
1.6,0,0.267147,35.9302,0,1,8.81613,8.81613,8.09587,1
1.6,1,0.217147,35.9302,0,1,8.81613,8.81613,8.09587,1
1.6,2,0.508229,39.0642,0,1,16.0241,16.0241,13.8873,1
1.6,3,0.558229,39.0642,0,1,16.0241,16.0241,13.8873,1
1.6,4,0.317147,35.9302,0,1,8.81613,8.81613,8.09587,1
1.6,5,0.247147,35.9302,0,1,8.81613,8.81613,8.09587,1
1.6,6,0.788861,39.0642,0,1,16.0241,16.0241,13.8873,1
1.6,7,0.9,35.9302,0,1,8.81613,8.81613,8.09587,1
1.7,0,0.264919,36.5902,0,1,12.8043,12.8043,11.2286,1
1.7,1,0.214919,36.5902,0,1,12.8043,12.8043,11.2286,1
1.7,2,0.505649,39.8049,0,1,14.965,14.965,13.0016,1
1.7,3,0.555649,39.8049,0,1,14.965,14.965,13.0016,1
1.7,4,0.314919,36.5902,0,1,12.8043,12.8043,11.2286,1
1.7,5,0.244919,36.5902,0,1,12.8043,12.8043,11.2286,1
1.7,6,0.788173,39.8049,0,1,14.965,14.965,13.0016,1
1.7,7,0.9,36.5902,0,1,12.8043,12.8043,11.2286,1
1.8,0,0.263162,37.0612,0,1,9.80703,9.80703,8.8552,1
1.8,1,0.213162,37.0612,0,1,9.80703,9.80703,8.8552,1
1.8,2,0.502365,40.7995,0,1,19.142,19.142,16.5523,1
1.8,3,0.552365,40.7995,0,1,19.142,19.142,16.5523,1
1.8,4,0.313162,37.0612,0,1,9.80703,9.80703,8.8552,1
1.8,5,0.243162,37.0612,0,1,9.80703,9.80703,8.8552,1
1.8,6,0.787297,40.7995,0,1,19.142,19.142,16.5523,1
1.8,7,0.9,37.0612,0,1,9.80703,9.80703,8.8552,1
1.9,0,0.260994,37.6794,0,1,12.4267,12.4267,10.9238,1
1.9,1,0.210994,37.6794,0,1,12.4267,12.4267,10.9238,1
1.9,2,0.499456,41.6358,1,1,16.9392,16.9392,14.6609,1
1.9,3,0.549456,41.6358,1,1,16.9392,16.9392,14.6609,1
1.9,4,0.310994,37.6794,0,1,12.4267,12.4267,10.9238,1
1.9,5,0.240994,37.6794,0,1,12.4267,12.4267,10.9238,1
1.9,6,0.786522,41.6358,1,1,16.9392,16.9392,14.6609,1
1.9,7,0.9,37.6794,0,1,12.4267,12.4267,10.9238,1
2,0,0.259086,38.1895,0,1,10.7854,10.7854,9.61794,1
2,1,0.209086,38.1895,0,1,10.7854,10.7854,9.61794,1
2,2,0.49641,42.5102,1,1,17.7532,17.7532,15.3551,1
2,3,0.54641,42.5102,1,1,17.7532,17.7532,15.3551,1
2,4,0.309086,38.1895,0,1,10.7854,10.7854,9.61794,1
2,5,0.239086,38.1895,0,1,10.7854,10.7854,9.61794,1
2,6,0.785709,42.5102,1,1,17.7532,17.7532,15.3551,1
2,7,0.9,38.1895,0,1,10.7854,10.7854,9.61794,1
2.1,0,0.257276,38.6537,0,1,10.15,10.15,9.12114,1
2.1,1,0.207276,38.6537,0,1,10.15,10.15,9.12114,1
2.1,2,0.493776,43.2137,1,1,15.2899,15.2899,13.2722,1
2.1,3,0.543776,43.2137,1,1,15.2899,15.2899,13.2722,1
2.1,4,0.307276,38.6537,0,1,10.15,10.15,9.12114,1
2.1,5,0.237276,38.6537,0,1,10.15,10.15,9.12114,1
2.1,6,0.785007,43.2137,1,1,15.2899,15.2899,13.2722,1
2.1,7,0.9,38.6537,0,1,10.15,10.15,9.12114,1
2.2,0,0.255773,38.9943,0,1,8.12497,8.12497,7.57468,1
2.2,1,0.205773,38.9943,0,1,8.12497,8.12497,7.57468,1
2.2,2,0.491056,43.9386,1,1,15.8154,15.8154,13.712,1
2.2,3,0.541056,43.9386,1,1,15.8154,15.8154,13.712,1
2.2,4,0.305773,38.9943,0,1,8.12497,8.12497,7.57468,1
2.2,5,0.235773,38.9943,0,1,8.12497,8.12497,7.57468,1
2.2,6,0.784281,43.9386,1,1,15.8154,15.8154,13.712,1
2.2,7,0.9,38.9943,0,1,8.12497,8.12497,7.57468,1
2.3,0,0.253486,39.6258,0,1,13.1765,13.1765,11.5306,1
2.3,1,0.203486,39.6258,0,1,13.1765,13.1765,11.5306,1
2.3,2,0.48781,44.8497,1,1,18.9167,18.9167,16.357,1
2.3,3,0.53781,44.8497,1,1,18.9167,18.9167,16.357,1
2.3,4,0.303486,39.6258,0,1,13.1765,13.1765,11.5306,1
2.3,5,0.233486,39.6258,0,1,13.1765,13.1765,11.5306,1
2.3,6,0.783416,44.8497,1,1,18.9167,18.9167,16.357,1
2.3,7,0.9,39.6258,0,1,13.1765,13.1765,11.5306,1
2.4,0,0.251321,40.2003,0,1,12.4092,12.4092,10.9097,1
2.4,1,0.201321,40.2003,0,1,12.4092,12.4092,10.9097,1
2.4,2,0.485383,45.4364,1,1,14.0367,14.0367,12.2341,1
2.4,3,0.535383,45.4364,1,1,14.0367,14.0367,12.2341,1
2.4,4,0.301321,40.2003,0,1,12.4092,12.4092,10.9097,1
2.4,5,0.231321,40.2003,0,1,12.4092,12.4092,10.9097,1
2.4,6,0.782769,45.4364,1,1,14.0367,14.0367,12.2341,1
2.4,7,0.9,40.2003,0,1,12.4092,12.4092,10.9097,1
2.5,0,0.249002,40.8235,0,1,13.3692,13.3692,11.6876,1
2.5,1,0.199002,40.8235,0,1,13.3692,13.3692,11.6876,1
2.5,2,0.483305,45.8812,1,1,11.8621,11.8621,10.4711,1
2.5,3,0.533305,45.8812,1,1,11.8621,11.8621,10.4711,1
2.5,4,0.299002,40.8235,0,1,13.3692,13.3692,11.6876,1
2.5,5,0.229002,40.8235,0,1,13.3692,13.3692,11.6876,1
2.5,6,0.782215,45.8812,1,1,11.8621,11.8621,10.4711,1
2.5,7,0.9,40.8235,0,1,13.3692,13.3692,11.6876,1
2.6,0,0.246881,41.3615,1,1,12.1345,12.1345,10.6891,1
2.6,1,0.196881,41.3615,1,1,12.1345,12.1345,10.6891,1
2.6,2,0.480797,46.4812,1,1,14.5303,14.5303,12.6412,1
2.6,3,0.530797,46.4812,1,1,14.5303,14.5303,12.6412,1
2.6,4,0.296881,41.3615,1,1,12.1345,12.1345,10.6891,1
2.6,5,0.226881,41.3615,1,1,12.1345,12.1345,10.6891,1
2.6,6,0.781546,46.4812,1,1,14.5303,14.5303,12.6412,1
2.6,7,0.9,41.3615,1,1,12.1345,12.1345,10.6891,1
2.7,0,0.245144,41.7454,1,1,9.67744,9.67744,8.75512,1
2.7,1,0.195144,41.7454,1,1,9.67744,9.67744,8.75512,1
2.7,2,0.478702,46.915,1,1,11.9691,11.9691,10.5566,1
2.7,3,0.528702,46.915,1,1,11.9691,11.9691,10.5566,1
2.7,4,0.295144,41.7454,1,1,9.67744,9.67744,8.75512,1
2.7,5,0.225144,41.7454,1,1,9.67744,9.67744,8.75512,1
2.7,6,0.780987,46.915,1,1,11.9691,11.9691,10.5566,1
2.7,7,0.9,41.7454,1,1,9.67744,9.67744,8.75512,1
2.8,0,0.242864,42.3282,1,1,13.1285,13.1285,11.4916,1
2.8,1,0.192864,42.3282,1,1,13.1285,13.1285,11.4916,1
2.8,2,0.47557,47.7337,1,1,18.2559,18.2559,15.7867,1
2.8,3,0.52557,47.7337,1,1,18.2559,18.2559,15.7867,1
2.8,4,0.292864,42.3282,1,1,13.1285,13.1285,11.4916,1
2.8,5,0.222864,42.3282,1,1,13.1285,13.1285,11.4916,1
2.8,6,0.780152,47.7337,1,1,18.2559,18.2559,15.7867,1
2.8,7,0.9,42.3282,1,1,13.1285,13.1285,11.4916,1
2.9,0,0.241316,42.6244,1,1,8.42535,8.42535,7.80031,1
2.9,1,0.191316,42.6244,1,1,8.42535,8.42535,7.80031,1
2.9,2,0.472274,48.6009,1,1,19.2131,19.2131,16.614,1
2.9,3,0.522274,48.6009,1,1,19.2131,19.2131,16.614,1
2.9,4,0.291316,42.6244,1,1,8.42535,8.42535,7.80031,1
2.9,5,0.221316,42.6244,1,1,8.42535,8.42535,7.80031,1
2.9,6,0.779273,48.6009,1,1,19.2131,19.2131,16.614,1
2.9,7,0.9,42.6244,1,1,8.42535,8.42535,7.80031,1
3,0,0.239392,43.058,1,1,10.8866,10.8866,9.69748,1
3,1,0.189392,43.058,1,1,10.8866,10.8866,9.69748,1
3,2,0.469244,49.3526,1,1,17.6514,17.6514,15.268,1
3,3,0.519244,49.3526,1,1,17.6514,17.6514,15.268,1
3,4,0.289392,43.058,1,1,10.8866,10.8866,9.69748,1
3,5,0.219392,43.058,1,1,10.8866,10.8866,9.69748,1
3,6,0.778465,49.3526,1,1,17.6514,17.6514,15.268,1
3,7,0.9,43.058,1,1,10.8866,10.8866,9.69748,1
3.1,0,0.238687,43.0237,1,1,2.29661,2.29661,3.55608,1
3.1,1,0.188687,43.0237,1,1,2.29661,2.29661,3.55608,1
3.1,2,0.466188,50.1019,1,1,17.8086,17.8086,15.4026,1
3.1,3,0.516188,50.1019,1,1,17.8086,17.8086,15.4026,1
3.1,4,0.288687,43.0237,1,1,2.29661,2.29661,3.55608,1
3.1,5,0.218687,43.0237,1,1,2.29661,2.29661,3.55608,1
3.1,6,0.77765,50.1019,1,1,17.8086,17.8086,15.4026,1
3.1,7,0.9,43.0237,1,1,2.29661,2.29661,3.55608,1
3.2,0,0.236861,43.4135,1,1,10.2545,10.2545,9.20252,1
3.2,1,0.186861,43.4135,1,1,10.2545,10.2545,9.20252,1
3.2,2,0.463515,50.6939,1,1,15.5275,15.5275,13.4707,1
3.2,3,0.513515,50.6939,1,1,15.5275,15.5275,13.4707,1
3.2,4,0.286861,43.4135,1,1,10.2545,10.2545,9.20252,1
3.2,5,0.216861,43.4135,1,1,10.2545,10.2545,9.20252,1
3.2,6,0.776937,50.6939,1,1,15.5275,15.5275,13.4707,1
3.2,7,0.9,43.4135,1,1,10.2545,10.2545,9.20252,1
3.3,0,0.234833,43.873,1,1,11.5452,11.5452,10.2185,1
3.3,1,0.184833,43.873,1,1,11.5452,11.5452,10.2185,1
3.3,2,0.460203,51.5177,1,1,19.3055,19.3055,16.6942,1
3.3,3,0.510203,51.5177,1,1,19.3055,19.3055,16.6942,1
3.3,4,0.284833,43.873,1,1,11.5452,11.5452,10.2185,1
3.3,5,0.214833,43.873,1,1,11.5452,11.5452,10.2185,1
3.3,6,0.776054,51.5177,1,1,19.3055,19.3055,16.6942,1
3.3,7,0.9,43.873,1,1,11.5452,11.5452,10.2185,1
3.4,0,0.232063,44.6054,1,1,16.1099,16.1099,13.9596,1
3.4,1,0.182063,44.6054,1,1,16.1099,16.1099,13.9596,1
3.4,2,0.457613,52.0548,1,1,15.0276,15.0276,13.0536,1
3.4,3,0.507613,52.0548,1,1,15.0276,15.0276,13.0536,1
3.4,4,0.282063,44.6054,1,1,16.1099,16.1099,13.9596,1
3.4,5,0.212063,44.6054,1,1,16.1099,16.1099,13.9596,1
3.4,6,0.775363,52.0548,1,1,15.0276,15.0276,13.0536,1
3.4,7,0.9,44.6054,1,1,16.1099,16.1099,13.9596,1
3.5,0,0.229895,45.0984,1,1,12.4345,12.4345,10.9301,1
3.5,1,0.179895,45.0984,1,1,12.4345,12.4345,10.9301,1
3.5,2,0.454205,52.8921,1,1,19.8601,19.8601,17.1773,1
3.5,3,0.504205,52.8921,1,1,19.8601,19.8601,17.1773,1
3.5,4,0.279895,45.0984,1,1,12.4345,12.4345,10.9301,1
3.5,5,0.209895,45.0984,1,1,12.4345,12.4345,10.9301,1
3.5,6,0.774455,52.8921,1,1,19.8601,19.8601,17.1773,1
3.5,7,0.9,45.0984,1,1,12.4345,12.4345,10.9301,1
3.6,0,0.227119,45.8125,1,1,16.1431,16.1431,13.9875,1
3.6,1,0.177119,45.8125,1,1,16.1431,16.1431,13.9875,1
3.6,2,0.451051,53.6195,1,1,18.3834,18.3834,15.8964,1
3.6,3,0.501051,53.6195,1,1,18.3834,18.3834,15.8964,1
3.6,4,0.277119,45.8125,1,1,16.1431,16.1431,13.9875,1
3.6,5,0.207119,45.8125,1,1,16.1431,16.1431,13.9875,1
3.6,6,0.773614,53.6195,1,1,18.3834,18.3834,15.8964,1
3.6,7,0.9,45.8125,1,1,16.1431,16.1431,13.9875,1
3.7,0,0.224255,46.5484,1,1,16.6756,16.6756,14.4373,1
3.7,1,0.174255,46.5484,1,1,16.6756,16.6756,14.4373,1
3.7,2,0.448227,54.2099,1,1,16.4332,16.4332,14.2323,1
3.7,3,0.498227,54.2099,1,1,16.4332,16.4332,14.2323,1
3.7,4,0.274255,46.5484,1,1,16.6756,16.6756,14.4373,1
3.7,5,0.204255,46.5484,1,1,16.6756,16.6756,14.4373,1
3.7,6,0.772861,54.2099,1,1,16.4332,16.4332,14.2323,1
3.7,7,0.9,46.5484,1,1,16.6756,16.6756,14.4373,1
3.8,0,0.221167,47.3565,1,1,17.9955,17.9955,15.5629,1
3.8,1,0.171167,47.3565,1,1,17.9955,17.9955,15.5629,1
3.8,2,0.445063,54.919,1,1,18.4393,18.4393,15.9446,1
3.8,3,0.495063,54.919,1,1,18.4393,18.4393,15.9446,1
3.8,4,0.271167,47.3565,1,1,17.9955,17.9955,15.5629,1
3.8,5,0.201167,47.3565,1,1,17.9955,17.9955,15.5629,1
3.8,6,0.772017,54.919,1,1,18.4393,18.4393,15.9446,1
3.8,7,0.9,47.3565,1,1,17.9955,17.9955,15.5629,1
3.9,0,0.218796,47.8802,1,1,13.6907,13.6907,11.9502,1
3.9,1,0.168796,47.8802,1,1,13.6907,13.6907,11.9502,1
3.9,2,0.44195,55.5972,1,1,18.1451,18.1451,15.6914,1
3.9,3,0.49195,55.5972,1,1,18.1451,18.1451,15.6914,1
3.9,4,0.268796,47.8802,1,1,13.6907,13.6907,11.9502,1
3.9,5,0.198796,47.8802,1,1,13.6907,13.6907,11.9502,1
3.9,6,0.771187,55.5972,1,1,18.1451,18.1451,15.6914,1
3.9,7,0.9,47.8802,1,1,13.6907,13.6907,11.9502,1
4,0,0.216039,48.5408,1,1,16.0313,16.0313,13.8935,1
4,1,0.166039,48.5408,1,1,16.0313,16.0313,13.8935,1
4,2,0.438781,56.2852,1,1,18.4721,18.4721,15.9728,1
4,3,0.488781,56.2852,1,1,18.4721,18.4721,15.9728,1
4,4,0.266039,48.5408,1,1,16.0313,16.0313,13.8935,1
4,5,0.196039,48.5408,1,1,16.0313,16.0313,13.8935,1
4,6,0.770342,56.2852,1,1,18.4721,18.4721,15.9728,1
4,7,0.9,48.5408,1,1,16.0313,16.0313,13.8935,1
4.1,0,0.213561,49.0852,1,1,14.3474,14.3474,12.49,1
4.1,1,0.163561,49.0852,1,1,14.3474,14.3474,12.49,1
4.1,2,0.435678,56.9366,1,1,18.0831,18.0831,15.6381,1
4.1,3,0.485678,56.9366,1,1,18.0831,18.0831,15.6381,1
4.1,4,0.263561,49.0852,1,1,14.3474,14.3474,12.49,1
4.1,5,0.193561,49.0852,1,1,14.3474,14.3474,12.49,1
4.1,6,0.769514,56.9366,1,1,18.0831,18.0831,15.6381,1
4.1,7,0.9,49.0852,1,1,14.3474,14.3474,12.49,1
4.2,0,0.21007,50.0036,1,1,20.3399,20.3399,17.5971,1
4.2,1,0.16007,50.0036,1,1,20.3399,20.3399,17.5971,1
4.2,2,0.43274,57.5148,1,1,17.1099,17.1099,14.806,1
4.2,3,0.48274,57.5148,1,1,17.1099,17.1099,14.806,1
4.2,4,0.26007,50.0036,1,1,20.3399,20.3399,17.5971,1
4.2,5,0.19007,50.0036,1,1,20.3399,20.3399,17.5971,1
4.2,6,0.768731,57.5148,1,1,17.1099,17.1099,14.806,1
4.2,7,0.9,50.0036,1,1,20.3399,20.3399,17.5971,1
4.3,0,0.206897,50.7861,1,1,18.4908,18.4908,15.989,1
4.3,1,0.156897,50.7861,1,1,18.4908,18.4908,15.989,1
4.3,2,0.42954,58.1827,1,1,18.655,18.655,16.1307,1
4.3,3,0.47954,58.1827,1,1,18.655,18.655,16.1307,1
4.3,4,0.256897,50.7861,1,1,18.4908,18.4908,15.989,1
4.3,5,0.186897,50.7861,1,1,18.4908,18.4908,15.989,1
4.3,6,0.767877,58.1827,1,1,18.655,18.655,16.1307,1
4.3,7,0.9,50.7861,1,1,18.4908,18.4908,15.989,1
4.4,0,0.203582,51.6096,1,1,19.3243,19.3243,16.7105,1
4.4,1,0.153582,51.6096,1,1,19.3243,19.3243,16.7105,1
4.4,2,0.426497,58.7799,1,1,17.7322,17.7322,15.3372,1
4.4,3,0.476497,58.7799,1,1,17.7322,17.7322,15.3372,1
4.4,4,0.253582,51.6096,1,1,19.3243,19.3243,16.7105,1
4.4,5,0.183582,51.6096,1,1,19.3243,19.3243,16.7105,1
4.4,6,0.767066,58.7799,1,1,17.7322,17.7322,15.3372,1
4.4,7,0.9,51.6096,1,1,19.3243,19.3243,16.7105,1
4.5,0,0.200512,52.3263,1,1,17.8871,17.8871,15.4699,1
4.5,1,0.150512,52.3263,1,1,17.8871,17.8871,15.4699,1
4.5,2,0.422721,59.6443,1,1,21.9648,21.9648,19.0314,1
4.5,3,0.472721,59.6443,1,1,21.9648,21.9648,19.0314,1
4.5,4,0.250512,52.3263,1,1,17.8871,17.8871,15.4699,1
4.5,5,0.180512,52.3263,1,1,17.8871,17.8871,15.4699,1
4.5,6,0.766059,59.6443,1,1,21.9648,21.9648,19.0314,1
4.5,7,0.9,52.3263,1,1,17.8871,17.8871,15.4699,1
4.6,0,0.198977,52.451,1,1,8.33866,8.33866,7.73505,1
4.6,1,0.148977,52.451,1,1,8.33866,8.33866,7.73505,1
4.6,2,0.419824,60.1619,1,1,16.8685,16.8685,14.6009,1
4.6,3,0.469824,60.1619,1,1,16.8685,16.8685,14.6009,1
4.6,4,0.248977,52.451,1,1,8.33866,8.33866,7.73505,1
4.6,5,0.178977,52.451,1,1,8.33866,8.33866,7.73505,1
4.6,6,0.765286,60.1619,1,1,16.8685,16.8685,14.6009,1
4.6,7,0.9,52.451,1,1,8.33866,8.33866,7.73505,1
4.7,0,0.196108,53.078,1,1,16.7018,16.7018,14.4595,1
4.7,1,0.146108,53.078,1,1,16.7018,16.7018,14.4595,1
4.7,2,0.417327,60.5196,1,1,14.4604,14.4604,12.5833,1
4.7,3,0.467327,60.5196,1,1,14.4604,14.4604,12.5833,1
4.7,4,0.246108,53.078,1,1,16.7018,16.7018,14.4595,1
4.7,5,0.176108,53.078,1,1,16.7018,16.7018,14.4595,1
4.7,6,0.764621,60.5196,1,1,14.4604,14.4604,12.5833,1
4.7,7,0.9,53.078,1,1,16.7018,16.7018,14.4595,1
4.8,0,0.193879,53.4526,1,1,12.8117,12.8117,11.2346,1
4.8,1,0.143879,53.4526,1,1,12.8117,12.8117,11.2346,1
4.8,2,0.414412,61.0294,1,1,16.9742,16.9742,14.6906,1
4.8,3,0.464412,61.0294,1,1,16.9742,16.9742,14.6906,1
4.8,4,0.243879,53.4526,1,1,12.8117,12.8117,11.2346,1
4.8,5,0.173879,53.4526,1,1,12.8117,12.8117,11.2346,1
4.8,6,0.763843,61.0294,1,1,16.9742,16.9742,14.6906,1
4.8,7,0.9,53.4526,1,1,12.8117,12.8117,11.2346,1
4.9,0,0.192027,53.6787,1,1,10.4267,10.4267,9.33686,1
4.9,1,0.142027,53.6787,1,1,10.4267,10.4267,9.33686,1
4.9,2,0.412572,61.1244,1,1,10.3445,10.3445,9.2727,1
4.9,3,0.462572,61.1244,1,1,10.3445,10.3445,9.2727,1
4.9,4,0.242027,53.6787,1,1,10.4267,10.4267,9.33686,1
4.9,5,0.172027,53.6787,1,1,10.4267,10.4267,9.33686,1
4.9,6,0.763353,61.1244,1,1,10.3445,10.3445,9.2727,1
4.9,7,0.9,53.6787,1,1,10.4267,10.4267,9.33686,1
5,0,0.188975,54.3543,1,1,17.7839,17.7839,15.3814,1
5,1,0.138975,54.3543,1,1,17.7839,17.7839,15.3814,1
5,2,0.409998,61.4956,1,1,14.9353,14.9353,12.9769,1
5,3,0.459998,61.4956,1,1,14.9353,14.9353,12.9769,1
5,4,0.238975,54.3543,1,1,17.7839,17.7839,15.3814,1
5,5,0.168975,54.3543,1,1,17.7839,17.7839,15.3814,1
5,6,0.762666,61.4956,1,1,14.9353,14.9353,12.9769,1
5,7,0.9,54.3543,1,1,17.7839,17.7839,15.3814,1
5.1,0,0.186028,54.9789,1,1,17.164,17.164,14.852,1
5.1,1,0.136028,54.9789,1,1,17.164,17.164,14.852,1
5.1,2,0.407999,61.6428,1,1,11.3614,11.3614,10.0726,1
5.1,3,0.457999,61.6428,1,1,11.3614,11.3614,10.0726,1
5.1,4,0.236028,54.9789,1,1,17.164,17.164,14.852,1
5.1,5,0.166028,54.9789,1,1,17.164,17.164,14.852,1
5.1,6,0.762133,61.6428,1,1,11.3614,11.3614,10.0726,1
5.1,7,0.9,54.9789,1,1,17.164,17.164,14.852,1
5.2,0,0.182736,55.7237,1,1,19.1885,19.1885,16.5926,1
5.2,1,0.132736,55.7237,1,1,19.1885,19.1885,16.5926,1
5.2,2,0.405732,61.8891,1,1,13.0493,13.0493,11.4272,1
5.2,3,0.455732,61.8891,1,1,13.0493,13.0493,11.4272,1
5.2,4,0.232736,55.7237,1,1,19.1885,19.1885,16.5926,1
5.2,5,0.162736,55.7237,1,1,19.1885,19.1885,16.5926,1
5.2,6,0.761528,61.8891,1,1,13.0493,13.0493,11.4272,1
5.2,7,0.9,55.7237,1,1,19.1885,19.1885,16.5926,1
5.3,0,0.179474,56.4449,1,1,19.0154,19.0154,16.4425,1
5.3,1,0.129474,56.4449,1,1,19.0154,19.0154,16.4425,1
5.3,2,0.403298,62.1944,1,1,14.0776,14.0776,12.2677,1
5.3,3,0.453298,62.1944,1,1,14.0776,14.0776,12.2677,1
5.3,4,0.229474,56.4449,1,1,19.0154,19.0154,16.4425,1
5.3,5,0.159474,56.4449,1,1,19.0154,19.0154,16.4425,1
5.3,6,0.760879,62.1944,1,1,14.0776,14.0776,12.2677,1
5.3,7,0.9,56.4449,1,1,19.0154,19.0154,16.4425,1
5.4,0,0.177323,56.7337,1,1,12.3209,12.3209,10.8388,1
5.4,1,0.127323,56.7337,1,1,12.3209,12.3209,10.8388,1
5.4,2,0.400125,62.7736,1,1,18.4901,18.4901,15.9884,1
5.4,3,0.450125,62.7736,1,1,18.4901,18.4901,15.9884,1
5.4,4,0.227323,56.7337,1,1,12.3209,12.3209,10.8388,1
5.4,5,0.157323,56.7337,1,1,12.3209,12.3209,10.8388,1
5.4,6,0.760033,62.7736,1,1,18.4901,18.4901,15.9884,1
5.4,7,0.9,56.7337,1,1,12.3209,12.3209,10.8388,1
5.5,0,0.174785,57.1643,1,1,14.7141,14.7141,12.7933,1
5.5,1,0.124785,57.1643,1,1,14.7141,14.7141,12.7933,1
5.5,2,0.396769,63.4127,1,1,19.5598,19.5598,16.9154,1
5.5,3,0.446769,63.4127,1,1,19.5598,19.5598,16.9154,1
5.5,4,0.224785,57.1643,1,1,14.7141,14.7141,12.7933,1
5.5,5,0.154785,57.1643,1,1,14.7141,14.7141,12.7933,1
5.5,6,0.759138,63.4127,1,1,19.5598,19.5598,16.9154,1
5.5,7,0.9,57.1643,1,1,14.7141,14.7141,12.7933,1
5.6,0,0.173155,57.2442,1,1,8.97077,8.97077,8.21345,1
5.6,1,0.123155,57.2442,1,1,8.97077,8.97077,8.21345,1
5.6,2,0.393808,63.8918,1,1,17.249,17.249,14.9244,1
5.6,3,0.443808,63.8918,1,1,17.249,17.249,14.9244,1
5.6,4,0.223155,57.2442,1,1,8.97077,8.97077,8.21345,1
5.6,5,0.153155,57.2442,1,1,8.97077,8.97077,8.21345,1
5.6,6,0.758349,63.8918,1,1,17.249,17.249,14.9244,1
5.6,7,0.9,57.2442,1,1,8.97077,8.97077,8.21345,1
5.7,0,0.171544,57.3156,1,1,8.84435,8.84435,8.1173,1
5.7,1,0.121544,57.3156,1,1,8.84435,8.84435,8.1173,1
5.7,2,0.391052,64.2855,1,1,16.0288,16.0288,13.8913,1
5.7,3,0.441052,64.2855,1,1,16.0288,16.0288,13.8913,1
5.7,4,0.221544,57.3156,1,1,8.84435,8.84435,8.1173,1
5.7,5,0.151544,57.3156,1,1,8.84435,8.84435,8.1173,1
5.7,6,0.757614,64.2855,1,1,16.0288,16.0288,13.8913,1
5.7,7,0.9,57.3156,1,1,8.84435,8.84435,8.1173,1
5.8,0,0.170222,57.2768,1,1,6.89188,6.89188,6.66376,1
5.8,1,0.120222,57.2768,1,1,6.89188,6.89188,6.66376,1
5.8,2,0.388073,64.7568,1,1,17.354,17.354,15.014,1
5.8,3,0.438073,64.7568,1,1,17.354,17.354,15.014,1
5.8,4,0.220222,57.2768,1,1,6.89188,6.89188,6.66376,1
5.8,5,0.150222,57.2768,1,1,6.89188,6.89188,6.66376,1
5.8,6,0.756819,64.7568,1,1,17.354,17.354,15.014,1
5.8,7,0.9,57.2768,1,1,6.89188,6.89188,6.66376,1
5.9,0,0.167886,57.6219,1,1,13.4745,13.4745,11.7735,1
5.9,1,0.117886,57.6219,1,1,13.4745,13.4745,11.7735,1
5.9,2,0.385496,65.068,1,1,14.9451,14.9451,12.9851,1
5.9,3,0.435496,65.068,1,1,14.9451,14.9451,12.9851,1
5.9,4,0.217886,57.6219,1,1,13.4745,13.4745,11.7735,1
5.9,5,0.147886,57.6219,1,1,13.4745,13.4745,11.7735,1
5.9,6,0.756132,65.068,1,1,14.9451,14.9451,12.9851,1
5.9,7,0.9,57.6219,1,1,13.4745,13.4745,11.7735,1
6,0,0.16577,57.8781,1,1,12.1054,12.1054,10.6657,1
6,1,0.11577,57.8781,1,1,12.1054,12.1054,10.6657,1
6,2,0.382196,65.6479,1,1,19.2378,19.2378,16.6354,1
6,3,0.432196,65.6479,1,1,19.2378,19.2378,16.6354,1
6,4,0.21577,57.8781,1,1,12.1054,12.1054,10.6657,1
6,5,0.14577,57.8781,1,1,12.1054,12.1054,10.6657,1
6,6,0.755252,65.6479,1,1,19.2378,19.2378,16.6354,1
6,7,0.9,57.8781,1,1,12.1054,12.1054,10.6657,1
6.1,0,0.164345,57.8688,1,1,7.59685,7.59685,7.18145,1
6.1,1,0.114345,57.8688,1,1,7.59685,7.59685,7.18145,1
6.1,2,0.380161,65.7395,1,1,11.5911,11.5911,10.2551,1
6.1,3,0.430161,65.7395,1,1,11.5911,11.5911,10.2551,1
6.1,4,0.214345,57.8688,1,1,7.59685,7.59685,7.18145,1
6.1,5,0.144345,57.8688,1,1,7.59685,7.59685,7.18145,1
6.1,6,0.75471,65.7395,1,1,11.5911,11.5911,10.2551,1
6.1,7,0.9,57.8688,1,1,7.59685,7.59685,7.18145,1
6.2,0,0.16298,57.8371,1,1,7.19047,7.19047,6.88198,1
6.2,1,0.11298,57.8371,1,1,7.19047,7.19047,6.88198,1
6.2,2,0.37782,65.9454,1,1,13.5041,13.5041,11.7976,1
6.2,3,0.42782,65.9454,1,1,13.5041,13.5041,11.7976,1
6.2,4,0.21298,57.8371,1,1,7.19047,7.19047,6.88198,1
6.2,5,0.14298,57.8371,1,1,7.19047,7.19047,6.88198,1
6.2,6,0.754085,65.9454,1,1,13.5041,13.5041,11.7976,1
6.2,7,0.9,57.8371,1,1,7.19047,7.19047,6.88198,1
6.3,0,0.162126,57.6124,1,1,3.48011,3.48011,4.30109,1
6.3,1,0.112126,57.6124,1,1,3.48011,3.48011,4.30109,1
6.3,2,0.374299,66.5941,1,1,20.512,20.512,17.7481,1
6.3,3,0.424299,66.5941,1,1,20.512,20.512,17.7481,1
6.3,4,0.212126,57.6124,1,1,3.48011,3.48011,4.30109,1
6.3,5,0.142126,57.6124,1,1,3.48011,3.48011,4.30109,1
6.3,6,0.753146,66.5941,1,1,20.512,20.512,17.7481,1
6.3,7,0.9,57.6124,1,1,3.48011,3.48011,4.30109,1
6.4,0,0.159918,57.9034,1,1,12.6798,12.6798,11.1279,1
6.4,1,0.109918,57.9034,1,1,12.6798,12.6798,11.1279,1
6.4,2,0.370351,67.3931,1,1,22.9347,22.9347,19.8966,1
6.4,3,0.420351,67.3931,1,1,22.9347,22.9347,19.8966,1
6.4,4,0.209918,57.9034,1,1,12.6798,12.6798,11.1279,1
6.4,5,0.139918,57.9034,1,1,12.6798,12.6798,11.1279,1
6.4,6,0.752094,67.3931,1,1,22.9347,22.9347,19.8966,1
6.4,7,0.9,57.9034,1,1,12.6798,12.6798,11.1279,1
6.5,0,0.157965,58.0936,1,1,11.0759,11.0759,9.84672,1
6.5,1,0.107965,58.0936,1,1,11.0759,11.0759,9.84672,1
6.5,2,0.366489,68.1462,1,1,22.4484,22.4484,19.462,1
6.5,3,0.416489,68.1462,1,1,22.4484,22.4484,19.462,1
6.5,4,0.207965,58.0936,1,1,11.0759,11.0759,9.84672,1
6.5,5,0.137965,58.0936,1,1,11.0759,11.0759,9.84672,1
6.5,6,0.751064,68.1462,1,1,22.4484,22.4484,19.462,1
6.5,7,0.9,58.0936,1,1,11.0759,11.0759,9.84672,1
6.6,0,0.154824,58.7292,1,1,18.3062,18.3062,15.83,1
6.6,1,0.104824,58.7292,1,1,18.3062,18.3062,15.83,1
6.6,2,0.363182,68.6772,1,1,19.2751,19.2751,16.6678,1
6.6,3,0.413182,68.6772,1,1,19.2751,19.2751,16.6678,1
6.6,4,0.204824,58.7292,1,1,18.3062,18.3062,15.83,1
6.6,5,0.134824,58.7292,1,1,18.3062,18.3062,15.83,1
6.6,6,0.750182,68.6772,1,1,19.2751,19.2751,16.6678,1
6.6,7,0.9,58.7292,1,1,18.3062,18.3062,15.83,1
6.7,0,0.153473,58.6776,1,1,7.08877,7.08877,6.80748,1
6.7,1,0.103473,58.6776,1,1,7.08877,7.08877,6.80748,1
6.7,2,0.3599,69.1899,1,1,19.1307,19.1307,16.5425,1
6.7,3,0.4099,69.1899,1,1,19.1307,19.1307,16.5425,1
6.7,4,0.203473,58.6776,1,1,7.08877,7.08877,6.80748,1
6.7,5,0.133473,58.6776,1,1,7.08877,7.08877,6.80748,1
6.7,6,0.749307,69.1899,1,1,19.1307,19.1307,16.5425,1
6.7,7,0.9,58.6776,1,1,7.08877,7.08877,6.80748,1
6.8,0,0.150964,59.0648,1,1,14.5364,14.5364,12.6462,1
6.8,1,0.100964,59.0648,1,1,14.5364,14.5364,12.6462,1
6.8,2,0.356481,69.7457,1,1,19.9206,19.9206,17.2302,1
6.8,3,0.406481,69.7457,1,1,19.9206,19.9206,17.2302,1
6.8,4,0.200964,59.0648,1,1,14.5364,14.5364,12.6462,1
6.8,5,0.130964,59.0648,1,1,14.5364,14.5364,12.6462,1
6.8,6,0.748395,69.7457,1,1,19.9206,19.9206,17.2302,1
6.8,7,0.9,59.0648,1,1,14.5364,14.5364,12.6462,1
6.9,0,0.148355,59.4833,1,1,15.1425,15.1425,13.1493,1
6.9,1,0.0983549,59.4833,1,1,15.1425,15.1425,13.1493,1
6.9,2,0.35312,70.2704,1,1,19.5881,19.5881,16.9401,1
6.9,3,0.40312,70.2704,1,1,19.5881,19.5881,16.9401,1
6.9,4,0.198355,59.4833,1,1,15.1425,15.1425,13.1493,1
6.9,5,0.128355,59.4833,1,1,15.1425,15.1425,13.1493,1
6.9,6,0.747499,70.2704,1,1,19.5881,19.5881,16.9401,1
6.9,7,0.9,59.4833,1,1,15.1425,15.1425,13.1493,1
7,0,0.145523,59.9788,1,1,16.4786,16.4786,14.2707,1
7,1,0.0955235,59.9788,1,1,16.4786,16.4786,14.2707,1
7,2,0.349671,70.8195,1,1,20.0941,20.0941,17.3818,1
7,3,0.399671,70.8195,1,1,20.0941,20.0941,17.3818,1
7,4,0.195523,59.9788,1,1,16.4786,16.4786,14.2707,1
7,5,0.125523,59.9788,1,1,16.4786,16.4786,14.2707,1
7,6,0.746579,70.8195,1,1,20.0941,20.0941,17.3818,1
7,7,0.9,59.9788,1,1,16.4786,16.4786,14.2707,1
7.1,0,0.144388,59.8251,1,1,5.57761,5.57761,5.72295,1
7.1,1,0.0943879,59.8251,1,1,5.57761,5.57761,5.72295,1
7.1,2,0.346497,71.256,1,1,18.5054,18.5054,16.0016,1
7.1,3,0.396497,71.256,1,1,18.5054,18.5054,16.0016,1
7.1,4,0.194388,59.8251,1,1,5.57761,5.57761,5.72295,1
7.1,5,0.124388,59.8251,1,1,5.57761,5.57761,5.72295,1
7.1,6,0.745732,71.256,1,1,18.5054,18.5054,16.0016,1
7.1,7,0.9,59.8251,1,1,5.57761,5.57761,5.72295,1
7.2,0,0.141526,60.3265,1,1,16.6601,16.6601,14.4242,1
7.2,1,0.091526,60.3265,1,1,16.6601,16.6601,14.4242,1
7.2,2,0.343531,71.6061,1,1,17.2759,17.2759,14.9474,1
7.2,3,0.393531,71.6061,1,1,17.2759,17.2759,14.9474,1
7.2,4,0.191526,60.3265,1,1,16.6601,16.6601,14.4242,1
7.2,5,0.121526,60.3265,1,1,16.6601,16.6601,14.4242,1
7.2,6,0.744942,71.6061,1,1,17.2759,17.2759,14.9474,1
7.2,7,0.9,60.3265,1,1,16.6601,16.6601,14.4242,1
7.3,0,0.139352,60.5594,1,1,12.4663,12.4663,10.9558,1
7.3,1,0.0893522,60.5594,1,1,12.4663,12.4663,10.9558,1
7.3,2,0.340148,72.1081,1,1,19.7141,19.7141,17.0499,1
7.3,3,0.390148,72.1081,1,1,19.7141,19.7141,17.0499,1
7.3,4,0.189352,60.5594,1,1,12.4663,12.4663,10.9558,1
7.3,5,0.119352,60.5594,1,1,12.4663,12.4663,10.9558,1
7.3,6,0.744039,72.1081,1,1,19.7141,19.7141,17.0499,1
7.3,7,0.9,60.5594,1,1,12.4663,12.4663,10.9558,1
7.4,0,0.137369,60.7164,1,1,11.2637,11.2637,9.99521,1
7.4,1,0.0873691,60.7164,1,1,11.2637,11.2637,9.99521,1
7.4,2,0.337304,72.3979,1,1,16.5525,16.5525,14.3332,1
7.4,3,0.387304,72.3979,1,1,16.5525,16.5525,14.3332,1
7.4,4,0.187369,60.7164,1,1,11.2637,11.2637,9.99521,1
7.4,5,0.117369,60.7164,1,1,11.2637,11.2637,9.99521,1
7.4,6,0.743281,72.3979,1,1,16.5525,16.5525,14.3332,1
7.4,7,0.9,60.7164,1,1,11.2637,11.2637,9.99521,1
7.5,0,0.135438,60.8512,1,1,10.9336,10.9336,9.73449,1
7.5,1,0.0854376,60.8512,1,1,10.9336,10.9336,9.73449,1
7.5,2,0.33456,72.6453,1,1,15.9579,15.9579,13.8317,1
7.5,3,0.38456,72.6453,1,1,15.9579,15.9579,13.8317,1
7.5,4,0.185438,60.8512,1,1,10.9336,10.9336,9.73449,1
7.5,5,0.115438,60.8512,1,1,10.9336,10.9336,9.73449,1
7.5,6,0.742549,72.6453,1,1,15.9579,15.9579,13.8317,1
7.5,7,0.9,60.8512,1,1,10.9336,10.9336,9.73449,1
7.6,0,0.133629,60.9374,1,1,10.1446,10.1446,9.11697,1
7.6,1,0.0836287,60.9374,1,1,10.1446,10.1446,9.11697,1
7.6,2,0.332764,72.5301,1,1,10.0609,10.0609,9.05189,1
7.6,3,0.382764,72.5301,1,1,10.0609,10.0609,9.05189,1
7.6,4,0.183629,60.9374,1,1,10.1446,10.1446,9.11697,1
7.6,5,0.113629,60.9374,1,1,10.1446,10.1446,9.11697,1
7.6,6,0.74207,72.5301,1,1,10.0609,10.0609,9.05189,1
7.6,7,0.9,60.9374,1,1,10.1446,10.1446,9.11697,1
7.7,0,0.131593,61.1078,1,1,11.5946,11.5946,10.2578,1
7.7,1,0.0815934,61.1078,1,1,11.5946,11.5946,10.2578,1
7.7,2,0.329358,73.0255,1,1,19.8479,19.8479,17.1666,1
7.7,3,0.379358,73.0255,1,1,19.8479,19.8479,17.1666,1
7.7,4,0.181593,61.1078,1,1,11.5946,11.5946,10.2578,1
7.7,5,0.111593,61.1078,1,1,11.5946,11.5946,10.2578,1
7.7,6,0.741162,73.0255,1,1,19.8479,19.8479,17.1666,1
7.7,7,0.9,61.1078,1,1,11.5946,11.5946,10.2578,1
7.8,0,0.129418,61.3284,1,1,12.4774,12.4774,10.9647,1
7.8,1,0.0794179,61.3284,1,1,12.4774,12.4774,10.9647,1
7.8,2,0.325996,73.4957,1,1,19.5909,19.5909,16.9425,1
7.8,3,0.375996,73.4957,1,1,19.5909,19.5909,16.9425,1
7.8,4,0.179418,61.3284,1,1,12.4774,12.4774,10.9647,1
7.8,5,0.109418,61.3284,1,1,12.4774,12.4774,10.9647,1
7.8,6,0.740266,73.4957,1,1,19.5909,19.5909,16.9425,1
7.8,7,0.9,61.3284,1,1,12.4774,12.4774,10.9647,1
7.9,0,0.127498,61.4488,1,1,10.8623,10.8623,9.67835,1
7.9,1,0.0774976,61.4488,1,1,10.8623,10.8623,9.67835,1
7.9,2,0.32267,73.9446,1,1,19.3833,19.3833,16.7618,1
7.9,3,0.37267,73.9446,1,1,19.3833,19.3833,16.7618,1
7.9,4,0.177498,61.4488,1,1,10.8623,10.8623,9.67835,1
7.9,5,0.107498,61.4488,1,1,10.8623,10.8623,9.67835,1
7.9,6,0.739379,73.9446,1,1,19.3833,19.3833,16.7618,1
7.9,7,0.9,61.4488,1,1,10.8623,10.8623,9.67835,1
8,0,0.124375,62.0216,1,1,18.1992,18.1992,15.7378,1
8,1,0.074375,62.0216,1,1,18.1992,18.1992,15.7378,1
8,2,0.3188,74.5917,1,1,22.4965,22.4965,19.505,1
8,3,0.3688,74.5917,1,1,22.4965,22.4965,19.505,1
8,4,0.174375,62.0216,1,1,18.1992,18.1992,15.7378,1
8,5,0.104375,62.0216,1,1,18.1992,18.1992,15.7378,1
8,6,0.738347,74.5917,1,1,22.4965,22.4965,19.505,1
8,7,0.9,62.0216,1,1,18.1992,18.1992,15.7378,1
8.1,0,0.122438,62.1369,1,1,10.9706,10.9706,9.76368,1
8.1,1,0.0724377,62.1369,1,1,10.9706,10.9706,9.76368,1
8.1,2,0.315787,74.9043,1,1,17.5569,17.5569,15.1872,1
8.1,3,0.365787,74.9043,1,1,17.5569,17.5569,15.1872,1
8.1,4,0.172438,62.1369,1,1,10.9706,10.9706,9.76368,1
8.1,5,0.102438,62.1369,1,1,10.9706,10.9706,9.76368,1
8.1,6,0.737543,74.9043,1,1,17.5569,17.5569,15.1872,1
8.1,7,0.9,62.1369,1,1,10.9706,10.9706,9.76368,1
8.2,0,0.119907,62.4745,1,1,14.6672,14.6672,12.7545,1
8.2,1,0.0699071,62.4745,1,1,14.6672,14.6672,12.7545,1
8.2,2,0.312346,75.3733,1,1,20.051,20.051,17.3441,1
8.2,3,0.362346,75.3733,1,1,20.051,20.051,17.3441,1
8.2,4,0.169907,62.4745,1,1,14.6672,14.6672,12.7545,1
8.2,5,0.0999071,62.4745,1,1,14.6672,14.6672,12.7545,1
8.2,6,0.736625,75.3733,1,1,20.051,20.051,17.3441,1
8.2,7,0.9,62.4745,1,1,14.6672,14.6672,12.7545,1
8.3,0,0.117387,62.8026,1,1,14.6046,14.6046,12.7026,1
8.3,1,0.0673867,62.8026,1,1,14.6046,14.6046,12.7026,1
8.3,2,0.308295,76.0649,1,1,23.5128,23.5128,20.4154,1
8.3,3,0.358295,76.0649,1,1,23.5128,23.5128,20.4154,1
8.3,4,0.167387,62.8026,1,1,14.6046,14.6046,12.7026,1
8.3,5,0.0973867,62.8026,1,1,14.6046,14.6046,12.7026,1
8.3,6,0.735545,76.0649,1,1,23.5128,23.5128,20.4154,1
8.3,7,0.9,62.8026,1,1,14.6046,14.6046,12.7026,1
8.4,0,0.115885,62.7404,1,1,8.12039,8.12039,7.57125,1
8.4,1,0.0658845,62.7404,1,1,8.12039,8.12039,7.57125,1
8.4,2,0.304711,76.5685,1,1,20.869,20.869,18.062,1
8.4,3,0.354711,76.5685,1,1,20.869,20.869,18.062,1
8.4,4,0.165885,62.7404,1,1,8.12039,8.12039,7.57125,1
8.4,5,0.0958845,62.7404,1,1,8.12039,8.12039,7.57125,1
8.4,6,0.73459,76.5685,1,1,20.869,20.869,18.062,1
8.4,7,0.9,62.7404,1,1,8.12039,8.12039,7.57125,1
8.5,0,0.113827,62.8891,1,1,11.7343,11.7343,10.3691,1
8.5,1,0.0638271,62.8891,1,1,11.7343,11.7343,10.3691,1
8.5,2,0.300993,77.1145,1,1,21.6362,21.6362,18.7399,1
8.5,3,0.350993,77.1145,1,1,21.6362,21.6362,18.7399,1
8.5,4,0.163827,62.8891,1,1,11.7343,11.7343,10.3691,1
8.5,5,0.0938271,62.8891,1,1,11.7343,11.7343,10.3691,1
8.5,6,0.733598,77.1145,1,1,21.6362,21.6362,18.7399,1
8.5,7,0.9,62.8891,1,1,11.7343,11.7343,10.3691,1
8.6,0,0.111909,62.9825,1,1,10.8453,10.8453,9.66502,1
8.6,1,0.0619095,62.9825,1,1,10.8453,10.8453,9.66502,1
8.6,2,0.297531,77.5544,1,1,20.1672,20.1672,17.4458,1
8.6,3,0.347531,77.5544,1,1,20.1672,20.1672,17.4458,1
8.6,4,0.161909,62.9825,1,1,10.8453,10.8453,9.66502,1
8.6,5,0.0919095,62.9825,1,1,10.8453,10.8453,9.66502,1
8.6,6,0.732675,77.5544,1,1,20.1672,20.1672,17.4458,1
8.6,7,0.9,62.9825,1,1,10.8453,10.8453,9.66502,1
8.7,0,0.110368,62.932,1,1,8.38138,8.38138,7.76719,1
8.7,1,0.0603684,62.932,1,1,8.38138,8.38138,7.76719,1
8.7,2,0.293885,78.0566,1,1,21.2246,21.2246,18.3757,1
8.7,3,0.343885,78.0566,1,1,21.2246,21.2246,18.3757,1
8.7,4,0.160368,62.932,1,1,8.38138,8.38138,7.76719,1
8.7,5,0.0903684,62.932,1,1,8.38138,8.38138,7.76719,1
8.7,6,0.731703,78.0566,1,1,21.2246,21.2246,18.3757,1
8.7,7,0.9,62.932,1,1,8.38138,8.38138,7.76719,1
8.8,0,0.108771,62.9037,1,1,8.75862,8.75862,8.05223,1
8.8,1,0.0587707,62.9037,1,1,8.75862,8.75862,8.05223,1
8.8,2,0.290537,78.438,1,1,19.5129,19.5129,16.8746,1
8.8,3,0.340537,78.438,1,1,19.5129,19.5129,16.8746,1
8.8,4,0.158771,62.9037,1,1,8.75862,8.75862,8.05223,1
8.8,5,0.0887707,62.9037,1,1,8.75862,8.75862,8.05223,1
8.8,6,0.73081,78.438,1,1,19.5129,19.5129,16.8746,1
8.8,7,0.9,62.9037,1,1,8.75862,8.75862,8.05223,1
8.9,0,0.107684,62.6826,1,1,5.223,5.223,5.4751,1
8.9,1,0.0576844,62.6826,1,1,5.223,5.223,5.4751,1
8.9,2,0.287115,78.8411,1,1,19.944,19.944,17.2506,1
8.9,3,0.337115,78.8411,1,1,19.944,19.944,17.2506,1
8.9,4,0.157684,62.6826,1,1,5.223,5.223,5.4751,1
8.9,5,0.0876844,62.6826,1,1,5.223,5.223,5.4751,1
8.9,6,0.729897,78.8411,1,1,19.944,19.944,17.2506,1
8.9,7,0.9,62.6826,1,1,5.223,5.223,5.4751,1
9,0,0.10523,62.9822,1,1,14.1997,14.1997,12.3682,1
9,1,0.0552304,62.9822,1,1,14.1997,14.1997,12.3682,1
9,2,0.283646,79.2549,1,1,20.2084,20.2084,17.4819,1
9,3,0.333646,79.2549,1,1,20.2084,20.2084,17.4819,1
9,4,0.15523,62.9822,1,1,14.1997,14.1997,12.3682,1
9,5,0.0852304,62.9822,1,1,14.1997,14.1997,12.3682,1
9,6,0.728972,79.2549,1,1,20.2084,20.2084,17.4819,1
9,7,0.9,62.9822,1,1,14.1997,14.1997,12.3682,1
9.1,0,0.102597,63.3444,1,1,15.2875,15.2875,13.2702,1
9.1,1,0.0525974,63.3444,1,1,15.2875,15.2875,13.2702,1
9.1,2,0.28066,79.4794,1,1,17.3957,17.3957,15.0495,1
9.1,3,0.33066,79.4794,1,1,17.3957,17.3957,15.0495,1
9.1,4,0.152597,63.3444,1,1,15.2875,15.2875,13.2702,1
9.1,5,0.0825974,63.3444,1,1,15.2875,15.2875,13.2702,1
9.1,6,0.728176,79.4794,1,1,17.3957,17.3957,15.0495,1
9.1,7,0.9,63.3444,1,1,15.2875,15.2875,13.2702,1
9.2,0,0.100446,63.5184,1,1,12.3235,12.3235,10.8408,1
9.2,1,0.0504464,63.5184,1,1,12.3235,12.3235,10.8408,1
9.2,2,0.277784,79.6583,1,1,16.7406,16.7406,14.4924,1
9.2,3,0.327784,79.6583,1,1,16.7406,16.7406,14.4924,1
9.2,4,0.150446,63.5184,1,1,12.3235,12.3235,10.8408,1
9.2,5,0.0804464,63.5184,1,1,12.3235,12.3235,10.8408,1
9.2,6,0.727409,79.6583,1,1,16.7406,16.7406,14.4924,1
9.2,7,0.9,63.5184,1,1,12.3235,12.3235,10.8408,1
9.3,0,0.0985127,63.6074,1,1,10.9485,10.9485,9.74621,1
9.3,1,0.0485127,63.6074,1,1,10.9485,10.9485,9.74621,1
9.3,2,0.275436,79.6349,1,1,13.5494,13.5494,11.8346,1
9.3,3,0.325436,79.6349,1,1,13.5494,13.5494,11.8346,1
9.3,4,0.148513,63.6074,1,1,10.9485,10.9485,9.74621,1
9.3,5,0.0785127,63.6074,1,1,10.9485,10.9485,9.74621,1
9.3,6,0.726783,79.6349,1,1,13.5494,13.5494,11.8346,1
9.3,7,0.9,63.6074,1,1,10.9485,10.9485,9.74621,1
9.4,0,0.0963248,63.7909,1,1,12.5542,12.5542,11.0266,1
9.4,1,0.0463248,63.7909,1,1,12.5542,12.5542,11.0266,1
9.4,2,0.27254,79.819,1,1,16.8618,16.8618,14.5952,1
9.4,3,0.32254,79.819,1,1,16.8618,16.8618,14.5952,1
9.4,4,0.146325,63.7909,1,1,12.5542,12.5542,11.0266,1
9.4,5,0.0763248,63.7909,1,1,12.5542,12.5542,11.0266,1
9.4,6,0.726011,79.819,1,1,16.8618,16.8618,14.5952,1
9.4,7,0.9,63.7909,1,1,12.5542,12.5542,11.0266,1
9.5,0,0.0942054,63.9456,1,1,12.126,12.126,10.6822,1
9.5,1,0.0442054,63.9456,1,1,12.126,12.126,10.6822,1
9.5,2,0.269533,80.042,1,1,17.5204,17.5204,15.156,1
9.5,3,0.319533,80.042,1,1,17.5204,17.5204,15.156,1
9.5,4,0.144205,63.9456,1,1,12.126,12.126,10.6822,1
9.5,5,0.0742054,63.9456,1,1,12.126,12.126,10.6822,1
9.5,6,0.725209,80.042,1,1,17.5204,17.5204,15.156,1
9.5,7,0.9,63.9456,1,1,12.126,12.126,10.6822,1
9.6,0,0.0920638,64.106,1,1,12.2645,12.2645,10.7934,1
9.6,1,0.0420638,64.106,1,1,12.2645,12.2645,10.7934,1
9.6,2,0.267102,80.0436,1,1,14.059,14.059,12.2524,1
9.6,3,0.317102,80.0436,1,1,14.059,14.059,12.2524,1
9.6,4,0.142064,64.106,1,1,12.2645,12.2645,10.7934,1
9.6,5,0.0720638,64.106,1,1,12.2645,12.2645,10.7934,1
9.6,6,0.724561,80.0436,1,1,14.059,14.059,12.2524,1
9.6,7,0.9,64.106,1,1,12.2645,12.2645,10.7934,1
9.7,0,0.0898744,64.2818,1,1,12.5641,12.5641,11.0346,1
9.7,1,0.0398744,64.2818,1,1,12.5641,12.5641,11.0346,1
9.7,2,0.263711,80.408,1,1,19.7603,19.7603,17.0901,1
9.7,3,0.313711,80.408,1,1,19.7603,19.7603,17.0901,1
9.7,4,0.139874,64.2818,1,1,12.5641,12.5641,11.0346,1
9.7,5,0.0698744,64.2818,1,1,12.5641,12.5641,11.0346,1
9.7,6,0.723656,80.408,1,1,19.7603,19.7603,17.0901,1
9.7,7,0.9,64.2818,1,1,12.5641,12.5641,11.0346,1
9.8,0,0.0871289,64.6649,1,1,15.9646,15.9646,13.8373,1
9.8,1,0.0371289,64.6649,1,1,15.9646,15.9646,13.8373,1
9.8,2,0.261075,80.4809,1,1,15.3048,15.3048,13.2847,1
9.8,3,0.311075,80.4809,1,1,15.3048,15.3048,13.2847,1
9.8,4,0.137129,64.6649,1,1,15.9646,15.9646,13.8373,1
9.8,5,0.0671289,64.6649,1,1,15.9646,15.9646,13.8373,1
9.8,6,0.722953,80.4809,1,1,15.3048,15.3048,13.2847,1
9.8,7,0.9,64.6649,1,1,15.9646,15.9646,13.8373,1
9.9,0,0.0841121,65.1442,1,1,17.5775,17.5775,15.2048,1
9.9,1,0.0341121,65.1442,1,1,17.5775,17.5775,15.2048,1
9.9,2,0.257577,80.8788,1,1,20.3828,20.3828,17.6347,1
9.9,3,0.307577,80.8788,1,1,20.3828,20.3828,17.6347,1
9.9,4,0.134112,65.1442,1,1,17.5775,17.5775,15.2048,1
9.9,5,0.0641121,65.1442,1,1,17.5775,17.5775,15.2048,1
9.9,6,0.72202,80.8788,1,1,20.3828,20.3828,17.6347,1
9.9,7,0.9,65.1442,1,1,17.5775,17.5775,15.2048,1
10,0,0.0811691,65.5876,1,1,17.1415,17.1415,14.8329,1
10,1,0.0311691,65.5876,1,1,17.1415,17.1415,14.8329,1
10,2,0.254341,81.1707,1,1,18.8612,18.8612,16.309,1
10,3,0.304341,81.1707,1,1,18.8612,18.8612,16.309,1
10,4,0.131169,65.5876,1,1,17.1415,17.1415,14.8329,1
10,5,0.0611691,65.5876,1,1,17.1415,17.1415,14.8329,1
10,6,0.721158,81.1707,1,1,18.8612,18.8612,16.309,1
10,7,0.9,65.5876,1,1,17.1415,17.1415,14.8329,1
10.1,0,0.0782206,66.0257,1,1,17.1736,17.1736,14.8602,1
10.1,1,0.0282206,66.0257,1,1,17.1736,17.1736,14.8602,1
10.1,2,0.252291,81.0091,1,1,11.6828,11.6828,10.328,1
10.1,3,0.302291,81.0091,1,1,11.6828,11.6828,10.328,1
10.1,4,0.128221,66.0257,1,1,17.1736,17.1736,14.8602,1
10.1,5,0.0582206,66.0257,1,1,17.1736,17.1736,14.8602,1
10.1,6,0.720611,81.0091,1,1,11.6828,11.6828,10.328,1
10.1,7,0.9,66.0257,1,1,17.1736,17.1736,14.8602,1
10.2,0,0.0757948,66.2588,1,1,14.0266,14.0266,12.2258,1
10.2,1,0.0257948,66.2588,1,1,14.0266,14.0266,12.2258,1
10.2,2,0.249187,81.2489,1,1,18.0908,18.0908,15.6447,1
10.2,3,0.299187,81.2489,1,1,18.0908,18.0908,15.6447,1
10.2,4,0.125795,66.2588,1,1,14.0266,14.0266,12.2258,1
10.2,5,0.0557948,66.2588,1,1,14.0266,14.0266,12.2258,1
10.2,6,0.719783,81.2489,1,1,18.0908,18.0908,15.6447,1
10.2,7,0.9,66.2588,1,1,14.0266,14.0266,12.2258,1
10.3,0,0.0727824,66.7099,1,1,17.5517,17.5517,15.1828,1
10.3,1,0.0227824,66.7099,1,1,17.5517,17.5517,15.1828,1
10.3,2,0.246004,81.5149,1,1,18.5567,18.5567,16.0459,1
10.3,3,0.296004,81.5149,1,1,18.5567,18.5567,16.0459,1
10.3,4,0.122782,66.7099,1,1,17.5517,17.5517,15.1828,1
10.3,5,0.0527824,66.7099,1,1,17.5517,17.5517,15.1828,1
10.3,6,0.718934,81.5149,1,1,18.5567,18.5567,16.0459,1
10.3,7,0.9,66.7099,1,1,17.5517,17.5517,15.1828,1
10.4,0,0.0711693,66.6245,1,1,8.86106,8.86106,8.13,1
10.4,1,0.0211693,66.6245,1,1,8.86106,8.86106,8.13,1
10.4,2,0.242609,81.856,1,1,19.779,19.779,17.1064,1
10.4,3,0.292609,81.856,1,1,19.779,19.779,17.1064,1
10.4,4,0.121169,66.6245,1,1,8.86106,8.86106,8.13,1
10.4,5,0.0511693,66.6245,1,1,8.86106,8.86106,8.13,1
10.4,6,0.718029,81.856,1,1,19.779,19.779,17.1064,1
10.4,7,0.9,66.6245,1,1,8.86106,8.86106,8.13,1
10.5,0,0.0691182,66.7061,1,1,11.6948,11.6948,10.3376,1
10.5,1,0.0191182,66.7061,1,1,11.6948,11.6948,10.3376,1
10.5,2,0.239394,82.1237,1,1,18.741,18.741,16.205,1
10.5,3,0.289394,82.1237,1,1,18.741,18.741,16.205,1
10.5,4,0.119118,66.7061,1,1,11.6948,11.6948,10.3376,1
10.5,5,0.0491182,66.7061,1,1,11.6948,11.6948,10.3376,1
10.5,6,0.717172,82.1237,1,1,18.741,18.741,16.205,1
10.5,7,0.9,66.7061,1,1,11.6948,11.6948,10.3376,1
10.6,0,0.0665876,66.9675,1,1,14.6665,14.6665,12.7539,1
10.6,1,0.0165876,66.9675,1,1,14.6665,14.6665,12.7539,1
10.6,2,0.23689,82.1183,1,1,14.5073,14.5073,12.6221,1
10.6,3,0.28689,82.1183,1,1,14.5073,14.5073,12.6221,1
10.6,4,0.116588,66.9675,1,1,14.6665,14.6665,12.7539,1
10.6,5,0.0465876,66.9675,1,1,14.6665,14.6665,12.7539,1
10.6,6,0.716504,82.1183,1,1,14.5073,14.5073,12.6221,1
10.6,7,0.9,66.9675,1,1,14.6665,14.6665,12.7539,1
10.7,0,0.0638593,67.2994,1,1,15.8616,15.8616,13.7508,1
10.7,1,0.0138593,67.2994,1,1,15.8616,15.8616,13.7508,1
10.7,2,0.233713,82.3672,1,1,18.5169,18.5169,16.0115,1
10.7,3,0.283713,82.3672,1,1,18.5169,18.5169,16.0115,1
10.7,4,0.113859,67.2994,1,1,15.8616,15.8616,13.7508,1
10.7,5,0.0438593,67.2994,1,1,15.8616,15.8616,13.7508,1
10.7,6,0.715657,82.3672,1,1,18.5169,18.5169,16.0115,1
10.7,7,0.9,67.2994,1,1,15.8616,15.8616,13.7508,1
10.8,0,0.0626902,67.0363,1,1,5.81781,5.81781,5.89235,1
10.8,1,0.0126902,67.0363,1,1,5.81781,5.81781,5.89235,1
10.8,2,0.230475,82.635,1,1,18.8723,18.8723,16.3186,1
10.8,3,0.280475,82.635,1,1,18.8723,18.8723,16.3186,1
10.8,4,0.11269,67.0363,1,1,5.81781,5.81781,5.89235,1
10.8,5,0.0426902,67.0363,1,1,5.81781,5.81781,5.89235,1
10.8,6,0.714793,82.635,1,1,18.8723,18.8723,16.3186,1
10.8,7,0.9,67.0363,1,1,5.81781,5.81781,5.89235,1
10.9,0,0.0606764,67.0969,1,1,11.4586,11.4586,10.1497,1
10.9,1,0.0106764,67.0969,1,1,11.4586,11.4586,10.1497,1
10.9,2,0.227203,82.9112,1,1,19.07,19.07,16.4898,1
10.9,3,0.277203,82.9112,1,1,19.07,19.07,16.4898,1
10.9,4,0.110676,67.0969,1,1,11.4586,11.4586,10.1497,1
10.9,5,0.0406764,67.0969,1,1,11.4586,11.4586,10.1497,1
10.9,6,0.713921,82.9112,1,1,19.07,19.07,16.4898,1
10.9,7,0.9,67.0969,1,1,11.4586,11.4586,10.1497,1
11,0,0.0585247,67.2086,1,1,12.3279,12.3279,10.8443,1
11,1,0.00852473,67.2086,1,1,12.3279,12.3279,10.8443,1
11,2,0.223557,83.3241,1,1,21.2238,21.2238,18.375,1
11,3,0.273557,83.3241,1,1,21.2238,21.2238,18.375,1
11,4,0.108525,67.2086,1,1,12.3279,12.3279,10.8443,1
11,5,0.0385247,67.2086,1,1,12.3279,12.3279,10.8443,1
11,6,0.712949,83.3241,1,1,21.2238,21.2238,18.375,1
11,7,0.9,67.2086,1,1,12.3279,12.3279,10.8443,1
11.1,0,0.056327,67.3359,1,1,12.6161,12.6161,11.0765,1
11.1,1,0.00632701,67.3359,1,1,12.6161,12.6161,11.0765,1
11.1,2,0.221185,83.2489,1,1,13.7007,13.7007,11.9584,1
11.1,3,0.271185,83.2489,1,1,13.7007,13.7007,11.9584,1
11.1,4,0.106327,67.3359,1,1,12.6161,12.6161,11.0765,1
11.1,5,0.036327,67.3359,1,1,12.6161,12.6161,11.0765,1
11.1,6,0.712316,83.2489,1,1,13.7007,13.7007,11.9584,1
11.1,7,0.9,67.3359,1,1,12.6161,12.6161,11.0765,1
11.2,0,0.0535698,67.6725,1,1,16.0346,16.0346,13.8962,1
11.2,1,0.00356983,67.6725,1,1,16.0346,16.0346,13.8962,1
11.2,2,0.217994,83.4842,1,1,18.5985,18.5985,16.0819,1
11.2,3,0.267994,83.4842,1,1,18.5985,18.5985,16.0819,1
11.2,4,0.10357,67.6725,1,1,16.0346,16.0346,13.8962,1
11.2,5,0.0335698,67.6725,1,1,16.0346,16.0346,13.8962,1
11.2,6,0.711465,83.4842,1,1,18.5985,18.5985,16.0819,1
11.2,7,0.9,67.6725,1,1,16.0346,16.0346,13.8962,1
11.3,0,0.0521229,67.5082,1,1,7.74632,7.74632,7.29228,1
11.3,1,0.00212295,67.5082,1,1,7.74632,7.74632,7.29228,1
11.3,2,0.214663,83.7685,1,1,19.4116,19.4116,16.7864,1
11.3,3,0.264663,83.7685,1,1,19.4116,19.4116,16.7864,1
11.3,4,0.102123,67.5082,1,1,7.74632,7.74632,7.29228,1
11.3,5,0.0321229,67.5082,1,1,7.74632,7.74632,7.29228,1
11.3,6,0.710577,83.7685,1,1,19.4116,19.4116,16.7864,1
11.3,7,0.9,67.5082,1,1,7.74632,7.74632,7.29228,1
11.4,0,0.0499221,67.6317,1,1,12.6359,12.6359,11.0925,1
11.4,1,0,67.6317,1,0,12.6359,12.6359,11.0925,1
11.4,2,0.212171,83.7311,1,1,14.4332,14.4332,12.5609,1
11.4,3,0.262171,83.7311,1,1,14.4332,14.4332,12.5609,1
11.4,4,0.0999221,67.6317,1,1,12.6359,12.6359,11.0925,1
11.4,5,0.0299221,67.6317,1,1,12.6359,12.6359,11.0925,1
11.4,6,0.709912,83.7311,1,1,14.4332,14.4332,12.5609,1
11.4,7,0.9,67.6317,1,1,12.6359,12.6359,11.0925,1
11.5,0,0.0471639,67.9637,1,1,16.0403,16.0403,13.901,1
11.5,1,0,66.9324,1,0,0.1,0.1,0.15,1
11.5,2,0.2101,83.535,1,1,11.8195,11.8195,10.437,1
11.5,3,0.2601,83.535,1,1,11.8195,11.8195,10.437,1
11.5,4,0.0971639,67.9637,1,1,16.0403,16.0403,13.901,1
11.5,5,0.0271639,67.9637,1,1,16.0403,16.0403,13.901,1
11.5,6,0.70936,83.535,1,1,11.8195,11.8195,10.437,1
11.5,7,0.9,67.9637,1,1,16.0403,16.0403,13.901,1
11.6,0,0.0439372,68.4674,1,1,18.8077,18.8077,16.2627,1
11.6,1,0,66.2448,1,0,0.1,0.1,0.15,1
11.6,2,0.207948,83.3728,1,1,12.3293,12.3293,10.8455,1
11.6,3,0.257948,83.3728,1,1,12.3293,12.3293,10.8455,1
11.6,4,0.0939372,68.4674,1,1,18.8077,18.8077,16.2627,1
11.6,5,0.0239372,68.4674,1,1,18.8077,18.8077,16.2627,1
11.6,6,0.708786,83.3728,1,1,12.3293,12.3293,10.8455,1
11.6,7,0.9,68.4674,1,1,18.8077,18.8077,16.2627,1
11.7,0,0.0410933,68.8179,1,1,16.5527,16.5527,14.3333,1
11.7,1,0,65.5686,1,0,0.1,0.1,0.15,1
11.7,2,0.204782,83.5968,1,1,18.4554,18.4554,15.9584,1
11.7,3,0.254782,83.5968,1,1,18.4554,18.4554,15.9584,1
11.7,4,0.0910933,68.8179,1,1,16.5527,16.5527,14.3333,1
11.7,5,0.0210933,68.8179,1,1,16.5527,16.5527,14.3333,1
11.7,6,0.707942,83.5968,1,1,18.4554,18.4554,15.9584,1
11.7,7,0.9,68.8179,1,1,16.5527,16.5527,14.3333,1
11.8,0,0.0397179,68.6075,1,1,7.25836,7.25836,6.93182,1
11.8,1,0,64.9037,1,0,0.1,0.1,0.15,1
11.8,2,0.201443,83.8822,1,1,19.4571,19.4571,16.826,1
11.8,3,0.251443,83.8822,1,1,19.4571,19.4571,16.826,1
11.8,4,0.0897179,68.6075,1,1,7.25836,7.25836,6.93182,1
11.8,5,0.0197179,68.6075,1,1,7.25836,7.25836,6.93182,1
11.8,6,0.707052,83.8822,1,1,19.4571,19.4571,16.826,1
11.8,7,0.9,68.6075,1,1,7.25836,7.25836,6.93182,1
11.9,0,0.0372582,68.8105,1,1,14.2347,14.2347,12.397,1
11.9,1,0,64.2499,1,0,0.1,0.1,0.15,1
11.9,2,0.198213,84.1218,1,1,18.8284,18.8284,16.2806,1
11.9,3,0.248213,84.1218,1,1,18.8284,18.8284,16.2806,1
11.9,4,0.0872582,68.8105,1,1,14.2347,14.2347,12.397,1
11.9,5,0.0172582,68.8105,1,1,14.2347,14.2347,12.397,1
11.9,6,0.70619,84.1218,1,1,18.8284,18.8284,16.2806,1
11.9,7,0.9,68.8105,1,1,14.2347,14.2347,12.397,1
12,0,0.0352915,68.8237,1,1,11.1588,11.1588,9.91219,1
12,1,0,63.607,1,0,0.1,0.1,0.15,1
12,2,0.195295,84.2394,1,1,16.9915,16.9915,14.7054,1
12,3,0.245295,84.2394,1,1,16.9915,16.9915,14.7054,1
12,4,0.0852915,68.8237,1,1,11.1588,11.1588,9.91219,1
12,5,0.0152915,68.8237,1,1,11.1588,11.1588,9.91219,1
12,6,0.705412,84.2394,1,1,16.9915,16.9915,14.7054,1
12,7,0.9,68.8237,1,1,11.1588,11.1588,9.91219,1
12.1,0,0.0333866,68.8134,1,1,10.7636,10.7636,9.60075,1
12.1,1,0,62.9748,1,0,0.1,0.1,0.15,1
12.1,2,0.193417,83.962,1,1,10.5913,10.5913,9.46559,1
12.1,3,0.243417,83.962,1,1,10.5913,10.5913,9.46559,1
12.1,4,0.0833866,68.8134,1,1,10.7636,10.7636,9.60075,1
12.1,5,0.0133866,68.8134,1,1,10.7636,10.7636,9.60075,1
12.1,6,0.704911,83.962,1,1,10.5913,10.5913,9.46559,1
12.1,7,0.9,68.8134,1,1,10.7636,10.7636,9.60075,1
12.2,0,0.0320883,68.5739,1,1,6.72615,6.72615,6.54331,1
12.2,1,0,62.3531,1,0,0.1,0.1,0.15,1
12.2,2,0.190849,83.95,1,1,14.8939,14.8939,12.9425,1
12.2,3,0.240849,83.95,1,1,14.8939,14.8939,12.9425,1
12.2,4,0.0820883,68.5739,1,1,6.72615,6.72615,6.54331,1
12.2,5,0.0120883,68.5739,1,1,6.72615,6.72615,6.54331,1
12.2,6,0.704227,83.95,1,1,14.8939,14.8939,12.9425,1
12.2,7,0.9,68.5739,1,1,6.72615,6.72615,6.54331,1
12.3,0,0.0314998,68.0701,1,1,1.28306,1.28306,2.9663,1
12.3,1,0,61.7418,1,0,0.1,0.1,0.15,1
12.3,2,0.188142,83.9908,1,1,15.7346,15.7346,13.6442,1
12.3,3,0.238142,83.9908,1,1,15.7346,15.7346,13.6442,1
12.3,4,0.0814998,68.0701,1,1,1.28306,1.28306,2.9663,1
12.3,5,0.0114998,68.0701,1,1,1.28306,1.28306,2.9663,1
12.3,6,0.703505,83.9908,1,1,15.7346,15.7346,13.6442,1
12.3,7,0.9,68.0701,1,1,1.28306,1.28306,2.9663,1
12.4,0,0.0307086,67.6514,1,1,2.99165,2.99165,3.98756,1
12.4,1,0,61.1407,1,0,0.1,0.1,0.15,1
12.4,2,0.185672,83.9414,1,1,14.2996,14.2996,12.4506,1
12.4,3,0.235672,83.9414,1,1,14.2996,14.2996,12.4506,1
12.4,4,0.0807086,67.6514,1,1,2.99165,2.99165,3.98756,1
12.4,5,0.0107086,67.6514,1,1,2.99165,2.99165,3.98756,1
12.4,6,0.702846,83.9414,1,1,14.2996,14.2996,12.4506,1
12.4,7,0.9,67.6514,1,1,2.99165,2.99165,3.98756,1
12.5,0,0.0297597,67.2992,1,1,4.20887,4.20887,4.78233,1
12.5,1,0,60.5496,1,0,0.1,0.1,0.15,1
12.5,2,0.182529,84.1472,1,1,18.3209,18.3209,15.8426,1
12.5,3,0.232529,84.1472,1,1,18.3209,18.3209,15.8426,1
12.5,4,0.0797597,67.2992,1,1,4.20887,4.20887,4.78233,1
12.5,5,0.00975971,67.2992,1,1,4.20887,4.20887,4.78233,1
12.5,6,0.702008,84.1472,1,1,18.3209,18.3209,15.8426,1
12.5,7,0.9,67.2992,1,1,4.20887,4.20887,4.78233,1
12.6,0,0.0288966,66.9205,1,1,3.55538,3.55538,4.35007,1
12.6,1,0,59.9684,1,0,0.1,0.1,0.15,1
12.6,2,0.179961,84.132,1,1,14.8914,14.8914,12.9404,1
12.6,3,0.229961,84.132,1,1,14.8914,14.8914,12.9404,1
12.6,4,0.0788966,66.9205,1,1,3.55538,3.55538,4.35007,1
12.6,5,0.0088966,66.9205,1,1,3.55538,3.55538,4.35007,1
12.6,6,0.701323,84.132,1,1,14.8914,14.8914,12.9404,1
12.6,7,0.9,66.9205,1,1,3.55538,3.55538,4.35007,1
12.7,0,0.0282484,66.4668,1,1,1.81126,1.81126,3.26689,1
12.7,1,0,59.3968,1,0,0.1,0.1,0.15,1
12.7,2,0.17679,84.3451,1,1,18.4823,18.4823,15.9817,1
12.7,3,0.22679,84.3451,1,1,18.4823,18.4823,15.9817,1
12.7,4,0.0782484,66.4668,1,1,1.81126,1.81126,3.26689,1
12.7,5,0.00824841,66.4668,1,1,1.81126,1.81126,3.26689,1
12.7,6,0.700477,84.3451,1,1,18.4823,18.4823,15.9817,1
12.7,7,0.9,66.4668,1,1,1.81126,1.81126,3.26689,1
12.8,0,0.0270108,66.2435,1,1,6.30234,6.30234,6.23762,1
12.8,1,0,58.8348,1,0,0.1,0.1,0.15,1
12.8,2,0.173645,84.5448,1,1,18.3303,18.3303,15.8507,1
12.8,3,0.223645,84.5448,1,1,18.3303,18.3303,15.8507,1
12.8,4,0.0770108,66.2435,1,1,6.30234,6.30234,6.23762,1
12.8,5,0.00701079,66.2435,1,1,6.30234,6.30234,6.23762,1
12.8,6,0.699639,84.5448,1,1,18.3303,18.3303,15.8507,1
12.8,7,0.9,66.2435,1,1,6.30234,6.30234,6.23762,1
12.9,0,0.0263398,65.8097,1,1,2.00614,2.00614,3.38167,1
12.9,1,0,58.2821,1,0,0.1,0.1,0.15,1
12.9,2,0.170621,84.6954,1,1,17.6193,17.6193,15.2406,1
12.9,3,0.220621,84.6954,1,1,17.6193,17.6193,15.2406,1
12.9,4,0.0763398,65.8097,1,1,2.00614,2.00614,3.38167,1
12.9,5,0.00633982,65.8097,1,1,2.00614,2.00614,3.38167,1
12.9,6,0.698832,84.6954,1,1,17.6193,17.6193,15.2406,1
12.9,7,0.9,65.8097,1,1,2.00614,2.00614,3.38167,1
13,0,0.0252979,65.5234,1,1,4.89906,4.89906,5.25113,1
13,1,0,57.7387,1,0,0.1,0.1,0.15,1
13,2,0.16807,84.6648,1,1,14.7906,14.7906,12.8568,1
13,3,0.21807,84.6648,1,1,14.7906,14.7906,12.8568,1
13,4,0.0752979,65.5234,1,1,4.89906,4.89906,5.25113,1
13,5,0.00529793,65.5234,1,1,4.89906,4.89906,5.25113,1
13,6,0.698152,84.6648,1,1,14.7906,14.7906,12.8568,1
13,7,0.9,65.5234,1,1,4.89906,4.89906,5.25113,1
13.1,0,0.0232863,65.6084,1,1,11.4444,11.4444,10.1384,1
13.1,1,0,57.2043,1,0,0.1,0.1,0.15,1
13.1,2,0.16568,84.5739,1,1,13.8098,13.8098,12.0478,1
13.1,3,0.21568,84.5739,1,1,13.8098,13.8098,12.0478,1
13.1,4,0.0732863,65.6084,1,1,11.4444,11.4444,10.1384,1
13.1,5,0.00328634,65.6084,1,1,11.4444,11.4444,10.1384,1
13.1,6,0.697515,84.5739,1,1,13.8098,13.8098,12.0478,1
13.1,7,0.9,65.6084,1,1,11.4444,11.4444,10.1384,1
13.2,0,0.0219679,65.43,1,1,6.86623,6.86623,6.64508,1
13.2,1,0,56.6788,1,0,0.1,0.1,0.15,1
13.2,2,0.163167,84.5309,1,1,14.5594,14.5594,12.6653,1
13.2,3,0.213167,84.5309,1,1,14.5594,14.5594,12.6653,1
13.2,4,0.0719679,65.43,1,1,6.86623,6.86623,6.64508,1
13.2,5,0.00196787,65.43,1,1,6.86623,6.86623,6.64508,1
13.2,6,0.696844,84.5309,1,1,14.5594,14.5594,12.6653,1
13.2,7,0.9,65.43,1,1,6.86623,6.86623,6.64508,1
13.3,0,0.0212511,65.0271,1,1,2.38916,2.38916,3.61244,1
13.3,1,0,56.1621,1,0,0.1,0.1,0.15,1
13.3,2,0.1606,84.5088,1,1,14.8842,14.8842,12.9344,1
13.3,3,0.2106,84.5088,1,1,14.8842,14.8842,12.9344,1
13.3,4,0.0712511,65.0271,1,1,2.38916,2.38916,3.61244,1
13.3,5,0.00125112,65.0271,1,1,2.38916,2.38916,3.61244,1
13.3,6,0.69616,84.5088,1,1,14.8842,14.8842,12.9344,1
13.3,7,0.9,65.0271,1,1,2.38916,2.38916,3.61244,1
13.4,0,0.0189246,65.2394,1,1,13.4161,13.4161,11.7258,1
13.4,1,0,55.6539,1,0,0.1,0.1,0.15,1
13.4,2,0.158386,84.3541,1,1,12.7209,12.7209,11.1612,1
13.4,3,0.208386,84.3541,1,1,12.7209,12.7209,11.1612,1
13.4,4,0.0689246,65.2394,1,1,13.4161,13.4161,11.7258,1
13.4,5,0,65.2394,1,0,13.4161,13.4161,11.7258,1
13.4,6,0.69557,84.3541,1,1,12.7209,12.7209,11.1612,1
13.4,7,0.9,65.2394,1,1,13.4161,13.4161,11.7258,1
13.5,0,0.0160611,65.6512,1,1,16.6695,16.6695,14.4322,1
13.5,1,0,55.1543,1,0,0.1,0.1,0.15,1
13.5,2,0.156152,84.2094,1,1,12.8433,12.8433,11.2602,1
13.5,3,0.206152,84.2094,1,1,12.8433,12.8433,11.2602,1
13.5,4,0.0660611,65.6512,1,1,16.6695,16.6695,14.4322,1
13.5,5,0,64.58,1,0,0.1,0.1,0.15,1
13.5,6,0.694974,84.2094,1,1,12.8433,12.8433,11.2602,1
13.5,7,0.9,65.6512,1,1,16.6695,16.6695,14.4322,1
13.6,0,0.0143481,65.6211,1,1,9.51926,9.51926,8.63327,1
13.6,1,0,54.663,1,0,0.1,0.1,0.15,1
13.6,2,0.153306,84.2981,1,1,16.561,16.561,14.3403,1
13.6,3,0.203306,84.2981,1,1,16.561,16.561,14.3403,1
13.6,4,0.0643481,65.6211,1,1,9.51926,9.51926,8.63327,1
13.6,5,0,63.9316,1,0,0.1,0.1,0.15,1
13.6,6,0.694215,84.2981,1,1,16.561,16.561,14.3403,1
13.6,7,0.9,65.6211,1,1,9.51926,9.51926,8.63327,1
13.7,0,0.0138172,65.1448,1,1,0.736455,0.736455,2.67588,1
13.7,1,0,54.1798,1,0,0.1,0.1,0.15,1
13.7,2,0.151008,84.1786,1,1,13.2425,13.2425,11.5843,1
13.7,3,0.201008,84.1786,1,1,13.2425,13.2425,11.5843,1
13.7,4,0.0638172,65.1448,1,1,0.736455,0.736455,2.67588,1
13.7,5,0,63.294,1,0,0.1,0.1,0.15,1
13.7,6,0.693602,84.1786,1,1,13.2425,13.2425,11.5843,1
13.7,7,0.9,65.1448,1,1,0.736455,0.736455,2.67588,1
13.8,0,0.0133324,64.659,1,1,0.245424,0.245424,2.44347,1
13.8,1,0,53.7048,1,0,0.1,0.1,0.15,1
13.8,2,0.148132,84.2794,1,1,16.7434,16.7434,14.4948,1
13.8,3,0.198132,84.2794,1,1,16.7434,16.7434,14.4948,1
13.8,4,0.0633324,64.659,1,1,0.245424,0.245424,2.44347,1
13.8,5,0,62.667,1,0,0.1,0.1,0.15,1
13.8,6,0.692835,84.2794,1,1,16.7434,16.7434,14.4948,1
13.8,7,0.9,64.659,1,1,0.245424,0.245424,2.44347,1
13.9,0,0.0111297,64.8306,1,1,12.6472,12.6472,11.1016,1
13.9,1,0,53.2376,1,0,0.1,0.1,0.15,1
13.9,2,0.145007,84.4727,1,1,18.2143,18.2143,15.7508,1
13.9,3,0.195007,84.4727,1,1,18.2143,18.2143,15.7508,1
13.9,4,0.0611297,64.8306,1,1,12.6472,12.6472,11.1016,1
13.9,5,0,62.0504,1,0,0.1,0.1,0.15,1
13.9,6,0.692002,84.4727,1,1,18.2143,18.2143,15.7508,1
13.9,7,0.9,64.8306,1,1,12.6472,12.6472,11.1016,1
14,0,0.00906341,64.9478,1,1,11.7904,11.7904,10.4138,1
14,1,0,52.7782,1,0,0.1,0.1,0.15,1
14,2,0.143016,84.2342,1,1,11.3143,11.3143,10.0352,1
14,3,0.193016,84.2342,1,1,11.3143,11.3143,10.0352,1
14,4,0.0590634,64.9478,1,1,11.7904,11.7904,10.4138,1
14,5,0,61.4442,1,0,0.1,0.1,0.15,1
14,6,0.691471,84.2342,1,1,11.3143,11.3143,10.0352,1
14,7,0.9,64.9478,1,1,11.7904,11.7904,10.4138,1
14.1,0,0.00696778,65.0742,1,1,11.9758,11.9758,10.562,1
14.1,1,0,52.3265,1,0,0.1,0.1,0.15,1
14.1,2,0.140393,84.2381,1,1,15.2228,15.2228,13.2163,1
14.1,3,0.190393,84.2381,1,1,15.2228,15.2228,13.2163,1
14.1,4,0.0569678,65.0742,1,1,11.9758,11.9758,10.562,1
14.1,5,0,60.848,1,0,0.1,0.1,0.15,1
14.1,6,0.690772,84.2381,1,1,15.2228,15.2228,13.2163,1
14.1,7,0.9,65.0742,1,1,11.9758,11.9758,10.562,1
14.2,0,0.00447961,65.3468,1,1,14.4084,14.4084,12.5404,1
14.2,1,0,51.8823,1,0,0.1,0.1,0.15,1
14.2,2,0.137855,84.2102,1,1,14.712,14.712,12.7916,1
14.2,3,0.187855,84.2102,1,1,14.712,14.712,12.7916,1
14.2,4,0.0544796,65.3468,1,1,14.4084,14.4084,12.5404,1
14.2,5,0,60.2618,1,0,0.1,0.1,0.15,1
14.2,6,0.690095,84.2102,1,1,14.712,14.712,12.7916,1
14.2,7,0.9,65.3468,1,1,14.4084,14.4084,12.5404,1
14.3,0,0.00272153,65.3389,1,1,9.81416,9.81416,8.86071,1
14.3,1,0,51.4455,1,0,0.1,0.1,0.15,1
14.3,2,0.135407,84.1487,1,1,14.1632,14.1632,12.3382,1
14.3,3,0.185407,84.1487,1,1,14.1632,14.1632,12.3382,1
14.3,4,0.0527215,65.3389,1,1,9.81416,9.81416,8.86071,1
14.3,5,0,59.6854,1,0,0.1,0.1,0.15,1
14.3,6,0.689442,84.1487,1,1,14.1632,14.1632,12.3382,1
14.3,7,0.9,65.3389,1,1,9.81416,9.81416,8.86071,1
14.4,0,0.000883637,65.3613,1,1,10.3321,10.3321,9.26299,1
14.4,1,0,51.016,1,0,0.1,0.1,0.15,1
14.4,2,0.133633,83.8337,1,1,9.92183,9.92183,8.94405,1
14.4,3,0.183633,83.8337,1,1,9.92183,9.92183,8.94405,1
14.4,4,0.0508836,65.3613,1,1,10.3321,10.3321,9.26299,1
14.4,5,0,59.1185,1,0,0.1,0.1,0.15,1
14.4,6,0.688969,83.8337,1,1,9.92183,9.92183,8.94405,1
14.4,7,0.9,65.3613,1,1,10.3321,10.3321,9.26299,1
14.5,0,0,65.3148,1,0,9.14781,9.14781,8.3485,1
14.5,1,0,50.5937,1,0,0.1,0.1,0.15,1
14.5,2,0.13106,83.8257,1,1,14.9242,14.9242,12.9677,1
14.5,3,0.18106,83.8257,1,1,14.9242,14.9242,12.9677,1
14.5,4,0.0492272,65.3148,1,1,9.14781,9.14781,8.3485,1
14.5,5,0,58.5611,1,0,0.1,0.1,0.15,1
14.5,6,0.688283,83.8257,1,1,14.9242,14.9242,12.9677,1
14.5,7,0.9,65.3148,1,1,9.14781,9.14781,8.3485,1
14.6,0,0,64.6541,1,0,0.1,0.1,0.15,1
14.6,1,0,50.1783,1,0,0.1,0.1,0.15,1
14.6,2,0.128973,83.6342,1,1,11.9221,11.9221,10.519,1
14.6,3,0.178973,83.6342,1,1,11.9221,11.9221,10.519,1
14.6,4,0.047506,65.2934,1,1,9.57306,9.57306,8.67467,1
14.6,5,0,58.013,1,0,0.1,0.1,0.15,1
14.6,6,0.687726,83.6342,1,1,11.9221,11.9221,10.519,1
14.6,7,0.9,65.2934,1,1,9.57306,9.57306,8.67467,1
14.7,0,0,64.0044,1,0,0.1,0.1,0.15,1
14.7,1,0,49.77,1,0,0.1,0.1,0.15,1
14.7,2,0.126961,83.4173,1,1,11.4433,11.4433,10.1375,1
14.7,3,0.176961,83.4173,1,1,11.4433,11.4433,10.1375,1
14.7,4,0.045355,65.435,1,1,12.3241,12.3241,10.8413,1
14.7,5,0,57.4741,1,0,0.1,0.1,0.15,1
14.7,6,0.68719,83.4173,1,1,11.4433,11.4433,10.1375,1
14.7,7,0.9,65.435,1,1,12.3241,12.3241,10.8413,1
14.8,0,0,63.3656,1,0,0.1,0.1,0.15,1
14.8,1,0,49.3684,1,0,0.1,0.1,0.15,1
14.8,2,0.124743,83.2821,1,1,12.743,12.743,11.1791,1
14.8,3,0.174743,83.2821,1,1,12.743,12.743,11.1791,1
14.8,4,0.0435801,65.432,1,1,9.92317,9.92317,8.94509,1
14.8,5,0,56.9441,1,0,0.1,0.1,0.15,1
14.8,6,0.686598,83.2821,1,1,12.743,12.743,11.1791,1
14.8,7,0.9,65.432,1,1,9.92317,9.92317,8.94509,1
14.9,0,0,62.7374,1,0,0.1,0.1,0.15,1
14.9,1,0,48.9735,1,0,0.1,0.1,0.15,1
14.9,2,0.122541,83.1432,1,1,12.6442,12.6442,11.0992,1
14.9,3,0.172541,83.1432,1,1,12.6442,12.6442,11.0992,1
14.9,4,0.0428954,65.0169,1,1,2.1223,2.1223,3.45096,1
14.9,5,0,56.4229,1,0,0.1,0.1,0.15,1
14.9,6,0.686011,83.1432,1,1,12.6442,12.6442,11.0992,1
14.9,7,0.9,65.0169,1,1,2.1223,2.1223,3.45096,1
15,0,0,62.1197,1,0,0.1,0.1,0.15,1
15,1,0,48.5852,1,0,0.1,0.1,0.15,1
15,2,0.120651,82.8885,1,1,10.6676,10.6676,9.52542,1
15,3,0.170651,82.8885,1,1,10.6676,10.6676,9.52542,1
15,4,0.041112,65.0241,1,1,9.97895,9.97895,8.98832,1
15,5,0,55.9105,1,0,0.1,0.1,0.15,1
15,6,0.685507,82.8885,1,1,10.6676,10.6676,9.52542,1
15,7,0.9,65.0241,1,1,9.97895,9.97895,8.98832,1
15.1,0,0,61.5123,1,0,0.1,0.1,0.15,1
15.1,1,0,48.2033,1,0,0.1,0.1,0.15,1
15.1,2,0.118782,82.6303,1,1,10.5338,10.5338,9.4206,1
15.1,3,0.168782,82.6303,1,1,10.5338,10.5338,9.4206,1
15.1,4,0.0391617,65.0942,1,1,11.0541,11.0541,9.82954,1
15.1,5,0,55.4065,1,0,0.1,0.1,0.15,1
15.1,6,0.685008,82.6303,1,1,10.5338,10.5338,9.4206,1
15.1,7,0.9,65.0942,1,1,11.0541,11.0541,9.82954,1
15.2,0,0,60.915,1,0,0.1,0.1,0.15,1
15.2,1,0,47.8279,1,0,0.1,0.1,0.15,1
15.2,2,0.116229,82.6349,1,1,14.8048,14.8048,12.8685,1
15.2,3,0.166229,82.6349,1,1,14.8048,14.8048,12.8685,1
15.2,4,0.0366825,65.3632,1,1,14.3541,14.3541,12.4956,1
15.2,5,0,54.911,1,0,0.1,0.1,0.15,1
15.2,6,0.684328,82.6349,1,1,14.8048,14.8048,12.8685,1
15.2,7,0.9,65.3632,1,1,14.3541,14.3541,12.4956,1
15.3,0,0,60.3277,1,0,0.1,0.1,0.15,1
15.3,1,0,47.4587,1,0,0.1,0.1,0.15,1
15.3,2,0.113583,82.6744,1,1,15.3637,15.3637,13.3338,1
15.3,3,0.163583,82.6744,1,1,15.3637,15.3637,13.3338,1
15.3,4,0.034722,65.4315,1,1,11.119,11.119,9.88075,1
15.3,5,0,54.4238,1,0,0.1,0.1,0.15,1
15.3,6,0.683622,82.6744,1,1,15.3637,15.3637,13.3338,1
15.3,7,0.9,65.4315,1,1,11.119,11.119,9.88075,1
15.4,0,0,59.7502,1,0,0.1,0.1,0.15,1
15.4,1,0,47.0956,1,0,0.1,0.1,0.15,1
15.4,2,0.111329,82.565,1,1,12.9642,12.9642,11.3582,1
15.4,3,0.161329,82.565,1,1,12.9642,12.9642,11.3582,1
15.4,4,0.0323003,65.6731,1,1,14.002,14.002,12.2056,1
15.4,5,0,53.9446,1,0,0.1,0.1,0.15,1
15.4,6,0.683021,82.565,1,1,12.9642,12.9642,11.3582,1
15.4,7,0.9,65.6731,1,1,14.002,14.002,12.2056,1
15.5,0,0,59.1822,1,0,0.1,0.1,0.15,1
15.5,1,0,46.7386,1,0,0.1,0.1,0.15,1
15.5,2,0.109355,82.3521,1,1,11.2108,11.2108,9.95329,1
15.5,3,0.159355,82.3521,1,1,11.2108,11.2108,9.95329,1
15.5,4,0.0286489,66.3754,1,1,21.2552,21.2552,18.4027,1
15.5,5,0,53.4734,1,0,0.1,0.1,0.15,1
15.5,6,0.682495,82.3521,1,1,11.2108,11.2108,9.95329,1
15.5,7,0.9,66.3754,1,1,21.2552,21.2552,18.4027,1
15.6,0,0,58.6238,1,0,0.1,0.1,0.15,1
15.6,1,0,46.3875,1,0,0.1,0.1,0.15,1
15.6,2,0.106579,82.4455,1,1,16.1467,16.1467,13.9906,1
15.6,3,0.156579,82.4455,1,1,16.1467,16.1467,13.9906,1
15.6,4,0.0261629,66.6255,1,1,14.3953,14.3953,12.5296,1
15.6,5,0,53.0101,1,0,0.1,0.1,0.15,1
15.6,6,0.681754,82.4455,1,1,16.1467,16.1467,13.9906,1
15.6,7,0.9,66.6255,1,1,14.3953,14.3953,12.5296,1
15.7,0,0,58.0746,1,0,0.1,0.1,0.15,1
15.7,1,0,46.0423,1,0,0.1,0.1,0.15,1
15.7,2,0.105142,82.0311,1,1,7.67631,7.67631,7.24033,1
15.7,3,0.155142,82.0311,1,1,7.67631,7.67631,7.24033,1
15.7,4,0.0228967,67.1664,1,1,19.0375,19.0375,16.4617,1
15.7,5,0,52.5546,1,0,0.1,0.1,0.15,1
15.7,6,0.681371,82.0311,1,1,7.67631,7.67631,7.24033,1
15.7,7,0.9,67.1664,1,1,19.0375,19.0375,16.4617,1
15.8,0,0,57.5346,1,0,0.1,0.1,0.15,1
15.8,1,0,45.7029,1,0,0.1,0.1,0.15,1
15.8,2,0.102485,82.0849,1,1,15.4324,15.4324,13.3912,1
15.8,3,0.152485,82.0849,1,1,15.4324,15.4324,13.3912,1
15.8,4,0.0197738,67.6441,1,1,18.2009,18.2009,15.7394,1
15.8,5,0,52.1066,1,0,0.1,0.1,0.15,1
15.8,6,0.680663,82.0849,1,1,15.4324,15.4324,13.3912,1
15.8,7,0.9,67.6441,1,1,18.2009,18.2009,15.7394,1
15.9,0,0,57.0036,1,0,0.1,0.1,0.15,1
15.9,1,0,45.3691,1,0,0.1,0.1,0.15,1
15.9,2,0.0988701,82.4999,1,1,21.0472,21.0472,18.2191,1
15.9,3,0.14887,82.4999,1,1,21.0472,21.0472,18.2191,1
15.9,4,0.0177988,67.6799,1,1,11.2118,11.2118,9.95414,1
15.9,5,0,51.666,1,0,0.1,0.1,0.15,1
15.9,6,0.679699,82.4999,1,1,21.0472,21.0472,18.2191,1
15.9,7,0.9,67.6799,1,1,11.2118,11.2118,9.95414,1
16,0,0,56.4815,1,0,0.1,0.1,0.15,1
16,1,0,45.0408,1,0,0.1,0.1,0.15,1
16,2,0.0966463,82.3822,1,1,12.7789,12.7789,11.2081,1
16,3,0.146646,82.3822,1,1,12.7789,12.7789,11.2081,1
16,4,0.0171111,67.2285,1,1,2.14679,2.14679,3.46564,1
16,5,0,51.2329,1,0,0.1,0.1,0.15,1
16,6,0.679106,82.3822,1,1,12.7789,12.7789,11.2081,1
16,7,0.9,67.2285,1,1,2.14679,2.14679,3.46564,1
16.1,0,0,55.9681,1,0,0.1,0.1,0.15,1
16.1,1,0,44.7181,1,0,0.1,0.1,0.15,1
16.1,2,0.0936687,82.5514,1,1,17.3464,17.3464,15.0075,1
16.1,3,0.143669,82.5514,1,1,17.3464,17.3464,15.0075,1
16.1,4,0.0161931,66.8717,1,1,3.97586,3.97586,4.62682,1
16.1,5,0,50.8069,1,0,0.1,0.1,0.15,1
16.1,6,0.678312,82.5514,1,1,17.3464,17.3464,15.0075,1
16.1,7,0.9,66.8717,1,1,3.97586,3.97586,4.62682,1
16.2,0,0,55.4632,1,0,0.1,0.1,0.15,1
16.2,1,0,44.4007,1,0,0.1,0.1,0.15,1
16.2,2,0.0900635,82.9549,1,1,20.9913,20.9913,18.1698,1
16.2,3,0.140064,82.9549,1,1,20.9913,20.9913,18.1698,1
16.2,4,0.0136134,67.149,1,1,14.9655,14.9655,13.002,1
16.2,5,0,50.388,1,0,0.1,0.1,0.15,1
16.2,6,0.67735,82.9549,1,1,20.9913,20.9913,18.1698,1
16.2,7,0.9,67.149,1,1,14.9655,14.9655,13.002,1
16.3,0,0,54.9667,1,0,0.1,0.1,0.15,1
16.3,1,0,44.0886,1,0,0.1,0.1,0.15,1
16.3,2,0.0884106,82.6138,1,1,9.1245,9.1245,8.33069,1
16.3,3,0.138411,82.6138,1,1,9.1245,9.1245,8.33069,1
16.3,4,0.012849,66.7354,1,1,2.77687,2.77687,3.85226,1
16.3,5,0,49.9761,1,0,0.1,0.1,0.15,1
16.3,6,0.676909,82.6138,1,1,9.1245,9.1245,8.33069,1
16.3,7,0.9,66.7354,1,1,2.77687,2.77687,3.85226,1
16.4,0,0,54.4785,1,0,0.1,0.1,0.15,1
16.4,1,0,43.7817,1,0,0.1,0.1,0.15,1
16.4,2,0.0866049,82.3362,1,1,10.1241,10.1241,9.10105,1
16.4,3,0.136605,82.3362,1,1,10.1241,10.1241,9.10105,1
16.4,4,0.0114285,66.5768,1,1,7.56731,7.56731,7.15959,1
16.4,5,0,49.5711,1,0,0.1,0.1,0.15,1
16.4,6,0.676428,82.3362,1,1,10.1241,10.1241,9.10105,1
16.4,7,0.9,66.5768,1,1,7.56731,7.56731,7.15959,1
16.5,0,0,53.9985,1,0,0.1,0.1,0.15,1
16.5,1,0,43.4799,1,0,0.1,0.1,0.15,1
16.5,2,0.0849507,82.0058,1,1,9.1324,9.1324,8.33672,1
16.5,3,0.134951,82.0058,1,1,9.1324,9.1324,8.33672,1
16.5,4,0.00886444,66.853,1,1,14.8701,14.8701,12.9227,1
16.5,5,0,49.1729,1,0,0.1,0.1,0.15,1
16.5,6,0.675987,82.0058,1,1,9.1324,9.1324,8.33672,1
16.5,7,0.9,66.853,1,1,14.8701,14.8701,12.9227,1
16.6,0,0,53.5264,1,0,0.1,0.1,0.15,1
16.6,1,0,43.1832,1,0,0.1,0.1,0.15,1
16.6,2,0.0827589,81.8842,1,1,12.5791,12.5791,11.0467,1
16.6,3,0.132759,81.8842,1,1,12.5791,12.5791,11.0467,1
16.6,4,0.00664824,66.9932,1,1,12.7313,12.7313,11.1696,1
16.6,5,0,48.7812,1,0,0.1,0.1,0.15,1
16.6,6,0.675402,81.8842,1,1,12.5791,12.5791,11.0467,1
16.6,7,0.9,66.9932,1,1,12.7313,12.7313,11.1696,1
16.7,0,0,53.0622,1,0,0.1,0.1,0.15,1
16.7,1,0,42.8914,1,0,0.1,0.1,0.15,1
16.7,2,0.0796634,82.1063,1,1,18.0407,18.0407,15.6017,1
16.7,3,0.129663,82.1063,1,1,18.0407,18.0407,15.6017,1
16.7,4,0.00430594,67.1787,1,1,13.5133,13.5133,11.8052,1
16.7,5,0,48.3961,1,0,0.1,0.1,0.15,1
16.7,6,0.674577,82.1063,1,1,18.0407,18.0407,15.6017,1
16.7,7,0.9,67.1787,1,1,13.5133,13.5133,11.8052,1
16.8,0,0,52.6058,1,0,0.1,0.1,0.15,1
16.8,1,0,42.6044,1,0,0.1,0.1,0.15,1
16.8,2,0.0764738,82.3602,1,1,18.5913,18.5913,16.0757,1
16.8,3,0.126474,82.3602,1,1,18.5913,18.5913,16.0757,1
16.8,4,0.00200521,67.3454,1,1,13.2565,13.2565,11.5957,1
16.8,5,0,48.0174,1,0,0.1,0.1,0.15,1
16.8,6,0.673726,82.3602,1,1,18.5913,18.5913,16.0757,1
16.8,7,0.9,67.3454,1,1,13.2565,13.2565,11.5957,1
16.9,0,0,52.1569,1,0,0.1,0.1,0.15,1
16.9,1,0,42.3223,1,0,0.1,0.1,0.15,1
16.9,2,0.073223,82.633,1,1,18.9478,18.9478,16.3839,1
16.9,3,0.123223,82.633,1,1,18.9478,18.9478,16.3839,1
16.9,4,0,67.4105,1,0,11.6196,11.6196,10.2777,1
16.9,5,0,47.6451,1,0,0.1,0.1,0.15,1
16.9,6,0.672859,82.633,1,1,18.9478,18.9478,16.3839,1
16.9,7,0.9,67.4105,1,1,11.6196,11.6196,10.2777,1
17,0,0,51.7155,1,0,0.1,0.1,0.15,1
17,1,0,42.0448,1,0,0.1,0.1,0.15,1
17,2,0.0714801,82.3312,1,1,9.71481,9.71481,8.78396,1
17,3,0.12148,82.3312,1,1,9.71481,9.71481,8.78396,1
17,4,0,66.7149,1,0,0.1,0.1,0.15,1
17,5,0,47.2789,1,0,0.1,0.1,0.15,1
17,6,0.672395,82.3312,1,1,9.71481,9.71481,8.78396,1
17,7,0.9,67.5985,1,1,13.667,13.667,11.9308,1
17.1,0,0,51.2815,1,0,0.1,0.1,0.15,1
17.1,1,0,41.772,1,0,0.1,0.1,0.15,1
17.1,2,0.0691905,82.2412,1,1,13.1877,13.1877,11.5397,1
17.1,3,0.11919,82.2412,1,1,13.1877,13.1877,11.5397,1
17.1,4,0,66.0309,1,0,0.1,0.1,0.15,1
17.1,5,0,46.9188,1,0,0.1,0.1,0.15,1
17.1,6,0.671784,82.2412,1,1,13.1877,13.1877,11.5397,1
17.1,7,0.9,67.4702,1,1,8.36709,8.36709,7.75644,1
17.2,0,0,50.8548,1,0,0.1,0.1,0.15,1
17.2,1,0,41.5037,1,0,0.1,0.1,0.15,1
17.2,2,0.0666978,82.2294,1,1,14.4358,14.4358,12.563,1
17.2,3,0.116698,82.2294,1,1,14.4358,14.4358,12.563,1
17.2,4,0,65.3583,1,0,0.1,0.1,0.15,1
17.2,5,0,46.5648,1,0,0.1,0.1,0.15,1
17.2,6,0.671119,82.2294,1,1,14.4358,14.4358,12.563,1
17.2,7,0.9,67.7912,1,1,15.822,15.822,13.7175,1
17.3,0,0,50.4351,1,0,0.1,0.1,0.15,1
17.3,1,0,41.2399,1,0,0.1,0.1,0.15,1
17.3,2,0.0635261,82.4745,1,1,18.4866,18.4866,15.9853,1
17.3,3,0.113526,82.4745,1,1,18.4866,18.4866,15.9853,1
17.3,4,0,64.6969,1,0,0.1,0.1,0.15,1
17.3,5,0,46.2166,1,0,0.1,0.1,0.15,1
17.3,6,0.670274,82.4745,1,1,18.4866,18.4866,15.9853,1
17.3,7,0.9,67.6856,1,1,8.82373,8.82373,8.10164,1
17.4,0,0,50.0224,1,0,0.1,0.1,0.15,1
17.4,1,0,40.9805,1,0,0.1,0.1,0.15,1
17.4,2,0.0607595,82.5623,1,1,16.091,16.091,13.9437,1
17.4,3,0.11076,82.5623,1,1,16.091,16.091,13.9437,1
17.4,4,0,64.0465,1,0,0.1,0.1,0.15,1
17.4,5,0,45.8742,1,0,0.1,0.1,0.15,1
17.4,6,0.669536,82.5623,1,1,16.091,16.091,13.9437,1
17.4,7,0.9,67.7327,1,1,11.4122,11.4122,10.1129,1
17.5,0,0,49.6166,1,0,0.1,0.1,0.15,1
17.5,1,0,40.7254,1,0,0.1,0.1,0.15,1
17.5,2,0.0590602,82.2453,1,1,9.43024,9.43024,8.56485,1
17.5,3,0.10906,82.2453,1,1,9.43024,9.43024,8.56485,1
17.5,4,0,63.407,1,0,0.1,0.1,0.15,1
17.5,5,0,45.5376,1,0,0.1,0.1,0.15,1
17.5,6,0.669083,82.2453,1,1,9.43024,9.43024,8.56485,1
17.5,7,0.9,67.547,1,1,7.37896,7.37896,7.02053,1
17.6,0,0,49.2176,1,0,0.1,0.1,0.15,1
17.6,1,0,40.4745,1,0,0.1,0.1,0.15,1
17.6,2,0.056565,82.2344,1,1,14.451,14.451,12.5756,1
17.6,3,0.106565,82.2344,1,1,14.451,14.451,12.5756,1
17.6,4,0,62.7781,1,0,0.1,0.1,0.15,1
17.6,5,0,45.2065,1,0,0.1,0.1,0.15,1
17.6,6,0.668417,82.2344,1,1,14.451,14.451,12.5756,1
17.6,7,0.9,67.4552,1,1,8.99397,8.99397,8.23113,1
17.7,0,0,48.8252,1,0,0.1,0.1,0.15,1
17.7,1,0,40.2279,1,0,0.1,0.1,0.15,1
17.7,2,0.0544989,82.0615,1,1,11.7898,11.7898,10.4133,1
17.7,3,0.104499,82.0615,1,1,11.7898,11.7898,10.4133,1
17.7,4,0,62.1598,1,0,0.1,0.1,0.15,1
17.7,5,0,44.881,1,0,0.1,0.1,0.15,1
17.7,6,0.667866,82.0615,1,1,11.7898,11.7898,10.4133,1
17.7,7,0.9,67.6713,1,1,14.1361,14.1361,12.3158,1
17.8,0,0,48.4394,1,0,0.1,0.1,0.15,1
17.8,1,0,39.9853,1,0,0.1,0.1,0.15,1
17.8,2,0.0514444,82.2651,1,1,17.7989,17.7989,15.3943,1
17.8,3,0.101444,82.2651,1,1,17.7989,17.7989,15.3943,1
17.8,4,0,61.5517,1,0,0.1,0.1,0.15,1
17.8,5,0,44.5609,1,0,0.1,0.1,0.15,1
17.8,6,0.667052,82.2651,1,1,17.7989,17.7989,15.3943,1
17.8,7,0.9,67.9917,1,1,15.8667,15.8667,13.755,1
17.9,0,0,48.06,1,0,0.1,0.1,0.15,1
17.9,1,0,39.7468,1,0,0.1,0.1,0.15,1
17.9,2,0.0483928,82.4641,1,1,17.7824,17.7824,15.3802,1
17.9,3,0.0983928,82.4641,1,1,17.7824,17.7824,15.3802,1
17.9,4,0,60.9537,1,0,0.1,0.1,0.15,1
17.9,5,0,44.2462,1,0,0.1,0.1,0.15,1
17.9,6,0.666238,82.4641,1,1,17.7824,17.7824,15.3802,1
17.9,7,0.9,67.9146,1,1,9.37928,9.37928,8.52573,1
18,0,0,47.6869,1,0,0.1,0.1,0.15,1
18,1,0,39.5123,1,0,0.1,0.1,0.15,1
18,2,0.0455409,82.5844,1,1,16.6002,16.6002,14.3735,1
18,3,0.0955409,82.5844,1,1,16.6002,16.6002,14.3735,1
18,4,0,60.3658,1,0,0.1,0.1,0.15,1
18,5,0,43.9366,1,0,0.1,0.1,0.15,1
18,6,0.665478,82.5844,1,1,16.6002,16.6002,14.3735,1
18,7,0.9,67.8116,1,1,8.90471,8.90471,8.16318,1
18.1,0,0,47.32,1,0,0.1,0.1,0.15,1
18.1,1,0,39.2817,1,0,0.1,0.1,0.15,1
18.1,2,0.0420953,82.9271,1,1,20.0762,20.0762,17.3662,1
18.1,3,0.0920953,82.9271,1,1,20.0762,20.0762,17.3662,1
18.1,4,0,59.7876,1,0,0.1,0.1,0.15,1
18.1,5,0,43.6323,1,0,0.1,0.1,0.15,1
18.1,6,0.664559,82.9271,1,1,20.0762,20.0762,17.3662,1
18.1,7,0.9,67.7867,1,1,10.2267,10.2267,9.18083,1
18.2,0,0,46.9593,1,0,0.1,0.1,0.15,1
18.2,1,0,39.0549,1,0,0.1,0.1,0.15,1
18.2,2,0.0389058,83.1673,1,1,18.5905,18.5905,16.075,1
18.2,3,0.0889058,83.1673,1,1,18.5905,18.5905,16.075,1
18.2,4,0,59.219,1,0,0.1,0.1,0.15,1
18.2,5,0,43.333,1,0,0.1,0.1,0.15,1
18.2,6,0.663708,83.1673,1,1,18.5905,18.5905,16.075,1
18.2,7,0.9,67.5379,1,1,6.23812,6.23812,6.19159,1
18.3,0,0,46.6046,1,0,0.1,0.1,0.15,1
18.3,1,0,38.8319,0,0,0.1,0.1,0.15,1
18.3,2,0.035918,83.3273,1,1,17.4064,17.4064,15.0587,1
18.3,3,0.085918,83.3273,1,1,17.4064,17.4064,15.0587,1
18.3,4,0,58.66,1,0,0.1,0.1,0.15,1
18.3,5,0,43.0387,1,0,0.1,0.1,0.15,1
18.3,6,0.662911,83.3273,1,1,17.4064,17.4064,15.0587,1
18.3,7,0.9,67.6497,1,1,12.4498,12.4498,10.9425,1
18.4,0,0,46.2557,1,0,0.1,0.1,0.15,1
18.4,1,0,38.6126,0,0,0.1,0.1,0.15,1
18.4,2,0.0326036,83.608,1,1,19.3174,19.3174,16.7046,1
18.4,3,0.0826036,83.608,1,1,19.3174,19.3174,16.7046,1
18.4,4,0,58.1102,1,0,0.1,0.1,0.15,1
18.4,5,0,42.7493,1,0,0.1,0.1,0.15,1
18.4,6,0.662028,83.608,1,1,19.3174,19.3174,16.7046,1
18.4,7,0.9,67.513,1,1,8.23372,8.23372,7.6562,1
18.5,0,0,45.9127,1,0,0.1,0.1,0.15,1
18.5,1,0,38.397,0,0,0.1,0.1,0.15,1
18.5,2,0.0295028,83.8033,1,1,18.0712,18.0712,15.6278,1
18.5,3,0.0795028,83.8033,1,1,18.0712,18.0712,15.6278,1
18.5,4,0,57.5696,1,0,0.1,0.1,0.15,1
18.5,5,0,42.4647,1,0,0.1,0.1,0.15,1
18.5,6,0.661201,83.8033,1,1,18.0712,18.0712,15.6278,1
18.5,7,0.9,67.3852,1,1,8.34966,8.34966,7.74332,1
18.6,0,0,45.5754,1,0,0.1,0.1,0.15,1
18.6,1,0,38.185,0,0,0.1,0.1,0.15,1
18.6,2,0.027061,83.7462,1,1,14.125,14.125,12.3067,1
18.6,3,0.077061,83.7462,1,1,14.125,14.125,12.3067,1
18.6,4,0,57.0381,1,0,0.1,0.1,0.15,1
18.6,5,0,42.1849,1,0,0.1,0.1,0.15,1
18.6,6,0.66055,83.7462,1,1,14.125,14.125,12.3067,1
18.6,7,0.9,67.3653,1,1,10.1916,10.1916,9.15351,1
18.7,0,0,45.2437,1,0,0.1,0.1,0.15,1
18.7,1,0,37.9765,0,0,0.1,0.1,0.15,1
18.7,2,0.0243191,83.8036,1,1,15.9431,15.9431,13.8193,1
18.7,3,0.0743191,83.8036,1,1,15.9431,15.9431,13.8193,1
18.7,4,0,56.5153,1,0,0.1,0.1,0.15,1
18.7,5,0,41.9097,1,0,0.1,0.1,0.15,1
18.7,6,0.659818,83.8036,1,1,15.9431,15.9431,13.8193,1
18.7,7,0.9,67.261,1,1,8.72049,8.72049,8.02332,1
18.8,0,0,44.9176,1,0,0.1,0.1,0.15,1
18.8,1,0,37.7714,0,0,0.1,0.1,0.15,1
18.8,2,0.0221073,83.6596,1,1,12.7037,12.7037,11.1473,1
18.8,3,0.0721073,83.6596,1,1,12.7037,12.7037,11.1473,1
18.8,4,0,56.0013,1,0,0.1,0.1,0.15,1
18.8,5,0,41.6391,1,0,0.1,0.1,0.15,1
18.8,6,0.659229,83.6596,1,1,12.7037,12.7037,11.1473,1
18.8,7,0.9,67.0742,1,1,7.21601,7.21601,6.90072,1
18.9,0,0,44.5969,1,0,0.1,0.1,0.15,1
18.9,1,0,37.5698,0,0,0.1,0.1,0.15,1
18.9,2,0.0199901,83.4822,1,1,12.1116,12.1116,10.6707,1
18.9,3,0.0699901,83.4822,1,1,12.1116,12.1116,10.6707,1
18.9,4,0,55.4959,1,0,0.1,0.1,0.15,1
18.9,5,0,41.3731,1,0,0.1,0.1,0.15,1
18.9,6,0.658664,83.4822,1,1,12.1116,12.1116,10.6707,1
18.9,7,0.9,66.9566,1,1,8.39999,8.39999,7.7812,1
19,0,0,44.2815,1,0,0.1,0.1,0.15,1
19,1,0,37.3716,0,0,0.1,0.1,0.15,1
19,2,0.0176717,83.3838,1,1,13.3655,13.3655,11.6845,1
19,3,0.0676717,83.3838,1,1,13.3655,13.3655,11.6845,1
19,4,0,54.9989,1,0,0.1,0.1,0.15,1
19,5,0,41.1114,1,0,0.1,0.1,0.15,1
19,6,0.658046,83.3838,1,1,13.3655,13.3655,11.6845,1
19,7,0.9,66.768,1,1,7.09155,7.09155,6.80951,1
19.1,0,0,43.9714,1,0,0.1,0.1,0.15,1
19.1,1,0,37.1766,0,0,0.1,0.1,0.15,1
19.1,2,0.0143705,83.6586,1,1,19.2408,19.2408,16.638,1
19.1,3,0.0643705,83.6586,1,1,19.2408,19.2408,16.638,1
19.1,4,0,54.5101,1,0,0.1,0.1,0.15,1
19.1,5,0,40.8542,1,0,0.1,0.1,0.15,1
19.1,6,0.657165,83.6586,1,1,19.2408,19.2408,16.638,1
19.1,7,0.9,66.7148,1,1,9.44104,9.44104,8.57314,1
19.2,0,0,43.6665,1,0,0.1,0.1,0.15,1
19.2,1,0,36.9849,0,0,0.1,0.1,0.15,1
19.2,2,0.0112301,83.8681,1,1,18.3038,18.3038,15.8278,1
19.2,3,0.0612301,83.8681,1,1,18.3038,18.3038,15.8278,1
19.2,4,0,54.0296,1,0,0.1,0.1,0.15,1
19.2,5,0,40.6012,1,0,0.1,0.1,0.15,1
19.2,6,0.656328,83.8681,1,1,18.3038,18.3038,15.8278,1
19.2,7,0.9,66.6894,1,1,9.90384,9.90384,8.93012,1
19.3,0,0,43.3666,1,0,0.1,0.1,0.15,1
19.3,1,0,36.7964,0,0,0.1,0.1,0.15,1
19.3,2,0.00783794,84.1692,1,1,19.7676,19.7676,17.0965,1
19.3,3,0.0578379,84.1692,1,1,19.7676,19.7676,17.0965,1
19.3,4,0,53.557,1,0,0.1,0.1,0.15,1
19.3,5,0,40.3524,1,0,0.1,0.1,0.15,1
19.3,6,0.655423,84.1692,1,1,19.7676,19.7676,17.0965,1
19.3,7,0.9,66.534,1,1,7.61262,7.61262,7.19312,1
19.4,0,0,43.0718,1,0,0.1,0.1,0.15,1
19.4,1,0,36.6111,0,0,0.1,0.1,0.15,1
19.4,2,0.00464948,84.3883,1,1,18.5845,18.5845,16.0699,1
19.4,3,0.0546495,84.3883,1,1,18.5845,18.5845,16.0699,1
19.4,4,0,53.0923,1,0,0.1,0.1,0.15,1
19.4,5,0,40.1078,1,0,0.1,0.1,0.15,1
19.4,6,0.654573,84.3883,1,1,18.5845,18.5845,16.0699,1
19.4,7,0.9,66.327,1,1,6.62421,6.62421,6.46948,1
19.5,0,0,42.7818,1,0,0.1,0.1,0.15,1
19.5,1,0,36.4288,0,0,0.1,0.1,0.15,1
19.5,2,0.00224607,84.3069,1,1,13.8895,13.8895,12.1132,1
19.5,3,0.0522461,84.3069,1,1,13.8895,13.8895,12.1132,1
19.5,4,0,52.6353,1,0,0.1,0.1,0.15,1
19.5,5,0,39.8672,1,0,0.1,0.1,0.15,1
19.5,6,0.653932,84.3069,1,1,13.8895,13.8895,12.1132,1
19.5,7,0.9,66.0288,1,1,4.83687,4.83687,5.20841,1
19.6,0,0,42.4967,1,0,0.1,0.1,0.15,1
19.6,1,0,36.2496,0,0,0.1,0.1,0.15,1
19.6,2,0,84.5806,1,0,19.4596,19.4596,16.8282,1
19.6,3,0.0489071,84.5806,1,1,19.4596,19.4596,16.8282,1
19.6,4,0,52.186,1,0,0.1,0.1,0.15,1
19.6,5,0,39.6307,1,0,0.1,0.1,0.15,1
19.6,6,0.653042,84.5806,1,1,19.4596,19.4596,16.8282,1
19.6,7,0.9,65.8808,1,1,7.54488,7.54488,7.143,1
19.7,0,0,42.2163,1,0,0.1,0.1,0.15,1
19.7,1,0,36.0733,0,0,0.1,0.1,0.15,1
19.7,2,0,83.5988,1,0,0.1,0.1,0.15,1
19.7,3,0.0471403,84.2555,1,1,9.87145,9.87145,8.90503,1
19.7,4,0,51.7441,1,0,0.1,0.1,0.15,1
19.7,5,0,39.3981,1,0,0.1,0.1,0.15,1
19.7,6,0.652571,84.2555,1,1,9.87145,9.87145,8.90503,1
19.7,7,0.9,65.6876,1,1,6.67883,6.67883,6.50902,1
19.8,0,0,41.9406,1,0,0.1,0.1,0.15,1
19.8,1,0,35.9,0,0,0.1,0.1,0.15,1
19.8,2,0,82.6334,1,0,0.1,0.1,0.15,1
19.8,3,0.0448247,84.1432,1,1,13.3485,13.3485,11.6707,1
19.8,4,0,51.3097,1,0,0.1,0.1,0.15,1
19.8,5,0,39.1694,1,0,0.1,0.1,0.15,1
19.8,6,0.651953,84.1432,1,1,13.3485,13.3485,11.6707,1
19.8,7,0.9,65.7856,1,1,11.7086,11.7086,10.3486,1
19.9,0,0,41.6696,1,0,0.1,0.1,0.15,1
19.9,1,0,35.7296,0,0,0.1,0.1,0.15,1
19.9,2,0,81.6841,1,0,0.1,0.1,0.15,1
19.9,3,0.042349,84.0933,1,1,14.3323,14.3323,12.4775,1
19.9,4,0,50.8824,1,0,0.1,0.1,0.15,1
19.9,5,0,38.9445,0,0,0.1,0.1,0.15,1
19.9,6,0.651293,84.0933,1,1,14.3323,14.3323,12.4775,1
19.9,7,0.9,65.8072,1,1,10.4457,10.4457,9.35173,1
20,0,0,41.403,1,0,0.1,0.1,0.15,1
20,1,0,35.562,0,0,0.1,0.1,0.15,1
20,2,0,80.7507,1,0,0.1,0.1,0.15,1
20,3,0.0392525,84.2789,1,1,18.046,18.046,15.6062,1
20,4,0,50.4623,1,0,0.1,0.1,0.15,1
20,5,0,38.7233,0,0,0.1,0.1,0.15,1
20,6,0.650467,84.2789,1,1,18.046,18.046,15.6062,1
20,7,0.9,66.0225,1,1,13.6772,13.6772,11.9391,1
20.1,0,0,41.1408,1,0,0.1,0.1,0.15,1
20.1,1,0,35.3973,0,0,0.1,0.1,0.15,1
20.1,2,0,79.8327,1,0,0.1,0.1,0.15,1
20.1,3,0.0365196,84.3239,1,1,15.8888,15.8888,13.7736,1
20.1,4,0,50.0492,1,0,0.1,0.1,0.15,1
20.1,5,0,38.5059,0,0,0.1,0.1,0.15,1
20.1,6,0.649739,84.3239,1,1,15.8888,15.8888,13.7736,1
20.1,7,0.9,66.4712,1,1,17.4523,17.4523,15.0979,1
20.2,0,0,40.8831,1,0,0.1,0.1,0.15,1
20.2,1,0,35.2352,0,0,0.1,0.1,0.15,1
20.2,2,0,78.9301,1,0,0.1,0.1,0.15,1
20.2,3,0.0347884,83.9896,1,1,9.63912,9.63912,8.72557,1
20.2,4,0,49.6429,1,0,0.1,0.1,0.15,1
20.2,5,0,38.292,0,0,0.1,0.1,0.15,1
20.2,6,0.649277,83.9896,1,1,9.63912,9.63912,8.72557,1
20.2,7,0.9,66.8152,1,1,15.9231,15.9231,13.8024,1
20.3,0,0,40.6296,1,0,0.1,0.1,0.15,1
20.3,1,0,35.0759,0,0,0.1,0.1,0.15,1
20.3,2,0,78.0425,1,0,0.1,0.1,0.15,1
20.3,3,0.0328542,83.7375,1,1,10.9511,10.9511,9.74827,1
20.3,4,0,49.2435,1,0,0.1,0.1,0.15,1
20.3,5,0,38.0817,0,0,0.1,0.1,0.15,1
20.3,6,0.648761,83.7375,1,1,10.9511,10.9511,9.74827,1
20.3,7,0.9,66.6132,1,1,6.80318,6.80318,6.59923,1
20.4,0,0,40.3804,1,0,0.1,0.1,0.15,1
20.4,1,0,34.9192,0,0,0.1,0.1,0.15,1
20.4,2,0,77.1697,1,0,0.1,0.1,0.15,1
20.4,3,0.031103,83.4205,1,1,9.76947,9.76947,8.82617,1
20.4,4,0,48.8507,1,0,0.1,0.1,0.15,1
20.4,5,0,37.8749,0,0,0.1,0.1,0.15,1
20.4,6,0.648294,83.4205,1,1,9.76947,9.76947,8.82617,1
20.4,7,0.9,66.3675,1,1,5.92944,5.92944,5.97148,1
20.5,0,0,40.1353,1,0,0.1,0.1,0.15,1
20.5,1,0,34.7651,0,0,0.1,0.1,0.15,1
20.5,2,0,76.3115,1,0,0.1,0.1,0.15,1
20.5,3,0.0291893,83.1702,1,1,10.8194,10.8194,9.64463,1
20.5,4,0,48.4644,1,0,0.1,0.1,0.15,1
20.5,5,0,37.6716,0,0,0.1,0.1,0.15,1
20.5,6,0.647784,83.1702,1,1,10.8194,10.8194,9.64463,1
20.5,7,0.9,66.1535,1,1,6.44389,6.44389,6.33934,1
20.6,0,0,39.8943,1,0,0.1,0.1,0.15,1
20.6,1,0,34.6136,0,0,0.1,0.1,0.15,1
20.6,2,0,75.4675,1,0,0.1,0.1,0.15,1
20.6,3,0.0265882,83.1839,1,1,15.0951,15.0951,13.1098,1
20.6,4,0,48.0846,1,0,0.1,0.1,0.15,1
20.6,5,0,37.4717,0,0,0.1,0.1,0.15,1
20.6,6,0.64709,83.1839,1,1,15.0951,15.0951,13.1098,1
20.6,7,0.9,65.9672,1,1,6.88959,6.88959,6.66209,1
20.7,0,0,39.6573,1,0,0.1,0.1,0.15,1
20.7,1,0,34.4647,0,0,0.1,0.1,0.15,1
20.7,2,0,74.6377,1,0,0.1,0.1,0.15,1
20.7,3,0.0241712,83.1278,1,1,13.9727,13.9727,12.1815,1
20.7,4,0,47.7111,1,0,0.1,0.1,0.15,1
20.7,5,0,37.2751,0,0,0.1,0.1,0.15,1
20.7,6,0.646446,83.1278,1,1,13.9727,13.9727,12.1815,1
20.7,7,0.9,65.8173,1,1,7.49226,7.49226,7.10411,1
20.8,0,0,39.4242,1,0,0.1,0.1,0.15,1
20.8,1,0,34.3182,0,0,0.1,0.1,0.15,1
20.8,2,0,73.8216,1,0,0.1,0.1,0.15,1
20.8,3,0.0217099,83.0894,1,1,14.2441,14.2441,12.4048,1
20.8,4,0,47.3438,1,0,0.1,0.1,0.15,1
20.8,5,0,37.0817,0,0,0.1,0.1,0.15,1
20.8,6,0.645789,83.0894,1,1,14.2441,14.2441,12.4048,1
20.8,7,0.9,65.6537,1,1,7.20156,7.20156,6.89012,1
20.9,0,0,39.1951,1,0,0.1,0.1,0.15,1
20.9,1,0,34.1741,0,0,0.1,0.1,0.15,1
20.9,2,0,73.0192,1,0,0.1,0.1,0.15,1
20.9,3,0.0198588,82.821,1,1,10.4175,10.4175,9.32962,1
20.9,4,0,46.9827,1,0,0.1,0.1,0.15,1
20.9,5,0,36.8916,0,0,0.1,0.1,0.15,1
20.9,6,0.645296,82.821,1,1,10.4175,10.4175,9.32962,1
20.9,7,0.9,65.4155,1,1,5.76842,5.76842,5.85742,1
21,0,0,38.9698,0,0,0.1,0.1,0.15,1
21,1,0,34.0325,0,0,0.1,0.1,0.15,1
21,2,0,72.2301,1,0,0.1,0.1,0.15,1
21,3,0.0181873,82.4891,1,1,9.24745,9.24745,8.42469,1
21,4,0,46.6275,1,0,0.1,0.1,0.15,1
21,5,0,36.7047,0,0,0.1,0.1,0.15,1
21,6,0.64485,82.4891,1,1,9.24745,9.24745,8.42469,1
21,7,0.9,65.3663,1,1,9.1168,9.1168,8.32481,1
21.1,0,0,38.7482,0,0,0.1,0.1,0.15,1
21.1,1,0,33.8932,0,0,0.1,0.1,0.15,1
21.1,2,0,71.4542,1,0,0.1,0.1,0.15,1
21.1,3,0.0162016,82.2816,1,1,11.2795,11.2795,10.0077,1
21.1,4,0,46.2783,1,0,0.1,0.1,0.15,1
21.1,5,0,36.5208,0,0,0.1,0.1,0.15,1
21.1,6,0.64432,82.2816,1,1,11.2795,11.2795,10.0077,1
21.1,7,0.9,65.3609,1,1,9.86288,9.86288,8.8984,1
21.2,0,0,38.5303,0,0,0.1,0.1,0.15,1
21.2,1,0,33.7562,0,0,0.1,0.1,0.15,1
21.2,2,0,70.6912,1,0,0.1,0.1,0.15,1
21.2,3,0.0139036,82.1955,1,1,13.2394,13.2394,11.5818,1
21.2,4,0,45.9349,1,0,0.1,0.1,0.15,1
21.2,5,0,36.3401,0,0,0.1,0.1,0.15,1
21.2,6,0.643708,82.1955,1,1,13.2394,13.2394,11.5818,1
21.2,7,0.9,65.3019,1,1,8.92979,8.92979,8.18226,1
21.3,0,0,38.316,0,0,0.1,0.1,0.15,1
21.3,1,0,33.6215,0,0,0.1,0.1,0.15,1
21.3,2,0,69.9409,1,0,0.1,0.1,0.15,1
21.3,3,0.0114225,82.1801,1,1,14.3658,14.3658,12.5052,1
21.3,4,0,45.5973,1,0,0.1,0.1,0.15,1
21.3,5,0,36.1623,0,0,0.1,0.1,0.15,1
21.3,6,0.643046,82.1801,1,1,14.3658,14.3658,12.5052,1
21.3,7,0.9,65.2654,1,1,9.30716,9.30716,8.47043,1
21.4,0,0,38.1054,0,0,0.1,0.1,0.15,1
21.4,1,0,33.4891,0,0,0.1,0.1,0.15,1
21.4,2,0,69.2032,1,0,0.1,0.1,0.15,1
21.4,3,0.00934721,82.0116,1,1,11.8473,11.8473,10.4592,1
21.4,4,0,45.2652,1,0,0.1,0.1,0.15,1
21.4,5,0,35.9875,0,0,0.1,0.1,0.15,1
21.4,6,0.642493,82.0116,1,1,11.8473,11.8473,10.4592,1
21.4,7,0.9,65.4902,1,1,13.6843,13.6843,11.945,1
21.5,0,0,37.8982,0,0,0.1,0.1,0.15,1
21.5,1,0,33.3588,0,0,0.1,0.1,0.15,1
21.5,2,0,68.4777,1,0,0.1,0.1,0.15,1
21.5,3,0.00745241,81.7776,1,1,10.6986,10.6986,9.54978,1
21.5,4,0,44.9387,1,0,0.1,0.1,0.15,1
21.5,5,0,35.8157,0,0,0.1,0.1,0.15,1
21.5,6,0.641987,81.7776,1,1,10.6986,10.6986,9.54978,1
21.5,7,0.9,65.416,1,1,8.70023,8.70023,8.00797,1
21.6,0,0,37.6945,0,0,0.1,0.1,0.15,1
21.6,1,0,33.2308,0,0,0.1,0.1,0.15,1
21.6,2,0,67.7643,1,0,0.1,0.1,0.15,1
21.6,3,0.00520411,81.6812,1,1,12.9312,12.9312,11.3314,1
21.6,4,0,44.6177,1,0,0.1,0.1,0.15,1
21.6,5,0,35.6466,0,0,0.1,0.1,0.15,1
21.6,6,0.641388,81.6812,1,1,12.9312,12.9312,11.3314,1
21.6,7,0.9,65.4026,1,1,9.73883,9.73883,8.8025,1
21.7,0,0,37.4941,0,0,0.1,0.1,0.15,1
21.7,1,0,33.1048,0,0,0.1,0.1,0.15,1
21.7,2,0,67.0628,1,0,0.1,0.1,0.15,1
21.7,3,0.00295802,81.5855,1,1,12.9174,12.9174,11.3203,1
21.7,4,0,44.302,1,0,0.1,0.1,0.15,1
21.7,5,0,35.4805,0,0,0.1,0.1,0.15,1
21.7,6,0.640789,81.5855,1,1,12.9174,12.9174,11.3203,1
21.7,7,0.9,65.4714,1,1,11.138,11.138,9.89574,1
21.8,0,0,37.2972,0,0,0.1,0.1,0.15,1
21.8,1,0,32.981,0,0,0.1,0.1,0.15,1
21.8,2,0,66.373,1,0,0.1,0.1,0.15,1
21.8,3,0.0011416,81.329,1,1,10.1932,10.1932,9.15477,1
21.8,4,0,43.9915,1,0,0.1,0.1,0.15,1
21.8,5,0,35.317,0,0,0.1,0.1,0.15,1
21.8,6,0.640304,81.329,1,1,10.1932,10.1932,9.15477,1
21.8,7,0.9,65.476,1,1,10.066,10.066,9.0559,1
21.9,0,0,37.1034,0,0,0.1,0.1,0.15,1
21.9,1,0,32.8592,0,0,0.1,0.1,0.15,1
21.9,2,0,65.6947,1,0,0.1,0.1,0.15,1
21.9,3,0,81.3792,1,0,15.1878,15.1878,13.1871,1
21.9,4,0,43.6862,1,0,0.1,0.1,0.15,1
21.9,5,0,35.1563,0,0,0.1,0.1,0.15,1
21.9,6,0.639607,81.3792,1,1,15.1878,15.1878,13.1871,1
21.9,7,0.9,65.0421,1,1,1.71069,1.71069,3.20842,1
22,0,0,36.913,0,0,0.1,0.1,0.15,1
22,1,0,32.7395,0,0,0.1,0.1,0.15,1
22,2,0,65.0277,1,0,0.1,0.1,0.15,1
22,3,0,80.4508,1,0,0.1,0.1,0.15,1
22,4,0,43.386,1,0,0.1,0.1,0.15,1
22,5,0,34.9983,0,0,0.1,0.1,0.15,1
22,6,0.638797,81.5876,1,1,17.6962,17.6962,15.3063,1
22,7,0.9,64.9454,1,1,8.17175,8.17175,7.60973,1
22.1,0,0,36.7257,0,0,0.1,0.1,0.15,1
22.1,1,0,32.6218,0,0,0.1,0.1,0.15,1
22.1,2,0,64.3719,1,0,0.1,0.1,0.15,1
22.1,3,0,79.5379,1,0,0.1,0.1,0.15,1
22.1,4,0,43.0909,1,0,0.1,0.1,0.15,1
22.1,5,0,34.8429,0,0,0.1,0.1,0.15,1
22.1,6,0.63809,81.6468,1,1,15.4012,15.4012,13.3651,1
22.1,7,0.9,64.5839,1,1,3.09918,3.09918,4.0559,1
22.2,0,0,36.5415,0,0,0.1,0.1,0.15,1
22.2,1,0,32.506,0,0,0.1,0.1,0.15,1
22.2,2,0,63.7269,1,0,0.1,0.1,0.15,1
22.2,3,0,78.6402,1,0,0.1,0.1,0.15,1
22.2,4,0,42.8006,1,0,0.1,0.1,0.15,1
22.2,5,0,34.6901,0,0,0.1,0.1,0.15,1
22.2,6,0.637606,81.3882,1,1,10.1733,10.1733,9.13931,1
22.2,7,0.9,64.5961,1,1,9.94141,9.94141,8.95922,1
22.3,0,0,36.3604,0,0,0.1,0.1,0.15,1
22.3,1,0,32.3921,0,0,0.1,0.1,0.15,1
22.3,2,0,63.0927,1,0,0.1,0.1,0.15,1
22.3,3,0,77.7574,1,0,0.1,0.1,0.15,1
22.3,4,0,42.5152,1,0,0.1,0.1,0.15,1
22.3,5,0,34.5399,0,0,0.1,0.1,0.15,1
22.3,6,0.636893,81.4588,1,1,15.5291,15.5291,13.4721,1
22.3,7,0.9,64.1808,1,1,1.80231,1.80231,3.26167,1
22.4,0,0,36.1823,0,0,0.1,0.1,0.15,1
22.4,1,0,32.2802,0,0,0.1,0.1,0.15,1
22.4,2,0,62.4691,1,0,0.1,0.1,0.15,1
22.4,3,0,76.8894,1,0,0.1,0.1,0.15,1
22.4,4,0,42.2345,1,0,0.1,0.1,0.15,1
22.4,5,0,34.3921,0,0,0.1,0.1,0.15,1
22.4,6,0.636501,81.0733,1,1,7.90088,7.90088,7.40728,1
22.4,7,0.9,64.3322,1,1,12.1809,12.1809,10.7262,1
22.5,0,0,36.0072,0,0,0.1,0.1,0.15,1
22.5,1,0,32.1701,0,0,0.1,0.1,0.15,1
22.5,2,0,61.8558,1,0,0.1,0.1,0.15,1
22.5,3,0,76.0358,1,0,0.1,0.1,0.15,1
22.5,4,0,41.9585,1,0,0.1,0.1,0.15,1
22.5,5,0,34.2468,0,0,0.1,0.1,0.15,1
22.5,6,0.635898,80.994,1,1,13.0204,13.0204,11.4038,1
22.5,7,0.9,63.9757,1,1,2.98996,2.98996,3.98648,1
22.6,0,0,35.835,0,0,0.1,0.1,0.15,1
22.6,1,0,32.0618,0,0,0.1,0.1,0.15,1
22.6,2,0,61.2528,1,0,0.1,0.1,0.15,1
22.6,3,0,75.1965,1,0,0.1,0.1,0.15,1
22.6,4,0,41.6871,1,0,0.1,0.1,0.15,1
22.6,5,0,34.104,0,0,0.1,0.1,0.15,1
22.6,6,0.635399,80.7678,1,1,10.5409,10.5409,9.42617,1
22.6,7,0.9,63.9875,1,1,9.76019,9.76019,8.81901,1
22.7,0,0,35.6656,0,0,0.1,0.1,0.15,1
22.7,1,0,31.9554,0,0,0.1,0.1,0.15,1
22.7,2,0,60.6599,1,0,0.1,0.1,0.15,1
22.7,3,0,74.3711,1,0,0.1,0.1,0.15,1
22.7,4,0,41.4203,1,0,0.1,0.1,0.15,1
22.7,5,0,33.9635,0,0,0.1,0.1,0.15,1
22.7,6,0.634723,80.7976,1,1,14.7109,14.7109,12.7907,1
22.7,7,0.9,63.5696,1,1,1.50714,1.50714,3.09179,1
22.8,0,0,35.4991,0,0,0.1,0.1,0.15,1
22.8,1,0,31.8507,0,0,0.1,0.1,0.15,1
22.8,2,0,60.0768,1,0,0.1,0.1,0.15,1
22.8,3,0,73.5595,1,0,0.1,0.1,0.15,1
22.8,4,0,41.1578,1,0,0.1,0.1,0.15,1
22.8,5,0,33.8253,0,0,0.1,0.1,0.15,1
22.8,6,0.633989,80.9073,1,1,15.9943,15.9943,13.8623,1
22.8,7,0.9,63.7508,1,1,12.5057,12.5057,10.9875,1
22.9,0,0,35.3354,0,0,0.1,0.1,0.15,1
22.9,1,0,31.7478,0,0,0.1,0.1,0.15,1
22.9,2,0,59.5034,1,0,0.1,0.1,0.15,1
22.9,3,0,72.7614,1,0,0.1,0.1,0.15,1
22.9,4,0,40.8998,1,0,0.1,0.1,0.15,1
22.9,5,0,33.6895,0,0,0.1,0.1,0.15,1
22.9,6,0.633363,80.8634,1,1,13.5544,13.5544,11.8387,1
22.9,7,0.9,63.5627,1,1,6.11304,6.11304,6.10217,1
23,0,0,35.1744,0,0,0.1,0.1,0.15,1
23,1,0,31.6466,0,0,0.1,0.1,0.15,1
23,2,0,58.9396,1,0,0.1,0.1,0.15,1
23,3,0,71.9767,1,0,0.1,0.1,0.15,1
23,4,0,40.646,1,0,0.1,0.1,0.15,1
23,5,0,33.5559,0,0,0.1,0.1,0.15,1
23,6,0.632734,80.8232,1,1,13.602,13.602,11.8776,1
23,7,0.9,63.4914,1,1,8.18459,8.18459,7.61935,1
23.1,0,0,35.0161,0,0,0.1,0.1,0.15,1
23.1,1,0,31.5471,0,0,0.1,0.1,0.15,1
23.1,2,0,58.3852,1,0,0.1,0.1,0.15,1
23.1,3,0,71.205,1,0,0.1,0.1,0.15,1
23.1,4,0,40.3965,1,0,0.1,0.1,0.15,1
23.1,5,0,33.4246,0,0,0.1,0.1,0.15,1
23.1,6,0.63219,80.6638,1,1,11.6215,11.6215,10.2792,1
23.1,7,0.9,63.2159,1,1,4.35546,4.35546,4.88089,1
23.2,0,0,34.8604,0,0,0.1,0.1,0.15,1
23.2,1,0,31.4492,0,0,0.1,0.1,0.15,1
23.2,2,0,57.84,1,0,0.1,0.1,0.15,1
23.2,3,0,70.4461,1,0,0.1,0.1,0.15,1
23.2,4,0,40.1512,1,0,0.1,0.1,0.15,1
23.2,5,0,33.2954,0,0,0.1,0.1,0.15,1
23.2,6,0.631529,80.6728,1,1,14.348,14.348,12.4905,1
23.2,7,0.9,63.0848,1,1,7.00231,7.00231,6.74428,1
23.3,0,0,34.7073,0,0,0.1,0.1,0.15,1
23.3,1,0,31.353,0,0,0.1,0.1,0.15,1
23.3,2,0,57.304,1,0,0.1,0.1,0.15,1
23.3,3,0,69.7,1,0,0.1,0.1,0.15,1
23.3,4,0,39.9099,1,0,0.1,0.1,0.15,1
23.3,5,0,33.1684,0,0,0.1,0.1,0.15,1
23.3,6,0.63084,80.7218,1,1,14.9921,14.9921,13.0241,1
23.3,7,0.9,62.9756,1,1,7.36009,7.36009,7.00664,1
23.4,0,0,34.5568,0,0,0.1,0.1,0.15,1
23.4,1,0,31.2583,0,0,0.1,0.1,0.15,1
23.4,2,0,56.7768,1,0,0.1,0.1,0.15,1
23.4,3,0,68.9662,1,0,0.1,0.1,0.15,1
23.4,4,0,39.6726,1,0,0.1,0.1,0.15,1
23.4,5,0,33.0435,0,0,0.1,0.1,0.15,1
23.4,6,0.630149,80.7727,1,1,15.0375,15.0375,13.0619,1
23.4,7,0.9,62.6745,1,1,3.66859,3.66859,4.42408,1
23.5,0,0,34.4087,0,0,0.1,0.1,0.15,1
23.5,1,0,31.1653,0,0,0.1,0.1,0.15,1
23.5,2,0,56.2584,1,0,0.1,0.1,0.15,1
23.5,3,0,68.2447,1,0,0.1,0.1,0.15,1
23.5,4,0,39.4393,1,0,0.1,0.1,0.15,1
23.5,5,0,32.9207,0,0,0.1,0.1,0.15,1
23.5,6,0.629239,81.1333,1,1,19.8884,19.8884,17.202,1
23.5,7,0.9,62.3953,1,1,4.01043,4.01043,4.6498,1
23.6,0,0,34.2632,0,0,0.1,0.1,0.15,1
23.6,1,0,31.0738,0,0,0.1,0.1,0.15,1
23.6,2,0,55.7487,1,0,0.1,0.1,0.15,1
23.6,3,0,67.5352,1,0,0.1,0.1,0.15,1
23.6,4,0,39.2099,1,0,0.1,0.1,0.15,1
23.6,5,0,32.8,0,0,0.1,0.1,0.15,1
23.6,6,0.628523,81.2135,1,1,15.614,15.614,13.5432,1
23.6,7,0.9,61.9603,1,1,0.394072,0.394072,2.50971,1
23.7,0,0,34.12,0,0,0.1,0.1,0.15,1
23.7,1,0,30.9838,0,0,0.1,0.1,0.15,1
23.7,2,0,55.2475,1,0,0.1,0.1,0.15,1
23.7,3,0,66.8375,1,0,0.1,0.1,0.15,1
23.7,4,0,38.9844,0,0,0.1,0.1,0.15,1
23.7,5,0,32.6812,0,0,0.1,0.1,0.15,1
23.7,6,0.627838,81.247,1,1,14.8897,14.8897,12.939,1
23.7,7,0.9,61.8656,1,1,7.28517,7.28517,6.95152,1
23.8,0,0,33.9793,0,0,0.1,0.1,0.15,1
23.8,1,0,30.8953,0,0,0.1,0.1,0.15,1
23.8,2,0,54.7546,1,0,0.1,0.1,0.15,1
23.8,3,0,66.1515,1,0,0.1,0.1,0.15,1
23.8,4,0,38.7625,0,0,0.1,0.1,0.15,1
23.8,5,0,32.5644,0,0,0.1,0.1,0.15,1
23.8,6,0.627145,81.2916,1,1,15.0765,15.0765,13.0944,1
23.8,7,0.9,61.6006,1,1,4.02398,4.02398,4.65881,1
23.9,0,0,33.8409,0,0,0.1,0.1,0.15,1
23.9,1,0,30.8083,0,0,0.1,0.1,0.15,1
23.9,2,0,54.27,1,0,0.1,0.1,0.15,1
23.9,3,0,65.4769,1,0,0.1,0.1,0.15,1
23.9,4,0,38.5444,0,0,0.1,0.1,0.15,1
23.9,5,0,32.4496,0,0,0.1,0.1,0.15,1
23.9,6,0.626573,81.165,1,1,12.2984,12.2984,10.8206,1
23.9,7,0.9,61.44,1,1,5.95877,5.95877,5.99231,1
24,0,0,33.7048,0,0,0.1,0.1,0.15,1
24,1,0,30.7227,0,0,0.1,0.1,0.15,1
24,2,0,53.7934,1,0,0.1,0.1,0.15,1
24,3,0,64.8135,1,0,0.1,0.1,0.15,1
24,4,0,38.3299,0,0,0.1,0.1,0.15,1
24,5,0,32.3367,0,0,0.1,0.1,0.15,1
24,6,0.625717,81.4423,1,1,18.7104,18.7104,16.1786,1
24,7,0.9,61.1718,1,1,3.81678,3.81678,4.52152,1
24.1,0,0,33.5709,0,0,0.1,0.1,0.15,1
24.1,1,0,30.6386,0,0,0.1,0.1,0.15,1
24.1,2,0,53.3247,1,0,0.1,0.1,0.15,1
24.1,3,0,64.1612,1,0,0.1,0.1,0.15,1
24.1,4,0,38.119,0,0,0.1,0.1,0.15,1
24.1,5,0,32.2257,0,0,0.1,0.1,0.15,1
24.1,6,0.624932,81.6139,1,1,17.1385,17.1385,14.8303,1
24.1,7,0.9,61.2797,1,1,10.6065,10.6065,9.47753,1
24.2,0,0,33.4393,0,0,0.1,0.1,0.15,1
24.2,1,0,30.5559,0,0,0.1,0.1,0.15,1
24.2,2,0,52.8639,1,0,0.1,0.1,0.15,1
24.2,3,0,63.5198,1,0,0.1,0.1,0.15,1
24.2,4,0,37.9116,0,0,0.1,0.1,0.15,1
24.2,5,0,32.1165,0,0,0.1,0.1,0.15,1
24.2,6,0.624102,81.8461,1,1,18.1288,18.1288,15.6773,1
24.2,7,0.9,61.1158,1,1,5.79578,5.79578,5.87676,1
24.3,0,0,33.3099,0,0,0.1,0.1,0.15,1
24.3,1,0,30.4745,0,0,0.1,0.1,0.15,1
24.3,2,0,52.4108,1,0,0.1,0.1,0.15,1
24.3,3,0,62.889,1,0,0.1,0.1,0.15,1
24.3,4,0,37.7077,0,0,0.1,0.1,0.15,1
24.3,5,0,32.0091,0,0,0.1,0.1,0.15,1
24.3,6,0.623141,82.261,1,1,20.9845,20.9845,18.1638,1
24.3,7,0.9,61.2052,1,1,10.273,10.273,9.21688,1
24.4,0,0,33.1827,0,0,0.1,0.1,0.15,1
24.4,1,0,30.3945,0,0,0.1,0.1,0.15,1
24.4,2,0,51.9652,1,0,0.1,0.1,0.15,1
24.4,3,0,62.2688,1,0,0.1,0.1,0.15,1
24.4,4,0,37.5071,0,0,0.1,0.1,0.15,1
24.4,5,0,31.9036,0,0,0.1,0.1,0.15,1
24.4,6,0.62235,82.428,1,1,17.2804,17.2804,14.9512,1
24.4,7,0.9,60.9421,1,1,3.84186,3.84186,4.53808,1
24.5,0,0,33.0576,0,0,0.1,0.1,0.15,1
24.5,1,0,30.3159,0,0,0.1,0.1,0.15,1
24.5,2,0,51.527,1,0,0.1,0.1,0.15,1
24.5,3,0,61.6589,1,0,0.1,0.1,0.15,1
24.5,4,0,37.3099,0,0,0.1,0.1,0.15,1
24.5,5,0,31.7998,0,0,0.1,0.1,0.15,1
24.5,6,0.621879,82.1396,1,1,9.88682,9.88682,8.91693,1
24.5,7,0.9,60.9745,1,1,9.24051,9.24051,8.41938,1
24.6,0,0,32.9345,0,0,0.1,0.1,0.15,1
24.6,1,0,30.2385,0,0,0.1,0.1,0.15,1
24.6,2,0,51.0961,1,0,0.1,0.1,0.15,1
24.6,3,0,61.0592,1,0,0.1,0.1,0.15,1
24.6,4,0,37.116,0,0,0.1,0.1,0.15,1
24.6,5,0,31.6977,0,0,0.1,0.1,0.15,1
24.6,6,0.621304,82.0012,1,1,12.3371,12.3371,10.8517,1
24.6,7,0.9,60.8619,1,1,6.65641,6.65641,6.49279,1
24.7,0,0,32.8135,0,0,0.1,0.1,0.15,1
24.7,1,0,30.1625,0,0,0.1,0.1,0.15,1
24.7,2,0,50.6724,1,0,0.1,0.1,0.15,1
24.7,3,0,60.4694,1,0,0.1,0.1,0.15,1
24.7,4,0,36.9253,0,0,0.1,0.1,0.15,1
24.7,5,0,31.5973,0,0,0.1,0.1,0.15,1
24.7,6,0.620916,81.6014,1,1,7.80708,7.80708,7.33744,1
24.7,7,0.9,61.0106,1,1,11.2085,11.2085,9.95152,1
24.8,0,0,32.6946,0,0,0.1,0.1,0.15,1
24.8,1,0,30.0877,0,0,0.1,0.1,0.15,1
24.8,2,0,50.2558,1,0,0.1,0.1,0.15,1
24.8,3,0,59.8895,1,0,0.1,0.1,0.15,1
24.8,4,0,36.7378,0,0,0.1,0.1,0.15,1
24.8,5,0,31.4986,0,0,0.1,0.1,0.15,1
24.8,6,0.620361,81.4454,1,1,11.8956,11.8956,10.4978,1
24.8,7,0.9,61.0167,1,1,8.80028,8.80028,8.08384,1
24.9,0,0,32.5776,0,0,0.1,0.1,0.15,1
24.9,1,0,30.0141,0,0,0.1,0.1,0.15,1
24.9,2,0,49.8461,1,0,0.1,0.1,0.15,1
24.9,3,0,59.3193,1,0,0.1,0.1,0.15,1
24.9,4,0,36.5534,0,0,0.1,0.1,0.15,1
24.9,5,0,31.4015,0,0,0.1,0.1,0.15,1
24.9,6,0.619966,81.0644,1,1,7.9753,7.9753,7.46279,1
24.9,7,0.9,61.1221,1,1,10.5195,10.5195,9.40938,1
25,0,0,32.4625,0,0,0.1,0.1,0.15,1
25,1,0,29.9418,0,0,0.1,0.1,0.15,1
25,2,0,49.4433,1,0,0.1,0.1,0.15,1
25,3,0,58.7585,1,0,0.1,0.1,0.15,1
25,4,0,36.3721,0,0,0.1,0.1,0.15,1
25,5,0,31.3061,0,0,0.1,0.1,0.15,1
25,6,0.619399,80.9337,1,1,12.168,12.168,10.7159,1
25,7,0.9,61.2962,1,1,11.7088,11.7088,10.3487,1
25.1,0,0,32.3494,0,0,0.1,0.1,0.15,1
25.1,1,0,29.8707,0,0,0.1,0.1,0.15,1
25.1,2,0,49.0471,1,0,0.1,0.1,0.15,1
25.1,3,0,58.2071,1,0,0.1,0.1,0.15,1
25.1,4,0,36.1938,0,0,0.1,0.1,0.15,1
25.1,5,0,31.2122,0,0,0.1,0.1,0.15,1
25.1,6,0.618736,80.9414,1,1,14.3991,14.3991,12.5327,1
25.1,7,0.9,61.0176,1,1,3.55596,3.55596,4.35045,1
25.2,0,0,32.2382,0,0,0.1,0.1,0.15,1
25.2,1,0,29.8008,0,0,0.1,0.1,0.15,1
25.2,2,0,48.6576,1,0,0.1,0.1,0.15,1
25.2,3,0,57.6649,1,0,0.1,0.1,0.15,1
25.2,4,0,36.0185,0,0,0.1,0.1,0.15,1
25.2,5,0,31.12,0,0,0.1,0.1,0.15,1
25.2,6,0.617965,81.1016,1,1,16.8295,16.8295,14.5678,1
25.2,7,0.9,60.9809,1,1,8.04459,8.04459,7.51455,1
25.3,0,0,32.1288,0,0,0.1,0.1,0.15,1
25.3,1,0,29.732,0,0,0.1,0.1,0.15,1
25.3,2,0,48.2746,1,0,0.1,0.1,0.15,1
25.3,3,0,57.1318,1,0,0.1,0.1,0.15,1
25.3,4,0,35.8461,0,0,0.1,0.1,0.15,1
25.3,5,0,31.0292,0,0,0.1,0.1,0.15,1
25.3,6,0.617074,81.4295,1,1,19.4717,19.4717,16.8387,1
25.3,7,0.9,60.7015,1,1,3.43378,3.43378,4.27102,1
25.4,0,0,32.0212,0,0,0.1,0.1,0.15,1
25.4,1,0,29.6644,0,0,0.1,0.1,0.15,1
25.4,2,0,47.8979,1,0,0.1,0.1,0.15,1
25.4,3,0,56.6075,1,0,0.1,0.1,0.15,1
25.4,4,0,35.6766,0,0,0.1,0.1,0.15,1
25.4,5,0,30.94,0,0,0.1,0.1,0.15,1
25.4,6,0.616425,81.4092,1,1,14.0793,14.0793,12.2692,1
25.4,7,0.9,60.7763,1,1,9.90406,9.90406,8.93029,1
25.5,0,0,31.9154,0,0,0.1,0.1,0.15,1
25.5,1,0,29.5979,0,0,0.1,0.1,0.15,1
25.5,2,0,47.5275,1,0,0.1,0.1,0.15,1
25.5,3,0,56.0919,1,0,0.1,0.1,0.15,1
25.5,4,0,35.5099,0,0,0.1,0.1,0.15,1
25.5,5,0,30.8522,0,0,0.1,0.1,0.15,1
25.5,6,0.615662,81.5497,1,1,16.6423,16.6423,14.4091,1
25.5,7,0.9,60.906,1,1,10.8639,10.8639,9.67964,1
25.6,0,0,31.8114,0,0,0.1,0.1,0.15,1
25.6,1,0,29.5325,0,0,0.1,0.1,0.15,1
25.6,2,0,47.1633,1,0,0.1,0.1,0.15,1
25.6,3,0,55.585,1,0,0.1,0.1,0.15,1
25.6,4,0,35.346,0,0,0.1,0.1,0.15,1
25.6,5,0,30.7659,0,0,0.1,0.1,0.15,1
25.6,6,0.615127,81.3661,1,1,11.4189,11.4189,10.1182,1
25.6,7,0.9,60.6439,1,1,3.76178,3.76178,4.48529,1
25.7,0,0,31.7092,0,0,0.1,0.1,0.15,1
25.7,1,0,29.4682,0,0,0.1,0.1,0.15,1
25.7,2,0,46.8052,1,0,0.1,0.1,0.15,1
25.7,3,0,55.0865,1,0,0.1,0.1,0.15,1
25.7,4,0,35.1848,0,0,0.1,0.1,0.15,1
25.7,5,0,30.6811,0,0,0.1,0.1,0.15,1
25.7,6,0.61448,81.3437,1,1,14.0286,14.0286,12.2274,1
25.7,7,0.9,60.4073,1,1,4.18448,4.18448,4.76598,1
25.8,0,0,31.6086,0,0,0.1,0.1,0.15,1
25.8,1,0,29.405,0,0,0.1,0.1,0.15,1
25.8,2,0,46.453,1,0,0.1,0.1,0.15,1
25.8,3,0,54.5963,1,0,0.1,0.1,0.15,1
25.8,4,0,35.0263,0,0,0.1,0.1,0.15,1
25.8,5,0,30.5976,0,0,0.1,0.1,0.15,1
25.8,6,0.613828,81.3285,1,1,14.1384,14.1384,12.3177,1
25.8,7,0.9,60.3082,1,1,6.73057,6.73057,6.54652,1
25.9,0,0,31.5097,0,0,0.1,0.1,0.15,1
25.9,1,0,29.3428,0,0,0.1,0.1,0.15,1
25.9,2,0,46.1067,1,0,0.1,0.1,0.15,1
25.9,3,0,54.1143,1,0,0.1,0.1,0.15,1
25.9,4,0,34.8705,0,0,0.1,0.1,0.15,1
25.9,5,0,30.5156,0,0,0.1,0.1,0.15,1
25.9,6,0.613438,80.9427,1,1,7.85651,7.85651,7.37423,1
25.9,7,0.9,60.7585,1,1,15.9807,15.9807,13.8509,1
26,0,0,31.4124,0,0,0.1,0.1,0.15,1
26,1,0,29.2817,0,0,0.1,0.1,0.15,1
26,2,0,45.7662,1,0,0.1,0.1,0.15,1
26,3,0,53.6403,1,0,0.1,0.1,0.15,1
26,4,0,34.7172,0,0,0.1,0.1,0.15,1
26,5,0,30.4349,0,0,0.1,0.1,0.15,1
26,6,0.612843,80.854,1,1,12.8287,12.8287,11.2484,1
26,7,0.9,60.8637,1,1,10.4422,10.4422,9.34895,1
26.1,0,0,31.3168,0,0,0.1,0.1,0.15,1
26.1,1,0,29.2216,0,0,0.1,0.1,0.15,1
26.1,2,0,45.4313,1,0,0.1,0.1,0.15,1
26.1,3,0,53.1742,1,0,0.1,0.1,0.15,1
26.1,4,0,34.5665,0,0,0.1,0.1,0.15,1
26.1,5,0,30.3556,0,0,0.1,0.1,0.15,1
26.1,6,0.612401,80.5499,1,1,9.16015,9.16015,8.35793,1
26.1,7,0.9,60.6569,1,1,4.84217,4.84217,5.21205,1
26.2,0,0,31.2228,0,0,0.1,0.1,0.15,1
26.2,1,0,29.1625,0,0,0.1,0.1,0.15,1
26.2,2,0,45.102,1,0,0.1,0.1,0.15,1
26.2,3,0,52.7159,1,0,0.1,0.1,0.15,1
26.2,4,0,34.4183,0,0,0.1,0.1,0.15,1
26.2,5,0,30.2776,0,0,0.1,0.1,0.15,1
26.2,6,0.61178,80.5037,1,1,13.418,13.418,11.7274,1
26.2,7,0.9,60.6708,1,1,8.83395,8.83395,8.1094,1
26.3,0,0,31.1303,0,0,0.1,0.1,0.15,1
26.3,1,0,29.1044,0,0,0.1,0.1,0.15,1
26.3,2,0,44.7783,1,0,0.1,0.1,0.15,1
26.3,3,0,52.2652,1,0,0.1,0.1,0.15,1
26.3,4,0,34.2726,0,0,0.1,0.1,0.15,1
26.3,5,0,30.2009,0,0,0.1,0.1,0.15,1
26.3,6,0.611067,80.5902,1,1,15.5476,15.5476,13.4875,1
26.3,7,0.9,60.697,1,1,9.05268,9.05268,8.27588,1
26.4,0,0,31.0394,0,0,0.1,0.1,0.15,1
26.4,1,0,29.0472,0,0,0.1,0.1,0.15,1
26.4,2,0,44.4599,1,0,0.1,0.1,0.15,1
26.4,3,0,51.822,1,0,0.1,0.1,0.15,1
26.4,4,0,34.1293,0,0,0.1,0.1,0.15,1
26.4,5,0,30.1254,0,0,0.1,0.1,0.15,1
26.4,6,0.610681,80.2108,1,1,7.75034,7.75034,7.29527,1
26.4,7,0.9,60.497,1,1,4.92022,4.92022,5.26569,1
26.5,0,0,30.95,0,0,0.1,0.1,0.15,1
26.5,1,0,28.991,0,0,0.1,0.1,0.15,1
26.5,2,0,44.1468,1,0,0.1,0.1,0.15,1
26.5,3,0,51.3863,1,0,0.1,0.1,0.15,1
26.5,4,0,33.9884,0,0,0.1,0.1,0.15,1
26.5,5,0,30.0513,0,0,0.1,0.1,0.15,1
26.5,6,0.61005,80.1854,1,1,13.6668,13.6668,11.9307,1
26.5,7,0.9,60.5753,1,1,9.90613,9.90613,8.93189,1
26.6,0,0,30.8621,0,0,0.1,0.1,0.15,1
26.6,1,0,28.9357,0,0,0.1,0.1,0.15,1
26.6,2,0,43.8389,1,0,0.1,0.1,0.15,1
26.6,3,0,50.9577,1,0,0.1,0.1,0.15,1
26.6,4,0,33.8498,0,0,0.1,0.1,0.15,1
26.6,5,0,29.9783,0,0,0.1,0.1,0.15,1
26.6,6,0.609473,80.0825,1,1,12.3863,12.3863,10.8913,1
26.6,7,0.9,60.2938,1,1,3.25001,3.25001,4.15242,1
26.7,0,0,30.7756,0,0,0.1,0.1,0.15,1
26.7,1,0,28.8814,0,0,0.1,0.1,0.15,1
26.7,2,0,43.5362,1,0,0.1,0.1,0.15,1
26.7,3,0,50.5364,1,0,0.1,0.1,0.15,1
26.7,4,0,33.7136,0,0,0.1,0.1,0.15,1
26.7,5,0,29.9066,0,0,0.1,0.1,0.15,1
26.7,6,0.608685,80.2818,1,1,17.2171,17.2171,14.8973,1
26.7,7,0.9,60.69,1,1,15.1146,15.1146,13.1261,1
26.8,0,0,30.6906,0,0,0.1,0.1,0.15,1
26.8,1,0,28.828,0,0,0.1,0.1,0.15,1
26.8,2,0,43.2385,1,0,0.1,0.1,0.15,1
26.8,3,0,50.122,1,0,0.1,0.1,0.15,1
26.8,4,0,33.5796,0,0,0.1,0.1,0.15,1
26.8,5,0,29.8361,0,0,0.1,0.1,0.15,1
26.8,6,0.607756,80.6776,1,1,20.301,20.301,17.563,1
26.8,7,0.9,60.7229,1,1,9.176,9.176,8.37004,1
26.9,0,0,30.607,0,0,0.1,0.1,0.15,1
26.9,1,0,28.7754,0,0,0.1,0.1,0.15,1
26.9,2,0,42.9458,1,0,0.1,0.1,0.15,1
26.9,3,0,49.7145,1,0,0.1,0.1,0.15,1
26.9,4,0,33.4479,0,0,0.1,0.1,0.15,1
26.9,5,0,29.7667,0,0,0.1,0.1,0.15,1
26.9,6,0.607014,80.8006,1,1,16.1724,16.1724,14.0122,1
26.9,7,0.9,60.8227,1,1,10.34,10.34,9.26913,1
27,0,0,30.5248,0,0,0.1,0.1,0.15,1
27,1,0,28.7237,0,0,0.1,0.1,0.15,1
27,2,0,42.6579,1,0,0.1,0.1,0.15,1
27,3,0,49.3139,1,0,0.1,0.1,0.15,1
27,4,0,33.3183,0,0,0.1,0.1,0.15,1
27,5,0,29.6985,0,0,0.1,0.1,0.15,1
27,6,0.606253,80.9495,1,1,16.6151,16.6151,14.3861,1
27,7,0.9,61.0614,1,1,12.6988,12.6988,11.1433,1
27.1,0,0,30.444,0,0,0.1,0.1,0.15,1
27.1,1,0,28.6729,0,0,0.1,0.1,0.15,1
27.1,2,0,42.3749,1,0,0.1,0.1,0.15,1
27.1,3,0,48.9199,1,0,0.1,0.1,0.15,1
27.1,4,0,33.1909,0,0,0.1,0.1,0.15,1
27.1,5,0,29.6315,0,0,0.1,0.1,0.15,1
27.1,6,0.60553,81.0416,1,1,15.7537,15.7537,13.6603,1
27.1,7,0.9,60.7008,1,1,1.70539,1.70539,3.20535,1
27.2,0,0,30.3645,0,0,0.1,0.1,0.15,1
27.2,1,0,28.623,0,0,0.1,0.1,0.15,1
27.2,2,0,42.0966,1,0,0.1,0.1,0.15,1
27.2,3,0,48.5325,1,0,0.1,0.1,0.15,1
27.2,4,0,33.0657,0,0,0.1,0.1,0.15,1
27.2,5,0,29.5655,0,0,0.1,0.1,0.15,1
27.2,6,0.604912,80.9841,1,1,13.3685,13.3685,11.6869,1
27.2,7,0.9,60.8535,1,1,11.2305,11.2305,9.96889,1
27.3,0,0,30.2864,0,0,0.1,0.1,0.15,1
27.3,1,0,28.5738,0,0,0.1,0.1,0.15,1
27.3,2,0,41.8229,1,0,0.1,0.1,0.15,1
27.3,3,0,48.1515,1,0,0.1,0.1,0.15,1
27.3,4,0,32.9425,0,0,0.1,0.1,0.15,1
27.3,5,0,29.5007,0,0,0.1,0.1,0.15,1
27.3,6,0.604009,81.3312,1,1,19.7374,19.7374,17.0702,1
27.3,7,0.9,60.8215,1,1,8.07974,8.07974,7.54083,1
27.4,0,0,30.2095,0,0,0.1,0.1,0.15,1
27.4,1,0,28.5255,0,0,0.1,0.1,0.15,1
27.4,2,0,41.5537,1,0,0.1,0.1,0.15,1
27.4,3,0,47.7769,1,0,0.1,0.1,0.15,1
27.4,4,0,32.8214,0,0,0.1,0.1,0.15,1
27.4,5,0,29.4369,0,0,0.1,0.1,0.15,1
27.4,6,0.603295,81.4045,1,1,15.5566,15.5566,13.4951,1
27.4,7,0.9,61.0632,1,1,12.7489,12.7489,11.1838,1
27.5,0,0,30.1339,0,0,0.1,0.1,0.15,1
27.5,1,0,28.478,0,0,0.1,0.1,0.15,1
27.5,2,0,41.2891,1,0,0.1,0.1,0.15,1
27.5,3,0,47.4086,1,0,0.1,0.1,0.15,1
27.5,4,0,32.7023,0,0,0.1,0.1,0.15,1
27.5,5,0,29.3742,0,0,0.1,0.1,0.15,1
27.5,6,0.60251,81.5767,1,1,17.138,17.138,14.83,1
27.5,7,0.9,61.2919,1,1,12.5992,12.5992,11.0629,1
27.6,0,0,30.0596,0,0,0.1,0.1,0.15,1
27.6,1,0,28.4313,0,0,0.1,0.1,0.15,1
27.6,2,0,41.0289,1,0,0.1,0.1,0.15,1
27.6,3,0,47.0463,1,0,0.1,0.1,0.15,1
27.6,4,0,32.5851,0,0,0.1,0.1,0.15,1
27.6,5,0,29.3126,0,0,0.1,0.1,0.15,1
27.6,6,0.601633,81.877,1,1,19.1701,19.1701,16.5766,1
27.6,7,0.9,60.9337,1,1,1.85002,1.85002,3.28956,1
27.7,0,0,29.9865,0,0,0.1,0.1,0.15,1
27.7,1,0,28.3853,0,0,0.1,0.1,0.15,1
27.7,2,0,40.773,1,0,0.1,0.1,0.15,1
27.7,3,0,46.6901,1,0,0.1,0.1,0.15,1
27.7,4,0,32.47,0,0,0.1,0.1,0.15,1
27.7,5,0,29.252,0,0,0.1,0.1,0.15,1
27.7,6,0.600742,82.1927,1,1,19.483,19.483,16.8486,1
27.7,7,0.9,61.1162,1,1,11.7953,11.7953,10.4177,1
27.8,0,0,29.9147,0,0,0.1,0.1,0.15,1
27.8,1,0,28.3402,0,0,0.1,0.1,0.15,1
27.8,2,0,40.5213,1,0,0.1,0.1,0.15,1
27.8,3,0,46.3399,1,0,0.1,0.1,0.15,1
27.8,4,0,32.3567,0,0,0.1,0.1,0.15,1
27.8,5,0,29.1923,0,0,0.1,0.1,0.15,1
27.8,6,0.600002,82.2882,1,1,16.1376,16.1376,13.9829,1
27.8,7,0.9,61.1244,1,1,8.86888,8.86888,8.13594,1
27.9,0,0,29.844,0,0,0.1,0.1,0.15,1
27.9,1,0,28.2958,0,0,0.1,0.1,0.15,1
27.9,2,0,40.2739,1,0,0.1,0.1,0.15,1
27.9,3,0,45.9955,1,0,0.1,0.1,0.15,1
27.9,4,0,32.2454,0,0,0.1,0.1,0.15,1
27.9,5,0,29.1337,0,0,0.1,0.1,0.15,1
27.9,6,0.59928,82.3568,1,1,15.7366,15.7366,13.6459,1
27.9,7,0.9,60.9721,1,1,5.96441,5.96441,5.99632,1
28,0,0,29.7745,0,0,0.1,0.1,0.15,1
28,1,0,28.2521,0,0,0.1,0.1,0.15,1
28,2,0,40.0306,1,0,0.1,0.1,0.15,1
28,3,0,45.6568,1,0,0.1,0.1,0.15,1
28,4,0,32.1359,0,0,0.1,0.1,0.15,1
28,5,0,29.0761,0,0,0.1,0.1,0.15,1
28,6,0.598701,82.222,1,1,12.4571,12.4571,10.9484,1
28,7,0.9,60.8087,1,1,5.70828,5.70828,5.81496,1
28.1,0,0,29.7062,0,0,0.1,0.1,0.15,1
28.1,1,0,28.2091,0,0,0.1,0.1,0.15,1
28.1,2,0,39.7913,1,0,0.1,0.1,0.15,1
28.1,3,0,45.3238,1,0,0.1,0.1,0.15,1
28.1,4,0,32.0282,0,0,0.1,0.1,0.15,1
28.1,5,0,29.0194,0,0,0.1,0.1,0.15,1
28.1,6,0.598108,82.108,1,1,12.7638,12.7638,11.1959,1
28.1,7,0.9,60.4612,1,1,1.90874,1.90874,3.32406,1
28.2,0,0,29.639,0,0,0.1,0.1,0.15,1
28.2,1,0,28.1669,0,0,0.1,0.1,0.15,1
28.2,2,0,39.556,1,0,0.1,0.1,0.15,1
28.2,3,0,44.9963,1,0,0.1,0.1,0.15,1
28.2,4,0,31.9223,0,0,0.1,0.1,0.15,1
28.2,5,0,28.9636,0,0,0.1,0.1,0.15,1
28.2,6,0.597728,81.6958,1,1,7.61517,7.61517,7.19501,1
28.2,7,0.9,60.4195,1,1,7.7901,7.7901,7.32482,1
28.3,0,0,29.5729,0,0,0.1,0.1,0.15,1
28.3,1,0,28.1254,0,0,0.1,0.1,0.15,1
28.3,2,0,39.3247,1,0,0.1,0.1,0.15,1
28.3,3,0,44.6743,1,0,0.1,0.1,0.15,1
28.3,4,0,31.8182,0,0,0.1,0.1,0.15,1
28.3,5,0,28.9088,0,0,0.1,0.1,0.15,1
28.3,6,0.597167,81.5451,1,1,12.0106,12.0106,10.5898,1
28.3,7,0.9,60.1809,1,1,4.06948,4.06948,4.68913,1
28.4,0,0,29.508,0,0,0.1,0.1,0.15,1
28.4,1,0,28.0845,0,0,0.1,0.1,0.15,1
28.4,2,0,39.0972,1,0,0.1,0.1,0.15,1
28.4,3,0,44.3576,1,0,0.1,0.1,0.15,1
28.4,4,0,31.7158,0,0,0.1,0.1,0.15,1
28.4,5,0,28.8549,0,0,0.1,0.1,0.15,1
28.4,6,0.596532,81.5034,1,1,13.7619,13.7619,12.0085,1
28.4,7,0.9,60.3088,1,1,10.6657,10.6657,9.52397,1
28.5,0,0,29.4441,0,0,0.1,0.1,0.15,1
28.5,1,0,28.0444,0,0,0.1,0.1,0.15,1
28.5,2,0,38.8735,0,0,0.1,0.1,0.15,1
28.5,3,0,44.0462,1,0,0.1,0.1,0.15,1
28.5,4,0,31.6151,0,0,0.1,0.1,0.15,1
28.5,5,0,28.8019,0,0,0.1,0.1,0.15,1
28.5,6,0.595837,81.5464,1,1,15.1196,15.1196,13.1303,1
28.5,7,0.9,60.3253,1,1,8.77725,8.77725,8.06636,1
28.6,0,0,29.3813,0,0,0.1,0.1,0.15,1
28.6,1,0,28.0049,0,0,0.1,0.1,0.15,1
28.6,2,0,38.6535,0,0,0.1,0.1,0.15,1
28.6,3,0,43.7401,1,0,0.1,0.1,0.15,1
28.6,4,0,31.5161,0,0,0.1,0.1,0.15,1
28.6,5,0,28.7498,0,0,0.1,0.1,0.15,1
28.6,6,0.595229,81.4655,1,1,13.1223,13.1223,11.4865,1
28.6,7,0.9,60.0064,1,1,2.3646,2.3646,3.59744,1
28.7,0,0,29.3195,0,0,0.1,0.1,0.15,1
28.7,1,0,27.966,0,0,0.1,0.1,0.15,1
28.7,2,0,38.4372,0,0,0.1,0.1,0.15,1
28.7,3,0,43.439,1,0,0.1,0.1,0.15,1
28.7,4,0,31.4187,0,0,0.1,0.1,0.15,1
28.7,5,0,28.6986,0,0,0.1,0.1,0.15,1
28.7,6,0.594552,81.4845,1,1,14.7248,14.7248,12.8022,1
28.7,7,0.9,60.1384,1,1,10.6853,10.6853,9.5393,1
28.8,0,0,29.2588,0,0,0.1,0.1,0.15,1
28.8,1,0,27.9279,0,0,0.1,0.1,0.15,1
28.8,2,0,38.2245,0,0,0.1,0.1,0.15,1
28.8,3,0,43.1429,1,0,0.1,0.1,0.15,1
28.8,4,0,31.323,0,0,0.1,0.1,0.15,1
28.8,5,0,28.6482,0,0,0.1,0.1,0.15,1
28.8,6,0.594047,81.2587,1,1,10.6882,10.6882,9.54159,1
28.8,7,0.9,59.9287,1,1,4.55019,4.55019,5.01268,1
28.9,0,0,29.199,0,0,0.1,0.1,0.15,1
28.9,1,0,27.8903,0,0,0.1,0.1,0.15,1
28.9,2,0,38.0153,0,0,0.1,0.1,0.15,1
28.9,3,0,42.8518,1,0,0.1,0.1,0.15,1
28.9,4,0,31.2289,0,0,0.1,0.1,0.15,1
28.9,5,0,28.5986,0,0,0.1,0.1,0.15,1
28.9,6,0.593414,81.2187,1,1,13.7131,13.7131,11.9686,1
28.9,7,0.9,59.9172,1,1,8.16976,8.16976,7.60823,1
29,0,0,29.1403,0,0,0.1,0.1,0.15,1
29,1,0,27.8534,0,0,0.1,0.1,0.15,1
29,2,0,37.8097,0,0,0.1,0.1,0.15,1
29,3,0,42.5655,1,0,0.1,0.1,0.15,1
29,4,0,31.1363,0,0,0.1,0.1,0.15,1
29,5,0,28.5499,0,0,0.1,0.1,0.15,1
29,6,0.592815,81.1301,1,1,12.9069,12.9069,11.3117,1
29,7,0.9,60.1993,1,1,13.165,13.165,11.5213,1
29.1,0,0,29.0825,0,0,0.1,0.1,0.15,1
29.1,1,0,27.8171,0,0,0.1,0.1,0.15,1
29.1,2,0,37.6074,0,0,0.1,0.1,0.15,1
29.1,3,0,42.284,1,0,0.1,0.1,0.15,1
29.1,4,0,31.0453,0,0,0.1,0.1,0.15,1
29.1,5,0,28.502,0,0,0.1,0.1,0.15,1
29.1,6,0.592195,81.0739,1,1,13.4136,13.4136,11.7237,1
29.1,7,0.9,59.942,1,1,3.61909,3.61909,4.39167,1
29.2,0,0,29.0258,0,0,0.1,0.1,0.15,1
29.2,1,0,27.7814,0,0,0.1,0.1,0.15,1
29.2,2,0,37.4086,0,0,0.1,0.1,0.15,1
29.2,3,0,42.0072,1,0,0.1,0.1,0.15,1
29.2,4,0,30.9558,0,0,0.1,0.1,0.15,1
29.2,5,0,28.4549,0,0,0.1,0.1,0.15,1
29.2,6,0.591681,80.8682,1,1,10.9125,10.9125,9.71792,1
29.2,7,0.9,60.1148,1,1,11.3569,11.3569,10.069,1
29.3,0,0,28.9699,0,0,0.1,0.1,0.15,1
29.3,1,0,27.7463,0,0,0.1,0.1,0.15,1
29.3,2,0,37.213,0,0,0.1,0.1,0.15,1
29.3,3,0,41.735,1,0,0.1,0.1,0.15,1
29.3,4,0,30.8678,0,0,0.1,0.1,0.15,1
29.3,5,0,28.4085,0,0,0.1,0.1,0.15,1
29.3,6,0.591105,80.7534,1,1,12.3783,12.3783,10.8849,1
29.3,7,0.9,60.1515,1,1,9.07463,9.07463,8.29263,1
29.4,0,0,28.915,0,0,0.1,0.1,0.15,1
29.4,1,0,27.7118,0,0,0.1,0.1,0.15,1
29.4,2,0,37.0207,0,0,0.1,0.1,0.15,1
29.4,3,0,41.4673,1,0,0.1,0.1,0.15,1
29.4,4,0,30.7812,0,0,0.1,0.1,0.15,1
29.4,5,0,28.363,0,0,0.1,0.1,0.15,1
29.4,6,0.590536,80.6307,1,1,12.2154,12.2154,10.754,1
29.4,7,0.9,60.1959,1,1,9.21894,9.21894,8.40288,1
29.5,0,0,28.861,0,0,0.1,0.1,0.15,1
29.5,1,0,27.6778,0,0,0.1,0.1,0.15,1
29.5,2,0,36.8316,0,0,0.1,0.1,0.15,1
29.5,3,0,41.2041,1,0,0.1,0.1,0.15,1
29.5,4,0,30.6961,0,0,0.1,0.1,0.15,1
29.5,5,0,28.3182,0,0,0.1,0.1,0.15,1
29.5,6,0.589959,80.5222,1,1,12.4153,12.4153,10.9146,1
29.5,7,0.9,60.2509,1,1,9.41794,9.41794,8.55541,1
29.6,0,0,28.8079,0,0,0.1,0.1,0.15,1
29.6,1,0,27.6444,0,0,0.1,0.1,0.15,1
29.6,2,0,36.6457,0,0,0.1,0.1,0.15,1
29.6,3,0,40.9453,1,0,0.1,0.1,0.15,1
29.6,4,0,30.6124,0,0,0.1,0.1,0.15,1
29.6,5,0,28.2741,0,0,0.1,0.1,0.15,1
29.6,6,0.589359,80.4464,1,1,12.9266,12.9266,11.3277,1
29.6,7,0.9,59.9776,1,1,3.30766,3.30766,4.18951,1
29.7,0,0,28.7557,0,0,0.1,0.1,0.15,1
29.7,1,0,27.6116,0,0,0.1,0.1,0.15,1
29.7,2,0,36.4628,0,0,0.1,0.1,0.15,1
29.7,3,0,40.6908,1,0,0.1,0.1,0.15,1
29.7,4,0,30.5302,0,0,0.1,0.1,0.15,1
29.7,5,0,28.2308,0,0,0.1,0.1,0.15,1
29.7,6,0.588781,80.342,1,1,12.4345,12.4345,10.9301,1
29.7,7,0.9,59.9279,1,1,7.49925,7.49925,7.10927,1
29.8,0,0,28.7043,0,0,0.1,0.1,0.15,1
29.8,1,0,27.5793,0,0,0.1,0.1,0.15,1
29.8,2,0,36.283,0,0,0.1,0.1,0.15,1
29.8,3,0,40.4405,1,0,0.1,0.1,0.15,1
29.8,4,0,30.4492,0,0,0.1,0.1,0.15,1
29.8,5,0,28.1882,0,0,0.1,0.1,0.15,1
29.8,6,0.588149,80.3154,1,1,13.6827,13.6827,11.9436,1
29.8,7,0.9,59.7148,1,1,4.41546,4.41546,4.9214,1
29.9,0,0,28.6538,0,0,0.1,0.1,0.15,1
29.9,1,0,27.5476,0,0,0.1,0.1,0.15,1
29.9,2,0,36.1062,0,0,0.1,0.1,0.15,1
29.9,3,0,40.1944,1,0,0.1,0.1,0.15,1
29.9,4,0,30.3697,0,0,0.1,0.1,0.15,1
29.9,5,0,28.1463,0,0,0.1,0.1,0.15,1
29.9,6,0.587617,80.1468,1,1,11.3257,11.3257,10.0443,1
29.9,7,0.9,59.728,1,1,8.54452,8.54452,7.89019,1
30,0,0,28.6042,0,0,0.1,0.1,0.15,1
30,1,0,27.5164,0,0,0.1,0.1,0.15,1
30,2,0,35.9324,0,0,0.1,0.1,0.15,1
30,3,0,39.9524,1,0,0.1,0.1,0.15,1
30,4,0,30.2914,0,0,0.1,0.1,0.15,1
30,5,0,28.1051,0,0,0.1,0.1,0.15,1
30,6,0.587058,80.0213,1,1,12.0003,12.0003,10.5815,1
30,7,0.9,59.7706,1,1,9.06449,9.06449,8.28489,1
30.1,0,0,28.5554,0,0,0.1,0.1,0.15,1
30.1,1,0,27.4857,0,0,0.1,0.1,0.15,1
30.1,2,0,35.7614,0,0,0.1,0.1,0.15,1
30.1,3,0,39.7145,1,0,0.1,0.1,0.15,1
30.1,4,0,30.2145,0,0,0.1,0.1,0.15,1
30.1,5,0,28.0646,0,0,0.1,0.1,0.15,1
30.1,6,0.58649,79.9088,1,1,12.1811,12.1811,10.7264,1
30.1,7,0.9,59.5488,1,1,4.18999,4.18999,4.76967,1
30.2,0,0,28.5074,0,0,0.1,0.1,0.15,1
30.2,1,0,27.4555,0,0,0.1,0.1,0.15,1
30.2,2,0,35.5933,0,0,0.1,0.1,0.15,1
30.2,3,0,39.4805,1,0,0.1,0.1,0.15,1
30.2,4,0,30.1388,0,0,0.1,0.1,0.15,1
30.2,5,0,28.0248,0,0,0.1,0.1,0.15,1
30.2,6,0.586014,79.6682,1,1,9.98618,9.98618,8.99393,1
30.2,7,0.9,59.7491,1,1,11.7082,11.7082,10.3483,1
30.3,0,0,28.4602,0,0,0.1,0.1,0.15,1
30.3,1,0,27.4258,0,0,0.1,0.1,0.15,1
30.3,2,0,35.428,0,0,0.1,0.1,0.15,1
30.3,3,0,39.2504,1,0,0.1,0.1,0.15,1
30.3,4,0,30.0644,0,0,0.1,0.1,0.15,1
30.3,5,0,27.9856,0,0,0.1,0.1,0.15,1
30.3,6,0.585469,79.5292,1,1,11.6421,11.6421,10.2956,1
30.3,7,0.9,59.5323,1,1,4.28257,4.28257,4.83181,1
30.4,0,0,28.4137,0,0,0.1,0.1,0.15,1
30.4,1,0,27.3967,0,0,0.1,0.1,0.15,1
30.4,2,0,35.2654,0,0,0.1,0.1,0.15,1
30.4,3,0,39.0241,1,0,0.1,0.1,0.15,1
30.4,4,0,29.9913,0,0,0.1,0.1,0.15,1
30.4,5,0,27.9471,0,0,0.1,0.1,0.15,1
30.4,6,0.584807,79.5601,1,1,14.3955,14.3955,12.5297,1
30.4,7,0.9,59.5716,1,1,8.95013,8.95013,8.19774,1
30.5,0,0,28.3681,0,0,0.1,0.1,0.15,1
30.5,1,0,27.368,0,0,0.1,0.1,0.15,1
30.5,2,0,35.1056,0,0,0.1,0.1,0.15,1
30.5,3,0,38.8016,0,0,0.1,0.1,0.15,1
30.5,4,0,29.9193,0,0,0.1,0.1,0.15,1
30.5,5,0,27.9093,0,0,0.1,0.1,0.15,1
30.5,6,0.584236,79.4599,1,1,12.2582,12.2582,10.7883,1
30.5,7,0.9,60.0158,1,1,15.6875,15.6875,13.6048,1
30.6,0,0,28.3232,0,0,0.1,0.1,0.15,1
30.6,1,0,27.3397,0,0,0.1,0.1,0.15,1
30.6,2,0,34.9484,0,0,0.1,0.1,0.15,1
30.6,3,0,38.5829,0,0,0.1,0.1,0.15,1
30.6,4,0,29.8486,0,0,0.1,0.1,0.15,1
30.6,5,0,27.872,0,0,0.1,0.1,0.15,1
30.6,6,0.583606,79.4447,1,1,13.6284,13.6284,11.8992,1
30.6,7,0.9,59.7373,1,1,3.11838,3.11838,4.06814,1
30.7,0,0,28.2791,0,0,0.1,0.1,0.15,1
30.7,1,0,27.312,0,0,0.1,0.1,0.15,1
30.7,2,0,34.7939,0,0,0.1,0.1,0.15,1
30.7,3,0,38.3677,0,0,0.1,0.1,0.15,1
30.7,4,0,29.779,0,0,0.1,0.1,0.15,1
30.7,5,0,27.8354,0,0,0.1,0.1,0.15,1
30.7,6,0.582732,79.777,1,1,19.1157,19.1157,16.5294,1
30.7,7,0.9,60.0775,1,1,14.0629,14.0629,12.2556,1
30.8,0,0,28.2357,0,0,0.1,0.1,0.15,1
30.8,1,0,27.2847,0,0,0.1,0.1,0.15,1
30.8,2,0,34.6419,0,0,0.1,0.1,0.15,1
30.8,3,0,38.1562,0,0,0.1,0.1,0.15,1
30.8,4,0,29.7106,0,0,0.1,0.1,0.15,1
30.8,5,0,27.7994,0,0,0.1,0.1,0.15,1
30.8,6,0.582037,79.8485,1,1,15.1152,15.1152,13.1266,1
30.8,7,0.9,60.226,1,1,10.9848,10.9848,9.77487,1
30.9,0,0,28.193,0,0,0.1,0.1,0.15,1
30.9,1,0,27.2579,0,0,0.1,0.1,0.15,1
30.9,2,0,34.4924,0,0,0.1,0.1,0.15,1
30.9,3,0,37.9482,0,0,0.1,0.1,0.15,1
30.9,4,0,29.6434,0,0,0.1,0.1,0.15,1
30.9,5,0,27.764,0,0,0.1,0.1,0.15,1
30.9,6,0.581523,79.6634,1,1,10.915,10.915,9.71983,1
30.9,7,0.9,60.433,1,1,12.0077,12.0077,10.5875,1
31,0,0,28.151,0,0,0.1,0.1,0.15,1
31,1,0,27.2315,0,0,0.1,0.1,0.15,1
31,2,0,34.3455,0,0,0.1,0.1,0.15,1
31,3,0,37.7436,0,0,0.1,0.1,0.15,1
31,4,0,29.5772,0,0,0.1,0.1,0.15,1
31,5,0,27.7292,0,0,0.1,0.1,0.15,1
31,6,0.580984,79.5155,1,1,11.4917,11.4917,10.176,1
31,7,0.9,60.9107,1,1,16.4464,16.4464,14.2434,1
31.1,0,0,28.1098,0,0,0.1,0.1,0.15,1
31.1,1,0,27.2056,0,0,0.1,0.1,0.15,1
31.1,2,0,34.201,0,0,0.1,0.1,0.15,1
31.1,3,0,37.5425,0,0,0.1,0.1,0.15,1
31.1,4,0,29.5122,0,0,0.1,0.1,0.15,1
31.1,5,0,27.6949,0,0,0.1,0.1,0.15,1
31.1,6,0.580455,79.3566,1,1,11.264,11.264,9.99538,1
31.1,7,0.9,60.565,1,1,1.98859,1.98859,3.37126,1
31.2,0,0,28.0692,0,0,0.1,0.1,0.15,1
31.2,1,0,27.1801,0,0,0.1,0.1,0.15,1
31.2,2,0,34.0589,0,0,0.1,0.1,0.15,1
31.2,3,0,37.3447,0,0,0.1,0.1,0.15,1
31.2,4,0,29.4482,0,0,0.1,0.1,0.15,1
31.2,5,0,27.6613,0,0,0.1,0.1,0.15,1
31.2,6,0.579798,79.3827,1,1,14.2721,14.2721,12.4279,1
31.2,7,0.9,60.8443,1,1,13.2943,13.2943,11.6265,1
31.3,0,0,28.0293,0,0,0.1,0.1,0.15,1
31.3,1,0,27.155,0,0,0.1,0.1,0.15,1
31.3,2,0,33.9191,0,0,0.1,0.1,0.15,1
31.3,3,0,37.1502,0,0,0.1,0.1,0.15,1
31.3,4,0,29.3854,0,0,0.1,0.1,0.15,1
31.3,5,0,27.6282,0,0,0.1,0.1,0.15,1
31.3,6,0.57927,79.2247,1,1,11.2412,11.2412,9.9774,1
31.3,7,0.9,60.5819,1,1,3.73479,3.73479,4.46753,1
31.4,0,0,27.99,0,0,0.1,0.1,0.15,1
31.4,1,0,27.1303,0,0,0.1,0.1,0.15,1
31.4,2,0,33.7817,0,0,0.1,0.1,0.15,1
31.4,3,0,36.9589,0,0,0.1,0.1,0.15,1
31.4,4,0,29.3235,0,0,0.1,0.1,0.15,1
31.4,5,0,27.5956,0,0,0.1,0.1,0.15,1
31.4,6,0.578701,79.1278,1,1,12.221,12.221,10.7585,1
31.4,7,0.9,60.4573,1,1,6.31358,6.31358,6.24568,1
31.5,0,0,27.9515,0,0,0.1,0.1,0.15,1
31.5,1,0,27.106,0,0,0.1,0.1,0.15,1
31.5,2,0,33.6466,0,0,0.1,0.1,0.15,1
31.5,3,0,36.7709,0,0,0.1,0.1,0.15,1
31.5,4,0,29.2627,0,0,0.1,0.1,0.15,1
31.5,5,0,27.5636,0,0,0.1,0.1,0.15,1
31.5,6,0.578031,79.1748,1,1,14.5474,14.5474,12.6553,1
31.5,7,0.9,60.5729,1,1,10.5329,10.5329,9.4199,1
31.6,0,0,27.9135,0,0,0.1,0.1,0.15,1
31.6,1,0,27.0822,0,0,0.1,0.1,0.15,1
31.6,2,0,33.5138,0,0,0.1,0.1,0.15,1
31.6,3,0,36.5859,0,0,0.1,0.1,0.15,1
31.6,4,0,29.2029,0,0,0.1,0.1,0.15,1
31.6,5,0,27.5321,0,0,0.1,0.1,0.15,1
31.6,6,0.577555,78.9462,1,1,9.98203,9.98203,8.99071,1
31.6,7,0.9,60.3121,1,1,3.67521,3.67521,4.42842,1
31.7,0,0,27.8762,0,0,0.1,0.1,0.15,1
31.7,1,0,27.0587,0,0,0.1,0.1,0.15,1
31.7,2,0,33.3831,0,0,0.1,0.1,0.15,1
31.7,3,0,36.4041,0,0,0.1,0.1,0.15,1
31.7,4,0,29.1441,0,0,0.1,0.1,0.15,1
31.7,5,0,27.5012,0,0,0.1,0.1,0.15,1
31.7,6,0.576829,79.0768,1,1,15.8368,15.8368,13.73,1
31.7,7,0.9,60.5848,1,1,13.1187,13.1187,11.4836,1
31.8,0,0,27.8395,0,0,0.1,0.1,0.15,1
31.8,1,0,27.0357,0,0,0.1,0.1,0.15,1
31.8,2,0,33.2547,0,0,0.1,0.1,0.15,1
31.8,3,0,36.2253,0,0,0.1,0.1,0.15,1
31.8,4,0,29.0863,0,0,0.1,0.1,0.15,1
31.8,5,0,27.4707,0,0,0.1,0.1,0.15,1
31.8,6,0.576023,79.3179,1,1,17.6087,17.6087,15.2315,1
31.8,7,0.9,60.4472,1,1,6.07124,6.07124,6.07236,1
31.9,0,0,27.8034,0,0,0.1,0.1,0.15,1
31.9,1,0,27.013,0,0,0.1,0.1,0.15,1
31.9,2,0,33.1283,0,0,0.1,0.1,0.15,1
31.9,3,0,36.0494,0,0,0.1,0.1,0.15,1
31.9,4,0,29.0294,0,0,0.1,0.1,0.15,1
31.9,5,0,27.4408,0,0,0.1,0.1,0.15,1
31.9,6,0.575233,79.5332,1,1,17.2687,17.2687,14.9412,1
31.9,7,0.9,60.4012,1,1,7.70776,7.70776,7.26365,1
32,0,0,27.768,0,0,0.1,0.1,0.15,1
32,1,0,26.9907,0,0,0.1,0.1,0.15,1
32,2,0,33.0041,0,0,0.1,0.1,0.15,1
32,3,0,35.8765,0,0,0.1,0.1,0.15,1
32,4,0,28.9735,0,0,0.1,0.1,0.15,1
32,5,0,27.4114,0,0,0.1,0.1,0.15,1
32,6,0.574687,79.3984,1,1,11.6736,11.6736,10.3207,1
32,7,0.9,60.4295,1,1,9.01236,9.01236,8.24514,1
32.1,0,0,27.7331,0,0,0.1,0.1,0.15,1
32.1,1,0,26.9688,0,0,0.1,0.1,0.15,1
32.1,2,0,32.882,0,0,0.1,0.1,0.15,1
32.1,3,0,35.7065,0,0,0.1,0.1,0.15,1
32.1,4,0,28.9186,0,0,0.1,0.1,0.15,1
32.1,5,0,27.3824,0,0,0.1,0.1,0.15,1
32.1,6,0.574164,79.233,1,1,11.1222,11.1222,9.88329,1
32.1,7,0.9,60.1519,1,1,3.27992,3.27992,4.17165,1
32.2,0,0,27.6988,0,0,0.1,0.1,0.15,1
32.2,1,0,26.9472,0,0,0.1,0.1,0.15,1
32.2,2,0,32.7618,0,0,0.1,0.1,0.15,1
32.2,3,0,35.5393,0,0,0.1,0.1,0.15,1
32.2,4,0,28.8645,0,0,0.1,0.1,0.15,1
32.2,5,0,27.354,0,0,0.1,0.1,0.15,1
32.2,6,0.573619,79.101,1,1,11.6377,11.6377,10.2921,1
32.2,7,0.9,60.2761,1,1,10.593,10.593,9.46699,1
32.3,0,0,27.6651,0,0,0.1,0.1,0.15,1
32.3,1,0,26.926,0,0,0.1,0.1,0.15,1
32.3,2,0,32.6437,0,0,0.1,0.1,0.15,1
32.3,3,0,35.3749,0,0,0.1,0.1,0.15,1
32.3,4,0,28.8113,0,0,0.1,0.1,0.15,1
32.3,5,0,27.326,0,0,0.1,0.1,0.15,1
32.3,6,0.573112,78.9186,1,1,10.7498,10.7498,9.58993,1
32.3,7,0.9,60.2599,1,1,8.18959,8.18959,7.6231,1
32.4,0,0,27.6319,0,0,0.1,0.1,0.15,1
32.4,1,0,26.9052,0,0,0.1,0.1,0.15,1
32.4,2,0,32.5276,0,0,0.1,0.1,0.15,1
32.4,3,0,35.2132,0,0,0.1,0.1,0.15,1
32.4,4,0,28.7591,0,0,0.1,0.1,0.15,1
32.4,5,0,27.2985,0,0,0.1,0.1,0.15,1
32.4,6,0.572529,78.8456,1,1,12.5329,12.5329,11.0094,1
32.4,7,0.9,60.5288,1,1,13.0412,13.0412,11.4207,1
32.5,0,0,27.5993,0,0,0.1,0.1,0.15,1
32.5,1,0,26.8847,0,0,0.1,0.1,0.15,1
32.5,2,0,32.4134,0,0,0.1,0.1,0.15,1
32.5,3,0,35.0543,0,0,0.1,0.1,0.15,1
32.5,4,0,28.7077,0,0,0.1,0.1,0.15,1
32.5,5,0,27.2714,0,0,0.1,0.1,0.15,1
32.5,6,0.572047,78.6322,1,1,10.1483,10.1483,9.11986,1
32.5,7,0.9,60.58,1,1,9.44848,9.44848,8.57886,1
32.6,0,0,27.5672,0,0,0.1,0.1,0.15,1
32.6,1,0,26.8645,0,0,0.1,0.1,0.15,1
32.6,2,0,32.3011,0,0,0.1,0.1,0.15,1
32.6,3,0,34.8979,0,0,0.1,0.1,0.15,1
32.6,4,0,28.6571,0,0,0.1,0.1,0.15,1
32.6,5,0,27.2448,0,0,0.1,0.1,0.15,1
32.6,6,0.571298,78.8001,1,1,16.3446,16.3446,14.1574,1
32.6,7,0.9,60.3981,1,1,5.23183,5.23183,5.48123,1
32.7,0,0,27.5357,0,0,0.1,0.1,0.15,1
32.7,1,0,26.8447,0,0,0.1,0.1,0.15,1
32.7,2,0,32.1906,0,0,0.1,0.1,0.15,1
32.7,3,0,34.7442,0,0,0.1,0.1,0.15,1
32.7,4,0,28.6074,0,0,0.1,0.1,0.15,1
32.7,5,0,27.2187,0,0,0.1,0.1,0.15,1
32.7,6,0.570702,78.7481,1,1,12.8445,12.8445,11.2612,1
32.7,7,0.9,61.0464,1,1,19.0934,19.0934,16.5101,1
32.8,0,0,27.5047,0,0,0.1,0.1,0.15,1
32.8,1,0,26.8252,0,0,0.1,0.1,0.15,1
32.8,2,0,32.082,0,0,0.1,0.1,0.15,1
32.8,3,0,34.5931,0,0,0.1,0.1,0.15,1
32.8,4,0,28.5585,0,0,0.1,0.1,0.15,1
32.8,5,0,27.1929,0,0,0.1,0.1,0.15,1
32.8,6,0.570094,78.7137,1,1,13.121,13.121,11.4855,1
32.8,7,0.9,61.0466,1,1,8.70685,8.70685,8.01299,1
32.9,0,0,27.4742,0,0,0.1,0.1,0.15,1
32.9,1,0,26.806,0,0,0.1,0.1,0.15,1
32.9,2,0,31.9753,0,0,0.1,0.1,0.15,1
32.9,3,0,34.4444,0,0,0.1,0.1,0.15,1
32.9,4,0,28.5105,0,0,0.1,0.1,0.15,1
32.9,5,0,27.1676,0,0,0.1,0.1,0.15,1
32.9,6,0.569501,78.6593,1,1,12.7833,12.7833,11.2117,1
32.9,7,0.9,61.2157,1,1,11.604,11.604,10.2653,1
33,0,0,27.4442,0,0,0.1,0.1,0.15,1
33,1,0,26.7872,0,0,0.1,0.1,0.15,1
33,2,0,31.8702,0,0,0.1,0.1,0.15,1
33,3,0,34.2983,0,0,0.1,0.1,0.15,1
33,4,0,28.4632,0,0,0.1,0.1,0.15,1
33,5,0,27.1428,0,0,0.1,0.1,0.15,1
33,6,0.568772,78.798,1,1,15.888,15.888,13.773,1
33,7,0.9,61.4548,1,1,12.8132,12.8132,11.2359,1
33.1,0,0,27.4147,0,0,0.1,0.1,0.15,1
33.1,1,0,26.7686,0,0,0.1,0.1,0.15,1
33.1,2,0,31.767,0,0,0.1,0.1,0.15,1
33.1,3,0,34.1546,0,0,0.1,0.1,0.15,1
33.1,4,0,28.4168,0,0,0.1,0.1,0.15,1
33.1,5,0,27.1183,0,0,0.1,0.1,0.15,1
33.1,6,0.568047,78.929,1,1,15.8033,15.8033,13.7018,1
33.1,7,0.9,61.061,1,1,1.0693,1.0693,2.8498,1
33.2,0,0,27.3857,0,0,0.1,0.1,0.15,1
33.2,1,0,26.7504,0,0,0.1,0.1,0.15,1
33.2,2,0,31.6655,0,0,0.1,0.1,0.15,1
33.2,3,0,34.0132,0,0,0.1,0.1,0.15,1
33.2,4,0,28.3711,0,0,0.1,0.1,0.15,1
33.2,5,0,27.0942,0,0,0.1,0.1,0.15,1
33.2,6,0.567518,78.7805,1,1,11.2754,11.2754,10.0044,1
33.2,7,0.9,61.089,1,1,9.19764,9.19764,8.38658,1
33.3,0,0,27.3572,0,0,0.1,0.1,0.15,1
33.3,1,0,26.7325,0,0,0.1,0.1,0.15,1
33.3,2,0,31.5656,0,0,0.1,0.1,0.15,1
33.3,3,0,33.8743,0,0,0.1,0.1,0.15,1
33.3,4,0,28.3261,0,0,0.1,0.1,0.15,1
33.3,5,0,27.0706,0,0,0.1,0.1,0.15,1
33.3,6,0.566888,78.7768,1,1,13.6324,13.6324,11.9025,1
33.3,7,0.9,60.9771,1,1,6.70626,6.70626,6.52889,1
33.4,0,0,27.3291,0,0,0.1,0.1,0.15,1
33.4,1,0,26.7148,0,0,0.1,0.1,0.15,1
33.4,2,0,31.4674,0,0,0.1,0.1,0.15,1
33.4,3,0,33.7376,0,0,0.1,0.1,0.15,1
33.4,4,0,28.2819,0,0,0.1,0.1,0.15,1
33.4,5,0,27.0473,0,0,0.1,0.1,0.15,1
33.4,6,0.566131,78.9538,1,1,16.5246,16.5246,14.3095,1
33.4,7,0.9,61.0787,1,1,10.4425,10.4425,9.34919,1
33.5,0,0,27.3016,0,0,0.1,0.1,0.15,1
33.5,1,0,26.6975,0,0,0.1,0.1,0.15,1
33.5,2,0,31.3709,0,0,0.1,0.1,0.15,1
33.5,3,0,33.6032,0,0,0.1,0.1,0.15,1
33.5,4,0,28.2385,0,0,0.1,0.1,0.15,1
33.5,5,0,27.0245,0,0,0.1,0.1,0.15,1
33.5,6,0.565287,79.2506,1,1,18.442,18.442,15.9469,1
33.5,7,0.9,61.278,1,1,12.117,12.117,10.675,1
33.6,0,0,27.2745,0,0,0.1,0.1,0.15,1
33.6,1,0,26.6805,0,0,0.1,0.1,0.15,1
33.6,2,0,31.276,0,0,0.1,0.1,0.15,1
33.6,3,0,33.4711,0,0,0.1,0.1,0.15,1
33.6,4,0,28.1958,0,0,0.1,0.1,0.15,1
33.6,5,0,27.002,0,0,0.1,0.1,0.15,1
33.6,6,0.564733,79.1317,1,1,11.8617,11.8617,10.4707,1
33.6,7,0.9,60.9771,1,1,3.08976,3.08976,4.0499,1
33.7,0,0,27.2478,0,0,0.1,0.1,0.15,1
33.7,1,0,26.6637,0,0,0.1,0.1,0.15,1
33.7,2,0,31.1826,0,0,0.1,0.1,0.15,1
33.7,3,0,33.3412,0,0,0.1,0.1,0.15,1
33.7,4,0,28.1538,0,0,0.1,0.1,0.15,1
33.7,5,0,26.9798,0,0,0.1,0.1,0.15,1
33.7,6,0.564054,79.1928,1,1,14.7751,14.7751,12.8439,1
33.7,7,0.9,60.815,1,1,5.73459,5.73459,5.83352,1
33.8,0,0,27.2216,0,0,0.1,0.1,0.15,1
33.8,1,0,26.6472,0,0,0.1,0.1,0.15,1
33.8,2,0,31.0908,0,0,0.1,0.1,0.15,1
33.8,3,0,33.2134,0,0,0.1,0.1,0.15,1
33.8,4,0,28.1124,0,0,0.1,0.1,0.15,1
33.8,5,0,26.9581,0,0,0.1,0.1,0.15,1
33.8,6,0.563608,78.9213,1,1,9.24455,9.24455,8.42248,1
33.8,7,0.9,60.838,1,1,9.03883,9.03883,8.26532,1
33.9,0,0,27.1958,0,0,0.1,0.1,0.15,1
33.9,1,0,26.631,0,0,0.1,0.1,0.15,1
33.9,2,0,31.0006,0,0,0.1,0.1,0.15,1
33.9,3,0,33.0878,0,0,0.1,0.1,0.15,1
33.9,4,0,28.0718,0,0,0.1,0.1,0.15,1
33.9,5,0,26.9367,0,0,0.1,0.1,0.15,1
33.9,6,0.562967,78.9314,1,1,13.8949,13.8949,12.1176,1
33.9,7,0.9,61.1519,1,1,13.9339,13.9339,12.1496,1
34,0,0,27.1705,0,0,0.1,0.1,0.15,1
34,1,0,26.6151,0,0,0.1,0.1,0.15,1
34,2,0,30.9118,0,0,0.1,0.1,0.15,1
34,3,0,32.9642,0,0,0.1,0.1,0.15,1
34,4,0,28.0319,0,0,0.1,0.1,0.15,1
34,5,0,26.9157,0,0,0.1,0.1,0.15,1
34,6,0.562281,79.005,1,1,14.9224,14.9224,12.9662,1
34,7,0.9,61.3726,1,1,12.4906,12.4906,10.9753,1
34.1,0,0,27.1456,0,0,0.1,0.1,0.15,1
34.1,1,0,26.5994,0,0,0.1,0.1,0.15,1
34.1,2,0,30.8245,0,0,0.1,0.1,0.15,1
34.1,3,0,32.8427,0,0,0.1,0.1,0.15,1
34.1,4,0,27.9926,0,0,0.1,0.1,0.15,1
34.1,5,0,26.895,0,0,0.1,0.1,0.15,1
34.1,6,0.561429,79.3129,1,1,18.6261,18.6261,16.1058,1
34.1,7,0.9,61.1398,1,1,4.50057,4.50057,4.97901,1
34.2,0,0,27.121,0,0,0.1,0.1,0.15,1
34.2,1,0,26.584,0,0,0.1,0.1,0.15,1
34.2,2,0,30.7387,0,0,0.1,0.1,0.15,1
34.2,3,0,32.7233,0,0,0.1,0.1,0.15,1
34.2,4,0,27.954,0,0,0.1,0.1,0.15,1
34.2,5,0,26.8747,0,0,0.1,0.1,0.15,1
34.2,6,0.560568,79.6279,1,1,18.8157,18.8157,16.2696,1
34.2,7,0.9,60.9313,1,1,4.89954,4.89954,5.25146,1
34.3,0,0,27.0969,0,0,0.1,0.1,0.15,1
34.3,1,0,26.5689,0,0,0.1,0.1,0.15,1
34.3,2,0,30.6543,0,0,0.1,0.1,0.15,1
34.3,3,0,32.6058,0,0,0.1,0.1,0.15,1
34.3,4,0,27.916,0,0,0.1,0.1,0.15,1
34.3,5,0,26.8547,0,0,0.1,0.1,0.15,1
34.3,6,0.559845,79.7421,1,1,15.7567,15.7567,13.6628,1
34.3,7,0.9,60.839,1,1,7.01619,7.01619,6.75442,1
34.4,0,0,27.0732,0,0,0.1,0.1,0.15,1
34.4,1,0,26.554,0,0,0.1,0.1,0.15,1
34.4,2,0,30.5713,0,0,0.1,0.1,0.15,1
34.4,3,0,32.4903,0,0,0.1,0.1,0.15,1
34.4,4,0,27.8786,0,0,0.1,0.1,0.15,1
34.4,5,0,26.835,0,0,0.1,0.1,0.15,1
34.4,6,0.559055,79.949,1,1,17.2484,17.2484,14.9239,1
34.4,7,0.9,61.2112,1,1,14.875,14.875,12.9268,1
34.5,0,0,27.0499,0,0,0.1,0.1,0.15,1
34.5,1,0,26.5393,0,0,0.1,0.1,0.15,1
34.5,2,0,30.4897,0,0,0.1,0.1,0.15,1
34.5,3,0,32.3767,0,0,0.1,0.1,0.15,1
34.5,4,0,27.8419,0,0,0.1,0.1,0.15,1
34.5,5,0,26.8157,0,0,0.1,0.1,0.15,1
34.5,6,0.558227,80.2069,1,1,18.0953,18.0953,15.6485,1
34.5,7,0.9,61.5711,1,1,14.7766,14.7766,12.8452,1
34.6,0,0,27.027,0,0,0.1,0.1,0.15,1
34.6,1,0,26.5249,0,0,0.1,0.1,0.15,1
34.6,2,0,30.4095,0,0,0.1,0.1,0.15,1
34.6,3,0,32.265,0,0,0.1,0.1,0.15,1
34.6,4,0,27.8058,0,0,0.1,0.1,0.15,1
34.6,5,0,26.7967,0,0,0.1,0.1,0.15,1
34.6,6,0.557697,80.0389,1,1,11.306,11.306,10.0287,1
34.6,7,0.9,61.3542,1,1,4.8752,4.8752,5.23473,1
34.7,0,0,27.0045,0,0,0.1,0.1,0.15,1
34.7,1,0,26.5108,0,0,0.1,0.1,0.15,1
34.7,2,0,30.3306,0,0,0.1,0.1,0.15,1
34.7,3,0,32.1552,0,0,0.1,0.1,0.15,1
34.7,4,0,27.7703,0,0,0.1,0.1,0.15,1
34.7,5,0,26.778,0,0,0.1,0.1,0.15,1
34.7,6,0.557185,79.8475,1,1,10.8627,10.8627,9.67872,1
34.7,7,0.9,61.4088,1,1,9.74546,9.74546,8.80763,1
34.8,0,0,26.9823,0,0,0.1,0.1,0.15,1
34.8,1,0,26.4968,0,0,0.1,0.1,0.15,1
34.8,2,0,30.253,0,0,0.1,0.1,0.15,1
34.8,3,0,32.0472,0,0,0.1,0.1,0.15,1
34.8,4,0,27.7354,0,0,0.1,0.1,0.15,1
34.8,5,0,26.7596,0,0,0.1,0.1,0.15,1
34.8,6,0.556603,79.7572,1,1,12.5027,12.5027,10.9851,1
34.8,7,0.9,61.1953,1,1,4.88775,4.88775,5.24336,1
34.9,0,0,26.9605,0,0,0.1,0.1,0.15,1
34.9,1,0,26.4831,0,0,0.1,0.1,0.15,1
34.9,2,0,30.1767,0,0,0.1,0.1,0.15,1
34.9,3,0,31.941,0,0,0.1,0.1,0.15,1
34.9,4,0,27.701,0,0,0.1,0.1,0.15,1
34.9,5,0,26.7415,0,0,0.1,0.1,0.15,1
34.9,6,0.556301,79.2736,1,1,5.57341,5.57341,5.71999,1
34.9,7,0.9,61.6594,1,1,16.4322,16.4322,14.2315,1
35,0,0,26.9391,0,0,0.1,0.1,0.15,1
35,1,0,26.4697,0,0,0.1,0.1,0.15,1
35,2,0,30.1016,0,0,0.1,0.1,0.15,1
35,3,0,31.8365,0,0,0.1,0.1,0.15,1
35,4,0,27.6672,0,0,0.1,0.1,0.15,1
35,5,0,26.7237,0,0,0.1,0.1,0.15,1
35,6,0.555931,78.8929,1,1,7.32986,7.32986,6.98439,1
35,7,0.9,62.219,1,1,18.0484,18.0484,15.6083,1
35.1,0,0,26.918,0,0,0.1,0.1,0.15,1
35.1,1,0,26.4564,0,0,0.1,0.1,0.15,1
35.1,2,0,30.0279,0,0,0.1,0.1,0.15,1
35.1,3,0,31.7338,0,0,0.1,0.1,0.15,1
35.1,4,0,27.634,0,0,0.1,0.1,0.15,1
35.1,5,0,26.7063,0,0,0.1,0.1,0.15,1
35.1,6,0.55531,78.8757,1,1,13.4419,13.4419,11.7468,1
35.1,7,0.9,61.8501,1,1,1.95507,1.95507,3.35141,1
35.2,0,0,26.8973,0,0,0.1,0.1,0.15,1
35.2,1,0,26.4434,0,0,0.1,0.1,0.15,1
35.2,2,0,29.9553,0,0,0.1,0.1,0.15,1
35.2,3,0,31.6328,0,0,0.1,0.1,0.15,1
35.2,4,0,27.6014,0,0,0.1,0.1,0.15,1
35.2,5,0,26.6891,0,0,0.1,0.1,0.15,1
35.2,6,0.554845,78.6357,1,1,9.70035,9.70035,8.7728,1
35.2,7,0.9,61.9718,1,1,11.0329,11.0329,9.81278,1
35.3,0,0,26.877,0,0,0.1,0.1,0.15,1
35.3,1,0,26.4306,0,0,0.1,0.1,0.15,1
35.3,2,0,29.884,0,0,0.1,0.1,0.15,1
35.3,3,0,31.5336,0,0,0.1,0.1,0.15,1
35.3,4,0,27.5693,0,0,0.1,0.1,0.15,1
35.3,5,0,26.6722,0,0,0.1,0.1,0.15,1
35.3,6,0.553897,79.0866,1,1,20.7202,20.7202,17.9311,1
35.3,7,0.9,61.9555,1,1,8.68632,8.68632,7.99744,1
35.4,0,0,26.8569,0,0,0.1,0.1,0.15,1
35.4,1,0,26.418,0,0,0.1,0.1,0.15,1
35.4,2,0,29.8138,0,0,0.1,0.1,0.15,1
35.4,3,0,31.4359,0,0,0.1,0.1,0.15,1
35.4,4,0,27.5377,0,0,0.1,0.1,0.15,1
35.4,5,0,26.6556,0,0,0.1,0.1,0.15,1
35.4,6,0.552951,79.525,1,1,20.6446,20.6446,17.8646,1
35.4,7,0.9,62.0642,1,1,10.8415,10.8415,9.66204,1
35.5,0,0,26.8372,0,0,0.1,0.1,0.15,1
35.5,1,0,26.4056,0,0,0.1,0.1,0.15,1
35.5,2,0,29.7448,0,0,0.1,0.1,0.15,1
35.5,3,0,31.3399,0,0,0.1,0.1,0.15,1
35.5,4,0,27.5067,0,0,0.1,0.1,0.15,1
35.5,5,0,26.6392,0,0,0.1,0.1,0.15,1
35.5,6,0.552215,79.6598,1,1,16.0558,16.0558,13.9141,1
35.5,7,0.9,62.3593,1,1,13.9606,13.9606,12.1715,1
35.6,0,0,26.8179,0,0,0.1,0.1,0.15,1
35.6,1,0,26.3934,0,0,0.1,0.1,0.15,1
35.6,2,0,29.677,0,0,0.1,0.1,0.15,1
35.6,3,0,31.2455,0,0,0.1,0.1,0.15,1
35.6,4,0,27.4761,0,0,0.1,0.1,0.15,1
35.6,5,0,26.6231,0,0,0.1,0.1,0.15,1
35.6,6,0.551441,79.8464,1,1,16.9075,16.9075,14.634,1
35.6,7,0.9,62.0152,1,1,2.55395,2.55395,3.71365,1
35.7,0,0,26.7988,0,0,0.1,0.1,0.15,1
35.7,1,0,26.3815,0,0,0.1,0.1,0.15,1
35.7,2,0,29.6103,0,0,0.1,0.1,0.15,1
35.7,3,0,31.1526,0,0,0.1,0.1,0.15,1
35.7,4,0,27.4461,0,0,0.1,0.1,0.15,1
35.7,5,0,26.6073,0,0,0.1,0.1,0.15,1
35.7,6,0.55072,79.9545,1,1,15.7178,15.7178,13.6301,1
35.7,7,0.9,62.0681,1,1,9.90574,9.90574,8.93159,1
35.8,0,0,26.7801,0,0,0.1,0.1,0.15,1
35.8,1,0,26.3697,0,0,0.1,0.1,0.15,1
35.8,2,0,29.5447,0,0,0.1,0.1,0.15,1
35.8,3,0,31.0613,0,0,0.1,0.1,0.15,1
35.8,4,0,27.4166,0,0,0.1,0.1,0.15,1
35.8,5,0,26.5918,0,0,0.1,0.1,0.15,1
35.8,6,0.549922,80.1691,1,1,17.4229,17.4229,15.0727,1
35.8,7,0.9,61.8992,1,1,5.94801,5.94801,5.98467,1
35.9,0,0,26.7617,0,0,0.1,0.1,0.15,1
35.9,1,0,26.3581,0,0,0.1,0.1,0.15,1
35.9,2,0,29.4802,0,0,0.1,0.1,0.15,1
35.9,3,0,30.9716,0,0,0.1,0.1,0.15,1
35.9,4,0,27.3876,0,0,0.1,0.1,0.15,1
35.9,5,0,26.5765,0,0,0.1,0.1,0.15,1
35.9,6,0.549777,79.4551,1,1,0.862766,0.862766,2.74068,1
35.9,7,0.9,61.8532,1,1,8.14102,8.14102,7.5867,1
36,0,0,26.7435,0,0,0.1,0.1,0.15,1
36,1,0,26.3467,0,0,0.1,0.1,0.15,1
36,2,0,29.4168,0,0,0.1,0.1,0.15,1
36,3,0,30.8833,0,0,0.1,0.1,0.15,1
36,4,0,27.359,0,0,0.1,0.1,0.15,1
36,5,0,26.5615,0,0,0.1,0.1,0.15,1
36,6,0.549005,79.6418,1,1,16.8549,16.8549,14.5894,1
36,7,0.9,62.1145,1,1,13.3521,13.3521,11.6736,1
36.1,0,0,26.7257,0,0,0.1,0.1,0.15,1
36.1,1,0,26.3355,0,0,0.1,0.1,0.15,1
36.1,2,0,29.3544,0,0,0.1,0.1,0.15,1
36.1,3,0,30.7965,0,0,0.1,0.1,0.15,1
36.1,4,0,27.331,0,0,0.1,0.1,0.15,1
36.1,5,0,26.5467,0,0,0.1,0.1,0.15,1
36.1,6,0.548078,80.0458,1,1,20.2629,20.2629,17.5296,1
36.1,7,0.9,61.7656,1,1,2.36201,2.36201,3.59587,1
36.2,0,0,26.7082,0,0,0.1,0.1,0.15,1
36.2,1,0,26.3245,0,0,0.1,0.1,0.15,1
36.2,2,0,29.2931,0,0,0.1,0.1,0.15,1
36.2,3,0,30.7111,0,0,0.1,0.1,0.15,1
36.2,4,0,27.3034,0,0,0.1,0.1,0.15,1
36.2,5,0,26.5322,0,0,0.1,0.1,0.15,1
36.2,6,0.547465,79.9969,1,1,13.2386,13.2386,11.5812,1
36.2,7,0.9,61.9583,1,1,12.1977,12.1977,10.7397,1
36.3,0,0,26.691,0,0,0.1,0.1,0.15,1
36.3,1,0,26.3137,0,0,0.1,0.1,0.15,1
36.3,2,0,29.2328,0,0,0.1,0.1,0.15,1
36.3,3,0,30.6272,0,0,0.1,0.1,0.15,1
36.3,4,0,27.2762,0,0,0.1,0.1,0.15,1
36.3,5,0,26.5179,0,0,0.1,0.1,0.15,1
36.3,6,0.546642,80.2475,1,1,17.9944,17.9944,15.5619,1
36.3,7,0.9,61.985,1,1,9.43575,9.43575,8.56908,1
36.4,0,0,26.6741,0,0,0.1,0.1,0.15,1
36.4,1,0,26.303,0,0,0.1,0.1,0.15,1
36.4,2,0,29.1735,0,0,0.1,0.1,0.15,1
36.4,3,0,30.5447,0,0,0.1,0.1,0.15,1
36.4,4,0,27.2495,0,0,0.1,0.1,0.15,1
36.4,5,0,26.5039,0,0,0.1,0.1,0.15,1
36.4,6,0.545944,80.3155,1,1,15.1844,15.1844,13.1843,1
36.4,7,0.9,62.2062,1,1,12.7287,12.7287,11.1675,1
36.5,0,0,26.6574,0,0,0.1,0.1,0.15,1
36.5,1,0,26.2926,0,0,0.1,0.1,0.15,1
36.5,2,0,29.1152,0,0,0.1,0.1,0.15,1
36.5,3,0,30.4635,0,0,0.1,0.1,0.15,1
36.5,4,0,27.2233,0,0,0.1,0.1,0.15,1
36.5,5,0,26.49,0,0,0.1,0.1,0.15,1
36.5,6,0.545046,80.6665,1,1,19.6244,19.6244,16.9717,1
36.5,7,0.9,62.7594,1,1,18.0908,18.0908,15.6447,1
36.6,0,0,26.641,0,0,0.1,0.1,0.15,1
36.6,1,0,26.2823,0,0,0.1,0.1,0.15,1
36.6,2,0,29.0579,0,0,0.1,0.1,0.15,1
36.6,3,0,30.3837,0,0,0.1,0.1,0.15,1
36.6,4,0,27.1975,0,0,0.1,0.1,0.15,1
36.6,5,0,26.4765,0,0,0.1,0.1,0.15,1
36.6,6,0.544315,80.7748,1,1,15.9376,15.9376,13.8146,1
36.6,7,0.9,62.5651,1,1,5.68639,5.68639,5.79952,1
36.7,0,0,26.6249,0,0,0.1,0.1,0.15,1
36.7,1,0,26.2722,0,0,0.1,0.1,0.15,1
36.7,2,0,29.0015,0,0,0.1,0.1,0.15,1
36.7,3,0,30.3052,0,0,0.1,0.1,0.15,1
36.7,4,0,27.1721,0,0,0.1,0.1,0.15,1
36.7,5,0,26.4631,0,0,0.1,0.1,0.15,1
36.7,6,0.543747,80.65,1,1,12.187,12.187,10.7312,1
36.7,7,0.9,62.7962,1,1,13.0524,13.0524,11.4298,1
36.8,0,0,26.6091,0,0,0.1,0.1,0.15,1
36.8,1,0,26.2622,0,0,0.1,0.1,0.15,1
36.8,2,0,28.9461,0,0,0.1,0.1,0.15,1
36.8,3,0,30.228,0,0,0.1,0.1,0.15,1
36.8,4,0,27.1472,0,0,0.1,0.1,0.15,1
36.8,5,0,26.45,0,0,0.1,0.1,0.15,1
36.8,6,0.54294,80.867,1,1,17.6422,17.6422,15.2602,1
36.8,7,0.9,62.7534,1,1,8.46254,8.46254,7.82833,1
36.9,0,0,26.5935,0,0,0.1,0.1,0.15,1
36.9,1,0,26.2524,0,0,0.1,0.1,0.15,1
36.9,2,0,28.8915,0,0,0.1,0.1,0.15,1
36.9,3,0,30.1522,0,0,0.1,0.1,0.15,1
36.9,4,0,27.1226,0,0,0.1,0.1,0.15,1
36.9,5,0,26.437,0,0,0.1,0.1,0.15,1
36.9,6,0.542082,81.1523,1,1,18.756,18.756,16.218,1
36.9,7,0.9,62.9133,1,1,11.9246,11.9246,10.521,1
37,0,0,26.5782,0,0,0.1,0.1,0.15,1
37,1,0,26.2428,0,0,0.1,0.1,0.15,1
37,2,0,28.8379,0,0,0.1,0.1,0.15,1
37,3,0,30.0775,0,0,0.1,0.1,0.15,1
37,4,0,27.0985,0,0,0.1,0.1,0.15,1
37,5,0,26.4243,0,0,0.1,0.1,0.15,1
37,6,0.541246,81.4012,1,1,18.2678,18.2678,15.7969,1
37,7,0.9,63.0739,1,1,11.9821,11.9821,10.567,1
37.1,0,0,26.5632,0,0,0.1,0.1,0.15,1
37.1,1,0,26.2333,0,0,0.1,0.1,0.15,1
37.1,2,0,28.7852,0,0,0.1,0.1,0.15,1
37.1,3,0,30.0042,0,0,0.1,0.1,0.15,1
37.1,4,0,27.0748,0,0,0.1,0.1,0.15,1
37.1,5,0,26.4119,0,0,0.1,0.1,0.15,1
37.1,6,0.540608,81.3662,1,1,13.8342,13.8342,12.0678,1
37.1,7,0.9,62.7036,1,1,2.24326,2.24326,3.52376,1
37.2,0,0,26.5484,0,0,0.1,0.1,0.15,1
37.2,1,0,26.224,0,0,0.1,0.1,0.15,1
37.2,2,0,28.7334,0,0,0.1,0.1,0.15,1
37.2,3,0,29.932,0,0,0.1,0.1,0.15,1
37.2,4,0,27.0514,0,0,0.1,0.1,0.15,1
37.2,5,0,26.3996,0,0,0.1,0.1,0.15,1
37.2,6,0.540169,81.0484,1,1,9.06832,9.06832,8.28781,1
37.2,7,0.9,62.8058,1,1,10.9425,10.9425,9.74151,1
37.3,0,0,26.5338,0,0,0.1,0.1,0.15,1
37.3,1,0,26.2149,0,0,0.1,0.1,0.15,1
37.3,2,0,28.6824,0,0,0.1,0.1,0.15,1
37.3,3,0,29.8611,0,0,0.1,0.1,0.15,1
37.3,4,0,27.0285,0,0,0.1,0.1,0.15,1
37.3,5,0,26.3875,0,0,0.1,0.1,0.15,1
37.3,6,0.539632,80.8757,1,1,11.462,11.462,10.1524,1
37.3,7,0.9,62.7105,1,1,7.52801,7.52801,7.13052,1
37.4,0,0,26.5195,0,0,0.1,0.1,0.15,1
37.4,1,0,26.2059,0,0,0.1,0.1,0.15,1
37.4,2,0,28.6323,0,0,0.1,0.1,0.15,1
37.4,3,0,29.7913,0,0,0.1,0.1,0.15,1
37.4,4,0,27.0059,0,0,0.1,0.1,0.15,1
37.4,5,0,26.3756,0,0,0.1,0.1,0.15,1
37.4,6,0.538797,81.1274,1,1,18.2407,18.2407,15.7736,1
37.4,7,0.9,62.826,1,1,11.1689,11.1689,9.92016,1
37.5,0,0,26.5054,0,0,0.1,0.1,0.15,1
37.5,1,0,26.197,0,0,0.1,0.1,0.15,1
37.5,2,0,28.583,0,0,0.1,0.1,0.15,1
37.5,3,0,29.7227,0,0,0.1,0.1,0.15,1
37.5,4,0,26.9838,0,0,0.1,0.1,0.15,1
37.5,5,0,26.364,0,0,0.1,0.1,0.15,1
37.5,6,0.537964,81.373,1,1,18.2102,18.2102,15.7473,1
37.5,7,0.9,62.841,1,1,9.48324,9.48324,8.60557,1
37.6,0,0,26.4916,0,0,0.1,0.1,0.15,1
37.6,1,0,26.1883,0,0,0.1,0.1,0.15,1
37.6,2,0,28.5345,0,0,0.1,0.1,0.15,1
37.6,3,0,29.6552,0,0,0.1,0.1,0.15,1
37.6,4,0,26.962,0,0,0.1,0.1,0.15,1
37.6,5,0,26.3525,0,0,0.1,0.1,0.15,1
37.6,6,0.537108,81.6467,1,1,18.7085,18.7085,16.1769,1
37.6,7,0.9,62.5099,1,1,3.00254,3.00254,3.99446,1
37.7,0,0,26.478,0,0,0.1,0.1,0.15,1
37.7,1,0,26.1798,0,0,0.1,0.1,0.15,1
37.7,2,0,28.4869,0,0,0.1,0.1,0.15,1
37.7,3,0,29.5889,0,0,0.1,0.1,0.15,1
37.7,4,0,26.9405,0,0,0.1,0.1,0.15,1
37.7,5,0,26.3412,0,0,0.1,0.1,0.15,1
37.7,6,0.536493,81.5753,1,1,13.3047,13.3047,11.635,1
37.7,7,0.9,62.6728,1,1,11.9072,11.9072,10.5071,1
37.8,0,0,26.4646,0,0,0.1,0.1,0.15,1
37.8,1,0,26.1714,0,0,0.1,0.1,0.15,1
37.8,2,0,28.44,0,0,0.1,0.1,0.15,1
37.8,3,0,29.5237,0,0,0.1,0.1,0.15,1
37.8,4,0,26.9194,0,0,0.1,0.1,0.15,1
37.8,5,0,26.3301,0,0,0.1,0.1,0.15,1
37.8,6,0.535829,81.5731,1,1,14.4122,14.4122,12.5435,1
37.8,7,0.9,62.6391,1,1,8.58762,8.58762,7.92276,1
37.9,0,0,26.4514,0,0,0.1,0.1,0.15,1
37.9,1,0,26.1631,0,0,0.1,0.1,0.15,1
37.9,2,0,28.3939,0,0,0.1,0.1,0.15,1
37.9,3,0,29.4595,0,0,0.1,0.1,0.15,1
37.9,4,0,26.8987,0,0,0.1,0.1,0.15,1
37.9,5,0,26.3192,0,0,0.1,0.1,0.15,1
37.9,6,0.535061,81.719,1,1,16.7692,16.7692,14.5166,1
37.9,7,0.9,63.1712,1,1,17.8734,17.8734,15.4581,1
38,0,0,26.4385,0,0,0.1,0.1,0.15,1
38,1,0,26.155,0,0,0.1,0.1,0.15,1
38,2,0,28.3486,0,0,0.1,0.1,0.15,1
38,3,0,29.3964,0,0,0.1,0.1,0.15,1
38,4,0,26.8783,0,0,0.1,0.1,0.15,1
38,5,0,26.3084,0,0,0.1,0.1,0.15,1
38,6,0.534415,81.6898,1,1,14.0146,14.0146,12.2159,1
38,7,0.9,63.3266,1,1,11.9665,11.9665,10.5545,1
38.1,0,0,26.4258,0,0,0.1,0.1,0.15,1
38.1,1,0,26.147,0,0,0.1,0.1,0.15,1
38.1,2,0,28.304,0,0,0.1,0.1,0.15,1
38.1,3,0,29.3344,0,0,0.1,0.1,0.15,1
38.1,4,0,26.8582,0,0,0.1,0.1,0.15,1
38.1,5,0,26.2979,0,0,0.1,0.1,0.15,1
38.1,6,0.533661,81.8133,1,1,16.4468,16.4468,14.2437,1
38.1,7,0.9,63.0786,1,1,4.8399,4.8399,5.21049,1
38.2,0,0,26.4133,0,0,0.1,0.1,0.15,1
38.2,1,0,26.1391,0,0,0.1,0.1,0.15,1
38.2,2,0,28.2602,0,0,0.1,0.1,0.15,1
38.2,3,0,29.2734,0,0,0.1,0.1,0.15,1
38.2,4,0,26.8385,0,0,0.1,0.1,0.15,1
38.2,5,0,26.2875,0,0,0.1,0.1,0.15,1
38.2,6,0.532984,81.8263,1,1,14.7207,14.7207,12.7988,1
38.2,7,0.9,63.1294,1,1,10.1734,10.1734,9.13936,1
38.3,0,0,26.401,0,0,0.1,0.1,0.15,1
38.3,1,0,26.1314,0,0,0.1,0.1,0.15,1
38.3,2,0,28.2171,0,0,0.1,0.1,0.15,1
38.3,3,0,29.2134,0,0,0.1,0.1,0.15,1
38.3,4,0,26.8191,0,0,0.1,0.1,0.15,1
38.3,5,0,26.2773,0,0,0.1,0.1,0.15,1
38.3,6,0.532353,81.7735,1,1,13.6581,13.6581,11.9235,1
38.3,7,0.9,63.211,1,1,10.7137,10.7137,9.5616,1
38.4,0,0,26.3889,0,0,0.1,0.1,0.15,1
38.4,1,0,26.1238,0,0,0.1,0.1,0.15,1
38.4,2,0,28.1748,0,0,0.1,0.1,0.15,1
38.4,3,0,29.1545,0,0,0.1,0.1,0.15,1
38.4,4,0,26.8,0,0,0.1,0.1,0.15,1
38.4,5,0,26.2672,0,0,0.1,0.1,0.15,1
38.4,6,0.531884,81.4918,1,1,9.81483,9.81483,8.86123,1
38.4,7,0.9,63.6963,1,1,17.2935,17.2935,14.9624,1
38.5,0,0,26.377,0,0,0.1,0.1,0.15,1
38.5,1,0,26.1163,0,0,0.1,0.1,0.15,1
38.5,2,0,28.1331,0,0,0.1,0.1,0.15,1
38.5,3,0,29.0965,0,0,0.1,0.1,0.15,1
38.5,4,0,26.7813,0,0,0.1,0.1,0.15,1
38.5,5,0,26.2574,0,0,0.1,0.1,0.15,1
38.5,6,0.53134,81.3217,1,1,11.6291,11.6291,10.2852,1
38.5,7,0.9,63.8545,1,1,12.1577,12.1577,10.7077,1
38.6,0,0,26.3653,0,0,0.1,0.1,0.15,1
38.6,1,0,26.1089,0,0,0.1,0.1,0.15,1
38.6,2,0,28.0921,0,0,0.1,0.1,0.15,1
38.6,3,0,29.0395,0,0,0.1,0.1,0.15,1
38.6,4,0,26.7629,0,0,0.1,0.1,0.15,1
38.6,5,0,26.2477,0,0,0.1,0.1,0.15,1
38.6,6,0.53069,81.304,1,1,14.093,14.093,12.2804,1
38.6,7,0.9,63.4243,1,1,1.15877,1.15877,2.89815,1
38.7,0,0,26.3538,0,0,0.1,0.1,0.15,1
38.7,1,0,26.1017,0,0,0.1,0.1,0.15,1
38.7,2,0,28.0519,0,0,0.1,0.1,0.15,1
38.7,3,0,28.9834,0,0,0.1,0.1,0.15,1
38.7,4,0,26.7447,0,0,0.1,0.1,0.15,1
38.7,5,0,26.2381,0,0,0.1,0.1,0.15,1
38.7,6,0.530083,81.2267,1,1,13.1146,13.1146,11.4803,1
38.7,7,0.9,63.728,1,1,14.4669,14.4669,12.5887,1
38.8,0,0,26.3424,0,0,0.1,0.1,0.15,1
38.8,1,0,26.0946,0,0,0.1,0.1,0.15,1
38.8,2,0,28.0122,0,0,0.1,0.1,0.15,1
38.8,3,0,28.9282,0,0,0.1,0.1,0.15,1
38.8,4,0,26.7269,0,0,0.1,0.1,0.15,1
38.8,5,0,26.2287,0,0,0.1,0.1,0.15,1
38.8,6,0.529288,81.416,1,1,17.3606,17.3606,15.0196,1
38.8,7,0.9,63.7208,1,1,9.35943,9.35943,8.5105,1
38.9,0,0,26.3313,0,0,0.1,0.1,0.15,1
38.9,1,0,26.0876,0,0,0.1,0.1,0.15,1
38.9,2,0,27.9733,0,0,0.1,0.1,0.15,1
38.9,3,0,28.874,0,0,0.1,0.1,0.15,1
38.9,4,0,26.7094,0,0,0.1,0.1,0.15,1
38.9,5,0,26.2195,0,0,0.1,0.1,0.15,1
38.9,6,0.528417,81.7098,1,1,19.0289,19.0289,16.4542,1
38.9,7,0.9,64.008,1,1,14.2783,14.2783,12.4331,1
39,0,0,26.3204,0,0,0.1,0.1,0.15,1
39,1,0,26.0807,0,0,0.1,0.1,0.15,1
39,2,0,27.935,0,0,0.1,0.1,0.15,1
39,3,0,28.8207,0,0,0.1,0.1,0.15,1
39,4,0,26.6921,0,0,0.1,0.1,0.15,1
39,5,0,26.2104,0,0,0.1,0.1,0.15,1
39,6,0.527624,81.8892,1,1,17.3299,17.3299,14.9934,1
39,7,0.9,63.8457,1,1,6.67316,6.67316,6.50491,1
39.1,0,0,26.3096,0,0,0.1,0.1,0.15,1
39.1,1,0,26.0739,0,0,0.1,0.1,0.15,1
39.1,2,0,27.8973,0,0,0.1,0.1,0.15,1
39.1,3,0,28.7683,0,0,0.1,0.1,0.15,1
39.1,4,0,26.6752,0,0,0.1,0.1,0.15,1
39.1,5,0,26.2015,0,0,0.1,0.1,0.15,1
39.1,6,0.527136,81.6332,1,1,10.2886,10.2886,9.2291,1
39.1,7,0.9,63.4119,1,1,1.06784,1.06784,2.84901,1
39.2,0,0,26.299,0,0,0.1,0.1,0.15,1
39.2,1,0,26.0673,0,0,0.1,0.1,0.15,1
39.2,2,0,27.8603,0,0,0.1,0.1,0.15,1
39.2,3,0,28.7167,0,0,0.1,0.1,0.15,1
39.2,4,0,26.6585,0,0,0.1,0.1,0.15,1
39.2,5,0,26.1927,0,0,0.1,0.1,0.15,1
39.2,6,0.526425,81.6969,1,1,15.4846,15.4846,13.4348,1
39.2,7,0.9,63.7622,1,1,15.2113,15.2113,13.2067,1
39.3,0,0,26.2886,0,0,0.1,0.1,0.15,1
39.3,1,0,26.0608,0,0,0.1,0.1,0.15,1
39.3,2,0,27.8239,0,0,0.1,0.1,0.15,1
39.3,3,0,28.666,0,0,0.1,0.1,0.15,1
39.3,4,0,26.6421,0,0,0.1,0.1,0.15,1
39.3,5,0,26.1841,0,0,0.1,0.1,0.15,1
39.3,6,0.526058,81.2724,1,1,7.26906,7.26906,6.93968,1
39.3,7,0.9,63.7121,1,1,8.61785,8.61785,7.94561,1
39.4,0,0,26.2784,0,0,0.1,0.1,0.15,1
39.4,1,0,26.0543,0,0,0.1,0.1,0.15,1
39.4,2,0,27.788,0,0,0.1,0.1,0.15,1
39.4,3,0,28.6162,0,0,0.1,0.1,0.15,1
39.4,4,0,26.626,0,0,0.1,0.1,0.15,1
39.4,5,0,26.1756,0,0,0.1,0.1,0.15,1
39.4,6,0.525477,81.1579,1,1,12.494,12.494,10.9781,1
39.4,7,0.9,63.9206,1,1,12.9939,12.9939,11.3823,1
39.5,0,0,26.2684,0,0,0.1,0.1,0.15,1
39.5,1,0,26.048,0,0,0.1,0.1,0.15,1
39.5,2,0,27.7528,0,0,0.1,0.1,0.15,1
39.5,3,0,28.5672,0,0,0.1,0.1,0.15,1
39.5,4,0,26.6101,0,0,0.1,0.1,0.15,1
39.5,5,0,26.1673,0,0,0.1,0.1,0.15,1
39.5,6,0.524925,81.0049,1,1,11.8225,11.8225,10.4394,1
39.5,7,0.9,64.0818,1,1,12.2714,12.2714,10.799,1
39.6,0,0,26.2585,0,0,0.1,0.1,0.15,1
39.6,1,0,26.0418,0,0,0.1,0.1,0.15,1
39.6,2,0,27.7182,0,0,0.1,0.1,0.15,1
39.6,3,0,28.519,0,0,0.1,0.1,0.15,1
39.6,4,0,26.5946,0,0,0.1,0.1,0.15,1
39.6,5,0,26.1591,0,0,0.1,0.1,0.15,1
39.6,6,0.52434,80.9005,1,1,12.5867,12.5867,11.0528,1
39.6,7,0.9,63.651,1,1,1.2351,1.2351,2.93987,1
39.7,0,0,26.2488,0,0,0.1,0.1,0.15,1
39.7,1,0,26.0357,0,0,0.1,0.1,0.15,1
39.7,2,0,27.6841,0,0,0.1,0.1,0.15,1
39.7,3,0,28.4716,0,0,0.1,0.1,0.15,1
39.7,4,0,26.5792,0,0,0.1,0.1,0.15,1
39.7,5,0,26.151,0,0,0.1,0.1,0.15,1
39.7,6,0.523704,80.8701,1,1,13.7722,13.7722,12.017,1
39.7,7,0.9,63.5194,1,1,7.1268,7.1268,6.83532,1
39.8,0,0,26.2392,0,0,0.1,0.1,0.15,1
39.8,1,0,26.0297,0,0,0.1,0.1,0.15,1
39.8,2,0,27.6507,0,0,0.1,0.1,0.15,1
39.8,3,0,28.4249,0,0,0.1,0.1,0.15,1
39.8,4,0,26.5642,0,0,0.1,0.1,0.15,1
39.8,5,0,26.1431,0,0,0.1,0.1,0.15,1
39.8,6,0.523003,80.933,1,1,15.2692,15.2692,13.2549,1
39.8,7,0.9,63.4294,1,1,7.8367,7.8367,7.35948,1
39.9,0,0,26.2298,0,0,0.1,0.1,0.15,1
39.9,1,0,26.0238,0,0,0.1,0.1,0.15,1
39.9,2,0,27.6177,0,0,0.1,0.1,0.15,1
39.9,3,0,28.3791,0,0,0.1,0.1,0.15,1
39.9,4,0,26.5493,0,0,0.1,0.1,0.15,1
39.9,5,0,26.1353,0,0,0.1,0.1,0.15,1
39.9,6,0.522145,81.216,1,1,18.7386,18.7386,16.2029,1
39.9,7,0.9,63.5616,1,1,11.6498,11.6498,10.3018,1
40,0,0,26.2205,0,0,0.1,0.1,0.15,1
40,1,0,26.0179,0,0,0.1,0.1,0.15,1
40,2,0,27.5853,0,0,0.1,0.1,0.15,1
40,3,0,28.334,0,0,0.1,0.1,0.15,1
40,4,0,26.5348,0,0,0.1,0.1,0.15,1
40,5,0,26.1276,0,0,0.1,0.1,0.15,1
40,6,0.521938,80.5727,1,1,2.87699,2.87699,3.91513,1
40,7,0.9,63.6985,1,1,11.7679,11.7679,10.3958,1
40.1,0,0,26.2114,0,0,0.1,0.1,0.15,1
40.1,1,0,26.0122,0,0,0.1,0.1,0.15,1
40.1,2,0,27.5535,0,0,0.1,0.1,0.15,1
40.1,3,0,28.2897,0,0,0.1,0.1,0.15,1
40.1,4,0,26.5204,0,0,0.1,0.1,0.15,1
40.1,5,0,26.12,0,0,0.1,0.1,0.15,1
40.1,6,0.521654,80.0497,1,1,5.08032,5.08032,5.37616,1
40.1,7,0.9,63.2972,1,1,1.77851,1.77851,3.24779,1
40.2,0,0,26.2025,0,0,0.1,0.1,0.15,1
40.2,1,0,26.0066,0,0,0.1,0.1,0.15,1
40.2,2,0,27.5222,0,0,0.1,0.1,0.15,1
40.2,3,0,28.2462,0,0,0.1,0.1,0.15,1
40.2,4,0,26.5063,0,0,0.1,0.1,0.15,1
40.2,5,0,26.1126,0,0,0.1,0.1,0.15,1
40.2,6,0.521265,79.6828,1,1,7.81245,7.81245,7.34144,1
40.2,7,0.9,63.0855,1,1,5.52923,5.52923,5.68897,1
40.3,0,0,26.1937,0,0,0.1,0.1,0.15,1
40.3,1,0,26.0011,0,0,0.1,0.1,0.15,1
40.3,2,0,27.4914,0,0,0.1,0.1,0.15,1
40.3,3,0,28.2033,0,0,0.1,0.1,0.15,1
40.3,4,0,26.4925,0,0,0.1,0.1,0.15,1
40.3,5,0,26.1053,0,0,0.1,0.1,0.15,1
40.3,6,0.52073,79.5303,1,1,11.4187,11.4187,10.1181,1
40.3,7,0.9,62.9769,1,1,7.3718,7.3718,7.01527,1
40.4,0,0,26.1851,0,0,0.1,0.1,0.15,1
40.4,1,0,25.9956,0,0,0.1,0.1,0.15,1
40.4,2,0,27.4611,0,0,0.1,0.1,0.15,1
40.4,3,0,28.1612,0,0,0.1,0.1,0.15,1
40.4,4,0,26.4789,0,0,0.1,0.1,0.15,1
40.4,5,0,26.0982,0,0,0.1,0.1,0.15,1
40.4,6,0.519936,79.7463,1,1,17.335,17.335,14.9978,1
40.4,7,0.9,62.773,1,1,5.57374,5.57374,5.72023,1
40.5,0,0,26.1766,0,0,0.1,0.1,0.15,1
40.5,1,0,25.9903,0,0,0.1,0.1,0.15,1
40.5,2,0,27.4314,0,0,0.1,0.1,0.15,1
40.5,3,0,28.1197,0,0,0.1,0.1,0.15,1
40.5,4,0,26.4655,0,0,0.1,0.1,0.15,1
40.5,5,0,26.0911,0,0,0.1,0.1,0.15,1
40.5,6,0.519496,79.4579,1,1,9.1118,9.1118,8.321,1
40.5,7,0.9,62.8834,1,1,11.1007,11.1007,9.86633,1
40.6,0,0,26.1682,0,0,0.1,0.1,0.15,1
40.6,1,0,25.985,0,0,0.1,0.1,0.15,1
40.6,2,0,27.4021,0,0,0.1,0.1,0.15,1
40.6,3,0,28.079,0,0,0.1,0.1,0.15,1
40.6,4,0,26.4523,0,0,0.1,0.1,0.15,1
40.6,5,0,26.0842,0,0,0.1,0.1,0.15,1
40.6,6,0.518904,79.3902,1,1,12.7676,12.7676,11.1989,1
40.6,7,0.9,62.4789,1,1,1.38962,1.38962,3.02557,1
40.7,0,0,26.16,0,0,0.1,0.1,0.15,1
40.7,1,0,25.9799,0,0,0.1,0.1,0.15,1
40.7,2,0,27.3733,0,0,0.1,0.1,0.15,1
40.7,3,0,28.0389,0,0,0.1,0.1,0.15,1
40.7,4,0,26.4393,0,0,0.1,0.1,0.15,1
40.7,5,0,26.0774,0,0,0.1,0.1,0.15,1
40.7,6,0.51845,79.127,1,1,9.44674,9.44674,8.57752,1
40.7,7,0.9,62.6509,1,1,12.05,12.05,10.6213,1
40.8,0,0,26.1519,0,0,0.1,0.1,0.15,1
40.8,1,0,25.9748,0,0,0.1,0.1,0.15,1
40.8,2,0,27.345,0,0,0.1,0.1,0.15,1
40.8,3,0,27.9995,0,0,0.1,0.1,0.15,1
40.8,4,0,26.4266,0,0,0.1,0.1,0.15,1
40.8,5,0,26.0707,0,0,0.1,0.1,0.15,1
40.8,6,0.517938,78.9505,1,1,10.8565,10.8565,9.67383,1
40.8,7,0.9,62.554,1,1,7.45302,7.45302,7.07514,1
40.9,0,0,26.144,0,0,0.1,0.1,0.15,1
40.9,1,0,25.9698,0,0,0.1,0.1,0.15,1
40.9,2,0,27.3172,0,0,0.1,0.1,0.15,1
40.9,3,0,27.9608,0,0,0.1,0.1,0.15,1
40.9,4,0,26.4141,0,0,0.1,0.1,0.15,1
40.9,5,0,26.0641,0,0,0.1,0.1,0.15,1
40.9,6,0.517348,78.887,1,1,12.6982,12.6982,11.1429,1
40.9,7,0.9,62.7604,1,1,12.6423,12.6423,11.0976,1
41,0,0,26.1361,0,0,0.1,0.1,0.15,1
41,1,0,25.9649,0,0,0.1,0.1,0.15,1
41,2,0,27.2898,0,0,0.1,0.1,0.15,1
41,3,0,27.9227,0,0,0.1,0.1,0.15,1
41,4,0,26.4018,0,0,0.1,0.1,0.15,1
41,5,0,26.0576,0,0,0.1,0.1,0.15,1
41,6,0.516797,78.7702,1,1,11.7947,11.7947,10.4173,1
41,7,0.9,62.8675,1,1,11.0404,11.0404,9.81874,1
41.1,0,0,26.1285,0,0,0.1,0.1,0.15,1
41.1,1,0,25.9601,0,0,0.1,0.1,0.15,1
41.1,2,0,27.2629,0,0,0.1,0.1,0.15,1
41.1,3,0,27.8852,0,0,0.1,0.1,0.15,1
41.1,4,0,26.3896,0,0,0.1,0.1,0.15,1
41.1,5,0,26.0512,0,0,0.1,0.1,0.15,1
41.1,6,0.516395,78.4443,1,1,8.1635,8.1635,7.60355,1
41.1,7,0.9,62.5028,1,1,2.29074,2.29074,3.55252,1
41.2,0,0,26.1209,0,0,0.1,0.1,0.15,1
41.2,1,0,25.9553,0,0,0.1,0.1,0.15,1
41.2,2,0,27.2364,0,0,0.1,0.1,0.15,1
41.2,3,0,27.8484,0,0,0.1,0.1,0.15,1
41.2,4,0,26.3777,0,0,0.1,0.1,0.15,1
41.2,5,0,26.0449,0,0,0.1,0.1,0.15,1
41.2,6,0.515835,78.3467,1,1,11.9934,11.9934,10.576,1
41.2,7,0.9,62.669,1,1,11.9604,11.9604,10.5496,1
41.3,0,0,26.1135,0,0,0.1,0.1,0.15,1
41.3,1,0,25.9506,0,0,0.1,0.1,0.15,1
41.3,2,0,27.2104,0,0,0.1,0.1,0.15,1
41.3,3,0,27.8122,0,0,0.1,0.1,0.15,1
41.3,4,0,26.366,0,0,0.1,0.1,0.15,1
41.3,5,0,26.0388,0,0,0.1,0.1,0.15,1
41.3,6,0.515228,78.3183,1,1,13.109,13.109,11.4757,1
41.3,7,0.9,62.5474,1,1,7.01005,7.01005,6.74994,1
41.4,0,0,26.1062,0,0,0.1,0.1,0.15,1
41.4,1,0,25.946,0,0,0.1,0.1,0.15,1
41.4,2,0,27.1848,0,0,0.1,0.1,0.15,1
41.4,3,0,27.7765,0,0,0.1,0.1,0.15,1
41.4,4,0,26.3545,0,0,0.1,0.1,0.15,1
41.4,5,0,26.0327,0,0,0.1,0.1,0.15,1
41.4,6,0.514564,78.3716,1,1,14.4307,14.4307,12.5588,1
41.4,7,0.9,62.4478,1,1,7.3714,7.3714,7.01497,1
41.5,0,0,26.099,0,0,0.1,0.1,0.15,1
41.5,1,0,25.9415,0,0,0.1,0.1,0.15,1
41.5,2,0,27.1596,0,0,0.1,0.1,0.15,1
41.5,3,0,27.7415,0,0,0.1,0.1,0.15,1
41.5,4,0,26.3432,0,0,0.1,0.1,0.15,1
41.5,5,0,26.0267,0,0,0.1,0.1,0.15,1
41.5,6,0.513898,78.425,1,1,14.4479,14.4479,12.573,1
41.5,7,0.9,62.6011,1,1,11.7306,11.7306,10.3661,1
41.6,0,0,26.0919,0,0,0.1,0.1,0.15,1
41.6,1,0,25.9371,0,0,0.1,0.1,0.15,1
41.6,2,0,27.1349,0,0,0.1,0.1,0.15,1
41.6,3,0,27.7071,0,0,0.1,0.1,0.15,1
41.6,4,0,26.332,0,0,0.1,0.1,0.15,1
41.6,5,0,26.0209,0,0,0.1,0.1,0.15,1
41.6,6,0.513292,78.3935,1,1,13.079,13.079,11.4514,1
41.6,7,0.9,62.3027,1,1,3.59745,3.59745,4.37753,1
41.7,0,0,26.085,0,0,0.1,0.1,0.15,1
41.7,1,0,25.9327,0,0,0.1,0.1,0.15,1
41.7,2,0,27.1106,0,0,0.1,0.1,0.15,1
41.7,3,0,27.6732,0,0,0.1,0.1,0.15,1
41.7,4,0,26.3211,0,0,0.1,0.1,0.15,1
41.7,5,0,26.0151,0,0,0.1,0.1,0.15,1
41.7,6,0.512654,78.4082,1,1,13.8271,13.8271,12.062,1
41.7,7,0.9,62.9089,1,1,18.9339,18.9339,16.3719,1
41.8,0,0,26.0781,0,0,0.1,0.1,0.15,1
41.8,1,0,25.9284,0,0,0.1,0.1,0.15,1
41.8,2,0,27.0866,0,0,0.1,0.1,0.15,1
41.8,3,0,27.6399,0,0,0.1,0.1,0.15,1
41.8,4,0,26.3103,0,0,0.1,0.1,0.15,1
41.8,5,0,26.0094,0,0,0.1,0.1,0.15,1
41.8,6,0.512082,78.329,1,1,12.2875,12.2875,10.8119,1
41.8,7,0.9,63.2986,1,1,15.7056,15.7056,13.6199,1
41.9,0,0,26.0714,0,0,0.1,0.1,0.15,1
41.9,1,0,25.9242,0,0,0.1,0.1,0.15,1
41.9,2,0,27.0631,0,0,0.1,0.1,0.15,1
41.9,3,0,27.6071,0,0,0.1,0.1,0.15,1
41.9,4,0,26.2997,0,0,0.1,0.1,0.15,1
41.9,5,0,26.0039,0,0,0.1,0.1,0.15,1
41.9,6,0.511491,78.2779,1,1,12.7315,12.7315,11.1698,1
41.9,7,0.9,63.481,1,1,12.4512,12.4512,10.9436,1
42,0,0,26.0648,0,0,0.1,0.1,0.15,1
42,1,0,25.92,0,0,0.1,0.1,0.15,1
42,2,0,27.04,0,0,0.1,0.1,0.15,1
42,3,0,27.5749,0,0,0.1,0.1,0.15,1
42,4,0,26.2893,0,0,0.1,0.1,0.15,1
42,5,0,25.9984,0,0,0.1,0.1,0.15,1
42,6,0.510892,78.2393,1,1,12.9231,12.9231,11.3249,1
42,7,0.9,63.8964,1,1,16.2636,16.2636,14.0891,1
42.1,0,0,26.0583,0,0,0.1,0.1,0.15,1
42.1,1,0,25.916,0,0,0.1,0.1,0.15,1
42.1,2,0,27.0172,0,0,0.1,0.1,0.15,1
42.1,3,0,27.5433,0,0,0.1,0.1,0.15,1
42.1,4,0,26.2791,0,0,0.1,0.1,0.15,1
42.1,5,0,25.993,0,0,0.1,0.1,0.15,1
42.1,6,0.510389,78.0649,1,1,10.6426,10.6426,9.50585,1
42.1,7,0.9,64.399,1,1,17.7423,17.7423,15.3458,1
42.2,0,0,26.0519,0,0,0.1,0.1,0.15,1
42.2,1,0,25.9119,0,0,0.1,0.1,0.15,1
42.2,2,0,26.9949,0,0,0.1,0.1,0.15,1
42.2,3,0,27.5121,0,0,0.1,0.1,0.15,1
42.2,4,0,26.269,0,0,0.1,0.1,0.15,1
42.2,5,0,25.9877,0,0,0.1,0.1,0.15,1
42.2,6,0.509749,78.0874,1,1,13.864,13.864,12.0922,1
42.2,7,0.9,64.7829,1,1,16.0081,16.0081,13.8739,1
42.3,0,0,26.0456,0,0,0.1,0.1,0.15,1
42.3,1,0,25.908,0,0,0.1,0.1,0.15,1
42.3,2,0,26.9729,0,0,0.1,0.1,0.15,1
42.3,3,0,27.4815,0,0,0.1,0.1,0.15,1
42.3,4,0,26.2591,0,0,0.1,0.1,0.15,1
42.3,5,0,25.9825,0,0,0.1,0.1,0.15,1
42.3,6,0.509099,78.1238,1,1,14.0953,14.0953,12.2822,1
42.3,7,0.9,65.0266,1,1,13.8603,13.8603,12.0892,1
42.4,0,0,26.0395,0,0,0.1,0.1,0.15,1
42.4,1,0,25.9041,0,0,0.1,0.1,0.15,1
42.4,2,0,26.9512,0,0,0.1,0.1,0.15,1
42.4,3,0,27.4514,0,0,0.1,0.1,0.15,1
42.4,4,0,26.2494,0,0,0.1,0.1,0.15,1
42.4,5,0,25.9774,0,0,0.1,0.1,0.15,1
42.4,6,0.508393,78.24,1,1,15.3882,15.3882,13.3543,1
42.4,7,0.9,65.3985,1,1,15.9851,15.9851,13.8545,1
42.5,0,0,26.0334,0,0,0.1,0.1,0.15,1
42.5,1,0,25.9003,0,0,0.1,0.1,0.15,1
42.5,2,0,26.93,0,0,0.1,0.1,0.15,1
42.5,3,0,27.4218,0,0,0.1,0.1,0.15,1
42.5,4,0,26.2398,0,0,0.1,0.1,0.15,1
42.5,5,0,25.9723,0,0,0.1,0.1,0.15,1
42.5,6,0.507968,77.9549,1,1,8.72983,8.72983,8.0304,1
42.5,7,0.9,65.8386,1,1,17.156,17.156,14.8453,1
42.6,0,0,26.0274,0,0,0.1,0.1,0.15,1
42.6,1,0,25.8965,0,0,0.1,0.1,0.15,1
42.6,2,0,26.909,0,0,0.1,0.1,0.15,1
42.6,3,0,27.3927,0,0,0.1,0.1,0.15,1
42.6,4,0,26.2304,0,0,0.1,0.1,0.15,1
42.6,5,0,25.9674,0,0,0.1,0.1,0.15,1
42.6,6,0.507367,77.9248,1,1,12.9749,12.9749,11.3668,1
42.6,7,0.9,66.3299,1,1,18.0684,18.0684,15.6254,1
42.7,0,0,26.0215,0,0,0.1,0.1,0.15,1
42.7,1,0,25.8928,0,0,0.1,0.1,0.15,1
42.7,2,0,26.8885,0,0,0.1,0.1,0.15,1
42.7,3,0,27.3641,0,0,0.1,0.1,0.15,1
42.7,4,0,26.2211,0,0,0.1,0.1,0.15,1
42.7,5,0,25.9625,0,0,0.1,0.1,0.15,1
42.7,6,0.506728,77.9477,1,1,13.8321,13.8321,12.066,1
42.7,7,0.9,66.8608,1,1,18.8085,18.8085,16.2633,1
42.8,0,0,26.0158,0,0,0.1,0.1,0.15,1
42.8,1,0,25.8892,0,0,0.1,0.1,0.15,1
42.8,2,0,26.8683,0,0,0.1,0.1,0.15,1
42.8,3,0,27.3359,0,0,0.1,0.1,0.15,1
42.8,4,0,26.212,0,0,0.1,0.1,0.15,1
42.8,5,0,25.9577,0,0,0.1,0.1,0.15,1
42.8,6,0.506163,77.8657,1,1,12.1134,12.1134,10.6721,1
42.8,7,0.9,67.2649,1,1,16.9744,16.9744,14.6909,1
42.9,0,0,26.0101,0,0,0.1,0.1,0.15,1
42.9,1,0,25.8856,0,0,0.1,0.1,0.15,1
42.9,2,0,26.8484,0,0,0.1,0.1,0.15,1
42.9,3,0,27.3082,0,0,0.1,0.1,0.15,1
42.9,4,0,26.2031,0,0,0.1,0.1,0.15,1
42.9,5,0,25.953,0,0,0.1,0.1,0.15,1
42.9,6,0.505669,77.6857,1,1,10.4416,10.4416,9.34848,1
42.9,7,0.9,67.3807,1,1,12.4408,12.4408,10.9352,1
43,0,0,26.0045,0,0,0.1,0.1,0.15,1
43,1,0,25.8821,0,0,0.1,0.1,0.15,1
43,2,0,26.8288,0,0,0.1,0.1,0.15,1
43,3,0,27.281,0,0,0.1,0.1,0.15,1
43,4,0,26.1943,0,0,0.1,0.1,0.15,1
43,5,0,25.9484,0,0,0.1,0.1,0.15,1
43,6,0.505163,77.5251,1,1,10.7208,10.7208,9.56714,1
43,7,0.9,67.8078,1,1,17.4699,17.4699,15.1129,1
43.1,0,0,25.999,0,0,0.1,0.1,0.15,1
43.1,1,0,25.8787,0,0,0.1,0.1,0.15,1
43.1,2,0,26.8096,0,0,0.1,0.1,0.15,1
43.1,3,0,27.2542,0,0,0.1,0.1,0.15,1
43.1,4,0,26.1856,0,0,0.1,0.1,0.15,1
43.1,5,0,25.9438,0,0,0.1,0.1,0.15,1
43.1,6,0.504454,77.6548,1,1,15.4445,15.4445,13.4013,1
43.1,7,0.9,68.1437,1,1,16.1487,16.1487,13.9922,1
43.2,0,0,25.9936,0,0,0.1,0.1,0.15,1
43.2,1,0,25.8753,0,0,0.1,0.1,0.15,1
43.2,2,0,26.7907,0,0,0.1,0.1,0.15,1
43.2,3,0,27.2279,0,0,0.1,0.1,0.15,1
43.2,4,0,26.1771,0,0,0.1,0.1,0.15,1
43.2,5,0,25.9393,0,0,0.1,0.1,0.15,1
43.2,6,0.50353,78.0871,1,1,20.1883,20.1883,17.4643,1
43.2,7,0.9,68.3648,1,1,14.4025,14.4025,12.5355,1
43.3,0,0,25.9883,0,0,0.1,0.1,0.15,1
43.3,1,0,25.8719,0,0,0.1,0.1,0.15,1
43.3,2,0,26.7721,0,0,0.1,0.1,0.15,1
43.3,3,0,27.202,0,0,0.1,0.1,0.15,1
43.3,4,0,26.1687,0,0,0.1,0.1,0.15,1
43.3,5,0,25.9349,0,0,0.1,0.1,0.15,1
43.3,6,0.502735,78.3289,1,1,17.3628,17.3628,15.0215,1
43.3,7,0.9,68.6049,1,1,14.7669,14.7669,12.8371,1
43.4,0,0,25.9831,0,0,0.1,0.1,0.15,1
43.4,1,0,25.8687,0,0,0.1,0.1,0.15,1
43.4,2,0,26.7538,0,0,0.1,0.1,0.15,1
43.4,3,0,27.1766,0,0,0.1,0.1,0.15,1
43.4,4,0,26.1605,0,0,0.1,0.1,0.15,1
43.4,5,0,25.9306,0,0,0.1,0.1,0.15,1
43.4,6,0.502074,78.3768,1,1,14.3469,14.3469,12.4896,1
43.4,7,0.9,68.995,1,1,17.2098,17.2098,14.891,1
43.5,0,0,25.9779,0,0,0.1,0.1,0.15,1
43.5,1,0,25.8654,0,0,0.1,0.1,0.15,1
43.5,2,0,26.7358,0,0,0.1,0.1,0.15,1
43.5,3,0,27.1516,0,0,0.1,0.1,0.15,1
43.5,4,0,26.1524,0,0,0.1,0.1,0.15,1
43.5,5,0,25.9263,0,0,0.1,0.1,0.15,1
43.5,6,0.501348,78.5168,1,1,15.8355,15.8355,13.7289,1
43.5,7,0.9,69.4596,1,1,18.4706,18.4706,15.9716,1
43.6,0,0,25.9729,0,0,0.1,0.1,0.15,1
43.6,1,0,25.8623,0,0,0.1,0.1,0.15,1
43.6,2,0,26.7181,0,0,0.1,0.1,0.15,1
43.6,3,0,27.127,0,0,0.1,0.1,0.15,1
43.6,4,0,26.1445,0,0,0.1,0.1,0.15,1
43.6,5,0,25.9221,0,0,0.1,0.1,0.15,1
43.6,6,0.500514,78.8062,1,1,18.2136,18.2136,15.7503,1
43.6,7,0.9,69.7568,1,1,15.9718,15.9718,13.8433,1
43.7,0,0,25.9679,0,0,0.1,0.1,0.15,1
43.7,1,0,25.8591,0,0,0.1,0.1,0.15,1
43.7,2,0,26.7007,0,0,0.1,0.1,0.15,1
43.7,3,0,27.1028,0,0,0.1,0.1,0.15,1
43.7,4,0,26.1366,0,0,0.1,0.1,0.15,1
43.7,5,0,25.918,0,0,0.1,0.1,0.15,1
43.7,6,0.499604,79.1992,1,1,19.8838,19.8838,17.198,1
43.7,7,0.9,70.2934,1,1,19.7716,19.7716,17.1001,1
43.8,0,0,25.963,0,0,0.1,0.1,0.15,1
43.8,1,0,25.8561,0,0,0.1,0.1,0.15,1
43.8,2,0,26.6837,0,0,0.1,0.1,0.15,1
43.8,3,0,27.079,0,0,0.1,0.1,0.15,1
43.8,4,0,26.129,0,0,0.1,0.1,0.15,1
43.8,5,0,25.914,0,0,0.1,0.1,0.15,1
43.8,6,0.498719,79.5503,1,1,19.3409,19.3409,16.725,1
43.8,7,0.9,70.5944,1,1,16.2514,16.2514,14.0788,1
43.9,0,0,25.9582,0,0,0.1,0.1,0.15,1
43.9,1,0,25.8531,0,0,0.1,0.1,0.15,1
43.9,2,0,26.6668,0,0,0.1,0.1,0.15,1
43.9,3,0,27.0556,0,0,0.1,0.1,0.15,1
43.9,4,0,26.1214,0,0,0.1,0.1,0.15,1
43.9,5,0,25.91,0,0,0.1,0.1,0.15,1
43.9,6,0.497917,79.7777,1,1,17.519,17.519,15.1548,1
43.9,7,0.9,70.7543,1,1,14.0734,14.0734,12.2643,1
44,0,0,25.9535,0,0,0.1,0.1,0.15,1
44,1,0,25.8501,0,0,0.1,0.1,0.15,1
44,2,0,26.6503,0,0,0.1,0.1,0.15,1
44,3,0,27.0326,0,0,0.1,0.1,0.15,1
44,4,0,26.1139,0,0,0.1,0.1,0.15,1
44,5,0,25.9061,0,0,0.1,0.1,0.15,1
44,6,0.497351,79.6682,1,1,12.1641,12.1641,10.7128,1
44,7,0.9,71.0318,1,1,16.0004,16.0004,13.8674,1
44.1,0,0,25.9489,0,0,0.1,0.1,0.15,1
44.1,1,0,25.8472,0,0,0.1,0.1,0.15,1
44.1,2,0,26.6341,0,0,0.1,0.1,0.15,1
44.1,3,0,27.0099,0,0,0.1,0.1,0.15,1
44.1,4,0,26.1066,0,0,0.1,0.1,0.15,1
44.1,5,0,25.9022,0,0,0.1,0.1,0.15,1
44.1,6,0.496586,79.8415,1,1,16.7005,16.7005,14.4585,1
44.1,7,0.9,71.2101,1,1,14.4888,14.4888,12.6068,1
44.2,0,0,25.9443,0,0,0.1,0.1,0.15,1
44.2,1,0,25.8443,0,0,0.1,0.1,0.15,1
44.2,2,0,26.6181,0,0,0.1,0.1,0.15,1
44.2,3,0,26.9877,0,0,0.1,0.1,0.15,1
44.2,4,0,26.0994,0,0,0.1,0.1,0.15,1
44.2,5,0,25.8984,0,0,0.1,0.1,0.15,1
44.2,6,0.49588,79.9272,1,1,15.3596,15.3596,13.3304,1
44.2,7,0.9,71.4162,1,1,14.9824,14.9824,13.016,1
44.3,0,0,25.9398,0,0,0.1,0.1,0.15,1
44.3,1,0,25.8415,0,0,0.1,0.1,0.15,1
44.3,2,0,26.6024,0,0,0.1,0.1,0.15,1
44.3,3,0,26.9658,0,0,0.1,0.1,0.15,1
44.3,4,0,26.0924,0,0,0.1,0.1,0.15,1
44.3,5,0,25.8947,0,0,0.1,0.1,0.15,1
44.3,6,0.495396,79.6983,1,1,10.1912,10.1912,9.15321,1
44.3,7,0.9,71.5784,1,1,14.3328,14.3328,12.4779,1
44.4,0,0,25.9354,0,0,0.1,0.1,0.15,1
44.4,1,0,25.8387,0,0,0.1,0.1,0.15,1
44.4,2,0,26.5869,0,0,0.1,0.1,0.15,1
44.4,3,0,26.9443,0,0,0.1,0.1,0.15,1
44.4,4,0,26.0854,0,0,0.1,0.1,0.15,1
44.4,5,0,25.891,0,0,0.1,0.1,0.15,1
44.4,6,0.494835,79.5812,1,1,12.0168,12.0168,10.5948,1
44.4,7,0.9,71.8165,1,1,15.5924,15.5924,13.5251,1
44.5,0,0,25.9311,0,0,0.1,0.1,0.15,1
44.5,1,0,25.836,0,0,0.1,0.1,0.15,1
44.5,2,0,26.5717,0,0,0.1,0.1,0.15,1
44.5,3,0,26.9231,0,0,0.1,0.1,0.15,1
44.5,4,0,26.0786,0,0,0.1,0.1,0.15,1
44.5,5,0,25.8874,0,0,0.1,0.1,0.15,1
44.5,6,0.494185,79.5938,1,1,14.1121,14.1121,12.2961,1
44.5,7,0.9,71.9401,1,1,13.8144,13.8144,12.0516,1
44.6,0,0,25.9268,0,0,0.1,0.1,0.15,1
44.6,1,0,25.8333,0,0,0.1,0.1,0.15,1
44.6,2,0,26.5568,0,0,0.1,0.1,0.15,1
44.6,3,0,26.9023,0,0,0.1,0.1,0.15,1
44.6,4,0,26.0718,0,0,0.1,0.1,0.15,1
44.6,5,0,25.8839,0,0,0.1,0.1,0.15,1
44.6,6,0.493706,79.3625,1,1,10.0566,10.0566,9.04855,1
44.6,7,0.9,72.0542,1,1,13.6944,13.6944,11.9533,1
44.7,0,0,25.9226,0,0,0.1,0.1,0.15,1
44.7,1,0,25.8307,0,0,0.1,0.1,0.15,1
44.7,2,0,26.5421,0,0,0.1,0.1,0.15,1
44.7,3,0,26.8819,0,0,0.1,0.1,0.15,1
44.7,4,0,26.0652,0,0,0.1,0.1,0.15,1
44.7,5,0,25.8804,0,0,0.1,0.1,0.15,1
44.7,6,0.493276,79.0664,1,1,8.86434,8.86434,8.13249,1
44.7,7,0.9,72.2979,1,1,15.8069,15.8069,13.7048,1
44.8,0,0,25.9185,0,0,0.1,0.1,0.15,1
44.8,1,0,25.8281,0,0,0.1,0.1,0.15,1
44.8,2,0,26.5276,0,0,0.1,0.1,0.15,1
44.8,3,0,26.8618,0,0,0.1,0.1,0.15,1
44.8,4,0,26.0587,0,0,0.1,0.1,0.15,1
44.8,5,0,25.877,0,0,0.1,0.1,0.15,1
44.8,6,0.492643,79.0618,1,1,13.6942,13.6942,11.9531,1
44.8,7,0.9,72.4535,1,1,14.4642,14.4642,12.5865,1
44.9,0,0,25.9144,0,0,0.1,0.1,0.15,1
44.9,1,0,25.8255,0,0,0.1,0.1,0.15,1
44.9,2,0,26.5134,0,0,0.1,0.1,0.15,1
44.9,3,0,26.842,0,0,0.1,0.1,0.15,1
44.9,4,0,26.0523,0,0,0.1,0.1,0.15,1
44.9,5,0,25.8736,0,0,0.1,0.1,0.15,1
44.9,6,0.492008,79.0621,1,1,13.7733,13.7733,12.0178,1
44.9,7,0.9,72.8239,1,1,17.9026,17.9026,15.4832,1
45,0,0,25.9104,0,0,0.1,0.1,0.15,1
45,1,0,25.823,0,0,0.1,0.1,0.15,1
45,2,0,26.4994,0,0,0.1,0.1,0.15,1
45,3,0,26.8225,0,0,0.1,0.1,0.15,1
45,4,0,26.046,0,0,0.1,0.1,0.15,1
45,5,0,25.8703,0,0,0.1,0.1,0.15,1
45,6,0.491524,78.8466,1,1,10.1758,10.1758,9.14124,1
45,7,0.9,72.9904,1,1,14.7802,14.7802,12.8482,1
45.1,0,0,25.9065,0,0,0.1,0.1,0.15,1
45.1,1,0,25.8205,0,0,0.1,0.1,0.15,1
45.1,2,0,26.4857,0,0,0.1,0.1,0.15,1
45.1,3,0,26.8034,0,0,0.1,0.1,0.15,1
45.1,4,0,26.0399,0,0,0.1,0.1,0.15,1
45.1,5,0,25.8671,0,0,0.1,0.1,0.15,1
45.1,6,0.490944,78.7718,1,1,12.4806,12.4806,10.9673,1
45.1,7,0.9,73.2708,1,1,16.6342,16.6342,14.4023,1
45.2,0,0,25.9026,0,0,0.1,0.1,0.15,1
45.2,1,0,25.8181,0,0,0.1,0.1,0.15,1
45.2,2,0,26.4722,0,0,0.1,0.1,0.15,1
45.2,3,0,26.7846,0,0,0.1,0.1,0.15,1
45.2,4,0,26.0338,0,0,0.1,0.1,0.15,1
45.2,5,0,25.8639,0,0,0.1,0.1,0.15,1
45.2,6,0.490373,78.6843,1,1,12.2513,12.2513,10.7828,1
45.2,7,0.9,73.3563,1,1,13.5888,13.5888,11.8669,1
45.3,0,0,25.8989,0,0,0.1,0.1,0.15,1
45.3,1,0,25.8157,0,0,0.1,0.1,0.15,1
45.3,2,0,26.4589,0,0,0.1,0.1,0.15,1
45.3,3,0,26.7661,0,0,0.1,0.1,0.15,1
45.3,4,0,26.0278,0,0,0.1,0.1,0.15,1
45.3,5,0,25.8607,0,0,0.1,0.1,0.15,1
45.3,6,0.489922,78.4291,1,1,9.38109,9.38109,8.52712,1
45.3,7,0.9,73.5102,1,1,14.7202,14.7202,12.7984,1
45.4,0,0,25.8951,0,0,0.1,0.1,0.15,1
45.4,1,0,25.8134,0,0,0.1,0.1,0.15,1
45.4,2,0,26.4458,0,0,0.1,0.1,0.15,1
45.4,3,0,26.7479,0,0,0.1,0.1,0.15,1
45.4,4,0,26.0219,0,0,0.1,0.1,0.15,1
45.4,5,0,25.8576,0,0,0.1,0.1,0.15,1
45.4,6,0.48945,78.2079,1,1,9.89607,9.89607,8.9241,1
45.4,7,0.9,73.788,1,1,16.7298,16.7298,14.4833,1
45.5,0,0,25.8915,0,0,0.1,0.1,0.15,1
45.5,1,0,25.8111,0,0,0.1,0.1,0.15,1
45.5,2,0,26.433,0,0,0.1,0.1,0.15,1
45.5,3,0,26.73,0,0,0.1,0.1,0.15,1
45.5,4,0,26.0161,0,0,0.1,0.1,0.15,1
45.5,5,0,25.8546,0,0,0.1,0.1,0.15,1
45.5,6,0.489059,77.8745,1,1,7.86343,7.86343,7.37938,1
45.5,7,0.9,74.0768,1,1,16.9766,16.9766,14.6927,1
45.6,0,0,25.8878,0,0,0.1,0.1,0.15,1
45.6,1,0,25.8088,0,0,0.1,0.1,0.15,1
45.6,2,0,26.4203,0,0,0.1,0.1,0.15,1
45.6,3,0,26.7125,0,0,0.1,0.1,0.15,1
45.6,4,0,26.0104,0,0,0.1,0.1,0.15,1
45.6,5,0,25.8516,0,0,0.1,0.1,0.15,1
45.6,6,0.488562,77.6979,1,1,10.5012,10.5012,9.39505,1
45.6,7,0.9,74.4044,1,1,17.659,17.659,15.2745,1
45.7,0,0,25.8843,0,0,0.1,0.1,0.15,1
45.7,1,0,25.8066,0,0,0.1,0.1,0.15,1
45.7,2,0,26.4079,0,0,0.1,0.1,0.15,1
45.7,3,0,26.6952,0,0,0.1,0.1,0.15,1
45.7,4,0,26.0049,0,0,0.1,0.1,0.15,1
45.7,5,0,25.8486,0,0,0.1,0.1,0.15,1
45.7,6,0.487979,77.6468,1,1,12.5578,12.5578,11.0295,1
45.7,7,0.9,74.7235,1,1,17.6101,17.6101,15.2326,1
45.8,0,0,25.8808,0,0,0.1,0.1,0.15,1
45.8,1,0,25.8044,0,0,0.1,0.1,0.15,1
45.8,2,0,26.3957,0,0,0.1,0.1,0.15,1
45.8,3,0,26.6782,0,0,0.1,0.1,0.15,1
45.8,4,0,25.9994,0,0,0.1,0.1,0.15,1
45.8,5,0,25.8457,0,0,0.1,0.1,0.15,1
45.8,6,0.487584,77.329,1,1,7.97332,7.97332,7.46131,1
45.8,7,0.9,74.74,1,1,12.8551,12.8551,11.2698,1
45.9,0,0,25.8774,0,0,0.1,0.1,0.15,1
45.9,1,0,25.8022,0,0,0.1,0.1,0.15,1
45.9,2,0,26.3837,0,0,0.1,0.1,0.15,1
45.9,3,0,26.6614,0,0,0.1,0.1,0.15,1
45.9,4,0,25.994,0,0,0.1,0.1,0.15,1
45.9,5,0,25.8429,0,0,0.1,0.1,0.15,1
45.9,6,0.487095,77.1503,1,1,10.3102,10.3102,9.24587,1
45.9,7,0.9,74.7752,1,1,13.1679,13.1679,11.5236,1
46,0,0,25.874,0,0,0.1,0.1,0.15,1
46,1,0,25.8001,0,0,0.1,0.1,0.15,1
46,2,0,26.3719,0,0,0.1,0.1,0.15,1
46,3,0,26.645,0,0,0.1,0.1,0.15,1
46,4,0,25.9886,0,0,0.1,0.1,0.15,1
46,5,0,25.8401,0,0,0.1,0.1,0.15,1
46,6,0.486641,76.9236,1,1,9.43223,9.43223,8.56637,1
46,7,0.9,74.9915,1,1,16.0916,16.0916,13.9442,1
46.1,0,0,25.8707,0,0,0.1,0.1,0.15,1
46.1,1,0,25.798,0,0,0.1,0.1,0.15,1
46.1,2,0,26.3603,0,0,0.1,0.1,0.15,1
46.1,3,0,26.6288,0,0,0.1,0.1,0.15,1
46.1,4,0,25.9834,0,0,0.1,0.1,0.15,1
46.1,5,0,25.8374,0,0,0.1,0.1,0.15,1
46.1,6,0.486037,76.915,1,1,13.0455,13.0455,11.4242,1
46.1,7,0.9,75.3128,1,1,17.7986,17.7986,15.394,1
46.2,0,0,25.8674,0,0,0.1,0.1,0.15,1
46.2,1,0,25.796,0,0,0.1,0.1,0.15,1
46.2,2,0,26.3488,0,0,0.1,0.1,0.15,1
46.2,3,0,26.6129,0,0,0.1,0.1,0.15,1
46.2,4,0,25.9783,0,0,0.1,0.1,0.15,1
46.2,5,0,25.8346,0,0,0.1,0.1,0.15,1
46.2,6,0.485648,76.6012,1,1,7.82712,7.82712,7.35236,1
46.2,7,0.9,75.442,1,1,14.8459,14.8459,12.9026,1
46.3,0,0,25.8642,0,0,0.1,0.1,0.15,1
46.3,1,0,25.794,0,0,0.1,0.1,0.15,1
46.3,2,0,26.3376,0,0,0.1,0.1,0.15,1
46.3,3,0,26.5973,0,0,0.1,0.1,0.15,1
46.3,4,0,25.9732,0,0,0.1,0.1,0.15,1
46.3,5,0,25.832,0,0,0.1,0.1,0.15,1
46.3,6,0.485042,76.6001,1,1,13.08,13.08,11.4522,1
46.3,7,0.9,75.4866,1,1,13.512,13.512,11.804,1
46.4,0,0,25.8611,0,0,0.1,0.1,0.15,1
46.4,1,0,25.792,0,0,0.1,0.1,0.15,1
46.4,2,0,26.3266,0,0,0.1,0.1,0.15,1
46.4,3,0,26.5819,0,0,0.1,0.1,0.15,1
46.4,4,0,25.9682,0,0,0.1,0.1,0.15,1
46.4,5,0,25.8294,0,0,0.1,0.1,0.15,1
46.4,6,0.484476,76.542,1,1,12.1381,12.1381,10.692,1
46.4,7,0.9,75.7213,1,1,16.5707,16.5707,14.3486,1
46.5,0,0,25.858,0,0,0.1,0.1,0.15,1
46.5,1,0,25.79,0,0,0.1,0.1,0.15,1
46.5,2,0,26.3157,0,0,0.1,0.1,0.15,1
46.5,3,0,26.5668,0,0,0.1,0.1,0.15,1
46.5,4,0,25.9634,0,0,0.1,0.1,0.15,1
46.5,5,0,25.8268,0,0,0.1,0.1,0.15,1
46.5,6,0.484091,76.229,1,1,7.72989,7.72989,7.28008,1
46.5,7,0.9,76.0449,1,1,18.0229,18.0229,15.5864,1
46.6,0,0,25.8549,0,0,0.1,0.1,0.15,1
46.6,1,0,25.7881,0,0,0.1,0.1,0.15,1
46.6,2,0,26.305,0,0,0.1,0.1,0.15,1
46.6,3,0,26.552,0,0,0.1,0.1,0.15,1
46.6,4,0,25.9586,0,0,0.1,0.1,0.15,1
46.6,5,0,25.8243,0,0,0.1,0.1,0.15,1
46.6,6,0.483799,75.7897,1,1,5.29781,5.29781,5.52716,1
46.6,7,0.9,76.5049,1,1,20.2031,20.2031,17.4772,1
46.7,0,0,25.8519,0,0,0.1,0.1,0.15,1
46.7,1,0,25.7862,0,0,0.1,0.1,0.15,1
46.7,2,0,26.2945,0,0,0.1,0.1,0.15,1
46.7,3,0,26.5373,0,0,0.1,0.1,0.15,1
46.7,4,0,25.9538,0,0,0.1,0.1,0.15,1
46.7,5,0,25.8218,0,0,0.1,0.1,0.15,1
46.7,6,0.483391,75.5206,1,1,8.29134,8.29134,7.69947,1
46.7,7,0.9,76.8446,1,1,18.4736,18.4736,15.9742,1
46.8,0,0,25.849,0,0,0.1,0.1,0.15,1
46.8,1,0,25.7844,0,0,0.1,0.1,0.15,1
46.8,2,0,26.2842,0,0,0.1,0.1,0.15,1
46.8,3,0,26.523,0,0,0.1,0.1,0.15,1
46.8,4,0,25.9492,0,0,0.1,0.1,0.15,1
46.8,5,0,25.8193,0,0,0.1,0.1,0.15,1
46.8,6,0.482779,75.546,1,1,13.2189,13.2189,11.5651,1
46.8,7,0.9,77.0531,1,1,16.5151,16.5151,14.3015,1
46.9,0,0,25.8461,0,0,0.1,0.1,0.15,1
46.9,1,0,25.7825,0,0,0.1,0.1,0.15,1
46.9,2,0,26.2741,0,0,0.1,0.1,0.15,1
46.9,3,0,26.5088,0,0,0.1,0.1,0.15,1
46.9,4,0,25.9446,0,0,0.1,0.1,0.15,1
46.9,5,0,25.8169,0,0,0.1,0.1,0.15,1
46.9,6,0.482459,75.1578,1,1,6.04788,6.04788,6.05571,1
46.9,7,0.9,77.2509,1,1,16.3996,16.3996,14.2039,1
47,0,0,25.8432,0,0,0.1,0.1,0.15,1
47,1,0,25.7807,0,0,0.1,0.1,0.15,1
47,2,0,26.2641,0,0,0.1,0.1,0.15,1
47,3,0,26.4949,0,0,0.1,0.1,0.15,1
47,4,0,25.9401,0,0,0.1,0.1,0.15,1
47,5,0,25.8146,0,0,0.1,0.1,0.15,1
47,6,0.481951,75.0424,1,1,10.7733,10.7733,9.60838,1
47,7,0.9,77.4362,1,1,16.2558,16.2558,14.0825,1
47.1,0,0,25.8404,0,0,0.1,0.1,0.15,1
47.1,1,0,25.779,0,0,0.1,0.1,0.15,1
47.1,2,0,26.2542,0,0,0.1,0.1,0.15,1
47.1,3,0,26.4813,0,0,0.1,0.1,0.15,1
47.1,4,0,25.9357,0,0,0.1,0.1,0.15,1
47.1,5,0,25.8122,0,0,0.1,0.1,0.15,1
47.1,6,0.481625,74.6701,1,1,6.18796,6.18796,6.1557,1
47.1,7,0.9,77.3807,1,1,12.4125,12.4125,10.9124,1
47.2,0,0,25.8377,0,0,0.1,0.1,0.15,1
47.2,1,0,25.7773,0,0,0.1,0.1,0.15,1
47.2,2,0,26.2446,0,0,0.1,0.1,0.15,1
47.2,3,0,26.4678,0,0,0.1,0.1,0.15,1
47.2,4,0,25.9314,0,0,0.1,0.1,0.15,1
47.2,5,0,25.8099,0,0,0.1,0.1,0.15,1
47.2,6,0.481007,74.7174,1,1,13.3468,13.3468,11.6692,1
47.2,7,0.9,77.4383,1,1,14.2488,14.2488,12.4087,1
47.3,0,0,25.8349,0,0,0.1,0.1,0.15,1
47.3,1,0,25.7755,0,0,0.1,0.1,0.15,1
47.3,2,0,26.2351,0,0,0.1,0.1,0.15,1
47.3,3,0,26.4546,0,0,0.1,0.1,0.15,1
47.3,4,0,25.9271,0,0,0.1,0.1,0.15,1
47.3,5,0,25.8077,0,0,0.1,0.1,0.15,1
47.3,6,0.480154,75.0982,1,1,18.6482,18.6482,16.1248,1
47.3,7,0.9,77.631,1,1,16.4208,16.4208,14.2218,1
47.4,0,0,25.8323,0,0,0.1,0.1,0.15,1
47.4,1,0,25.7739,0,0,0.1,0.1,0.15,1
47.4,2,0,26.2258,0,0,0.1,0.1,0.15,1
47.4,3,0,26.4416,0,0,0.1,0.1,0.15,1
47.4,4,0,25.9229,0,0,0.1,0.1,0.15,1
47.4,5,0,25.8055,0,0,0.1,0.1,0.15,1
47.4,6,0.479741,74.8494,1,1,8.44559,8.44559,7.81556,1
47.4,7,0.9,77.8692,1,1,17.1873,17.1873,14.8719,1
47.5,0,0,25.8297,0,0,0.1,0.1,0.15,1
47.5,1,0,25.7722,0,0,0.1,0.1,0.15,1
47.5,2,0,26.2166,0,0,0.1,0.1,0.15,1
47.5,3,0,26.4288,0,0,0.1,0.1,0.15,1
47.5,4,0,25.9187,0,0,0.1,0.1,0.15,1
47.5,5,0,25.8033,0,0,0.1,0.1,0.15,1
47.5,6,0.479312,74.6261,1,1,8.82239,8.82239,8.10063,1
47.5,7,0.9,78.2309,1,1,19.1642,19.1642,16.5715,1
47.6,0,0,25.8271,0,0,0.1,0.1,0.15,1
47.6,1,0,25.7706,0,0,0.1,0.1,0.15,1
47.6,2,0,26.2076,0,0,0.1,0.1,0.15,1
47.6,3,0,26.4163,0,0,0.1,0.1,0.15,1
47.6,4,0,25.9147,0,0,0.1,0.1,0.15,1
47.6,5,0,25.8012,0,0,0.1,0.1,0.15,1
47.6,6,0.478822,74.4933,1,1,10.3251,10.3251,9.25749,1
47.6,7,0.9,78.4389,1,1,16.8697,16.8697,14.6019,1
47.7,0,0,25.8245,0,0,0.1,0.1,0.15,1
47.7,1,0,25.769,0,0,0.1,0.1,0.15,1
47.7,2,0,26.1987,0,0,0.1,0.1,0.15,1
47.7,3,0,26.4039,0,0,0.1,0.1,0.15,1
47.7,4,0,25.9107,0,0,0.1,0.1,0.15,1
47.7,5,0,25.7991,0,0,0.1,0.1,0.15,1
47.7,6,0.478156,74.6131,1,1,14.4757,14.4757,12.596,1
47.7,7,0.9,78.9679,1,1,21.8489,21.8489,18.9285,1
47.8,0,0,25.8221,0,0,0.1,0.1,0.15,1
47.8,1,0,25.7674,0,0,0.1,0.1,0.15,1
47.8,2,0,26.19,0,0,0.1,0.1,0.15,1
47.8,3,0,26.3918,0,0,0.1,0.1,0.15,1
47.8,4,0,25.9068,0,0,0.1,0.1,0.15,1
47.8,5,0,25.797,0,0,0.1,0.1,0.15,1
47.8,6,0.477502,74.7137,1,1,14.1971,14.1971,12.3661,1
47.8,7,0.9,79.1537,1,1,16.7153,16.7153,14.471,1
47.9,0,0,25.8196,0,0,0.1,0.1,0.15,1
47.9,1,0,25.7659,0,0,0.1,0.1,0.15,1
47.9,2,0,26.1814,0,0,0.1,0.1,0.15,1
47.9,3,0,26.3798,0,0,0.1,0.1,0.15,1
47.9,4,0,25.9029,0,0,0.1,0.1,0.15,1
47.9,5,0,25.795,0,0,0.1,0.1,0.15,1
47.9,6,0.476795,74.8871,1,1,15.3953,15.3953,13.3602,1
47.9,7,0.9,79.5561,1,1,20.1137,20.1137,17.3989,1
48,0,0,25.8172,0,0,0.1,0.1,0.15,1
48,1,0,25.7644,0,0,0.1,0.1,0.15,1
48,2,0,26.1729,0,0,0.1,0.1,0.15,1
48,3,0,26.3681,0,0,0.1,0.1,0.15,1
48,4,0,25.8991,0,0,0.1,0.1,0.15,1
48,5,0,25.793,0,0,0.1,0.1,0.15,1
48,6,0.476076,75.0743,1,1,15.6592,15.6592,13.581,1
48,7,0.9,79.5631,1,1,14.0154,14.0154,12.2166,1
48.1,0,0,25.8148,0,0,0.1,0.1,0.15,1
48.1,1,0,25.7629,0,0,0.1,0.1,0.15,1
48.1,2,0,26.1646,0,0,0.1,0.1,0.15,1
48.1,3,0,26.3565,0,0,0.1,0.1,0.15,1
48.1,4,0,25.8954,0,0,0.1,0.1,0.15,1
48.1,5,0,25.791,0,0,0.1,0.1,0.15,1
48.1,6,0.475646,74.8498,1,1,8.86748,8.86748,8.13488,1
48.1,7,0.9,79.7905,1,1,17.5218,17.5218,15.1572,1
48.2,0,0,25.8125,0,0,0.1,0.1,0.15,1
48.2,1,0,25.7614,0,0,0.1,0.1,0.15,1
48.2,2,0,26.1565,0,0,0.1,0.1,0.15,1
48.2,3,0,26.3452,0,0,0.1,0.1,0.15,1
48.2,4,0,25.8917,0,0,0.1,0.1,0.15,1
48.2,5,0,25.7891,0,0,0.1,0.1,0.15,1
48.2,6,0.475175,74.6863,1,1,9.86193,9.86193,8.89767,1
48.2,7,0.9,80.0167,1,1,17.562,17.562,15.1916,1
48.3,0,0,25.8102,0,0,0.1,0.1,0.15,1
48.3,1,0,25.76,0,0,0.1,0.1,0.15,1
48.3,2,0,26.1485,0,0,0.1,0.1,0.15,1
48.3,3,0,26.334,0,0,0.1,0.1,0.15,1
48.3,4,0,25.8881,0,0,0.1,0.1,0.15,1
48.3,5,0,25.7872,0,0,0.1,0.1,0.15,1
48.3,6,0.474532,74.7691,1,1,13.9281,13.9281,12.1449,1
48.3,7,0.9,80.0927,1,1,15.2506,15.2506,13.2394,1
48.4,0,0,25.808,0,0,0.1,0.1,0.15,1
48.4,1,0,25.7586,0,0,0.1,0.1,0.15,1
48.4,2,0,26.1406,0,0,0.1,0.1,0.15,1
48.4,3,0,26.323,0,0,0.1,0.1,0.15,1
48.4,4,0,25.8845,0,0,0.1,0.1,0.15,1
48.4,5,0,25.7853,0,0,0.1,0.1,0.15,1
48.4,6,0.473945,74.7717,1,1,12.6393,12.6393,11.0952,1
48.4,7,0.9,80.2188,1,1,16.0689,16.0689,13.9251,1
48.5,0,0,25.8057,0,0,0.1,0.1,0.15,1
48.5,1,0,25.7572,0,0,0.1,0.1,0.15,1
48.5,2,0,26.1328,0,0,0.1,0.1,0.15,1
48.5,3,0,26.3122,0,0,0.1,0.1,0.15,1
48.5,4,0,25.881,0,0,0.1,0.1,0.15,1
48.5,5,0,25.7835,0,0,0.1,0.1,0.15,1
48.5,6,0.47334,74.7997,1,1,13.0565,13.0565,11.4331,1
48.5,7,0.9,80.3063,1,1,15.487,15.487,13.4369,1
48.6,0,0,25.8036,0,0,0.1,0.1,0.15,1
48.6,1,0,25.7558,0,0,0.1,0.1,0.15,1
48.6,2,0,26.1252,0,0,0.1,0.1,0.15,1
48.6,3,0,26.3016,0,0,0.1,0.1,0.15,1
48.6,4,0,25.8776,0,0,0.1,0.1,0.15,1
48.6,5,0,25.7817,0,0,0.1,0.1,0.15,1
48.6,6,0.472694,74.8862,1,1,14.0202,14.0202,12.2205,1
48.6,7,0.9,80.5162,1,1,17.4414,17.4414,15.0886,1
48.7,0,0,25.8014,0,0,0.1,0.1,0.15,1
48.7,1,0,25.7545,0,0,0.1,0.1,0.15,1
48.7,2,0,26.1177,0,0,0.1,0.1,0.15,1
48.7,3,0,26.2912,0,0,0.1,0.1,0.15,1
48.7,4,0,25.8742,0,0,0.1,0.1,0.15,1
48.7,5,0,25.7799,0,0,0.1,0.1,0.15,1
48.7,6,0.472049,74.9693,1,1,13.9876,13.9876,12.1937,1
48.7,7,0.9,80.8456,1,1,19.3461,19.3461,16.7295,1
48.8,0,0,25.7993,0,0,0.1,0.1,0.15,1
48.8,1,0,25.7531,0,0,0.1,0.1,0.15,1
48.8,2,0,26.1103,0,0,0.1,0.1,0.15,1
48.8,3,0,26.2809,0,0,0.1,0.1,0.15,1
48.8,4,0,25.8709,0,0,0.1,0.1,0.15,1
48.8,5,0,25.7781,0,0,0.1,0.1,0.15,1
48.8,6,0.471579,74.8017,1,1,9.82538,9.82538,8.86939,1
48.8,7,0.9,80.9524,1,1,15.96,15.96,13.8334,1
48.9,0,0,25.7972,0,0,0.1,0.1,0.15,1
48.9,1,0,25.7518,0,0,0.1,0.1,0.15,1
48.9,2,0,26.103,0,0,0.1,0.1,0.15,1
48.9,3,0,26.2708,0,0,0.1,0.1,0.15,1
48.9,4,0,25.8676,0,0,0.1,0.1,0.15,1
48.9,5,0,25.7764,0,0,0.1,0.1,0.15,1
48.9,6,0.471197,74.5131,1,1,7.64724,7.64724,7.21878,1
48.9,7,0.9,81.277,1,1,19.3838,19.3838,16.7623,1
49,0,0,25.7952,0,0,0.1,0.1,0.15,1
49,1,0,25.7506,0,0,0.1,0.1,0.15,1
49,2,0,26.0959,0,0,0.1,0.1,0.15,1
49,3,0,26.2609,0,0,0.1,0.1,0.15,1
49,4,0,25.8644,0,0,0.1,0.1,0.15,1
49,5,0,25.7747,0,0,0.1,0.1,0.15,1
49,6,0.470744,74.3301,1,1,9.42861,9.42861,8.5636,1
49,7,0.9,81.4422,1,1,16.995,16.995,14.7083,1
49.1,0,0,25.7932,0,0,0.1,0.1,0.15,1
49.1,1,0,25.7493,0,0,0.1,0.1,0.15,1
49.1,2,0,26.0889,0,0,0.1,0.1,0.15,1
49.1,3,0,26.2511,0,0,0.1,0.1,0.15,1
49.1,4,0,25.8613,0,0,0.1,0.1,0.15,1
49.1,5,0,25.7731,0,0,0.1,0.1,0.15,1
49.1,6,0.470191,74.2917,1,1,11.8363,11.8363,10.4505,1
49.1,7,0.9,81.7356,1,1,19.0308,19.0308,16.4558,1
49.2,0,0,25.7912,0,0,0.1,0.1,0.15,1
49.2,1,0,25.7481,0,0,0.1,0.1,0.15,1
49.2,2,0,26.082,0,0,0.1,0.1,0.15,1
49.2,3,0,26.2415,0,0,0.1,0.1,0.15,1
49.2,4,0,25.8582,0,0,0.1,0.1,0.15,1
49.2,5,0,25.7714,0,0,0.1,0.1,0.15,1
49.2,6,0.46955,74.3789,1,1,13.8926,13.8926,12.1157,1
49.2,7,0.9,81.9514,1,1,17.9046,17.9046,15.4848,1
49.3,0,0,25.7893,0,0,0.1,0.1,0.15,1
49.3,1,0,25.7468,0,0,0.1,0.1,0.15,1
49.3,2,0,26.0752,0,0,0.1,0.1,0.15,1
49.3,3,0,26.2321,0,0,0.1,0.1,0.15,1
49.3,4,0,25.8551,0,0,0.1,0.1,0.15,1
49.3,5,0,25.7698,0,0,0.1,0.1,0.15,1
49.3,6,0.468877,74.5097,1,1,14.6225,14.6225,12.7174,1
49.3,7,0.9,81.7706,1,1,11.5788,11.5788,10.2452,1
49.4,0,0,25.7874,0,0,0.1,0.1,0.15,1
49.4,1,0,25.7456,0,0,0.1,0.1,0.15,1
49.4,2,0,26.0685,0,0,0.1,0.1,0.15,1
49.4,3,0,26.2228,0,0,0.1,0.1,0.15,1
49.4,4,0,25.8521,0,0,0.1,0.1,0.15,1
49.4,5,0,25.7682,0,0,0.1,0.1,0.15,1
49.4,6,0.468263,74.5552,1,1,13.2733,13.2733,11.6094,1
49.4,7,0.9,81.7731,1,1,14.5388,14.5388,12.6482,1
49.5,0,0,25.7855,0,0,0.1,0.1,0.15,1
49.5,1,0,25.7445,0,0,0.1,0.1,0.15,1
49.5,2,0,26.062,0,0,0.1,0.1,0.15,1
49.5,3,0,26.2136,0,0,0.1,0.1,0.15,1
49.5,4,0,25.8492,0,0,0.1,0.1,0.15,1
49.5,5,0,25.7667,0,0,0.1,0.1,0.15,1
49.5,6,0.467777,74.4178,1,1,10.225,10.225,9.17952,1
49.5,7,0.9,82.0547,1,1,18.9337,18.9337,16.3717,1
49.6,0,0,25.7837,0,0,0.1,0.1,0.15,1
49.6,1,0,25.7433,0,0,0.1,0.1,0.15,1
49.6,2,0,26.0555,0,0,0.1,0.1,0.15,1
49.6,3,0,26.2047,0,0,0.1,0.1,0.15,1
49.6,4,0,25.8463,0,0,0.1,0.1,0.15,1
49.6,5,0,25.7652,0,0,0.1,0.1,0.15,1
49.6,6,0.466996,74.7019,1,1,17.0676,17.0676,14.7701,1
49.6,7,0.9,82.4215,1,1,20.3083,20.3083,17.5694,1
49.7,0,0,25.7819,0,0,0.1,0.1,0.15,1
49.7,1,0,25.7422,0,0,0.1,0.1,0.15,1
49.7,2,0,26.0492,0,0,0.1,0.1,0.15,1
49.7,3,0,26.1958,0,0,0.1,0.1,0.15,1
49.7,4,0,25.8434,0,0,0.1,0.1,0.15,1
49.7,5,0,25.7637,0,0,0.1,0.1,0.15,1
49.7,6,0.466094,75.152,1,1,19.7093,19.7093,17.0457,1
49.7,7,0.9,82.7183,1,1,19.3321,19.3321,16.7173,1
49.8,0,0,25.7801,0,0,0.1,0.1,0.15,1
49.8,1,0,25.7411,0,0,0.1,0.1,0.15,1
49.8,2,0,26.0429,0,0,0.1,0.1,0.15,1
49.8,3,0,26.1872,0,0,0.1,0.1,0.15,1
49.8,4,0,25.8406,0,0,0.1,0.1,0.15,1
49.8,5,0,25.7622,0,0,0.1,0.1,0.15,1
49.8,6,0.465353,75.367,1,1,16.1723,16.1723,14.0121,1
49.8,7,0.9,82.9208,1,1,17.9531,17.9531,15.5264,1
49.9,0,0,25.7783,0,0,0.1,0.1,0.15,1
49.9,1,0,25.74,0,0,0.1,0.1,0.15,1
49.9,2,0,26.0368,0,0,0.1,0.1,0.15,1
49.9,3,0,26.1786,0,0,0.1,0.1,0.15,1
49.9,4,0,25.8378,0,0,0.1,0.1,0.15,1
49.9,5,0,25.7607,0,0,0.1,0.1,0.15,1
49.9,6,0.464666,75.5005,1,1,14.9302,14.9302,12.9727,1
49.9,7,0.9,83.1362,1,1,18.2056,18.2056,15.7434,1
50,0,0,25.7766,0,0,0.1,0.1,0.15,1
50,1,0,25.7389,0,0,0.1,0.1,0.15,1
50,2,0,26.0308,0,0,0.1,0.1,0.15,1
50,3,0,26.1702,0,0,0.1,0.1,0.15,1
50,4,0,25.8351,0,0,0.1,0.1,0.15,1
50,5,0,25.7593,0,0,0.1,0.1,0.15,1
50,6,0.463984,75.6261,1,1,14.8395,14.8395,12.8974,1
50,7,0.9,83.5285,1,1,20.9693,20.9693,18.1504,1
50.1,0,0,25.7749,0,0,0.1,0.1,0.15,1
50.1,1,0,25.7378,0,0,0.1,0.1,0.15,1
50.1,2,0,26.0249,0,0,0.1,0.1,0.15,1
50.1,3,0,26.162,0,0,0.1,0.1,0.15,1
50.1,4,0,25.8325,0,0,0.1,0.1,0.15,1
50.1,5,0,25.7579,0,0,0.1,0.1,0.15,1
50.1,6,0.463395,75.6175,1,1,12.6886,12.6886,11.1351,1
50.1,7,0.9,83.8806,1,1,20.457,20.457,17.6998,1
50.2,0,0,25.7732,0,0,0.1,0.1,0.15,1
50.2,1,0,25.7368,0,0,0.1,0.1,0.15,1
50.2,2,0,26.019,0,0,0.1,0.1,0.15,1
50.2,3,0,26.1539,0,0,0.1,0.1,0.15,1
50.2,4,0,25.8298,0,0,0.1,0.1,0.15,1
50.2,5,0,25.7565,0,0,0.1,0.1,0.15,1
50.2,6,0.462869,75.5196,1,1,11.1982,11.1982,9.94333,1
50.2,7,0.9,83.2583,1,1,4.21767,4.21767,4.78822,1
50.3,0,0,25.7716,0,0,0.1,0.1,0.15,1
50.3,1,0,25.7357,0,0,0.1,0.1,0.15,1
50.3,2,0,26.0133,0,0,0.1,0.1,0.15,1
50.3,3,0,26.1459,0,0,0.1,0.1,0.15,1
50.3,4,0,25.8273,0,0,0.1,0.1,0.15,1
50.3,5,0,25.7551,0,0,0.1,0.1,0.15,1
50.3,6,0.462301,75.4824,1,1,12.1852,12.1852,10.7297,1
50.3,7,0.9,83.3729,1,1,16.7183,16.7183,14.4735,1
50.4,0,0,25.77,0,0,0.1,0.1,0.15,1
50.4,1,0,25.7347,0,0,0.1,0.1,0.15,1
50.4,2,0,26.0077,0,0,0.1,0.1,0.15,1
50.4,3,0,26.138,0,0,0.1,0.1,0.15,1
50.4,4,0,25.8247,0,0,0.1,0.1,0.15,1
50.4,5,0,25.7538,0,0,0.1,0.1,0.15,1
50.4,6,0.46202,75.0399,1,1,4.99725,4.99725,5.31877,1
50.4,7,0.9,83.6601,1,1,19.4286,19.4286,16.8012,1
50.5,0,0,25.7684,0,0,0.1,0.1,0.15,1
50.5,1,0,25.7337,0,0,0.1,0.1,0.15,1
50.5,2,0,26.0021,0,0,0.1,0.1,0.15,1
50.5,3,0,26.1303,0,0,0.1,0.1,0.15,1
50.5,4,0,25.8222,0,0,0.1,0.1,0.15,1
50.5,5,0,25.7525,0,0,0.1,0.1,0.15,1
50.5,6,0.461623,74.7682,1,1,8.02207,8.02207,7.49771,1
50.5,7,0.9,83.9966,1,1,20.2548,20.2548,17.5225,1
50.6,0,0,25.7669,0,0,0.1,0.1,0.15,1
50.6,1,0,25.7327,0,0,0.1,0.1,0.15,1
50.6,2,0,25.9967,0,0,0.1,0.1,0.15,1
50.6,3,0,26.1227,0,0,0.1,0.1,0.15,1
50.6,4,0,25.8198,0,0,0.1,0.1,0.15,1
50.6,5,0,25.7512,0,0,0.1,0.1,0.15,1
50.6,6,0.461112,74.6623,1,1,10.8233,10.8233,9.64767,1
50.6,7,0.9,84.132,1,1,17.2392,17.2392,14.9161,1
50.7,0,0,25.7653,0,0,0.1,0.1,0.15,1
50.7,1,0,25.7318,0,0,0.1,0.1,0.15,1
50.7,2,0,25.9913,0,0,0.1,0.1,0.15,1
50.7,3,0,26.1153,0,0,0.1,0.1,0.15,1
50.7,4,0,25.8174,0,0,0.1,0.1,0.15,1
50.7,5,0,25.7499,0,0,0.1,0.1,0.15,1
50.7,6,0.460651,74.488,1,1,9.6213,9.6213,8.71184,1
50.7,7,0.9,84.0099,1,1,13.1542,13.1542,11.5125,1
50.8,0,0,25.7638,0,0,0.1,0.1,0.15,1
50.8,1,0,25.7308,0,0,0.1,0.1,0.15,1
50.8,2,0,25.986,0,0,0.1,0.1,0.15,1
50.8,3,0,26.1079,0,0,0.1,0.1,0.15,1
50.8,4,0,25.815,0,0,0.1,0.1,0.15,1
50.8,5,0,25.7487,0,0,0.1,0.1,0.15,1
50.8,6,0.459986,74.6061,1,1,14.4467,14.4467,12.572,1
50.8,7,0.9,84.1831,1,1,17.8312,17.8312,15.4219,1
50.9,0,0,25.7623,0,0,0.1,0.1,0.15,1
50.9,1,0,25.7299,0,0,0.1,0.1,0.15,1
50.9,2,0,25.9808,0,0,0.1,0.1,0.15,1
50.9,3,0,26.1007,0,0,0.1,0.1,0.15,1
50.9,4,0,25.8126,0,0,0.1,0.1,0.15,1
50.9,5,0,25.7475,0,0,0.1,0.1,0.15,1
50.9,6,0.459551,74.3965,1,1,8.9914,8.9914,8.22917,1
50.9,7,0.9,84.3945,1,1,18.4701,18.4701,15.9712,1
51,0,0,25.7609,0,0,0.1,0.1,0.15,1
51,1,0,25.729,0,0,0.1,0.1,0.15,1
51,2,0,25.9757,0,0,0.1,0.1,0.15,1
51,3,0,26.0936,0,0,0.1,0.1,0.15,1
51,4,0,25.8104,0,0,0.1,0.1,0.15,1
51,5,0,25.7463,0,0,0.1,0.1,0.15,1
51,6,0.459155,74.1351,1,1,8.01264,8.01264,7.49067,1
51,7,0.9,84.6438,1,1,19.1069,19.1069,16.5218,1
51.1,0,0,25.7595,0,0,0.1,0.1,0.15,1
51.1,1,0,25.7281,0,0,0.1,0.1,0.15,1
51.1,2,0,25.9707,0,0,0.1,0.1,0.15,1
51.1,3,0,26.0866,0,0,0.1,0.1,0.15,1
51.1,4,0,25.8081,0,0,0.1,0.1,0.15,1
51.1,5,0,25.7451,0,0,0.1,0.1,0.15,1
51.1,6,0.458623,74.0691,1,1,11.3191,11.3191,10.0391,1
51.1,7,0.9,84.9619,1,1,20.2249,20.2249,17.4963,1
51.2,0,0,25.758,0,0,0.1,0.1,0.15,1
51.2,1,0,25.7272,0,0,0.1,0.1,0.15,1
51.2,2,0,25.9658,0,0,0.1,0.1,0.15,1
51.2,3,0,26.0798,0,0,0.1,0.1,0.15,1
51.2,4,0,25.8059,0,0,0.1,0.1,0.15,1
51.2,5,0,25.7439,0,0,0.1,0.1,0.15,1
51.2,6,0.458087,74.0109,1,1,11.4322,11.4322,10.1287,1
51.2,7,0.9,84.8767,1,1,13.9812,13.9812,12.1885,1
51.3,0,0,25.7567,0,0,0.1,0.1,0.15,1
51.3,1,0,25.7263,0,0,0.1,0.1,0.15,1
51.3,2,0,25.961,0,0,0.1,0.1,0.15,1
51.3,3,0,26.073,0,0,0.1,0.1,0.15,1
51.3,4,0,25.8037,0,0,0.1,0.1,0.15,1
51.3,5,0,25.7427,0,0,0.1,0.1,0.15,1
51.3,6,0.457386,74.1882,1,1,15.2688,15.2688,13.2546,1
51.3,7,0.9,85.1154,1,1,19.0685,19.0685,16.4886,1
51.4,0,0,25.7553,0,0,0.1,0.1,0.15,1
51.4,1,0,25.7255,0,0,0.1,0.1,0.15,1
51.4,2,0,25.9562,0,0,0.1,0.1,0.15,1
51.4,3,0,26.0664,0,0,0.1,0.1,0.15,1
51.4,4,0,25.8016,0,0,0.1,0.1,0.15,1
51.4,5,0,25.7416,0,0,0.1,0.1,0.15,1
51.4,6,0.456877,74.0904,1,1,10.7971,10.7971,9.62711,1
51.4,7,0.9,85.3528,1,1,19.1106,19.1106,16.525,1
51.5,0,0,25.754,0,0,0.1,0.1,0.15,1
51.5,1,0,25.7246,0,0,0.1,0.1,0.15,1
51.5,2,0,25.9515,0,0,0.1,0.1,0.15,1
51.5,3,0,26.0599,0,0,0.1,0.1,0.15,1
51.5,4,0,25.7994,0,0,0.1,0.1,0.15,1
51.5,5,0,25.7405,0,0,0.1,0.1,0.15,1
51.5,6,0.456453,73.8725,1,1,8.69384,8.69384,8.00314,1
51.5,7,0.9,85.8455,1,1,23.0278,23.0278,19.98,1
51.6,0,0,25.7526,0,0,0.1,0.1,0.15,1
51.6,1,0,25.7238,0,0,0.1,0.1,0.15,1
51.6,2,0,25.9469,0,0,0.1,0.1,0.15,1
51.6,3,0,26.0535,0,0,0.1,0.1,0.15,1
51.6,4,0,25.7974,0,0,0.1,0.1,0.15,1
51.6,5,0,25.7394,0,0,0.1,0.1,0.15,1
51.6,6,0.455856,73.9045,1,1,12.8778,12.8778,11.2882,1
51.6,7,0.9,86.0874,1,1,19.3656,19.3656,16.7465,1
51.7,0,0,25.7514,0,0,0.1,0.1,0.15,1
51.7,1,0,25.723,0,0,0.1,0.1,0.15,1
51.7,2,0,25.9424,0,0,0.1,0.1,0.15,1
51.7,3,0,26.0471,0,0,0.1,0.1,0.15,1
51.7,4,0,25.7953,0,0,0.1,0.1,0.15,1
51.7,5,0,25.7383,0,0,0.1,0.1,0.15,1
51.7,6,0.455295,73.8845,1,1,12.0246,12.0246,10.601,1
51.7,7,0.9,86.0937,1,1,15.7523,15.7523,13.6591,1
51.8,0,0,25.7501,0,0,0.1,0.1,0.15,1
51.8,1,0,25.7222,0,0,0.1,0.1,0.15,1
51.8,2,0,25.9379,0,0,0.1,0.1,0.15,1
51.8,3,0,26.0409,0,0,0.1,0.1,0.15,1
51.8,4,0,25.7933,0,0,0.1,0.1,0.15,1
51.8,5,0,25.7373,0,0,0.1,0.1,0.15,1
51.8,6,0.454733,73.8671,1,1,12.061,12.061,10.6302,1
51.8,7,0.9,86.2627,1,1,18.3057,18.3057,15.8295,1
51.9,0,0,25.7488,0,0,0.1,0.1,0.15,1
51.9,1,0,25.7214,0,0,0.1,0.1,0.15,1
51.9,2,0,25.9335,0,0,0.1,0.1,0.15,1
51.9,3,0,26.0348,0,0,0.1,0.1,0.15,1
51.9,4,0,25.7914,0,0,0.1,0.1,0.15,1
51.9,5,0,25.7362,0,0,0.1,0.1,0.15,1
51.9,6,0.454314,73.6461,1,1,8.57473,8.57473,7.91302,1
51.9,7,0.9,86.3856,1,1,17.6337,17.6337,15.2529,1
52,0,0,25.7476,0,0,0.1,0.1,0.15,1
52,1,0,25.7206,0,0,0.1,0.1,0.15,1
52,2,0,25.9292,0,0,0.1,0.1,0.15,1
52,3,0,26.0288,0,0,0.1,0.1,0.15,1
52,4,0,25.7894,0,0,0.1,0.1,0.15,1
52,5,0,25.7352,0,0,0.1,0.1,0.15,1
52,6,0.453838,73.5102,1,1,9.99272,9.99272,8.999,1
52,7,0.9,86.5756,1,1,18.7064,18.7064,16.1751,1
52.1,0,0,25.7464,0,0,0.1,0.1,0.15,1
52.1,1,0,25.7199,0,0,0.1,0.1,0.15,1
52.1,2,0,25.925,0,0,0.1,0.1,0.15,1
52.1,3,0,26.023,0,0,0.1,0.1,0.15,1
52.1,4,0,25.7875,0,0,0.1,0.1,0.15,1
52.1,5,0,25.7342,0,0,0.1,0.1,0.15,1
52.1,6,0.453546,73.1162,1,1,5.29712,5.29712,5.52667,1
52.1,7,0.9,86.3853,1,1,12.7014,12.7014,11.1455,1
52.2,0,0,25.7452,0,0,0.1,0.1,0.15,1
52.2,1,0,25.7191,0,0,0.1,0.1,0.15,1
52.2,2,0,25.9208,0,0,0.1,0.1,0.15,1
52.2,3,0,26.0172,0,0,0.1,0.1,0.15,1
52.2,4,0,25.7856,0,0,0.1,0.1,0.15,1
52.2,5,0,25.7332,0,0,0.1,0.1,0.15,1
52.2,6,0.453191,72.8164,1,1,6.93377,6.93377,6.69428,1
52.2,7,0.9,86.357,1,1,15.2798,15.2798,13.2638,1
52.3,0,0,25.744,0,0,0.1,0.1,0.15,1
52.3,1,0,25.7184,0,0,0.1,0.1,0.15,1
52.3,2,0,25.9167,0,0,0.1,0.1,0.15,1
52.3,3,0,26.0114,0,0,0.1,0.1,0.15,1
52.3,4,0,25.7838,0,0,0.1,0.1,0.15,1
52.3,5,0,25.7323,0,0,0.1,0.1,0.15,1
52.3,6,0.452856,72.4945,1,1,6.43708,6.43708,6.33444,1
52.3,7,0.9,86.3682,1,1,15.9019,15.9019,13.7847,1
52.4,0,0,25.7429,0,0,0.1,0.1,0.15,1
52.4,1,0,25.7177,0,0,0.1,0.1,0.15,1
52.4,2,0,25.9127,0,0,0.1,0.1,0.15,1
52.4,3,0,26.0058,0,0,0.1,0.1,0.15,1
52.4,4,0,25.782,0,0,0.1,0.1,0.15,1
52.4,5,0,25.7313,0,0,0.1,0.1,0.15,1
52.4,6,0.452463,72.2605,1,1,7.93628,7.93628,7.43367,1
52.4,7,0.9,86.5085,1,1,17.9317,17.9317,15.5081,1
52.5,0,0,25.7417,0,0,0.1,0.1,0.15,1
52.5,1,0,25.717,0,0,0.1,0.1,0.15,1
52.5,2,0,25.9087,0,0,0.1,0.1,0.15,1
52.5,3,0,26.0003,0,0,0.1,0.1,0.15,1
52.5,4,0,25.7802,0,0,0.1,0.1,0.15,1
52.5,5,0,25.7304,0,0,0.1,0.1,0.15,1
52.5,6,0.452143,71.9255,1,1,6.02091,6.02091,6.03651,1
52.5,7,0.9,86.7269,1,1,19.1754,19.1754,16.5812,1
52.6,0,0,25.7406,0,0,0.1,0.1,0.15,1
52.6,1,0,25.7163,0,0,0.1,0.1,0.15,1
52.6,2,0,25.9048,0,0,0.1,0.1,0.15,1
52.6,3,0,25.9949,0,0,0.1,0.1,0.15,1
52.6,4,0,25.7784,0,0,0.1,0.1,0.15,1
52.6,5,0,25.7295,0,0,0.1,0.1,0.15,1
52.6,6,0.451733,71.725,1,1,8.36451,8.36451,7.75449,1
52.6,7,0.9,86.8574,1,1,17.8712,17.8712,15.4562,1
52.7,0,0,25.7395,0,0,0.1,0.1,0.15,1
52.7,1,0,25.7156,0,0,0.1,0.1,0.15,1
52.7,2,0,25.901,0,0,0.1,0.1,0.15,1
52.7,3,0,25.9896,0,0,0.1,0.1,0.15,1
52.7,4,0,25.7767,0,0,0.1,0.1,0.15,1
52.7,5,0,25.7285,0,0,0.1,0.1,0.15,1
52.7,6,0.451303,71.5553,1,1,8.84859,8.84859,8.12052,1
52.7,7,0.9,86.6118,1,1,11.8625,11.8625,10.4714,1
52.8,0,0,25.7385,0,0,0.1,0.1,0.15,1
52.8,1,0,25.7149,0,0,0.1,0.1,0.15,1
52.8,2,0,25.8972,0,0,0.1,0.1,0.15,1
52.8,3,0,25.9843,0,0,0.1,0.1,0.15,1
52.8,4,0,25.775,0,0,0.1,0.1,0.15,1
52.8,5,0,25.7277,0,0,0.1,0.1,0.15,1
52.8,6,0.450855,71.4155,1,1,9.32182,9.32182,8.48167,1
52.8,7,0.9,86.5646,1,1,15.0377,15.0377,13.0621,1
52.9,0,0,25.7374,0,0,0.1,0.1,0.15,1
52.9,1,0,25.7142,0,0,0.1,0.1,0.15,1
52.9,2,0,25.8935,0,0,0.1,0.1,0.15,1
52.9,3,0,25.9792,0,0,0.1,0.1,0.15,1
52.9,4,0,25.7734,0,0,0.1,0.1,0.15,1
52.9,5,0,25.7268,0,0,0.1,0.1,0.15,1
52.9,6,0.450597,71.007,1,1,4.33567,4.33567,4.86755,1
52.9,7,0.9,86.2663,1,1,10.8951,10.8951,9.70419,1
53,0,0,25.7364,0,0,0.1,0.1,0.15,1
53,1,0,25.7136,0,0,0.1,0.1,0.15,1
53,2,0,25.8899,0,0,0.1,0.1,0.15,1
53,3,0,25.9741,0,0,0.1,0.1,0.15,1
53,4,0,25.7717,0,0,0.1,0.1,0.15,1
53,5,0,25.7259,0,0,0.1,0.1,0.15,1
53,6,0.450338,70.608,1,1,4.38935,4.38935,4.90376,1
53,7,0.9,86.427,1,1,18.2222,18.2222,15.7577,1
53.1,0,0,25.7353,0,0,0.1,0.1,0.15,1
53.1,1,0,25.7129,0,0,0.1,0.1,0.15,1
53.1,2,0,25.8863,0,0,0.1,0.1,0.15,1
53.1,3,0,25.9691,0,0,0.1,0.1,0.15,1
53.1,4,0,25.7701,0,0,0.1,0.1,0.15,1
53.1,5,0,25.7251,0,0,0.1,0.1,0.15,1
53.1,6,0.450119,70.1585,1,1,3.23351,3.23351,4.14183,1
53.1,7,0.9,86.5761,1,1,18.0836,18.0836,15.6385,1
53.2,0,0,25.7343,0,0,0.1,0.1,0.15,1
53.2,1,0,25.7123,0,0,0.1,0.1,0.15,1
53.2,2,0,25.8828,0,0,0.1,0.1,0.15,1
53.2,3,0,25.9642,0,0,0.1,0.1,0.15,1
53.2,4,0,25.7685,0,0,0.1,0.1,0.15,1
53.2,5,0,25.7242,0,0,0.1,0.1,0.15,1
53.2,6,0.449668,70.0443,1,1,9.36175,9.36175,8.51228,1
53.2,7,0.9,86.649,1,1,16.9322,16.9322,14.655,1
53.3,0,0,25.7333,0,0,0.1,0.1,0.15,1
53.3,1,0,25.7117,0,0,0.1,0.1,0.15,1
53.3,2,0,25.8793,0,0,0.1,0.1,0.15,1
53.3,3,0,25.9594,0,0,0.1,0.1,0.15,1
53.3,4,0,25.767,0,0,0.1,0.1,0.15,1
53.3,5,0,25.7234,0,0,0.1,0.1,0.15,1
53.3,6,0.449224,69.9232,1,1,9.20965,9.20965,8.39577,1
53.3,7,0.9,86.7939,1,1,18.0766,18.0766,15.6325,1
53.4,0,0,25.7324,0,0,0.1,0.1,0.15,1
53.4,1,0,25.7111,0,0,0.1,0.1,0.15,1
53.4,2,0,25.8759,0,0,0.1,0.1,0.15,1
53.4,3,0,25.9547,0,0,0.1,0.1,0.15,1
53.4,4,0,25.7654,0,0,0.1,0.1,0.15,1
53.4,5,0,25.7226,0,0,0.1,0.1,0.15,1
53.4,6,0.448652,69.9846,1,1,12.275,12.275,10.8019,1
53.4,7,0.9,86.8677,1,1,17.0035,17.0035,14.7155,1
53.5,0,0,25.7314,0,0,0.1,0.1,0.15,1
53.5,1,0,25.7105,0,0,0.1,0.1,0.15,1
53.5,2,0,25.8726,0,0,0.1,0.1,0.15,1
53.5,3,0,25.95,0,0,0.1,0.1,0.15,1
53.5,4,0,25.7639,0,0,0.1,0.1,0.15,1
53.5,5,0,25.7218,0,0,0.1,0.1,0.15,1
53.5,6,0.447924,70.2672,1,1,15.8783,15.8783,13.7648,1
53.5,7,0.9,86.7908,1,1,14.6283,14.6283,12.7222,1
53.6,0,0,25.7305,0,0,0.1,0.1,0.15,1
53.6,1,0,25.7099,0,0,0.1,0.1,0.15,1
53.6,2,0,25.8693,0,0,0.1,0.1,0.15,1
53.6,3,0,25.9454,0,0,0.1,0.1,0.15,1
53.6,4,0,25.7624,0,0,0.1,0.1,0.15,1
53.6,5,0,25.721,0,0,0.1,0.1,0.15,1
53.6,6,0.447347,70.3314,1,1,12.4157,12.4157,10.915,1
53.6,7,0.9,86.828,1,1,16.4282,16.4282,14.228,1
53.7,0,0,25.7296,0,0,0.1,0.1,0.15,1
53.7,1,0,25.7093,0,0,0.1,0.1,0.15,1
53.7,2,0,25.866,0,0,0.1,0.1,0.15,1
53.7,3,0,25.9409,0,0,0.1,0.1,0.15,1
53.7,4,0,25.761,0,0,0.1,0.1,0.15,1
53.7,5,0,25.7203,0,0,0.1,0.1,0.15,1
53.7,6,0.446753,70.4172,1,1,12.7899,12.7899,11.217,1
53.7,7,0.9,86.989,1,1,18.3709,18.3709,15.8857,1
53.8,0,0,25.7286,0,0,0.1,0.1,0.15,1
53.8,1,0,25.7087,0,0,0.1,0.1,0.15,1
53.8,2,0,25.8629,0,0,0.1,0.1,0.15,1
53.8,3,0,25.9365,0,0,0.1,0.1,0.15,1
53.8,4,0,25.7595,0,0,0.1,0.1,0.15,1
53.8,5,0,25.7195,0,0,0.1,0.1,0.15,1
53.8,6,0.446444,70.0987,1,1,5.75325,5.75325,5.8467,1
53.8,7,0.9,87.2306,1,1,19.6529,19.6529,16.9966,1
53.9,0,0,25.7278,0,0,0.1,0.1,0.15,1
53.9,1,0,25.7082,0,0,0.1,0.1,0.15,1
53.9,2,0,25.8597,0,0,0.1,0.1,0.15,1
53.9,3,0,25.9321,0,0,0.1,0.1,0.15,1
53.9,4,0,25.7581,0,0,0.1,0.1,0.15,1
53.9,5,0,25.7188,0,0,0.1,0.1,0.15,1
53.9,6,0.446092,69.8451,1,1,6.86003,6.86003,6.64057,1
53.9,7,0.9,87.5342,1,1,20.6588,20.6588,17.877,1
54,0,0,25.7269,0,0,0.1,0.1,0.15,1
54,1,0,25.7076,0,0,0.1,0.1,0.15,1
54,2,0,25.8566,0,0,0.1,0.1,0.15,1
54,3,0,25.9278,0,0,0.1,0.1,0.15,1
54,4,0,25.7568,0,0,0.1,0.1,0.15,1
54,5,0,25.718,0,0,0.1,0.1,0.15,1
54,6,0.445719,69.6267,1,1,7.42293,7.42293,7.05295,1
54,7,0.9,87.6713,1,1,18.1843,18.1843,15.7251,1
54.1,0,0,25.726,0,0,0.1,0.1,0.15,1
54.1,1,0,25.7071,0,0,0.1,0.1,0.15,1
54.1,2,0,25.8536,0,0,0.1,0.1,0.15,1
54.1,3,0,25.9236,0,0,0.1,0.1,0.15,1
54.1,4,0,25.7554,0,0,0.1,0.1,0.15,1
54.1,5,0,25.7173,0,0,0.1,0.1,0.15,1
54.1,6,0.445453,69.2604,1,1,4.58012,4.58012,5.03302,1
54.1,7,0.9,87.7769,1,1,17.73,17.73,15.3353,1
54.2,0,0,25.7252,0,0,0.1,0.1,0.15,1
54.2,1,0,25.7065,0,0,0.1,0.1,0.15,1
54.2,2,0,25.8506,0,0,0.1,0.1,0.15,1
54.2,3,0,25.9195,0,0,0.1,0.1,0.15,1
54.2,4,0,25.754,0,0,0.1,0.1,0.15,1
54.2,5,0,25.7166,0,0,0.1,0.1,0.15,1
54.2,6,0.445287,68.758,1,1,1.58831,1.58831,3.13802,1
54.2,7,0.9,87.5543,1,1,12.4987,12.4987,10.9819,1
54.3,0,0,25.7243,0,0,0.1,0.1,0.15,1
54.3,1,0,25.706,0,0,0.1,0.1,0.15,1
54.3,2,0,25.8477,0,0,0.1,0.1,0.15,1
54.3,3,0,25.9154,0,0,0.1,0.1,0.15,1
54.3,4,0,25.7527,0,0,0.1,0.1,0.15,1
54.3,5,0,25.7159,0,0,0.1,0.1,0.15,1
54.3,6,0.445159,68.2097,1,1,0.173226,0.173226,2.41323,1
54.3,7,0.9,87.6475,1,1,17.5053,17.5053,15.1431,1
54.4,0,0,25.7235,0,0,0.1,0.1,0.15,1
54.4,1,0,25.7055,0,0,0.1,0.1,0.15,1
54.4,2,0,25.8448,0,0,0.1,0.1,0.15,1
54.4,3,0,25.9114,0,0,0.1,0.1,0.15,1
54.4,4,0,25.7514,0,0,0.1,0.1,0.15,1
54.4,5,0,25.7152,0,0,0.1,0.1,0.15,1
54.4,6,0.444887,67.8751,1,1,4.7385,4.7385,5.14102,1
54.4,7,0.9,87.643,1,1,15.9943,15.9943,13.8623,1
54.5,0,0,25.7227,0,0,0.1,0.1,0.15,1
54.5,1,0,25.705,0,0,0.1,0.1,0.15,1
54.5,2,0,25.842,0,0,0.1,0.1,0.15,1
54.5,3,0,25.9075,0,0,0.1,0.1,0.15,1
54.5,4,0,25.7502,0,0,0.1,0.1,0.15,1
54.5,5,0,25.7146,0,0,0.1,0.1,0.15,1
54.5,6,0.444417,67.8268,1,1,9.84259,9.84259,8.8827,1
54.5,7,0.9,87.6402,1,1,16.0197,16.0197,13.8837,1
54.6,0,0,25.7219,0,0,0.1,0.1,0.15,1
54.6,1,0,25.7045,0,0,0.1,0.1,0.15,1
54.6,2,0,25.8392,0,0,0.1,0.1,0.15,1
54.6,3,0,25.9036,0,0,0.1,0.1,0.15,1
54.6,4,0,25.7489,0,0,0.1,0.1,0.15,1
54.6,5,0,25.7139,0,0,0.1,0.1,0.15,1
54.6,6,0.44386,67.903,1,1,11.9399,11.9399,10.5332,1
54.6,7,0.9,87.9418,1,1,20.7314,20.7314,17.9409,1
54.7,0,0,25.7211,0,0,0.1,0.1,0.15,1
54.7,1,0,25.704,0,0,0.1,0.1,0.15,1
54.7,2,0,25.8365,0,0,0.1,0.1,0.15,1
54.7,3,0,25.8998,0,0,0.1,0.1,0.15,1
54.7,4,0,25.7477,0,0,0.1,0.1,0.15,1
54.7,5,0,25.7133,0,0,0.1,0.1,0.15,1
54.7,6,0.443509,67.6852,1,1,6.8461,6.8461,6.63044,1
54.7,7,0.9,87.8815,1,1,15.1827,15.1827,13.1828,1
54.8,0,0,25.7203,0,0,0.1,0.1,0.15,1
54.8,1,0,25.7035,0,0,0.1,0.1,0.15,1
54.8,2,0,25.8338,0,0,0.1,0.1,0.15,1
54.8,3,0,25.896,0,0,0.1,0.1,0.15,1
54.8,4,0,25.7465,0,0,0.1,0.1,0.15,1
54.8,5,0,25.7126,0,0,0.1,0.1,0.15,1
54.8,6,0.443035,67.6459,1,1,9.94495,9.94495,8.96196,1
54.8,7,0.9,87.9169,1,1,16.6864,16.6864,14.4465,1
54.9,0,0,25.7196,0,0,0.1,0.1,0.15,1
54.9,1,0,25.703,0,0,0.1,0.1,0.15,1
54.9,2,0,25.8311,0,0,0.1,0.1,0.15,1
54.9,3,0,25.8923,0,0,0.1,0.1,0.15,1
54.9,4,0,25.7453,0,0,0.1,0.1,0.15,1
54.9,5,0,25.712,0,0,0.1,0.1,0.15,1
54.9,6,0.44261,67.5382,1,1,8.74319,8.74319,8.04053,1
54.9,7,0.9,88.1333,1,1,19.5032,19.5032,16.8662,1
55,0,0,25.7188,0,0,0.1,0.1,0.15,1
55,1,0,25.7026,0,0,0.1,0.1,0.15,1
55,2,0,25.8285,0,0,0.1,0.1,0.15,1
55,3,0,25.8887,0,0,0.1,0.1,0.15,1
55,4,0,25.7441,0,0,0.1,0.1,0.15,1
55,5,0,25.7114,0,0,0.1,0.1,0.15,1
55,6,0.4423,67.2679,1,1,5.75615,5.75615,5.84875,1
55,7,0.9,88.1899,1,1,17.0855,17.0855,14.7852,1
55.1,0,0,25.7181,0,0,0.1,0.1,0.15,1
55.1,1,0,25.7021,0,0,0.1,0.1,0.15,1
55.1,2,0,25.826,0,0,0.1,0.1,0.15,1
55.1,3,0,25.8852,0,0,0.1,0.1,0.15,1
55.1,4,0,25.743,0,0,0.1,0.1,0.15,1
55.1,5,0,25.7108,0,0,0.1,0.1,0.15,1
55.1,6,0.442039,66.9337,1,1,4.43779,4.43779,4.93649,1
55.1,7,0.9,88.4211,1,1,19.7987,19.7987,17.1237,1
55.2,0,0,25.7174,0,0,0.1,0.1,0.15,1
55.2,1,0,25.7017,0,0,0.1,0.1,0.15,1
55.2,2,0,25.8235,0,0,0.1,0.1,0.15,1
55.2,3,0,25.8817,0,0,0.1,0.1,0.15,1
55.2,4,0,25.7418,0,0,0.1,0.1,0.15,1
55.2,5,0,25.7102,0,0,0.1,0.1,0.15,1
55.2,6,0.44187,66.4749,1,1,1.69784,1.69784,3.20099,1
55.2,7,0.9,88.6528,1,1,19.8668,19.8668,17.1832,1
55.3,0,0,25.7167,0,0,0.1,0.1,0.15,1
55.3,1,0,25.7012,0,0,0.1,0.1,0.15,1
55.3,2,0,25.821,0,0,0.1,0.1,0.15,1
55.3,3,0,25.8782,0,0,0.1,0.1,0.15,1
55.3,4,0,25.7407,0,0,0.1,0.1,0.15,1
55.3,5,0,25.7096,0,0,0.1,0.1,0.15,1
55.3,6,0.441671,66.0657,1,1,2.6309,2.6309,3.76129,1
55.3,7,0.9,88.9841,1,1,21.4365,21.4365,18.563,1
55.4,0,0,25.716,0,0,0.1,0.1,0.15,1
55.4,1,0,25.7008,0,0,0.1,0.1,0.15,1
55.4,2,0,25.8186,0,0,0.1,0.1,0.15,1
55.4,3,0,25.8748,0,0,0.1,0.1,0.15,1
55.4,4,0,25.7396,0,0,0.1,0.1,0.15,1
55.4,5,0,25.709,0,0,0.1,0.1,0.15,1
55.4,6,0.441446,65.6993,1,1,3.38608,3.38608,4.24013,1
55.4,7,0.9,89.2618,1,1,20.7086,20.7086,17.9209,1
55.5,0,0,25.7153,0,0,0.1,0.1,0.15,1
55.5,1,0,25.7003,0,0,0.1,0.1,0.15,1
55.5,2,0,25.8162,0,0,0.1,0.1,0.15,1
55.5,3,0,25.8715,0,0,0.1,0.1,0.15,1
55.5,4,0,25.7385,0,0,0.1,0.1,0.15,1
55.5,5,0,25.7084,0,0,0.1,0.1,0.15,1
55.5,6,0.441263,65.2806,1,1,2.14136,2.14136,3.46238,1
55.5,7,0.9,89.4963,1,1,20.1236,20.1236,17.4076,1
55.6,0,0,25.7146,0,0,0.1,0.1,0.15,1
55.6,1,0,25.6999,0,0,0.1,0.1,0.15,1
55.6,2,0,25.8138,0,0,0.1,0.1,0.15,1
55.6,3,0,25.8682,0,0,0.1,0.1,0.15,1
55.6,4,0,25.7375,0,0,0.1,0.1,0.15,1
55.6,5,0,25.7079,0,0,0.1,0.1,0.15,1
55.6,6,0.441009,64.9697,1,1,4.24326,4.24326,4.8054,1
55.6,7,0.9,89.5216,1,1,16.9499,16.9499,14.67,1
55.7,0,0,25.714,0,0,0.1,0.1,0.15,1
55.7,1,0,25.6995,0,0,0.1,0.1,0.15,1
55.7,2,0,25.8115,0,0,0.1,0.1,0.15,1
55.7,3,0,25.865,0,0,0.1,0.1,0.15,1
55.7,4,0,25.7364,0,0,0.1,0.1,0.15,1
55.7,5,0,25.7073,0,0,0.1,0.1,0.15,1
55.7,6,0.440688,64.7583,1,1,6.05793,6.05793,6.06287,1
55.7,7,0.9,89.7258,1,1,19.7254,19.7254,17.0598,1
55.8,0,0,25.7133,0,0,0.1,0.1,0.15,1
55.8,1,0,25.6991,0,0,0.1,0.1,0.15,1
55.8,2,0,25.8092,0,0,0.1,0.1,0.15,1
55.8,3,0,25.8618,0,0,0.1,0.1,0.15,1
55.8,4,0,25.7354,0,0,0.1,0.1,0.15,1
55.8,5,0,25.7068,0,0,0.1,0.1,0.15,1
55.8,6,0.440298,64.6485,1,1,7.85342,7.85342,7.37193,1
55.8,7,0.9,89.993,1,1,20.7386,20.7386,17.9473,1
55.9,0,0,25.7127,0,0,0.1,0.1,0.15,1
55.9,1,0,25.6987,0,0,0.1,0.1,0.15,1
55.9,2,0,25.807,0,0,0.1,0.1,0.15,1
55.9,3,0,25.8587,0,0,0.1,0.1,0.15,1
55.9,4,0,25.7344,0,0,0.1,0.1,0.15,1
55.9,5,0,25.7063,0,0,0.1,0.1,0.15,1
55.9,6,0.439903,64.548,1,1,7.9854,7.9854,7.47032,1
55.9,7,0.9,90.3056,1,1,21.4896,21.4896,18.61,1
56,0,0,25.7121,0,0,0.1,0.1,0.15,1
56,1,0,25.6983,0,0,0.1,0.1,0.15,1
56,2,0,25.8048,0,0,0.1,0.1,0.15,1
56,3,0,25.8557,0,0,0.1,0.1,0.15,1
56,4,0,25.7334,0,0,0.1,0.1,0.15,1
56,5,0,25.7057,0,0,0.1,0.1,0.15,1
56,6,0.439514,64.4404,1,1,7.82969,7.82969,7.35427,1
56,7,0.9,90.6193,1,1,21.5864,21.5864,18.6957,1
56.1,0,0,25.7114,0,0,0.1,0.1,0.15,1
56.1,1,0,25.6979,0,0,0.1,0.1,0.15,1
56.1,2,0,25.8026,0,0,0.1,0.1,0.15,1
56.1,3,0,25.8526,0,0,0.1,0.1,0.15,1
56.1,4,0,25.7324,0,0,0.1,0.1,0.15,1
56.1,5,0,25.7052,0,0,0.1,0.1,0.15,1
56.1,6,0.439018,64.485,1,1,10.455,10.455,9.35896,1
56.1,7,0.9,90.6886,1,1,17.929,17.929,15.5058,1
56.2,0,0,25.7108,0,0,0.1,0.1,0.15,1
56.2,1,0,25.6975,0,0,0.1,0.1,0.15,1
56.2,2,0,25.8005,0,0,0.1,0.1,0.15,1
56.2,3,0,25.8497,0,0,0.1,0.1,0.15,1
56.2,4,0,25.7315,0,0,0.1,0.1,0.15,1
56.2,5,0,25.7047,0,0,0.1,0.1,0.15,1
56.2,6,0.438685,64.2991,1,1,6.383,6.383,6.29554,1
56.2,7,0.9,90.5529,1,1,14.7076,14.7076,12.788,1
56.3,0,0,25.7102,0,0,0.1,0.1,0.15,1
56.3,1,0,25.6972,0,0,0.1,0.1,0.15,1
56.3,2,0,25.7984,0,0,0.1,0.1,0.15,1
56.3,3,0,25.8468,0,0,0.1,0.1,0.15,1
56.3,4,0,25.7305,0,0,0.1,0.1,0.15,1
56.3,5,0,25.7042,0,0,0.1,0.1,0.15,1
56.3,6,0.438301,64.1886,1,1,7.70223,7.70223,7.25955,1
56.3,7,0.9,90.604,1,1,17.6296,17.6296,15.2493,1
56.4,0,0,25.7097,0,0,0.1,0.1,0.15,1
56.4,1,0,25.6968,0,0,0.1,0.1,0.15,1
56.4,2,0,25.7963,0,0,0.1,0.1,0.15,1
56.4,3,0,25.8439,0,0,0.1,0.1,0.15,1
56.4,4,0,25.7296,0,0,0.1,0.1,0.15,1
56.4,5,0,25.7037,0,0,0.1,0.1,0.15,1
56.4,6,0.437921,64.0745,1,1,7.60588,7.60588,7.18813,1
56.4,7,0.9,90.5765,1,1,16.4086,16.4086,14.2115,1
56.5,0,0,25.7091,0,0,0.1,0.1,0.15,1
56.5,1,0,25.6964,0,0,0.1,0.1,0.15,1
56.5,2,0,25.7943,0,0,0.1,0.1,0.15,1
56.5,3,0,25.8411,0,0,0.1,0.1,0.15,1
56.5,4,0,25.7287,0,0,0.1,0.1,0.15,1
56.5,5,0,25.7033,0,0,0.1,0.1,0.15,1
56.5,6,0.437518,63.9944,1,1,8.17797,8.17797,7.61439,1
56.5,7,0.9,90.284,1,1,12.1132,12.1132,10.672,1
56.6,0,0,25.7085,0,0,0.1,0.1,0.15,1
56.6,1,0,25.6961,0,0,0.1,0.1,0.15,1
56.6,2,0,25.7923,0,0,0.1,0.1,0.15,1
56.6,3,0,25.8383,0,0,0.1,0.1,0.15,1
56.6,4,0,25.7278,0,0,0.1,0.1,0.15,1
56.6,5,0,25.7028,0,0,0.1,0.1,0.15,1
56.6,6,0.437208,63.7832,1,1,5.75703,5.75703,5.84937,1
56.6,7,0.9,90.1741,1,1,15.0142,15.0142,13.0425,1
56.7,0,0,25.7079,0,0,0.1,0.1,0.15,1
56.7,1,0,25.6957,0,0,0.1,0.1,0.15,1
56.7,2,0,25.7904,0,0,0.1,0.1,0.15,1
56.7,3,0,25.8356,0,0,0.1,0.1,0.15,1
56.7,4,0,25.7269,0,0,0.1,0.1,0.15,1
56.7,5,0,25.7023,0,0,0.1,0.1,0.15,1
56.7,6,0.436848,63.6483,1,1,7.10601,7.10601,6.82009,1
56.7,7,0.9,89.9118,1,1,12.503,12.503,10.9853,1
56.8,0,0,25.7074,0,0,0.1,0.1,0.15,1
56.8,1,0,25.6954,0,0,0.1,0.1,0.15,1
56.8,2,0,25.7885,0,0,0.1,0.1,0.15,1
56.8,3,0,25.8329,0,0,0.1,0.1,0.15,1
56.8,4,0,25.7261,0,0,0.1,0.1,0.15,1
56.8,5,0,25.7019,0,0,0.1,0.1,0.15,1
56.8,6,0.436463,63.5496,1,1,7.72052,7.72052,7.27313,1
56.8,7,0.9,89.8429,1,1,15.5705,15.5705,13.5068,1
56.9,0,0,25.7069,0,0,0.1,0.1,0.15,1
56.9,1,0,25.695,0,0,0.1,0.1,0.15,1
56.9,2,0,25.7866,0,0,0.1,0.1,0.15,1
56.9,3,0,25.8303,0,0,0.1,0.1,0.15,1
56.9,4,0,25.7252,0,0,0.1,0.1,0.15,1
56.9,5,0,25.7014,0,0,0.1,0.1,0.15,1
56.9,6,0.436034,63.5153,1,1,8.83363,8.83363,8.10916,1
56.9,7,0.9,89.8766,1,1,17.1723,17.1723,14.8592,1
57,0,0,25.7063,0,0,0.1,0.1,0.15,1
57,1,0,25.6947,0,0,0.1,0.1,0.15,1
57,2,0,25.7847,0,0,0.1,0.1,0.15,1
57,3,0,25.8277,0,0,0.1,0.1,0.15,1
57,4,0,25.7244,0,0,0.1,0.1,0.15,1
57,5,0,25.701,0,0,0.1,0.1,0.15,1
57,6,0.435598,63.491,1,1,8.99784,8.99784,8.23407,1
57,7,0.9,89.5786,1,1,11.8268,11.8268,10.4429,1
57.1,0,0,25.7058,0,0,0.1,0.1,0.15,1
57.1,1,0,25.6944,0,0,0.1,0.1,0.15,1
57.1,2,0,25.7829,0,0,0.1,0.1,0.15,1
57.1,3,0,25.8252,0,0,0.1,0.1,0.15,1
57.1,4,0,25.7236,0,0,0.1,0.1,0.15,1
57.1,5,0,25.7006,0,0,0.1,0.1,0.15,1
57.1,6,0.435225,63.3777,1,1,7.41061,7.41061,7.04386,1
57.1,7,0.9,89.6695,1,1,17.9956,17.9956,15.563,1
57.2,0,0,25.7053,0,0,0.1,0.1,0.15,1
57.2,1,0,25.694,0,0,0.1,0.1,0.15,1
57.2,2,0,25.7811,0,0,0.1,0.1,0.15,1
57.2,3,0,25.8227,0,0,0.1,0.1,0.15,1
57.2,4,0,25.7227,0,0,0.1,0.1,0.15,1
57.2,5,0,25.7001,0,0,0.1,0.1,0.15,1
57.2,6,0.434838,63.2877,1,1,7.79511,7.79511,7.32854,1
57.2,7,0.9,89.4242,1,1,12.6459,12.6459,11.1006,1
57.3,0,0,25.7048,0,0,0.1,0.1,0.15,1
57.3,1,0,25.6937,0,0,0.1,0.1,0.15,1
57.3,2,0,25.7793,0,0,0.1,0.1,0.15,1
57.3,3,0,25.8202,0,0,0.1,0.1,0.15,1
57.3,4,0,25.7219,0,0,0.1,0.1,0.15,1
57.3,5,0,25.6997,0,0,0.1,0.1,0.15,1
57.3,6,0.434198,63.5563,1,1,13.8608,13.8608,12.0896,1
57.3,7,0.9,89.3255,1,1,14.9638,14.9638,13.0006,1
57.4,0,0,25.7043,0,0,0.1,0.1,0.15,1
57.4,1,0,25.6934,0,0,0.1,0.1,0.15,1
57.4,2,0,25.7776,0,0,0.1,0.1,0.15,1
57.4,3,0,25.8178,0,0,0.1,0.1,0.15,1
57.4,4,0,25.7212,0,0,0.1,0.1,0.15,1
57.4,5,0,25.6993,0,0,0.1,0.1,0.15,1
57.4,6,0.433661,63.6742,1,1,11.4455,11.4455,10.1393,1
57.4,7,0.9,89.6152,1,1,20.977,20.977,18.1572,1
57.5,0,0,25.7038,0,0,0.1,0.1,0.15,1
57.5,1,0,25.6931,0,0,0.1,0.1,0.15,1
57.5,2,0,25.7759,0,0,0.1,0.1,0.15,1
57.5,3,0,25.8154,0,0,0.1,0.1,0.15,1
57.5,4,0,25.7204,0,0,0.1,0.1,0.15,1
57.5,5,0,25.6989,0,0,0.1,0.1,0.15,1
57.5,6,0.433234,63.6362,1,1,8.80582,8.80582,8.08804,1
57.5,7,0.9,89.8544,1,1,20.2847,20.2847,17.5487,1
57.6,0,0,25.7033,0,0,0.1,0.1,0.15,1
57.6,1,0,25.6928,0,0,0.1,0.1,0.15,1
57.6,2,0,25.7742,0,0,0.1,0.1,0.15,1
57.6,3,0,25.8131,0,0,0.1,0.1,0.15,1
57.6,4,0,25.7196,0,0,0.1,0.1,0.15,1
57.6,5,0,25.6985,0,0,0.1,0.1,0.15,1
57.6,6,0.432833,63.5604,1,1,8.12596,8.12596,7.57542,1
57.6,7,0.9,89.7722,1,1,15.3413,15.3413,13.3151,1
57.7,0,0,25.7029,0,0,0.1,0.1,0.15,1
57.7,1,0,25.6925,0,0,0.1,0.1,0.15,1
57.7,2,0,25.7725,0,0,0.1,0.1,0.15,1
57.7,3,0,25.8108,0,0,0.1,0.1,0.15,1
57.7,4,0,25.7189,0,0,0.1,0.1,0.15,1
57.7,5,0,25.6981,0,0,0.1,0.1,0.15,1
57.7,6,0.432258,63.733,1,1,12.3598,12.3598,10.87,1
57.7,7,0.9,89.8131,1,1,17.2669,17.2669,14.9397,1
57.8,0,0,25.7024,0,0,0.1,0.1,0.15,1
57.8,1,0,25.6922,0,0,0.1,0.1,0.15,1
57.8,2,0,25.7709,0,0,0.1,0.1,0.15,1
57.8,3,0,25.8085,0,0,0.1,0.1,0.15,1
57.8,4,0,25.7182,0,0,0.1,0.1,0.15,1
57.8,5,0,25.6977,0,0,0.1,0.1,0.15,1
57.8,6,0.431663,63.9297,1,1,12.8063,12.8063,11.2303,1
57.8,7,0.9,89.8737,1,1,17.5841,17.5841,15.2105,1
57.9,0,0,25.7019,0,0,0.1,0.1,0.15,1
57.9,1,0,25.6919,0,0,0.1,0.1,0.15,1
57.9,2,0,25.7693,0,0,0.1,0.1,0.15,1
57.9,3,0,25.8063,0,0,0.1,0.1,0.15,1
57.9,4,0,25.7174,0,0,0.1,0.1,0.15,1
57.9,5,0,25.6973,0,0,0.1,0.1,0.15,1
57.9,6,0.431066,64.1273,1,1,12.8746,12.8746,11.2856,1
57.9,7,0.9,89.8703,1,1,16.5981,16.5981,14.3717,1
58,0,0,25.7015,0,0,0.1,0.1,0.15,1
58,1,0,25.6916,0,0,0.1,0.1,0.15,1
58,2,0,25.7677,0,0,0.1,0.1,0.15,1
58,3,0,25.8041,0,0,0.1,0.1,0.15,1
58,4,0,25.7167,0,0,0.1,0.1,0.15,1
58,5,0,25.697,0,0,0.1,0.1,0.15,1
58,6,0.430562,64.1899,1,1,10.673,10.673,9.5297,1
58,7,0.9,90.047,1,1,19.3948,19.3948,16.7718,1
58.1,0,0,25.701,0,0,0.1,0.1,0.15,1
58.1,1,0,25.6914,0,0,0.1,0.1,0.15,1
58.1,2,0,25.7662,0,0,0.1,0.1,0.15,1
58.1,3,0,25.8019,0,0,0.1,0.1,0.15,1
58.1,4,0,25.716,0,0,0.1,0.1,0.15,1
58.1,5,0,25.6966,0,0,0.1,0.1,0.15,1
58.1,6,0.430041,64.2749,1,1,11.0696,11.0696,9.84176,1
58.1,7,0.9,90.0837,1,1,17.2719,17.2719,14.944,1
58.2,0,0,25.7006,0,0,0.1,0.1,0.15,1
58.2,1,0,25.6911,0,0,0.1,0.1,0.15,1
58.2,2,0,25.7647,0,0,0.1,0.1,0.15,1
58.2,3,0,25.7998,0,0,0.1,0.1,0.15,1
58.2,4,0,25.7154,0,0,0.1,0.1,0.15,1
58.2,5,0,25.6962,0,0,0.1,0.1,0.15,1
58.2,6,0.429408,64.5182,1,1,13.7171,13.7171,11.9718,1
58.2,7,0.9,90.2287,1,1,18.9619,18.9619,16.3962,1
58.3,0,0,25.7002,0,0,0.1,0.1,0.15,1
58.3,1,0,25.6908,0,0,0.1,0.1,0.15,1
58.3,2,0,25.7632,0,0,0.1,0.1,0.15,1
58.3,3,0,25.7977,0,0,0.1,0.1,0.15,1
58.3,4,0,25.7147,0,0,0.1,0.1,0.15,1
58.3,5,0,25.6959,0,0,0.1,0.1,0.15,1
58.3,6,0.428546,65.0818,1,1,18.8477,18.8477,16.2972,1
58.3,7,0.9,90.018,1,1,13.3673,13.3673,11.686,1
58.4,0,0,25.6998,0,0,0.1,0.1,0.15,1
58.4,1,0,25.6906,0,0,0.1,0.1,0.15,1
58.4,2,0,25.7617,0,0,0.1,0.1,0.15,1
58.4,3,0,25.7957,0,0,0.1,0.1,0.15,1
58.4,4,0,25.714,0,0,0.1,0.1,0.15,1
58.4,5,0,25.6955,0,0,0.1,0.1,0.15,1
58.4,6,0.427895,65.3359,1,1,14.1108,14.1108,12.295,1
58.4,7,0.9,90.095,1,1,17.8928,17.8928,15.4747,1
58.5,0,0,25.6993,0,0,0.1,0.1,0.15,1
58.5,1,0,25.6903,0,0,0.1,0.1,0.15,1
58.5,2,0,25.7603,0,0,0.1,0.1,0.15,1
58.5,3,0,25.7937,0,0,0.1,0.1,0.15,1
58.5,4,0,25.7134,0,0,0.1,0.1,0.15,1
58.5,5,0,25.6952,0,0,0.1,0.1,0.15,1
58.5,6,0.427509,65.2105,1,1,7.74377,7.74377,7.29039,1
58.5,7,0.9,90.4484,1,1,22.1296,22.1296,19.178,1
58.6,0,0,25.6989,0,0,0.1,0.1,0.15,1
58.6,1,0,25.6901,0,0,0.1,0.1,0.15,1
58.6,2,0,25.7588,0,0,0.1,0.1,0.15,1
58.6,3,0,25.7917,0,0,0.1,0.1,0.15,1
58.6,4,0,25.7127,0,0,0.1,0.1,0.15,1
58.6,5,0,25.6949,0,0,0.1,0.1,0.15,1
58.6,6,0.42705,65.191,1,1,9.57506,9.57506,8.67622,1
58.6,7,0.9,90.7003,1,1,20.688,20.688,17.9027,1
58.7,0,0,25.6985,0,0,0.1,0.1,0.15,1
58.7,1,0,25.6898,0,0,0.1,0.1,0.15,1
58.7,2,0,25.7574,0,0,0.1,0.1,0.15,1
58.7,3,0,25.7898,0,0,0.1,0.1,0.15,1
58.7,4,0,25.7121,0,0,0.1,0.1,0.15,1
58.7,5,0,25.6945,0,0,0.1,0.1,0.15,1
58.7,6,0.426413,65.425,1,1,13.814,13.814,12.0512,1
58.7,7,0.9,90.9483,1,1,20.6921,20.6921,17.9063,1
58.8,0,0,25.6982,0,0,0.1,0.1,0.15,1
58.8,1,0,25.6896,0,0,0.1,0.1,0.15,1
58.8,2,0,25.7561,0,0,0.1,0.1,0.15,1
58.8,3,0,25.7878,0,0,0.1,0.1,0.15,1
58.8,4,0,25.7115,0,0,0.1,0.1,0.15,1
58.8,5,0,25.6942,0,0,0.1,0.1,0.15,1
58.8,6,0.425942,65.418,1,1,9.85294,9.85294,8.89071,1
58.8,7,0.9,91.0845,1,1,19.0483,19.0483,16.471,1
58.9,0,0,25.6978,0,0,0.1,0.1,0.15,1
58.9,1,0,25.6893,0,0,0.1,0.1,0.15,1
58.9,2,0,25.7547,0,0,0.1,0.1,0.15,1
58.9,3,0,25.786,0,0,0.1,0.1,0.15,1
58.9,4,0,25.7109,0,0,0.1,0.1,0.15,1
58.9,5,0,25.6939,0,0,0.1,0.1,0.15,1
58.9,6,0.425388,65.5303,1,1,11.8711,11.8711,10.4783,1
58.9,7,0.9,91.3776,1,1,21.4718,21.4718,18.5942,1
59,0,0,25.6974,0,0,0.1,0.1,0.15,1
59,1,0,25.6891,0,0,0.1,0.1,0.15,1
59,2,0,25.7534,0,0,0.1,0.1,0.15,1
59,3,0,25.7841,0,0,0.1,0.1,0.15,1
59,4,0,25.7103,0,0,0.1,0.1,0.15,1
59,5,0,25.6936,0,0,0.1,0.1,0.15,1
59,6,0.424924,65.5121,1,1,9.68894,9.68894,8.76399,1
59,7,0.9,91.5907,1,1,20.3343,20.3343,17.5921,1
59.1,0,0,25.697,0,0,0.1,0.1,0.15,1
59.1,1,0,25.6888,0,0,0.1,0.1,0.15,1
59.1,2,0,25.7521,0,0,0.1,0.1,0.15,1
59.1,3,0,25.7823,0,0,0.1,0.1,0.15,1
59.1,4,0,25.7097,0,0,0.1,0.1,0.15,1
59.1,5,0,25.6933,0,0,0.1,0.1,0.15,1
59.1,6,0.42454,65.3817,1,1,7.70922,7.70922,7.26474,1
59.1,7,0.9,91.7056,1,1,18.8844,18.8844,16.329,1
59.2,0,0,25.6966,0,0,0.1,0.1,0.15,1
59.2,1,0,25.6886,0,0,0.1,0.1,0.15,1
59.2,2,0,25.7508,0,0,0.1,0.1,0.15,1
59.2,3,0,25.7805,0,0,0.1,0.1,0.15,1
59.2,4,0,25.7091,0,0,0.1,0.1,0.15,1
59.2,5,0,25.693,0,0,0.1,0.1,0.15,1
59.2,6,0.424056,65.3944,1,1,10.1777,10.1777,9.14274,1
59.2,7,0.9,91.8947,1,1,20.0527,20.0527,17.3456,1
59.3,0,0,25.6963,0,0,0.1,0.1,0.15,1
59.3,1,0,25.6884,0,0,0.1,0.1,0.15,1
59.3,2,0,25.7495,0,0,0.1,0.1,0.15,1
59.3,3,0,25.7787,0,0,0.1,0.1,0.15,1
59.3,4,0,25.7085,0,0,0.1,0.1,0.15,1
59.3,5,0,25.6927,0,0,0.1,0.1,0.15,1
59.3,6,0.42342,65.6231,1,1,13.7828,13.7828,12.0257,1
59.3,7,0.9,92.1378,1,1,20.9187,20.9187,18.1058,1
59.4,0,0,25.6959,0,0,0.1,0.1,0.15,1
59.4,1,0,25.6882,0,0,0.1,0.1,0.15,1
59.4,2,0,25.7483,0,0,0.1,0.1,0.15,1
59.4,3,0,25.777,0,0,0.1,0.1,0.15,1
59.4,4,0,25.708,0,0,0.1,0.1,0.15,1
59.4,5,0,25.6924,0,0,0.1,0.1,0.15,1
59.4,6,0.422873,65.7204,1,1,11.6792,11.6792,10.3252,1
59.4,7,0.9,92.0623,1,1,16.0547,16.0547,13.9131,1
59.5,0,0,25.6956,0,0,0.1,0.1,0.15,1
59.5,1,0,25.6879,0,0,0.1,0.1,0.15,1
59.5,2,0,25.7471,0,0,0.1,0.1,0.15,1
59.5,3,0,25.7753,0,0,0.1,0.1,0.15,1
59.5,4,0,25.7074,0,0,0.1,0.1,0.15,1
59.5,5,0,25.6921,0,0,0.1,0.1,0.15,1
59.5,6,0.422341,65.7966,1,1,11.3513,11.3513,10.0646,1
59.5,7,0.9,91.9578,1,1,15.5738,15.5738,13.5095,1
59.6,0,0,25.6952,0,0,0.1,0.1,0.15,1
59.6,1,0,25.6877,0,0,0.1,0.1,0.15,1
59.6,2,0,25.7459,0,0,0.1,0.1,0.15,1
59.6,3,0,25.7736,0,0,0.1,0.1,0.15,1
59.6,4,0,25.7069,0,0,0.1,0.1,0.15,1
59.6,5,0,25.6918,0,0,0.1,0.1,0.15,1
59.6,6,0.421998,65.6026,1,1,6.63805,6.63805,6.47949,1
59.6,7,0.9,91.5335,1,1,10.2806,10.2806,9.22286,1
59.7,0,0,25.6949,0,0,0.1,0.1,0.15,1
59.7,1,0,25.6875,0,0,0.1,0.1,0.15,1
59.7,2,0,25.7447,0,0,0.1,0.1,0.15,1
59.7,3,0,25.772,0,0,0.1,0.1,0.15,1
59.7,4,0,25.7064,0,0,0.1,0.1,0.15,1
59.7,5,0,25.6915,0,0,0.1,0.1,0.15,1
59.7,6,0.421223,66.0252,1,1,16.9346,16.9346,14.657,1
59.7,7,0.9,91.5542,1,1,17.4093,17.4093,15.0611,1
59.8,0,0,25.6946,0,0,0.1,0.1,0.15,1
59.8,1,0,25.6873,0,0,0.1,0.1,0.15,1
59.8,2,0,25.7435,0,0,0.1,0.1,0.15,1
59.8,3,0,25.7704,0,0,0.1,0.1,0.15,1
59.8,4,0,25.7058,0,0,0.1,0.1,0.15,1
59.8,5,0,25.6912,0,0,0.1,0.1,0.15,1
59.8,6,0.42057,66.2666,1,1,14.1602,14.1602,12.3357,1
59.8,7,0.9,91.5668,1,1,17.2872,17.2872,14.957,1
59.9,0,0,25.6942,0,0,0.1,0.1,0.15,1
59.9,1,0,25.6871,0,0,0.1,0.1,0.15,1
59.9,2,0,25.7424,0,0,0.1,0.1,0.15,1
59.9,3,0,25.7688,0,0,0.1,0.1,0.15,1
59.9,4,0,25.7053,0,0,0.1,0.1,0.15,1
59.9,5,0,25.691,0,0,0.1,0.1,0.15,1
59.9,6,0.419836,66.6194,1,1,16.0078,16.0078,13.8736,1
59.9,7,0.9,91.6989,1,1,19.145,19.145,16.5549,1
60,0,0,25.6939,0,0,0.1,0.1,0.15,1
60,1,0,25.6869,0,0,0.1,0.1,0.15,1
60,2,0,25.7413,0,0,0.1,0.1,0.15,1
60,3,0,25.7672,0,0,0.1,0.1,0.15,1
60,4,0,25.7048,0,0,0.1,0.1,0.15,1
60,5,0,25.6907,0,0,0.1,0.1,0.15,1
60,6,0.419122,66.9381,1,1,15.5602,15.5602,13.4981,1
60,7,0.9,91.7367,1,1,17.719,17.719,15.3258,1
60.1,0,0,25.6936,0,0,0.1,0.1,0.15,1
60.1,1,0,25.6867,0,0,0.1,0.1,0.15,1
60.1,2,0,25.7402,0,0,0.1,0.1,0.15,1
60.1,3,0,25.7657,0,0,0.1,0.1,0.15,1
60.1,4,0,25.7043,0,0,0.1,0.1,0.15,1
60.1,5,0,25.6904,0,0,0.1,0.1,0.15,1
60.1,6,0.418537,67.0685,1,1,12.5938,12.5938,11.0585,1
60.1,7,0.9,91.5542,1,1,14.2338,14.2338,12.3964,1
60.2,0,0,25.6933,0,0,0.1,0.1,0.15,1
60.2,1,0,25.6865,0,0,0.1,0.1,0.15,1
60.2,2,0,25.7391,0,0,0.1,0.1,0.15,1
60.2,3,0,25.7642,0,0,0.1,0.1,0.15,1
60.2,4,0,25.7038,0,0,0.1,0.1,0.15,1
60.2,5,0,25.6902,0,0,0.1,0.1,0.15,1
60.2,6,0.417859,67.3273,1,1,14.7209,14.7209,12.7989,1
60.2,7,0.9,91.7005,1,1,19.3595,19.3595,16.7411,1
60.3,0,0,25.693,0,0,0.1,0.1,0.15,1
60.3,1,0,25.6863,0,0,0.1,0.1,0.15,1
60.3,2,0,25.738,0,0,0.1,0.1,0.15,1
60.3,3,0,25.7627,0,0,0.1,0.1,0.15,1
60.3,4,0,25.7034,0,0,0.1,0.1,0.15,1
60.3,5,0,25.6899,0,0,0.1,0.1,0.15,1
60.3,6,0.417622,66.9578,1,1,3.75414,3.75414,4.48026,1
60.3,7,0.9,91.7351,1,1,17.6692,17.6692,15.2832,1
60.4,0,0,25.6927,0,0,0.1,0.1,0.15,1
60.4,1,0,25.6861,0,0,0.1,0.1,0.15,1
60.4,2,0,25.737,0,0,0.1,0.1,0.15,1
60.4,3,0,25.7612,0,0,0.1,0.1,0.15,1
60.4,4,0,25.7029,0,0,0.1,0.1,0.15,1
60.4,5,0,25.6897,0,0,0.1,0.1,0.15,1
60.4,6,0.416736,67.5144,1,1,19.3645,19.3645,16.7455,1
60.4,7,0.9,91.8774,1,1,19.3442,19.3442,16.7278,1
60.5,0,0,25.6924,0,0,0.1,0.1,0.15,1
60.5,1,0,25.6859,0,0,0.1,0.1,0.15,1
60.5,2,0,25.7359,0,0,0.1,0.1,0.15,1
60.5,3,0,25.7598,0,0,0.1,0.1,0.15,1
60.5,4,0,25.7024,0,0,0.1,0.1,0.15,1
60.5,5,0,25.6894,0,0,0.1,0.1,0.15,1
60.5,6,0.41627,67.4666,1,1,9.74799,9.74799,8.80958,1
60.5,7,0.9,92.0118,1,1,19.2581,19.2581,16.6531,1
60.6,0,0,25.6921,0,0,0.1,0.1,0.15,1
60.6,1,0,25.6858,0,0,0.1,0.1,0.15,1
60.6,2,0,25.7349,0,0,0.1,0.1,0.15,1
60.6,3,0,25.7584,0,0,0.1,0.1,0.15,1
60.6,4,0,25.702,0,0,0.1,0.1,0.15,1
60.6,5,0,25.6892,0,0,0.1,0.1,0.15,1
60.6,6,0.415761,67.481,1,1,10.8003,10.8003,9.62958,1
60.6,7,0.9,91.982,1,1,16.7432,16.7432,14.4946,1
60.7,0,0,25.6918,0,0,0.1,0.1,0.15,1
60.7,1,0,25.6856,0,0,0.1,0.1,0.15,1
60.7,2,0,25.7339,0,0,0.1,0.1,0.15,1
60.7,3,0,25.757,0,0,0.1,0.1,0.15,1
60.7,4,0,25.7015,0,0,0.1,0.1,0.15,1
60.7,5,0,25.689,0,0,0.1,0.1,0.15,1
60.7,6,0.415145,67.6462,1,1,13.3142,13.3142,11.6427,1
60.7,7,0.9,91.9201,1,1,16.2286,16.2286,14.0596,1
60.8,0,0,25.6915,0,0,0.1,0.1,0.15,1
60.8,1,0,25.6854,0,0,0.1,0.1,0.15,1
60.8,2,0,25.7329,0,0,0.1,0.1,0.15,1
60.8,3,0,25.7556,0,0,0.1,0.1,0.15,1
60.8,4,0,25.7011,0,0,0.1,0.1,0.15,1
60.8,5,0,25.6887,0,0,0.1,0.1,0.15,1
60.8,6,0.414648,67.639,1,1,10.483,10.483,9.38086,1
60.8,7,0.9,91.9549,1,1,17.729,17.729,15.3344,1
60.9,0,0,25.6913,0,0,0.1,0.1,0.15,1
60.9,1,0,25.6852,0,0,0.1,0.1,0.15,1
60.9,2,0,25.732,0,0,0.1,0.1,0.15,1
60.9,3,0,25.7543,0,0,0.1,0.1,0.15,1
60.9,4,0,25.7006,0,0,0.1,0.1,0.15,1
60.9,5,0,25.6885,0,0,0.1,0.1,0.15,1
60.9,6,0.414167,67.6107,1,1,10.1206,10.1206,9.09832,1
60.9,7,0.9,91.9184,1,1,16.6227,16.6227,14.3925,1
61,0,0,25.691,0,0,0.1,0.1,0.15,1
61,1,0,25.6851,0,0,0.1,0.1,0.15,1
61,2,0,25.731,0,0,0.1,0.1,0.15,1
61,3,0,25.753,0,0,0.1,0.1,0.15,1
61,4,0,25.7002,0,0,0.1,0.1,0.15,1
61,5,0,25.6883,0,0,0.1,0.1,0.15,1
61,6,0.413604,67.6986,1,1,12.0737,12.0737,10.6403,1
61,7,0.9,91.8421,1,1,15.9842,15.9842,13.8538,1
61.1,0,0,25.6907,0,0,0.1,0.1,0.15,1
61.1,1,0,25.6849,0,0,0.1,0.1,0.15,1
61.1,2,0,25.7301,0,0,0.1,0.1,0.15,1
61.1,3,0,25.7517,0,0,0.1,0.1,0.15,1
61.1,4,0,25.6998,0,0,0.1,0.1,0.15,1
61.1,5,0,25.688,0,0,0.1,0.1,0.15,1
61.1,6,0.413045,67.7793,1,1,11.9802,11.9802,10.5655,1
61.1,7,0.9,91.3553,1,1,9.16584,9.16584,8.36228,1
61.2,0,0,25.6905,0,0,0.1,0.1,0.15,1
61.2,1,0,25.6847,0,0,0.1,0.1,0.15,1
61.2,2,0,25.7292,0,0,0.1,0.1,0.15,1
61.2,3,0,25.7504,0,0,0.1,0.1,0.15,1
61.2,4,0,25.6994,0,0,0.1,0.1,0.15,1
61.2,5,0,25.6878,0,0,0.1,0.1,0.15,1
61.2,6,0.412346,68.0572,1,1,15.2168,15.2168,13.2112,1
61.2,7,0.9,91.107,1,1,13.0594,13.0594,11.4355,1
61.3,0,0,25.6902,0,0,0.1,0.1,0.15,1
61.3,1,0,25.6846,0,0,0.1,0.1,0.15,1
61.3,2,0,25.7283,0,0,0.1,0.1,0.15,1
61.3,3,0,25.7491,0,0,0.1,0.1,0.15,1
61.3,4,0,25.699,0,0,0.1,0.1,0.15,1
61.3,5,0,25.6876,0,0,0.1,0.1,0.15,1
61.3,6,0.411537,68.4862,1,1,17.6754,17.6754,15.2886,1
61.3,7,0.9,90.8906,1,1,13.5142,13.5142,11.8058,1
61.4,0,0,25.69,0,0,0.1,0.1,0.15,1
61.4,1,0,25.6844,0,0,0.1,0.1,0.15,1
61.4,2,0,25.7274,0,0,0.1,0.1,0.15,1
61.4,3,0,25.7479,0,0,0.1,0.1,0.15,1
61.4,4,0,25.6986,0,0,0.1,0.1,0.15,1
61.4,5,0,25.6874,0,0,0.1,0.1,0.15,1
61.4,6,0.410786,68.8266,1,1,16.3968,16.3968,14.2015,1
61.4,7,0.9,90.6803,1,1,13.5526,13.5526,11.8372,1
61.5,0,0,25.6897,0,0,0.1,0.1,0.15,1
61.5,1,0,25.6842,0,0,0.1,0.1,0.15,1
61.5,2,0,25.7265,0,0,0.1,0.1,0.15,1
61.5,3,0,25.7467,0,0,0.1,0.1,0.15,1
61.5,4,0,25.6982,0,0,0.1,0.1,0.15,1
61.5,5,0,25.6872,0,0,0.1,0.1,0.15,1
61.5,6,0.410207,68.9168,1,1,12.4491,12.4491,10.9419,1
61.5,7,0.9,90.4692,1,1,13.4844,13.4844,11.7815,1
61.6,0,0,25.6895,0,0,0.1,0.1,0.15,1
61.6,1,0,25.6841,0,0,0.1,0.1,0.15,1
61.6,2,0,25.7256,0,0,0.1,0.1,0.15,1
61.6,3,0,25.7455,0,0,0.1,0.1,0.15,1
61.6,4,0,25.6978,0,0,0.1,0.1,0.15,1
61.6,5,0,25.687,0,0,0.1,0.1,0.15,1
61.6,6,0.409662,68.9568,1,1,11.6393,11.6393,10.2934,1
61.6,7,0.9,90.0023,1,1,9.1144,9.1144,8.32298,1
61.7,0,0,25.6892,0,0,0.1,0.1,0.15,1
61.7,1,0,25.6839,0,0,0.1,0.1,0.15,1
61.7,2,0,25.7248,0,0,0.1,0.1,0.15,1
61.7,3,0,25.7443,0,0,0.1,0.1,0.15,1
61.7,4,0,25.6974,0,0,0.1,0.1,0.15,1
61.7,5,0,25.6868,0,0,0.1,0.1,0.15,1
61.7,6,0.409011,69.1466,1,1,14.1156,14.1156,12.299,1
61.7,7,0.9,89.7287,1,1,12.2698,12.2698,10.7976,1
61.8,0,0,25.689,0,0,0.1,0.1,0.15,1
61.8,1,0,25.6838,0,0,0.1,0.1,0.15,1
61.8,2,0,25.724,0,0,0.1,0.1,0.15,1
61.8,3,0,25.7432,0,0,0.1,0.1,0.15,1
61.8,4,0,25.697,0,0,0.1,0.1,0.15,1
61.8,5,0,25.6866,0,0,0.1,0.1,0.15,1
61.8,6,0.408535,69.0862,1,1,10.0005,10.0005,9.00505,1
61.8,7,0.9,89.6333,1,1,15.0974,15.0974,13.1118,1
61.9,0,0,25.6887,0,0,0.1,0.1,0.15,1
61.9,1,0,25.6836,0,0,0.1,0.1,0.15,1
61.9,2,0,25.7231,0,0,0.1,0.1,0.15,1
61.9,3,0,25.742,0,0,0.1,0.1,0.15,1
61.9,4,0,25.6967,0,0,0.1,0.1,0.15,1
61.9,5,0,25.6864,0,0,0.1,0.1,0.15,1
61.9,6,0.40815,68.8971,1,1,7.72345,7.72345,7.27531,1
61.9,7,0.9,89.5849,1,1,15.8228,15.8228,13.7182,1
62,0,0,25.6885,0,0,0.1,0.1,0.15,1
62,1,0,25.6835,0,0,0.1,0.1,0.15,1
62,2,0,25.7223,0,0,0.1,0.1,0.15,1
62,3,0,25.7409,0,0,0.1,0.1,0.15,1
62,4,0,25.6963,0,0,0.1,0.1,0.15,1
62,5,0,25.6862,0,0,0.1,0.1,0.15,1
62,6,0.407701,68.8014,1,1,9.31856,9.31856,8.47917,1
62,7,0.9,89.6423,1,1,17.4746,17.4746,15.1169,1
