sim_t,client,soc,temp,throttled,alive,ul,dl,power_W,scale
0,0,0.29937,25.2382,0,1,0.574563,7,3.17615,1
0,1,0.24937,25.2382,0,1,0.574563,7,3.17615,1
0,2,0.547813,25.8265,0,1,12,16.6278,11.0202,1
0,3,0.59937,25.2382,0,1,0.574563,7,3.17615,1
0,4,0.347813,25.8265,0,1,12,16.6278,11.0202,1
0,5,0.27937,25.2382,0,1,0.574563,7,3.17615,1
0,6,0.799417,25.8265,0,1,12,16.6278,11.0202,1
0,7,0.9,25.2382,0,1,0.574563,7,3.17615,1
0.1,0,0.298657,25.5036,0,1,1.50735,7,3.59202,1
0.1,1,0.248657,25.5036,0,1,1.50735,7,3.59202,1
0.1,2,0.546809,26.1924,0,1,4.24739,7,5.06241,1
0.1,3,0.598657,25.5036,0,1,1.50735,7,3.59202,1
0.1,4,0.346809,26.1924,0,1,4.24739,7,5.06241,1
0.1,5,0.278657,25.5036,0,1,1.50735,7,3.59202,1
0.1,6,0.799149,26.1924,0,1,4.24739,7,5.06241,1
0.1,7,0.9,25.5036,0,1,1.50735,7,3.59202,1
0.2,0,0.297859,25.7971,0,1,1.40592,12.0435,4.02431,1
0.2,1,0.247859,25.7971,0,1,1.40592,12.0435,4.02431,1
0.2,2,0.54584,26.5387,0,1,1.40592,20.9843,4.88268,1
0.2,3,0.597859,25.7971,0,1,1.40592,12.0435,4.02431,1
0.2,4,0.34584,26.5387,0,1,1.40592,20.9843,4.88268,1
0.2,5,0.277859,25.7971,0,1,1.40592,12.0435,4.02431,1
0.2,6,0.798891,26.5387,0,1,1.40592,20.9843,4.88268,1
0.2,7,0.9,25.7971,0,1,1.40592,12.0435,4.02431,1
0.3,0,0.296534,26.2844,0,1,2.79878,32.3303,6.67532,1
0.3,1,0.246534,26.2844,0,1,2.79878,32.3303,6.67532,1
0.3,2,0.544687,26.9491,0,1,2.79878,23.3714,5.81388,1
0.3,3,0.596534,26.2844,0,1,2.79878,32.3303,6.67532,1
0.3,4,0.344687,26.9491,0,1,2.79878,23.3714,5.81388,1
0.3,5,0.276534,26.2844,0,1,2.79878,32.3303,6.67532,1
0.3,6,0.798583,26.9491,0,1,2.79878,23.3714,5.81388,1
0.3,7,0.9,26.2844,0,1,2.79878,32.3303,6.67532,1
0.4,0,0.295098,26.806,0,1,4.39114,28.9524,7.23976,1
0.4,1,0.245098,26.806,0,1,4.39114,28.9524,7.23976,1
0.4,2,0.543521,27.3575,0,1,4.39114,14.7308,5.87729,1
0.4,3,0.595098,26.806,0,1,4.39114,28.9524,7.23976,1
0.4,4,0.343521,27.3575,0,1,4.39114,14.7308,5.87729,1
0.4,5,0.275098,26.806,0,1,4.39114,28.9524,7.23976,1
0.4,6,0.798272,27.3575,0,1,4.39114,14.7308,5.87729,1
0.4,7,0.9,26.806,0,1,4.39114,28.9524,7.23976,1
0.5,0,0.293763,27.2803,0,1,4.16794,24.9419,6.72553,1
0.5,1,0.243763,27.2803,0,1,4.16794,24.9419,6.72553,1
0.5,2,0.543044,27.4983,0,1,0.146313,0.146313,2.40239,1
0.5,3,0.593682,27.311,0,1,5.00153,24.1084,7.13419,1
0.5,4,0.343044,27.4983,0,1,0.146313,0.146313,2.40239,1
0.5,5,0.273511,27.3758,0,1,6.66871,22.4412,7.99787,1
0.5,6,0.798145,27.4983,0,1,0.146313,0.146313,2.40239,1
0.5,7,0.9,27.6679,0,1,13.3374,15.7725,11.8926,1
0.6,0,0.292425,27.7483,0,1,3.63874,28.2883,6.74621,1
0.6,1,0.242425,27.7483,0,1,3.63874,28.2883,6.74621,1
0.6,2,0.541897,27.8904,0,1,3.63874,18.2429,5.78229,1
0.6,3,0.592344,27.7784,0,1,3.63874,28.2883,6.74621,1
0.6,4,0.341897,27.8904,0,1,3.63874,18.2429,5.78229,1
0.6,5,0.272172,27.8421,0,1,3.63874,28.2883,6.74621,1
0.6,6,0.797839,27.8904,0,1,3.63874,18.2429,5.78229,1
0.6,7,0.9,28.1294,0,1,3.63874,28.2883,6.74621,1
0.7,0,0.291107,28.2006,0,1,3.99088,25.131,6.64218,1
0.7,1,0.241107,28.2006,0,1,3.99088,25.131,6.64218,1
0.7,2,0.540702,28.2936,0,1,3.99088,18.6243,6.01832,1
0.7,3,0.591026,28.2303,0,1,3.99088,25.131,6.64218,1
0.7,4,0.340702,28.2936,0,1,3.99088,18.6243,6.01832,1
0.7,5,0.270854,28.2929,0,1,3.99088,25.131,6.64218,1
0.7,6,0.797521,28.2936,0,1,3.99088,18.6243,6.01832,1
0.7,7,0.9,28.5754,0,1,3.99088,25.131,6.64218,1
0.8,0,0.289835,28.6281,0,1,3.64024,24.7918,6.41116,1
0.8,1,0.239835,28.6281,0,1,3.64024,24.7918,6.41116,1
0.8,2,0.539394,28.7332,0,1,3.64024,26.6898,6.59345,1
0.8,3,0.589754,28.6573,0,1,3.64024,24.7918,6.41116,1
0.8,4,0.339394,28.7332,0,1,3.64024,26.6898,6.59345,1
0.8,5,0.269582,28.7189,0,1,3.64024,24.7918,6.41116,1
0.8,6,0.797172,28.7332,0,1,3.64024,26.6898,6.59345,1
0.8,7,0.9,28.9966,0,1,3.64024,24.7918,6.41116,1
0.9,0,0.288543,29.0559,0,1,3.79125,24.9373,6.51016,1
0.9,1,0.238543,29.0559,0,1,3.79125,24.9373,6.51016,1
0.9,2,0.538174,29.1323,0,1,3.79125,21.199,6.15148,1
0.9,3,0.588462,29.0846,0,1,3.79125,24.9373,6.51016,1
0.9,4,0.338174,29.1323,0,1,3.79125,21.199,6.15148,1
0.9,5,0.268291,29.1452,0,1,3.79125,24.9373,6.51016,1
0.9,6,0.796846,29.1323,0,1,3.79125,21.199,6.15148,1
0.9,7,0.9,29.4183,0,1,3.79125,24.9373,6.51016,1
1,0,0.287128,29.5234,0,1,3.59107,32.6008,7.13416,1
1,1,0.237128,29.5234,0,1,3.59107,32.6008,7.13416,1
1,2,0.537056,29.4861,0,1,3.59107,16.9907,5.63572,1
1,3,0.587047,29.5516,0,1,3.59107,32.6008,7.13416,1
1,4,0.337056,29.4861,0,1,3.59107,16.9907,5.63572,1
1,5,0.266875,29.6111,0,1,3.59107,32.6008,7.13416,1
1,6,0.796548,29.4861,0,1,3.59107,16.9907,5.63572,1
1,7,0.9,29.8797,0,1,3.59107,32.6008,7.13416,1
1.1,0,0.28572,29.9802,0,1,4.52398,26.6492,7.096,1
1.1,1,0.23572,29.9802,0,1,4.52398,26.6492,7.096,1
1.1,2,0.535709,29.9205,0,1,4.52398,23.4476,6.78878,1
1.1,3,0.585639,30.0079,0,1,4.52398,26.6492,7.096,1
1.1,4,0.335709,29.9205,0,1,4.52398,23.4476,6.78878,1
1.1,5,0.265467,30.0665,0,1,4.52398,26.6492,7.096,1
1.1,6,0.796189,29.9205,0,1,4.52398,23.4476,6.78878,1
1.1,7,0.9,30.3306,0,1,4.52398,26.6492,7.096,1
1.2,0,0.284411,30.3917,0,1,3.89665,25.1791,6.59312,1
1.2,1,0.234411,30.3917,0,1,3.89665,25.1791,6.59312,1
1.2,2,0.534543,30.2793,0,1,3.89665,17.7055,5.87666,1
1.2,3,0.58433,30.4189,0,1,3.89665,25.1791,6.59312,1
1.2,4,0.334543,30.2793,0,1,3.89665,17.7055,5.87666,1
1.2,5,0.264159,30.4765,0,1,3.89665,25.1791,6.59312,1
1.2,6,0.795878,30.2793,0,1,3.89665,17.7055,5.87666,1
1.2,7,0.9,30.7362,0,1,3.89665,25.1791,6.59312,1
1.3,0,0.283074,30.8075,0,1,3.63447,28.2733,6.74237,1
1.3,1,0.233074,30.8075,0,1,3.63447,28.2733,6.74237,1
1.3,2,0.533429,30.6123,0,1,3.63447,16.5016,5.61329,1
1.3,3,0.582993,30.8343,0,1,3.63447,28.2733,6.74237,1
1.3,4,0.333429,30.6123,0,1,3.63447,16.5016,5.61329,1
1.3,5,0.262821,30.8909,0,1,3.63447,28.2733,6.74237,1
1.3,6,0.795581,30.6123,0,1,3.63447,16.5016,5.61329,1
1.3,7,0.9,31.1463,0,1,3.63447,28.2733,6.74237,1
1.4,0,0.281609,31.2643,0,1,3.98847,32.8343,7.38103,1
1.4,1,0.231609,31.2643,0,1,3.98847,32.8343,7.38103,1
1.4,2,0.532151,31.0016,0,1,3.98847,23.0236,6.43855,1
1.4,3,0.581528,31.2906,0,1,3.98847,32.8343,7.38103,1
1.4,4,0.332151,31.0016,0,1,3.98847,23.0236,6.43855,1
1.4,5,0.261357,31.3463,0,1,3.98847,32.8343,7.38103,1
1.4,6,0.79524,31.0016,0,1,3.98847,23.0236,6.43855,1
1.4,7,0.9,31.5974,0,1,3.98847,32.8343,7.38103,1
1.5,0,0.280103,31.7293,0,1,4.60285,31.331,7.59191,1
1.5,1,0.230103,31.7293,0,1,4.60285,31.331,7.59191,1
1.5,2,0.530854,31.3922,0,1,4.60285,20.3783,6.54084,1
1.5,3,0.580022,31.7552,0,1,4.60285,31.331,7.59191,1
1.5,4,0.330854,31.3922,0,1,4.60285,20.3783,6.54084,1
1.5,5,0.25985,31.8099,0,1,4.60285,31.331,7.59191,1
1.5,6,0.794894,31.3922,0,1,4.60285,20.3783,6.54084,1
1.5,7,0.9,32.0569,0,1,4.60285,31.331,7.59191,1
1.6,0,0.278681,32.1544,0,1,4.49174,27.5564,7.16427,1
1.6,1,0.228681,32.1544,0,1,4.49174,27.5564,7.16427,1
1.6,2,0.529706,31.7195,0,1,4.49174,13.1405,5.78459,1
1.6,3,0.5786,32.1799,0,1,4.49174,27.5564,7.16427,1
1.6,4,0.329706,31.7195,0,1,4.49174,13.1405,5.78459,1
1.6,5,0.258429,32.2338,0,1,4.49174,27.5564,7.16427,1
1.6,6,0.794588,31.7195,0,1,4.49174,13.1405,5.78459,1
1.6,7,0.9,32.4766,0,1,4.49174,27.5564,7.16427,1
1.7,0,0.277347,32.5397,0,1,4.00602,25.924,6.72695,1
1.7,1,0.227347,32.5397,0,1,4.00602,25.924,6.72695,1
1.7,2,0.528453,32.0809,0,1,4.00602,21.6026,6.31229,1
1.7,3,0.577266,32.5648,0,1,4.00602,25.924,6.72695,1
1.7,4,0.328453,32.0809,0,1,4.00602,21.6026,6.31229,1
1.7,5,0.257094,32.6177,0,1,4.00602,25.924,6.72695,1
1.7,6,0.794254,32.0809,0,1,4.00602,21.6026,6.31229,1
1.7,7,0.9,32.8565,0,1,4.00602,25.924,6.72695,1
1.8,0,0.275877,32.9695,0,1,3.74125,34.5428,7.40523,1
1.8,1,0.225877,32.9695,0,1,3.74125,34.5428,7.40523,1
1.8,2,0.52734,32.3839,0,1,3.74125,15.8728,5.61334,1
1.8,3,0.575796,32.9941,0,1,3.74125,34.5428,7.40523,1
1.8,4,0.32734,32.3839,0,1,3.74125,15.8728,5.61334,1
1.8,5,0.255625,33.0461,0,1,3.74125,34.5428,7.40523,1
1.8,6,0.793957,32.3839,0,1,3.74125,15.8728,5.61334,1
1.8,7,0.9,33.2809,0,1,3.74125,34.5428,7.40523,1
1.9,0,0.274392,33.398,0,1,4.7855,29.093,7.48439,1
1.9,1,0.224392,33.398,0,1,4.7855,29.093,7.48439,1
1.9,2,0.526026,32.7572,0,1,4.7855,20.0679,6.61877,1
1.9,3,0.574311,33.4222,0,1,4.7855,29.093,7.48439,1
1.9,4,0.326026,32.7572,0,1,4.7855,20.0679,6.61877,1
1.9,5,0.25414,33.4734,0,1,4.7855,29.093,7.48439,1
1.9,6,0.793607,32.7572,0,1,4.7855,20.0679,6.61877,1
1.9,7,0.9,33.7042,0,1,4.7855,29.093,7.48439,1
2,0,0.27293,33.8109,0,1,4.23481,31.2716,7.3721,1
2,1,0.22293,33.8109,0,1,4.23481,31.2716,7.3721,1
2,2,0.524829,33.0806,0,1,4.23481,17.3361,6.03531,1
2,3,0.572849,33.8347,0,1,4.23481,31.2716,7.3721,1
2,4,0.324829,33.0806,0,1,4.23481,17.3361,6.03531,1
2,5,0.252677,33.8851,0,1,4.23481,31.2716,7.3721,1
2,6,0.793288,33.0806,0,1,4.23481,17.3361,6.03531,1
2,7,0.9,34.1121,0,1,4.23481,31.2716,7.3721,1
2.1,0,0.271541,34.1888,0,1,4.4383,26.1414,6.99724,1
2.1,1,0.221541,34.1888,0,1,4.4383,26.1414,6.99724,1
2.1,2,0.523636,33.3969,0,1,4.4383,15.8617,6.01266,1
2.1,3,0.57146,34.2123,0,1,4.4383,26.1414,6.99724,1
2.1,4,0.323636,33.3969,0,1,4.4383,15.8617,6.01266,1
2.1,5,0.251289,34.2618,0,1,4.4383,26.1414,6.99724,1
2.1,6,0.79297,33.3969,0,1,4.4383,15.8617,6.01266,1
2.1,7,0.9,34.485,0,1,4.4383,26.1414,6.99724,1
2.2,0,0.270191,34.546,0,1,3.82246,27.8084,6.80359,1
2.2,1,0.220191,34.546,0,1,3.82246,27.8084,6.80359,1
2.2,2,0.522578,33.6567,0,1,3.82246,12.4275,5.33083,1
2.2,3,0.57011,34.569,0,1,3.82246,27.8084,6.80359,1
2.2,4,0.322578,33.6567,0,1,3.82246,12.4275,5.33083,1
2.2,5,0.249939,34.6177,0,1,3.82246,27.8084,6.80359,1
2.2,6,0.792688,33.6567,0,1,3.82246,12.4275,5.33083,1
2.2,7,0.9,34.8372,0,1,3.82246,27.8084,6.80359,1
2.3,0,0.268711,34.9465,0,1,3.95386,33.8796,7.46183,1
2.3,1,0.218711,34.9465,0,1,3.95386,33.8796,7.46183,1
2.3,2,0.521316,33.9894,0,1,3.95386,22.3992,6.35891,1
2.3,3,0.56863,34.9692,0,1,3.95386,33.8796,7.46183,1
2.3,4,0.321316,33.9894,0,1,3.95386,22.3992,6.35891,1
2.3,5,0.248458,35.017,0,1,3.95386,33.8796,7.46183,1
2.3,6,0.792351,33.9894,0,1,3.95386,22.3992,6.35891,1
2.3,7,0.9,35.2329,0,1,3.95386,33.8796,7.46183,1
2.4,0,0.267342,35.2982,0,1,4.72918,23.3443,6.8994,1
2.4,1,0.217342,35.2982,0,1,4.72918,23.3443,6.8994,1
2.4,2,0.520009,34.3336,0,1,4.72918,20.0891,6.58752,1
2.4,3,0.567261,35.3205,0,1,4.72918,23.3443,6.8994,1
2.4,4,0.320009,34.3336,0,1,4.72918,20.0891,6.58752,1
2.4,5,0.24709,35.3675,0,1,4.72918,23.3443,6.8994,1
2.4,6,0.792003,34.3336,0,1,4.72918,20.0891,6.58752,1
2.4,7,0.9,35.5798,0,1,4.72918,23.3443,6.8994,1
2.5,0,0.266172,35.569,0,1,3.50918,20.2151,5.89875,1
2.5,1,0.216172,35.569,0,1,3.50918,20.2151,5.89875,1
2.5,2,0.518782,34.6421,0,1,3.50918,23.2293,6.18789,1
2.5,3,0.566091,35.5909,0,1,3.50918,20.2151,5.89875,1
2.5,4,0.318782,34.6421,0,1,3.50918,23.2293,6.18789,1
2.5,5,0.245919,35.6371,0,1,3.50918,20.2151,5.89875,1
2.5,6,0.791675,34.6421,0,1,3.50918,23.2293,6.18789,1
2.5,7,0.9,35.8459,0,1,3.50918,20.2151,5.89875,1
2.6,0,0.264915,35.8679,0,1,3.34231,25.7184,6.33439,1
2.6,1,0.214915,35.8679,0,1,3.34231,25.7184,6.33439,1
2.6,2,0.517616,34.922,0,1,3.34231,20.9267,5.87439,1
2.6,3,0.564834,35.8894,0,1,3.34231,25.7184,6.33439,1
2.6,4,0.317616,34.922,0,1,3.34231,20.9267,5.87439,1
2.6,5,0.244662,35.9349,0,1,3.34231,25.7184,6.33439,1
2.6,6,0.791364,34.922,0,1,3.34231,20.9267,5.87439,1
2.6,7,0.9,36.1402,0,1,3.34231,25.7184,6.33439,1
2.7,0,0.263729,36.135,0,1,3.63258,20.3057,5.97645,1
2.7,1,0.213729,36.135,0,1,3.63258,20.3057,5.97645,1
2.7,2,0.516517,35.172,0,1,3.63258,15.7223,5.53775,1
2.7,3,0.563648,36.1562,0,1,3.63258,20.3057,5.97645,1
2.7,4,0.316517,35.172,0,1,3.63258,15.7223,5.53775,1
2.7,5,0.243477,36.2009,0,1,3.63258,20.3057,5.97645,1
2.7,6,0.791071,35.172,0,1,3.63258,15.7223,5.53775,1
2.7,7,0.9,36.4027,0,1,3.63258,20.3057,5.97645,1
2.8,0,0.262361,36.4664,0,1,2.99228,33.5195,6.89351,1
2.8,1,0.212361,36.4664,0,1,2.99228,33.5195,6.89351,1
2.8,2,0.515345,35.4455,0,1,2.99228,23.2646,5.90753,1
2.8,3,0.56228,36.4872,0,1,2.99228,33.5195,6.89351,1
2.8,4,0.315345,35.4455,0,1,2.99228,23.2646,5.90753,1
2.8,5,0.242109,36.5312,0,1,2.99228,33.5195,6.89351,1
2.8,6,0.790759,35.4455,0,1,2.99228,23.2646,5.90753,1
2.8,7,0.9,36.7297,0,1,2.99228,33.5195,6.89351,1
2.9,0,0.260811,36.8612,0,1,4.56398,33.8622,7.81246,1
2.9,1,0.210811,36.8612,0,1,4.56398,33.8622,7.81246,1
2.9,2,0.514205,35.7024,0,1,4.56398,12.2867,5.74579,1
2.9,3,0.56073,36.8817,0,1,4.56398,33.8622,7.81246,1
2.9,4,0.314205,35.7024,0,1,4.56398,12.2867,5.74579,1
2.9,5,0.240559,36.925,0,1,4.56398,33.8622,7.81246,1
2.9,6,0.790455,35.7024,0,1,4.56398,12.2867,5.74579,1
2.9,7,0.9,37.1201,0,1,4.56398,33.8622,7.81246,1
3,0,0.259297,37.2358,0,1,4.80328,30.4995,7.63001,1
3,1,0.209297,37.2358,0,1,4.80328,30.4995,7.63001,1
3,2,0.512949,35.999,0,1,4.80328,16.9699,6.33305,1
3,3,0.559216,37.2559,0,1,4.80328,30.4995,7.63001,1
3,4,0.312949,35.999,0,1,4.80328,16.9699,6.33305,1
3,5,0.239045,37.2985,0,1,4.80328,30.4995,7.63001,1
3,6,0.79012,35.999,0,1,4.80328,16.9699,6.33305,1
3,7,0.9,37.4904,0,1,4.80328,30.4995,7.63001,1
3.1,0,0.257815,37.592,0,1,4.41284,31.2044,7.46878,1
3.1,1,0.207815,37.592,0,1,4.41284,31.2044,7.46878,1
3.1,2,0.512243,36.0824,0,1,2.29661,2.29661,3.55608,1
3.1,3,0.557647,37.6447,0,1,5.29541,30.3218,7.90669,1
3.1,4,0.312243,36.0824,0,1,2.29661,2.29661,3.55608,1
3.1,5,0.237292,37.7559,0,1,7.06055,28.5567,8.83215,1
3.1,6,0.789931,36.0824,0,1,2.29661,2.29661,3.55608,1
3.1,7,0.9,38.2576,0,1,14.1211,21.4962,13.0052,1
3.2,0,0.256417,37.9109,0,1,4.45216,26.6028,7.04961,1
3.2,1,0.206417,37.9109,0,1,4.45216,26.6028,7.04961,1
3.2,2,0.511045,36.3506,0,1,4.45216,16.0569,6.03939,1
3.2,3,0.556249,37.9627,0,1,4.45216,26.6028,7.04961,1
3.2,4,0.311045,36.3506,0,1,4.45216,16.0569,6.03939,1
3.2,5,0.235894,38.0721,0,1,4.45216,26.6028,7.04961,1
3.2,6,0.789612,36.3506,0,1,4.45216,16.0569,6.03939,1
3.2,7,0.9,38.5654,0,1,4.45216,26.6028,7.04961,1
3.3,0,0.254928,38.2584,0,1,3.88187,34.7292,7.50264,1
3.3,1,0.204928,38.2584,0,1,3.88187,34.7292,7.50264,1
3.3,2,0.509852,36.6123,0,1,3.88187,19.2085,6.01212,1
3.3,3,0.55476,38.3093,0,1,3.88187,34.7292,7.50264,1
3.3,4,0.309852,36.6123,0,1,3.88187,19.2085,6.01212,1
3.3,5,0.234405,38.4169,0,1,3.88187,34.7292,7.50264,1
3.3,6,0.789294,36.6123,0,1,3.88187,19.2085,6.01212,1
3.3,7,0.9,38.902,0,1,3.88187,34.7292,7.50264,1
3.4,0,0.253512,38.5728,0,1,4.82638,25.2287,7.13759,1
3.4,1,0.203512,38.5728,0,1,4.82638,25.2287,7.13759,1
3.4,2,0.508394,36.9697,0,1,4.82638,27.3935,7.34536,1
3.4,3,0.553344,38.6228,0,1,4.82638,25.2287,7.13759,1
3.4,4,0.308394,36.9697,0,1,4.82638,27.3935,7.34536,1
3.4,5,0.232989,38.7286,0,1,4.82638,25.2287,7.13759,1
3.4,6,0.788905,36.9697,0,1,4.82638,27.3935,7.34536,1
3.4,7,0.9,39.2056,0,1,4.82638,25.2287,7.13759,1
3.5,0,0.251988,38.9224,0,1,4.02748,35.6927,7.67822,1
3.5,1,0.201988,38.9224,0,1,4.02748,35.6927,7.67822,1
3.5,2,0.507154,37.2391,0,1,4.02748,20.8415,6.25162,1
3.5,3,0.55182,38.9716,0,1,4.02748,35.6927,7.67822,1
3.5,4,0.307154,37.2391,0,1,4.02748,20.8415,6.25162,1
3.5,5,0.231465,39.0756,0,1,4.02748,35.6927,7.67822,1
3.5,6,0.788574,37.2391,0,1,4.02748,20.8415,6.25162,1
3.5,7,0.9,39.5447,0,1,4.02748,35.6927,7.67822,1
3.6,0,0.250431,39.2792,0,1,4.96502,31.8018,7.85107,1
3.6,1,0.200431,39.2792,0,1,4.96502,31.8018,7.85107,1
3.6,2,0.505682,37.5916,0,1,4.96502,27.3212,7.42071,1
3.6,3,0.550263,39.3276,0,1,4.96502,31.8018,7.85107,1
3.6,4,0.305682,37.5916,0,1,4.96502,27.3212,7.42071,1
3.6,5,0.229908,39.4299,0,1,4.96502,31.8018,7.85107,1
3.6,6,0.788182,37.5916,0,1,4.96502,27.3212,7.42071,1
3.6,7,0.9,39.8911,0,1,4.96502,31.8018,7.85107,1
3.7,0,0.248983,39.5882,0,1,4.59585,28.2706,7.29377,1
3.7,1,0.198983,39.5882,0,1,4.59585,28.2706,7.29377,1
3.7,2,0.504225,37.9323,0,1,4.59585,28.7553,7.34032,1
3.7,3,0.548815,39.6358,0,1,4.59585,28.2706,7.29377,1
3.7,4,0.304225,37.9323,0,1,4.59585,28.7553,7.34032,1
3.7,5,0.22846,39.7364,0,1,4.59585,28.2706,7.29377,1
3.7,6,0.787793,37.9323,0,1,4.59585,28.7553,7.34032,1
3.7,7,0.9,40.19,0,1,4.59585,28.2706,7.29377,1
3.8,0,0.247501,39.9055,0,1,4.16889,32.7096,7.47238,1
3.8,1,0.197501,39.9055,0,1,4.16889,32.7096,7.47238,1
3.8,2,0.50276,38.2708,0,1,4.16889,31.8222,7.38705,1
3.8,3,0.547333,39.9523,0,1,4.16889,32.7096,7.47238,1
3.8,4,0.30276,38.2708,0,1,4.16889,31.8222,7.38705,1
3.8,5,0.226978,40.0512,0,1,4.16889,32.7096,7.47238,1
3.8,6,0.787403,38.2708,0,1,4.16889,31.8222,7.38705,1
3.8,7,0.9,40.4972,0,1,4.16889,32.7096,7.47238,1
3.9,0,0.245987,40.2293,0,1,4.60982,31.6804,7.62957,1
3.9,1,0.195987,40.2293,0,1,4.60982,31.6804,7.62957,1
3.9,2,0.501416,38.5577,0,1,4.60982,22.7715,6.77424,1
3.9,3,0.545819,40.2753,0,1,4.60982,31.6804,7.62957,1
3.9,4,0.301416,38.5577,0,1,4.60982,22.7715,6.77424,1
3.9,5,0.225464,40.3726,0,1,4.60982,31.6804,7.62957,1
3.9,6,0.787044,38.5577,0,1,4.60981,22.7715,6.77424,1
3.9,7,0.9,40.8112,0,1,4.60981,31.6804,7.62957,1
4,0,0.244468,40.5497,0,1,4.53627,32.4078,7.65643,1
4,1,0.194468,40.5497,0,1,4.53627,32.4078,7.65643,1
4,2,0.499989,38.8708,0,1,4.53627,27.5264,7.18741,1
4,3,0.5443,40.595,0,1,4.53627,32.4078,7.65643,1
4,4,0.299989,38.8708,0,1,4.53627,27.5264,7.18741,1
4,5,0.223945,40.6906,0,1,4.53627,32.4078,7.65643,1
4,6,0.786664,38.8708,0,1,4.53627,27.5264,7.18741,1
4,7,0.9,41.1219,1,1,4.53627,32.4078,7.65643,1
4.1,0,0.242956,40.8622,0,1,4.61801,31.5481,7.62167,1
4.1,1,0.192956,40.8622,0,1,4.61801,31.5481,7.62167,1
4.1,2,0.49862,39.1574,0,1,4.61801,24.0768,6.90423,1
4.1,3,0.542788,40.9067,0,1,4.61801,31.5481,7.62167,1
4.1,4,0.29862,39.1574,0,1,4.61801,24.0768,6.90423,1
4.1,5,0.222433,41.0007,1,1,4.61801,31.5481,7.62167,1
4.1,6,0.786299,39.1574,0,1,4.61801,24.0768,6.90423,1
4.1,7,0.9,41.4248,1,1,4.61801,31.5481,7.62167,1
4.2,0,0.24149,41.1519,1,1,4.52077,29.699,7.38703,1
4.2,1,0.19149,41.1519,1,1,4.52077,29.699,7.38703,1
4.2,2,0.497031,39.5221,0,1,4.52077,36.159,8.00808,1
4.2,3,0.541322,41.1956,1,1,4.52077,29.699,7.38703,1
4.2,4,0.297031,39.5221,0,1,4.52077,36.159,8.00808,1
4.2,5,0.220967,41.2881,1,1,4.52077,29.699,7.38703,1
4.2,6,0.785875,39.5221,0,1,4.52077,36.159,8.00808,1
4.2,7,0.9,41.7051,1,1,4.52077,29.699,7.38703,1
4.3,0,0.23991,41.4799,1,1,5.08498,32.2249,7.96326,1
4.3,1,0.18991,41.4799,1,1,5.08498,32.2249,7.96326,1
4.3,2,0.495457,39.8749,0,1,5.08498,31.8967,7.93172,1
4.3,3,0.539742,41.5229,1,1,5.08498,32.2249,7.96326,1
4.3,4,0.295457,39.8749,0,1,5.08498,31.8967,7.93172,1
4.3,5,0.219387,41.6139,1,1,5.08498,32.2249,7.96326,1
4.3,6,0.785455,39.8749,0,1,5.08498,31.8967,7.93172,1
4.3,7,0.9,42.0239,1,1,5.08498,32.2249,7.96326,1
4.4,0,0.238407,41.7735,1,1,4.66374,30.8007,7.5767,1
4.4,1,0.188407,41.7735,1,1,4.66374,30.8007,7.5767,1
4.4,2,0.493893,40.2182,0,1,4.66374,33.9848,7.88275,1
4.4,3,0.538239,41.8158,1,1,4.66374,30.8007,7.5767,1
4.4,4,0.293893,40.2182,0,1,4.66374,33.9848,7.88275,1
4.4,5,0.217884,41.9052,1,1,4.66374,30.8007,7.5767,1
4.4,6,0.785038,40.2182,0,1,4.66374,33.9848,7.88275,1
4.4,7,0.9,42.3084,1,1,4.66374,30.8007,7.5767,1
4.5,0,0.236756,42.1179,1,1,4.83107,37.5,8.31946,1
4.5,1,0.186756,42.1179,1,1,4.83107,37.5,8.31946,1
4.5,2,0.492367,40.5412,0,1,4.83107,30.9432,7.68908,1
4.5,3,0.536588,42.1595,1,1,4.83107,37.5,8.31946,1
4.5,4,0.292367,40.5412,0,1,4.83107,30.9432,7.68908,1
4.5,5,0.216233,42.2474,1,1,4.83107,37.5,8.31946,1
4.5,6,0.784631,40.5412,0,1,4.83107,30.9432,7.68908,1
4.5,7,0.9,42.6439,1,1,4.83107,37.5,8.31946,1
4.6,0,0.235203,42.4195,1,1,5.49119,28.2458,7.82571,1
4.6,1,0.185203,42.4195,1,1,5.49119,28.2458,7.82571,1
4.6,2,0.491138,40.7469,0,1,5.49119,11.1861,6.19584,1
4.6,3,0.535035,42.4604,1,1,5.49119,28.2458,7.82571,1
4.6,4,0.291138,40.7469,0,1,5.49119,11.1861,6.19584,1
4.6,5,0.21468,42.5469,1,1,5.49119,28.2458,7.82571,1
4.6,6,0.784303,40.7469,0,1,5.49119,11.1861,6.19584,1
4.6,7,0.9,42.9368,1,1,5.49119,28.2458,7.82571,1
4.7,0,0.233868,42.634,1,1,4.21713,24.7036,6.731,1
4.7,1,0.183868,42.634,1,1,4.21713,24.7036,6.731,1
4.7,2,0.489717,41.0216,1,1,4.21713,29.1865,7.1615,1
4.7,3,0.5337,42.6743,1,1,4.21713,24.7036,6.731,1
4.7,4,0.289717,41.0216,1,1,4.21713,29.1865,7.1615,1
4.7,5,0.213345,42.7593,1,1,4.21713,24.7036,6.731,1
4.7,6,0.783925,41.0216,1,1,4.21713,29.1865,7.1615,1
4.7,7,0.9,43.1427,1,1,4.21713,24.7036,6.731,1
4.8,0,0.23244,42.8797,1,1,4.17545,29.7729,7.19385,1
4.8,1,0.18244,42.8797,1,1,4.17545,29.7729,7.19385,1
4.8,2,0.488448,41.2342,1,1,4.17545,21.448,6.3947,1
4.8,3,0.532272,42.9192,1,1,4.17545,29.7729,7.19385,1
4.8,4,0.288448,41.2342,1,1,4.17545,21.448,6.3947,1
4.8,5,0.211917,43.0028,1,1,4.17545,29.7729,7.19385,1
4.8,6,0.783586,41.2342,1,1,4.17545,21.448,6.3947,1
4.8,7,0.9,43.3798,1,1,4.17545,29.7729,7.19385,1
4.9,0,0.231259,43.0283,1,1,4.24354,16.4456,5.95526,1
4.9,1,0.181259,43.0283,1,1,4.24354,16.4456,5.95526,1
4.9,2,0.487263,41.4114,1,1,4.24354,16.6099,5.97096,1
4.9,3,0.531091,43.0672,1,1,4.24354,16.4456,5.95526,1
4.9,4,0.287263,41.4114,1,1,4.24354,16.6099,5.97096,1
4.9,5,0.210736,43.1494,1,1,4.24354,16.4456,5.95526,1
4.9,6,0.78327,41.4114,1,1,4.24354,16.6099,5.97096,1
4.9,7,0.9,43.5201,1,1,4.24354,16.4456,5.95526,1
5,0,0.230051,43.1843,1,1,2.60668,27.2638,6.08624,1
5,1,0.180051,43.1843,1,1,2.60668,27.2638,6.08624,1
5,2,0.485947,41.6355,1,1,2.60668,32.9612,6.63437,1
5,3,0.529883,43.2226,1,1,2.60668,27.2638,6.08624,1
5,4,0.285947,41.6355,1,1,2.60668,32.9612,6.63437,1
5,5,0.209528,43.3034,1,1,2.60668,27.2638,6.08624,1
5,6,0.782919,41.6355,1,1,2.60668,32.9612,6.63437,1
5,7,0.9,43.6679,1,1,2.60668,27.2638,6.08624,1
5.1,0,0.228811,43.3498,1,1,4.44598,18.2768,6.24791,1
5.1,1,0.178811,43.3498,1,1,4.44598,18.2768,6.24791,1
5.1,2,0.484487,41.9103,1,1,4.44598,29.8819,7.36098,1
5.1,3,0.528644,43.3874,1,1,4.44598,18.2768,6.24791,1
5.1,4,0.284487,41.9103,1,1,4.44598,29.8819,7.36098,1
5.1,5,0.208289,43.4669,1,1,4.44598,18.2768,6.24791,1
5.1,6,0.78253,41.9103,1,1,4.44598,29.8819,7.36098,1
5.1,7,0.9,43.8254,1,1,4.44598,18.2768,6.24791,1
5.2,0,0.227523,43.5312,1,1,4.29099,21.8075,6.49592,1
5.2,1,0.177523,43.5312,1,1,4.29099,21.8075,6.49592,1
5.2,2,0.482964,42.2041,1,1,4.29099,34.086,7.67515,1
5.2,3,0.527355,43.5682,1,1,4.29099,21.8075,6.49592,1
5.2,4,0.282964,42.2041,1,1,4.29099,34.086,7.67515,1
5.2,5,0.207,43.6463,1,1,4.29099,21.8075,6.49592,1
5.2,6,0.782124,42.2041,1,1,4.29099,34.086,7.67515,1
5.2,7,0.9,43.9988,1,1,4.29099,21.8075,6.49592,1
5.3,0,0.226145,43.7429,1,1,4.79712,23.3582,6.94087,1
5.3,1,0.176145,43.7429,1,1,4.79712,23.3582,6.94087,1
5.3,2,0.481398,42.509,1,1,4.79712,33.2336,7.88914,1
5.3,3,0.525977,43.7793,1,1,4.79712,23.3582,6.94087,1
5.3,4,0.281398,42.509,1,1,4.79712,33.2336,7.88914,1
5.3,5,0.205623,43.8561,1,1,4.79712,23.3582,6.94087,1
5.3,6,0.781706,42.509,1,1,4.79712,33.2336,7.88914,1
5.3,7,0.9,44.2027,1,1,4.79712,23.3582,6.94087,1
5.4,0,0.224604,44.013,1,1,4.75384,32.2263,7.76676,1
5.4,1,0.174604,44.013,1,1,4.75384,32.2263,7.76676,1
5.4,2,0.480092,42.7109,1,1,4.75384,19.888,6.58284,1
5.4,3,0.524436,44.0488,1,1,4.75384,32.2263,7.76676,1
5.4,4,0.280092,42.7109,1,1,4.75384,19.888,6.58284,1
5.4,5,0.204081,44.1244,1,1,4.75384,32.2263,7.76676,1
5.4,6,0.781358,42.7109,1,1,4.75384,19.888,6.58284,1
5.4,7,0.9,44.4652,1,1,4.75384,32.2263,7.76676,1
5.5,0,0.223035,44.2892,1,1,4.62252,34.4971,7.90781,1
5.5,1,0.173035,44.2892,1,1,4.62252,34.4971,7.90781,1
5.5,2,0.478708,42.939,1,1,4.62252,24.8057,6.97679,1
5.5,3,0.522867,44.3244,1,1,4.62252,34.4971,7.90781,1
5.5,4,0.278708,42.939,1,1,4.62252,24.8057,6.97679,1
5.5,5,0.202512,44.3987,1,1,4.62252,34.4971,7.90781,1
5.5,6,0.780989,42.939,1,1,4.62252,24.8057,6.97679,1
5.5,7,0.9,44.7339,1,1,4.62252,34.4971,7.90781,1
5.6,0,0.221528,44.5374,1,1,4.88995,29.608,7.5957,1
5.6,1,0.171528,44.5374,1,1,4.88995,29.608,7.5957,1
5.6,2,0.477515,43.0908,1,1,4.88995,13.0516,6.01109,1
5.6,3,0.52136,44.572,1,1,4.88995,29.608,7.5957,1
5.6,4,0.277515,43.0908,1,1,4.88995,13.0516,6.01109,1
5.6,5,0.201005,44.6451,1,1,4.88995,29.608,7.5957,1
5.6,6,0.780671,43.0908,1,1,4.88995,13.0516,6.01109,1
5.6,7,0.9,44.9747,1,1,4.88995,29.608,7.5957,1
5.7,0,0.220124,44.7426,1,1,4.31224,27.7454,7.07804,1
5.7,1,0.170124,44.7426,1,1,4.31224,27.7454,7.07804,1
5.7,2,0.476384,43.217,1,1,4.31224,13.3765,5.7024,1
5.7,3,0.519956,44.7767,1,1,4.31224,27.7454,7.07804,1
5.7,4,0.276384,43.217,1,1,4.31224,13.3765,5.7024,1
5.7,5,0.199601,44.8485,1,1,4.31224,27.7454,7.07804,1
5.7,6,0.780369,43.217,1,1,4.31224,13.3765,5.7024,1
5.7,7,0.9,45.1726,1,1,4.31224,27.7454,7.07804,1
5.8,0,0.218698,44.9526,1,1,4.00721,30.7008,7.18659,1
5.8,1,0.168698,44.9526,1,1,4.00721,30.7008,7.18659,1
5.8,2,0.475355,43.3023,1,1,4.00721,9.77656,5.18485,1
5.8,3,0.51853,44.986,1,1,4.00721,30.7008,7.18659,1
5.8,4,0.275355,43.3023,1,1,4.00721,9.77656,5.18485,1
5.8,5,0.198175,45.0567,1,1,4.00721,30.7008,7.18659,1
5.8,6,0.780095,43.3023,1,1,4.00721,9.77656,5.18485,1
5.8,7,0.9,45.3754,1,1,4.00721,30.7008,7.18659,1
5.9,0,0.217332,45.1363,1,1,4.3385,25.5517,6.88262,1
5.9,1,0.167332,45.1363,1,1,4.3385,25.5517,6.88262,1
5.9,2,0.474046,43.4923,1,1,4.3385,22.6106,6.60045,1
5.9,3,0.517164,45.1691,1,1,4.3385,25.5517,6.88262,1
5.9,4,0.274046,43.4923,1,1,4.3385,22.6106,6.60045,1
5.9,5,0.19681,45.2386,1,1,4.3385,25.5517,6.88262,1
5.9,6,0.779746,43.4923,1,1,4.3385,22.6106,6.60045,1
5.9,7,0.9,45.552,1,1,4.3385,25.5517,6.88262,1
6,0,0.21586,45.3572,1,1,3.73628,34.7393,7.42133,1
6,1,0.16586,45.3572,1,1,3.73628,34.7393,7.42133,1
6,2,0.472845,43.6379,1,1,3.73628,20.4745,6.05097,1
6,3,0.515692,45.3896,1,1,3.73628,34.7393,7.42133,1
6,4,0.272845,43.6379,1,1,3.73628,20.4745,6.05097,1
6,5,0.195337,45.4579,1,1,3.73628,34.7393,7.42133,1
6,6,0.779425,43.6379,1,1,3.73628,20.4745,6.05097,1
6,7,0.9,45.7661,1,1,3.73628,34.7393,7.42133,1
6.1,0,0.214576,45.5033,1,1,4.80945,18.3728,6.47077,1
6.1,1,0.164576,45.5033,1,1,4.80945,18.3728,6.47077,1
6.1,2,0.471712,43.7555,1,1,4.80945,10.3843,5.7104,1
6.1,3,0.514408,45.5351,1,1,4.80945,18.3728,6.47077,1
6.1,4,0.271712,43.7555,1,1,4.80945,10.3843,5.7104,1
6.1,5,0.194053,45.6023,1,1,4.80945,18.3728,6.47077,1
6.1,6,0.779123,43.7555,1,1,4.80945,10.3843,5.7104,1
6.1,7,0.9,45.9053,1,1,4.80945,18.3728,6.47077,1
6.2,0,0.213398,45.6069,1,1,2.89779,24.1104,5.93787,1
6.2,1,0.163398,45.6069,1,1,2.89779,24.1104,5.93787,1
6.2,2,0.470774,43.7976,1,1,2.89779,11.4831,4.72881,1
6.2,3,0.51323,45.6382,1,1,2.89779,24.1104,5.93787,1
6.2,4,0.270774,43.7976,1,1,2.89779,11.4831,4.72881,1
6.2,5,0.192875,45.7042,1,1,2.89779,24.1104,5.93787,1
6.2,6,0.778873,43.7976,1,1,2.89779,11.4831,4.72881,1
6.2,7,0.9,46.0022,1,1,2.89779,24.1104,5.93787,1
6.3,0,0.211913,45.8249,1,1,3.37603,37.5,7.48609,1
6.3,1,0.161913,45.8249,1,1,3.37603,37.5,7.48609,1
6.3,2,0.46992,43.8069,1,1,3.48011,3.48011,4.30109,1
6.3,3,0.511679,45.8803,1,1,4.05123,36.9728,7.81495,1
6.3,4,0.26992,43.8069,1,1,3.48011,3.48011,4.30109,1
6.3,5,0.191192,45.9952,1,1,5.40164,35.6224,8.48017,1
6.3,6,0.778645,43.8069,1,1,3.48011,3.48011,4.30109,1
6.3,7,0.9,46.5134,1,1,10.8033,30.2208,11.4828,1
6.4,0,0.210227,46.115,1,1,5.12801,37.5,8.49614,1
6.4,1,0.160227,46.115,1,1,5.12801,37.5,8.49614,1
6.4,2,0.468564,44.0063,1,1,5.12801,20.2315,6.83838,1
6.4,3,0.509994,46.1695,1,1,5.12801,37.5,8.49614,1
6.4,4,0.268564,44.0063,1,1,5.12801,20.2315,6.83838,1
6.4,5,0.189507,46.2825,1,1,5.12801,37.5,8.49614,1
6.4,6,0.778284,44.0063,1,1,5.12801,20.2315,6.83838,1
6.4,7,0.9,46.792,1,1,5.12801,37.5,8.49614,1
6.5,0,0.208468,46.4278,1,1,5.73367,37.5,8.86256,1
6.5,1,0.158468,46.4278,1,1,5.73367,37.5,8.86256,1
6.5,2,0.467206,44.2026,1,1,5.73367,16.4181,6.84112,1
6.5,3,0.508235,46.4814,1,1,5.73367,37.5,8.86256,1
6.5,4,0.267206,44.2026,1,1,5.73367,16.4181,6.84112,1
6.5,5,0.187748,46.5924,1,1,5.73367,37.5,8.86256,1
6.5,6,0.777922,44.2026,1,1,5.73367,16.4181,6.84112,1
6.5,7,0.9,47.0935,1,1,5.73367,37.5,8.86256,1
6.6,0,0.206812,46.6969,1,1,5.6121,32.938,8.34987,1
6.6,1,0.156812,46.6969,1,1,5.6121,32.938,8.34987,1
6.6,2,0.465586,44.4949,1,1,5.6121,31.0003,8.16371,1
6.6,3,0.506578,46.7496,1,1,5.6121,32.938,8.34987,1
6.6,4,0.265586,44.4949,1,1,5.6121,31.0003,8.16371,1
6.6,5,0.186092,46.8588,1,1,5.6121,32.938,8.34987,1
6.6,6,0.77749,44.4949,1,1,5.6121,31.0003,8.16371,1
6.6,7,0.9,47.3515,1,1,5.6121,32.938,8.34987,1
6.7,0,0.20524,46.9294,1,1,4.81877,33.4427,7.92204,1
6.7,1,0.15524,46.9294,1,1,4.81877,33.4427,7.92204,1
6.7,2,0.464472,44.5914,1,1,4.81877,9.35877,5.61913,1
6.7,3,0.505007,46.9813,1,1,4.81877,33.4427,7.92204,1
6.7,4,0.264472,44.5914,1,1,4.81877,9.35877,5.61913,1
6.7,5,0.18452,47.0886,1,1,4.81877,33.4427,7.92204,1
6.7,6,0.777192,44.5914,1,1,4.81877,9.35877,5.61913,1
6.7,7,0.9,47.5731,1,1,4.81877,33.4427,7.92204,1
6.8,0,0.203641,47.1682,1,1,4.78269,35.0586,8.05607,1
6.8,1,0.153641,47.1682,1,1,4.78269,35.0586,8.05607,1
6.8,2,0.463078,44.7915,1,1,4.78269,24.2901,7.0217,1
6.8,3,0.503408,47.2191,1,1,4.78269,35.0586,8.05607,1
6.8,4,0.263078,44.7915,1,1,4.78269,24.2901,7.0217,1
6.8,5,0.182921,47.3247,1,1,4.78269,35.0586,8.05607,1
6.8,6,0.776821,44.7915,1,1,4.78269,24.2901,7.0217,1
6.8,7,0.9,47.8011,1,1,4.78269,35.0586,8.05607,1
6.9,0,0.202036,47.4055,1,1,4.98016,34.1961,8.09022,1
6.9,1,0.152036,47.4055,1,1,4.98016,34.1961,8.09022,1
6.9,2,0.461643,45.0043,1,1,4.98016,25.3048,7.23621,1
6.9,3,0.501803,47.4556,1,1,4.98016,34.1961,8.09022,1
6.9,4,0.261643,45.0043,1,1,4.98016,25.3048,7.23621,1
6.9,5,0.181316,47.5594,1,1,4.98016,34.1961,8.09022,1
6.9,6,0.776438,45.0043,1,1,4.98016,25.3048,7.23621,1
6.9,7,0.9,48.0279,1,1,4.98016,34.1961,8.09022,1
7,0,0.20042,47.643,1,1,4.89704,35.2912,8.14611,1
7,1,0.15042,47.643,1,1,4.89704,35.2912,8.14611,1
7,2,0.460164,45.2298,1,1,4.89704,28.0602,7.45126,1
7,3,0.500187,47.6922,1,1,4.89704,35.2912,8.14611,1
7,4,0.260164,45.2298,1,1,4.89704,28.0602,7.45126,1
7,5,0.1797,47.7944,1,1,4.89704,35.2912,8.14611,1
7,6,0.776044,45.2298,1,1,4.89704,28.0602,7.45126,1
7,7,0.9,48.255,1,1,4.89704,35.2912,8.14611,1
7.1,0,0.198852,47.8584,1,1,5.02353,31.9872,7.90374,1
7.1,1,0.148852,47.8584,1,1,5.02353,31.9872,7.90374,1
7.1,2,0.45917,45.2683,1,1,4.15523,7,5.00905,1
7.1,3,0.498601,47.9134,1,1,5.19719,31.8136,7.99094,1
7.1,4,0.25917,45.2683,1,1,4.15523,7,5.00905,1
7.1,5,0.178079,48.027,1,1,5.54451,31.4662,8.16734,1
7.1,6,0.775779,45.2683,1,1,4.15523,7,5.00905,1
7.1,7,0.9,48.5348,1,1,6.93378,30.077,8.89743,1
7.2,0,0.197369,48.0377,1,1,4.62634,29.9254,7.47062,1
7.2,1,0.147369,48.0377,1,1,4.62634,29.9254,7.47062,1
7.2,2,0.457711,45.4819,1,1,4.62634,28.6939,7.35232,1
7.2,3,0.497119,48.0918,1,1,4.62634,29.9254,7.47062,1
7.2,4,0.257711,45.4819,1,1,4.62634,28.6939,7.35232,1
7.2,5,0.176597,48.2035,1,1,4.62634,29.9254,7.47062,1
7.2,6,0.77539,45.4819,1,1,4.62634,28.6939,7.35232,1
7.2,7,0.9,48.7028,1,1,4.62634,29.9254,7.47062,1
7.3,0,0.195824,48.238,1,1,4.31897,35.1092,7.78974,1
7.3,1,0.145824,48.238,1,1,4.31897,35.1092,7.78974,1
7.3,2,0.456442,45.6204,1,1,4.31897,20.6137,6.39773,1
7.3,3,0.495573,48.2911,1,1,4.31897,35.1092,7.78974,1
7.3,4,0.256442,45.6204,1,1,4.31897,20.6137,6.39773,1
7.3,5,0.175051,48.401,1,1,4.31897,35.1092,7.78974,1
7.3,6,0.775051,45.6204,1,1,4.31897,20.6137,6.39773,1
7.3,7,0.9,48.892,1,1,4.31897,35.1092,7.78974,1
7.4,0,0.19434,48.4118,1,1,4.92852,28.1766,7.48113,1
7.4,1,0.14434,48.4118,1,1,4.92852,28.1766,7.48113,1
7.4,2,0.455159,45.7618,1,1,4.92852,17.5989,6.46749,1
7.4,3,0.494089,48.464,1,1,4.92852,28.1766,7.48113,1
7.4,4,0.255159,45.7618,1,1,4.92852,17.5989,6.46749,1
7.4,5,0.173567,48.5721,1,1,4.92852,28.1766,7.48113,1
7.4,6,0.774709,45.7618,1,1,4.92852,17.5989,6.46749,1
7.4,7,0.9,49.0549,1,1,4.92852,28.1766,7.48113,1
7.5,0,0.192954,48.5451,1,1,4.13814,27.7777,6.98069,1
7.5,1,0.142954,48.5451,1,1,4.13814,27.7777,6.98069,1
7.5,2,0.453965,45.867,1,1,4.13814,17.729,6.01712,1
7.5,3,0.492704,48.5965,1,1,4.13814,27.7777,6.98069,1
7.5,4,0.253965,45.867,1,1,4.13814,17.729,6.01712,1
7.5,5,0.172182,48.7028,1,1,4.13814,27.7777,6.98069,1
7.5,6,0.774391,45.867,1,1,4.13814,17.729,6.01712,1
7.5,7,0.9,49.1775,1,1,4.13814,27.7777,6.98069,1
7.6,0,0.191808,48.5861,1,1,3.98948,16.1323,5.77921,1
7.6,1,0.141808,48.5861,1,1,3.98948,16.1323,5.77921,1
7.6,2,0.452815,45.9539,1,1,3.98948,16.2997,5.79521,1
7.6,3,0.491557,48.6367,1,1,3.98948,16.1323,5.77921,1
7.6,4,0.252815,45.9539,1,1,3.98948,16.2997,5.79521,1
7.6,5,0.171035,48.7412,1,1,3.98948,16.1323,5.77921,1
7.6,6,0.774084,45.9539,1,1,3.98948,16.2997,5.79521,1
7.6,7,0.9,49.208,1,1,3.98948,16.1323,5.77921,1
7.7,0,0.190419,48.7182,1,1,2.53615,37.1597,7.00159,1
7.7,1,0.140419,48.7182,1,1,2.53615,37.1597,7.00159,1
7.7,2,0.451741,46.0107,1,1,2.53615,20.6531,5.41397,1
7.7,3,0.490168,48.7679,1,1,2.53615,37.1597,7.00159,1
7.7,4,0.251741,46.0107,1,1,2.53615,20.6531,5.41397,1
7.7,5,0.169646,48.8706,1,1,2.53615,37.1597,7.00159,1
7.7,6,0.773798,46.0107,1,1,2.53615,20.6531,5.41397,1
7.7,7,0.9,49.3296,1,1,2.53615,37.1597,7.00159,1
7.8,0,0.188815,48.929,1,1,4.96198,34.2198,8.08167,1
7.8,1,0.138815,48.929,1,1,4.96198,34.2198,8.08167,1
7.8,2,0.450408,46.1642,1,1,4.96198,19.9929,6.71634,1
7.8,3,0.488565,48.9779,1,1,4.96198,34.2198,8.08167,1
7.8,4,0.250408,46.1642,1,1,4.96198,19.9929,6.71634,1
7.8,5,0.168043,49.0789,1,1,4.96198,34.2198,8.08167,1
7.8,6,0.773442,46.1642,1,1,4.96198,19.9929,6.71634,1
7.8,7,0.9,49.5303,1,1,4.96198,34.2198,8.08167,1
7.9,0,0.187226,49.1309,1,1,4.89772,33.8688,8.00976,1
7.9,1,0.137226,49.1309,1,1,4.89772,33.8688,8.00976,1
7.9,2,0.449143,46.2897,1,1,4.89772,16.8268,6.37542,1
7.9,3,0.486975,49.179,1,1,4.89772,33.8688,8.00976,1
7.9,4,0.249143,46.2897,1,1,4.89772,16.8268,6.37542,1
7.9,5,0.166453,49.2783,1,1,4.89772,33.8688,8.00976,1
7.9,6,0.773105,46.2897,1,1,4.89772,16.8268,6.37542,1
7.9,7,0.9,49.7222,1,1,4.89772,33.8688,8.00976,1
8,0,0.185573,49.3533,1,1,4.84582,37.5,8.32819,1
8,1,0.135573,49.3533,1,1,4.84582,37.5,8.32819,1
8,2,0.447604,46.5166,1,1,4.84582,31.5525,7.75636,1
8,3,0.485323,49.4006,1,1,4.84582,37.5,8.32819,1
8,4,0.247604,46.5166,1,1,4.84582,31.5525,7.75636,1
8,5,0.164801,49.4983,1,1,4.84582,37.5,8.32819,1
8,6,0.772695,46.5166,1,1,4.84582,31.5525,7.75636,1
8,7,0.9,49.9348,1,1,4.84582,37.5,8.32819,1
8.1,0,0.183981,49.5494,1,1,5.62413,29.4897,8.02597,1
8.1,1,0.133981,49.5494,1,1,5.62413,29.4897,8.02597,1
8.1,2,0.446262,46.6653,1,1,5.62413,16.3171,6.76451,1
8.1,3,0.48373,49.5959,1,1,5.62413,29.4897,8.02597,1
8.1,4,0.246262,46.6653,1,1,5.62413,16.3171,6.76451,1
8.1,5,0.163208,49.6919,1,1,5.62413,29.4897,8.02597,1
8.1,6,0.772337,46.6653,1,1,5.62413,16.3171,6.76451,1
8.1,7,0.9,50.1211,1,1,5.62413,29.4897,8.02597,1
8.2,0,0.182416,49.7319,1,1,4.38923,35.7128,7.88855,1
8.2,1,0.132416,49.7319,1,1,4.38923,35.7128,7.88855,1
8.2,2,0.444902,46.8182,1,1,4.38923,24.9451,6.85386,1
8.2,3,0.482165,49.7776,1,1,4.38923,35.7128,7.88855,1
8.2,4,0.244902,46.8182,1,1,4.38923,24.9451,6.85386,1
8.2,5,0.161643,49.872,1,1,4.38923,35.7128,7.88855,1
8.2,6,0.771974,46.8182,1,1,4.38923,24.9451,6.85386,1
8.2,7,0.9,50.2941,1,1,4.38923,35.7128,7.88855,1
8.3,0,0.180744,49.9517,1,1,5.01276,37.5,8.42732,1
8.3,1,0.130744,49.9517,1,1,5.01276,37.5,8.42732,1
8.3,2,0.443484,46.9908,1,1,5.01276,24.1965,7.14934,1
8.3,3,0.480493,49.9967,1,1,5.01276,37.5,8.42732,1
8.3,4,0.243484,46.9908,1,1,5.01276,24.1965,7.14934,1
8.3,5,0.159971,50.0895,1,1,5.01276,37.5,8.42732,1
8.3,6,0.771596,46.9908,1,1,5.01276,24.1965,7.14934,1
8.3,7,0.9,50.5046,1,1,5.01276,37.5,8.42732,1
8.4,0,0.178999,50.1954,1,1,5.87821,35.8597,8.79346,1
8.4,1,0.128999,50.1954,1,1,5.87821,35.8597,8.79346,1
8.4,2,0.442223,47.1009,1,1,5.87821,10.3626,6.35493,1
8.4,3,0.478748,50.2396,1,1,5.87821,35.8597,8.79346,1
8.4,4,0.242223,47.1009,1,1,5.87821,10.3626,6.35493,1
8.4,5,0.158226,50.3309,1,1,5.87821,35.8597,8.79346,1
8.4,6,0.771259,47.1009,1,1,5.87821,10.3626,6.35493,1
8.4,7,0.9,50.739,1,1,5.87821,35.8597,8.79346,1
8.5,0,0.177303,50.4167,1,1,5.21724,37.5,8.54962,1
8.5,1,0.127303,50.4167,1,1,5.21724,37.5,8.54962,1
8.5,2,0.440893,47.2353,1,1,5.21724,18.2513,6.70258,1
8.5,3,0.477052,50.4601,1,1,5.21724,37.5,8.54962,1
8.5,4,0.240893,47.2353,1,1,5.21724,18.2513,6.70258,1
8.5,5,0.15653,50.5499,1,1,5.21724,37.5,8.54962,1
8.5,6,0.770905,47.2353,1,1,5.21724,18.2513,6.70258,1
8.5,7,0.9,50.9512,1,1,5.21724,37.5,8.54962,1
8.6,0,0.175632,50.6244,1,1,5.40906,34.9253,8.41764,1
8.6,1,0.125632,50.6244,1,1,5.40906,34.9253,8.41764,1
8.6,2,0.439578,47.3619,1,1,5.40906,16.2816,6.63032,1
8.6,3,0.475382,50.6671,1,1,5.40906,34.9253,8.41764,1
8.6,4,0.239578,47.3619,1,1,5.40906,16.2816,6.63032,1
8.6,5,0.15486,50.7554,1,1,5.40906,34.9253,8.41764,1
8.6,6,0.770554,47.3619,1,1,5.40906,16.2816,6.63032,1
8.6,7,0.9,51.15,1,1,5.40906,34.9253,8.41764,1
8.7,0,0.173959,50.83,1,1,5.04179,37.4075,8.43573,1
8.7,1,0.123959,50.83,1,1,5.04179,37.4075,8.43573,1
8.7,2,0.438392,47.4374,1,1,5.04179,11.721,5.97537,1
8.7,3,0.473708,50.872,1,1,5.04179,37.4075,8.43573,1
8.7,4,0.238392,47.4374,1,1,5.04179,11.721,5.97537,1
8.7,5,0.153186,50.9589,1,1,5.04179,37.4075,8.43573,1
8.7,6,0.770238,47.4374,1,1,5.04179,11.721,5.97537,1
8.7,7,0.9,51.3469,1,1,5.04179,37.4075,8.43573,1
8.8,0,0.172324,51.0175,1,1,5.30616,33.7197,8.23965,1
8.8,1,0.122324,51.0175,1,1,5.30616,33.7197,8.23965,1
8.8,2,0.437166,47.527,1,1,5.30616,12.2111,6.18079,1
8.8,3,0.472073,51.0588,1,1,5.30616,33.7197,8.23965,1
8.8,4,0.237166,47.527,1,1,5.30616,12.2111,6.18079,1
8.8,5,0.151551,51.1442,1,1,5.30616,33.7197,8.23965,1
8.8,6,0.769911,47.527,1,1,5.30616,12.2111,6.18079,1
8.8,7,0.9,51.5257,1,1,5.30616,33.7197,8.23965,1
8.9,0,0.170715,51.1919,1,1,4.87823,35.0098,8.10791,1
8.9,1,0.120715,51.1919,1,1,4.87823,35.0098,8.10791,1
8.9,2,0.436252,47.497,1,1,3.446,7,4.60609,1
8.9,3,0.470436,51.2433,1,1,5.16468,34.7234,8.25111,1
8.9,4,0.236252,47.497,1,1,3.446,7,4.60609,1
8.9,5,0.149856,51.3492,1,1,5.73757,34.1505,8.54296,1
8.9,6,0.769667,47.497,1,1,3.446,7,4.60609,1
8.9,7,0.9,51.8167,1,1,8.02914,31.8589,9.77362,1
9,0,0.169086,51.3713,1,1,4.98601,35.4308,8.21241,1
9,1,0.119086,51.3713,1,1,4.98601,35.4308,8.21241,1
9,2,0.434851,47.6514,1,1,4.98601,23.4134,7.05831,1
9,3,0.468807,51.4218,1,1,4.98601,35.4308,8.21241,1
9,4,0.234851,47.6514,1,1,4.98601,23.4134,7.05831,1
9,5,0.148227,51.5259,1,1,4.98601,35.4308,8.21241,1
9,6,0.769294,47.6514,1,1,4.98601,23.4134,7.05831,1
9,7,0.9,51.9856,1,1,4.98601,35.4308,8.21241,1
9.1,0,0.167557,51.5097,1,1,5.0521,29.7393,7.70481,1
9.1,1,0.117557,51.5097,1,1,5.0521,29.7393,7.70481,1
9.1,2,0.433403,47.8214,1,1,5.0521,25.523,7.30006,1
9.1,3,0.467278,51.5593,1,1,5.0521,29.7393,7.70481,1
9.1,4,0.233403,47.8214,1,1,5.0521,25.523,7.30006,1
9.1,5,0.146698,51.6617,1,1,5.0521,29.7393,7.70481,1
9.1,6,0.768907,47.8214,1,1,5.0521,25.523,7.30006,1
9.1,7,0.9,52.1137,1,1,5.0521,29.7393,7.70481,1
9.2,0,0.166122,51.6103,1,1,4.34892,29.1323,7.23253,1
9.2,1,0.116122,51.6103,1,1,4.34892,29.1323,7.23253,1
9.2,2,0.432136,47.9199,1,1,4.34892,20.298,6.38487,1
9.2,3,0.465843,51.6591,1,1,4.34892,29.1323,7.23253,1
9.2,4,0.232136,47.9199,1,1,4.34892,20.298,6.38487,1
9.2,5,0.145263,51.7598,1,1,4.34892,29.1323,7.23253,1
9.2,6,0.76857,47.9199,1,1,4.34892,20.298,6.38487,1
9.2,7,0.9,52.2043,1,1,4.34892,29.1323,7.23253,1
9.3,0,0.164824,51.6573,1,1,4.18515,22.9136,6.54082,1
9.3,1,0.114824,51.6573,1,1,4.18515,22.9136,6.54082,1
9.3,2,0.430937,47.9911,1,1,4.18515,17.7118,6.04256,1
9.3,3,0.464545,51.7054,1,1,4.18515,22.9136,6.54082,1
9.3,4,0.230937,47.9911,1,1,4.18515,17.7118,6.04256,1
9.3,5,0.143965,51.8043,1,1,4.18515,22.9136,6.54082,1
9.3,6,0.76825,47.9911,1,1,4.18515,17.7118,6.04256,1
9.3,7,0.9,52.2414,1,1,4.18515,22.9136,6.54082,1
9.4,0,0.163474,51.7233,1,1,3.38734,30.3363,6.80313,1
9.4,1,0.113474,51.7233,1,1,3.38734,30.3363,6.80313,1
9.4,2,0.429751,48.0561,1,1,3.38734,21.7212,5.9755,1
9.4,3,0.463195,51.7705,1,1,3.38734,30.3363,6.80313,1
9.4,4,0.229751,48.0561,1,1,3.38734,21.7212,5.9755,1
9.4,5,0.142616,51.8678,1,1,3.38734,30.3363,6.80313,1
9.4,6,0.767934,48.0561,1,1,3.38734,21.7212,5.9755,1
9.4,7,0.9,52.2977,1,1,3.38734,30.3363,6.80313,1
9.5,0,0.162022,51.8267,1,1,4.21545,30.8254,7.31805,1
9.5,1,0.112022,51.8267,1,1,4.21545,30.8254,7.31805,1
9.5,2,0.428505,48.143,1,1,4.21545,20.0365,6.28254,1
9.5,3,0.461743,51.8732,1,1,4.21545,30.8254,7.31805,1
9.5,4,0.228505,48.143,1,1,4.21545,20.0365,6.28254,1
9.5,5,0.141164,51.9689,1,1,4.21545,30.8254,7.31805,1
9.5,6,0.767601,48.143,1,1,4.21545,20.0365,6.28254,1
9.5,7,0.9,52.3916,1,1,4.21545,30.8254,7.31805,1
9.6,0,0.160686,51.8846,1,1,4.38011,23.738,6.73273,1
9.6,1,0.110686,51.8846,1,1,4.38011,23.738,6.73273,1
9.6,2,0.427237,48.2364,1,1,4.38011,20.1488,6.38871,1
9.6,3,0.460408,51.9303,1,1,4.38011,23.738,6.73273,1
9.6,4,0.227237,48.2364,1,1,4.38011,20.1488,6.38871,1
9.6,5,0.139828,52.0244,1,1,4.38011,23.738,6.73273,1
9.6,6,0.767263,48.2364,1,1,4.38011,20.1488,6.38871,1
9.6,7,0.9,52.44,1,1,4.38011,23.738,6.73273,1
9.7,0,0.159214,51.993,1,1,3.51476,36.0058,7.41918,1
9.7,1,0.109214,51.993,1,1,3.51476,36.0058,7.41918,1
9.7,2,0.42604,48.3019,1,1,3.51476,21.6135,6.03595,1
9.7,3,0.458935,52.0379,1,1,3.51476,36.0058,7.41918,1
9.7,4,0.22604,48.3019,1,1,3.51476,21.6135,6.03595,1
9.7,5,0.138356,52.1304,1,1,3.51476,36.0058,7.41918,1
9.7,6,0.766944,48.3019,1,1,3.51476,21.6135,6.03595,1
9.7,7,0.9,52.5391,1,1,3.51476,36.0058,7.41918,1
9.8,0,0.157776,52.0866,1,1,4.94007,25.6696,7.24736,1
9.8,1,0.107776,52.0866,1,1,4.94007,25.6696,7.24736,1
9.8,2,0.424577,48.4666,1,1,4.94007,26.9891,7.37399,1
9.8,3,0.457498,52.1308,1,1,4.94007,25.6696,7.24736,1
9.8,4,0.224577,48.4666,1,1,4.94007,26.9891,7.37399,1
9.8,5,0.136918,52.2218,1,1,4.94007,25.6696,7.24736,1
9.8,6,0.766554,48.4666,1,1,4.94007,26.9891,7.37399,1
9.8,7,0.9,52.6237,1,1,4.94007,25.6696,7.24736,1
9.9,0,0.156236,52.2173,1,1,3.99115,36.7745,7.76156,1
9.9,1,0.106236,52.2173,1,1,3.99115,36.7745,7.76156,1
9.9,2,0.423144,48.6171,1,1,3.99115,31.1638,7.22193,1
9.9,3,0.455958,52.2607,1,1,3.99115,36.7745,7.76156,1
9.9,4,0.223144,48.6171,1,1,3.99115,31.1638,7.22193,1
9.9,5,0.135378,52.3502,1,1,3.99115,36.7745,7.76156,1
9.9,6,0.766172,48.6171,1,1,3.99115,31.1638,7.22193,1
9.9,7,0.9,52.7454,1,1,3.99115,36.7745,7.76156,1
10,0,0.154648,52.3643,1,1,5.0957,32.6267,8.00828,1
10,1,0.104648,52.3643,1,1,5.0957,32.6267,8.00828,1
10,2,0.42162,48.7993,1,1,5.0957,29.1873,7.67785,1
10,3,0.454369,52.407,1,1,5.0957,32.6267,8.00828,1
10,4,0.22162,48.7993,1,1,5.0957,29.1873,7.67785,1
10,5,0.133789,52.495,1,1,5.0957,32.6267,8.00828,1
10,6,0.765765,48.7993,1,1,5.0957,29.1873,7.67785,1
10,7,0.9,52.8836,1,1,5.0957,32.6267,8.00828,1
10.1,0,0.153369,52.3913,1,1,4.7153,18.6503,6.44165,1
10.1,1,0.103369,52.3913,1,1,4.7153,18.6503,6.44165,1
10.1,2,0.420133,48.9648,1,1,4.7153,29.6318,7.49473,1
10.1,3,0.45309,52.4333,1,1,4.7153,18.6503,6.44165,1
10.1,4,0.220133,48.9648,1,1,4.7153,29.6318,7.49473,1
10.1,5,0.132511,52.5199,1,1,4.7153,18.6503,6.44165,1
10.1,6,0.765369,48.9648,1,1,4.7153,29.6318,7.49473,1
10.1,7,0.9,52.902,1,1,4.7153,18.6503,6.44165,1
10.2,0,0.151888,52.4947,1,1,4.29339,31.8883,7.46523,1
10.2,1,0.101888,52.4947,1,1,4.29339,31.8883,7.46523,1
10.2,2,0.418807,49.0667,1,1,4.29339,23.7599,6.68453,1
10.2,3,0.451609,52.536,1,1,4.29339,31.8883,7.46523,1
10.2,4,0.218807,49.0667,1,1,4.29339,23.7599,6.68453,1
10.2,5,0.131029,52.6211,1,1,4.29339,31.8883,7.46523,1
10.2,6,0.765015,49.0667,1,1,4.29339,23.7599,6.68453,1
10.2,7,0.9,52.9968,1,1,4.29339,31.8883,7.46523,1
10.3,0,0.150367,52.6114,1,1,4.52271,32.5907,7.66608,1
10.3,1,0.100367,52.6114,1,1,4.52271,32.5907,7.66608,1
10.3,2,0.417324,49.226,1,1,4.52271,30.5808,7.4729,1
10.3,3,0.450088,52.652,1,1,4.52271,32.5907,7.66608,1
10.3,4,0.217324,49.226,1,1,4.52271,30.5808,7.4729,1
10.3,5,0.129508,52.7357,1,1,4.52271,32.5907,7.66608,1
10.3,6,0.76462,49.226,1,1,4.52271,30.5808,7.4729,1
10.3,7,0.9,53.1052,1,1,4.52271,32.5907,7.66608,1
10.4,0,0.148788,52.7481,1,1,4.63918,34.9187,7.95813,1
10.4,1,0.0987882,52.7481,1,1,4.63918,34.9187,7.95813,1
10.4,2,0.41616,49.2622,1,1,4.63918,13.0829,5.86566,1
10.4,3,0.448509,52.788,1,1,4.63918,34.9187,7.95813,1
10.4,4,0.21616,49.2622,1,1,4.63918,13.0829,5.86566,1
10.4,5,0.127929,52.8703,1,1,4.63918,34.9187,7.95813,1
10.4,6,0.764309,49.2622,1,1,4.63918,13.0829,5.86566,1
10.4,7,0.9,53.2336,1,1,4.63918,34.9187,7.95813,1
10.5,0,0.147219,52.8789,1,1,4.94474,32.5372,7.90968,1
10.5,1,0.0972188,52.8789,1,1,4.94474,32.5372,7.90968,1
10.5,2,0.414859,49.3497,1,1,4.94474,18.4448,6.55799,1
10.5,3,0.44694,52.9181,1,1,4.94474,32.5372,7.90968,1
10.5,4,0.214859,49.3497,1,1,4.94474,18.4448,6.55799,1
10.5,5,0.12636,52.999,1,1,4.94474,32.5372,7.90968,1
10.5,6,0.763962,49.3497,1,1,4.94474,18.4448,6.55799,1
10.5,7,0.9,53.3563,1,1,4.94474,32.5372,7.90968,1
10.6,0,0.145836,52.9368,1,1,4.68524,24.3294,6.96798,1
10.6,1,0.0958363,52.9368,1,1,4.68524,24.3294,6.96798,1
10.6,2,0.413471,49.4687,1,1,4.68524,24.6478,6.99853,1
10.6,3,0.445557,52.9754,1,1,4.68524,24.3294,6.96798,1
10.6,4,0.213471,49.4687,1,1,4.68524,24.6478,6.99853,1
10.6,5,0.124977,53.055,1,1,4.68524,24.3294,6.96798,1
10.6,6,0.763592,49.4687,1,1,4.68524,24.6478,6.99853,1
10.6,7,0.9,53.4063,1,1,4.68524,24.3294,6.96798,1
10.7,0,0.144398,53.015,1,1,3.66663,33.3673,7.2502,1
10.7,1,0.0943977,53.015,1,1,3.66663,33.3673,7.2502,1
10.7,2,0.412133,49.5664,1,1,3.66663,28.0565,6.73958,1
10.7,3,0.444119,53.0529,1,1,3.66663,33.3673,7.2502,1
10.7,4,0.212133,49.5664,1,1,3.66663,28.0565,6.73958,1
10.7,5,0.123539,53.1311,1,1,3.66663,33.3673,7.2502,1
10.7,6,0.763236,49.5664,1,1,3.66663,28.0565,6.73958,1
10.7,7,0.9,53.4766,1,1,3.66663,33.3673,7.2502,1
10.8,0,0.142854,53.1315,1,1,4.62924,33.1154,7.77891,1
10.8,1,0.0928543,53.1315,1,1,4.62924,33.1154,7.77891,1
10.8,2,0.411085,49.5534,1,1,4.62924,7.00637,5.28633,1
10.8,3,0.442575,53.1688,1,1,4.62924,33.1154,7.77891,1
10.8,4,0.211085,49.5534,1,1,4.62924,7.00637,5.28633,1
10.8,5,0.121995,53.2457,1,1,4.62924,33.1154,7.77891,1
10.8,6,0.762956,49.5534,1,1,4.62924,7.00637,5.28633,1
10.8,7,0.9,53.5854,1,1,4.62924,33.1154,7.77891,1
10.9,0,0.141295,53.2521,1,1,4.71808,33.4218,7.8606,1
10.9,1,0.0912947,53.2521,1,1,4.71808,33.4218,7.8606,1
10.9,2,0.409815,49.6242,1,1,4.71808,18.199,6.40014,1
10.9,3,0.441016,53.2888,1,1,4.71808,33.4218,7.8606,1
10.9,4,0.209815,49.6242,1,1,4.71808,18.199,6.40014,1
10.9,5,0.120436,53.3645,1,1,4.71808,33.4218,7.8606,1
10.9,6,0.762617,49.6242,1,1,4.71808,18.199,6.40014,1
10.9,7,0.9,53.6985,1,1,4.71808,33.4218,7.8606,1
11,0,0.139651,53.4024,1,1,4.76749,37.5,8.2819,1
11,1,0.0896514,53.4024,1,1,4.76749,37.5,8.2819,1
11,2,0.408507,49.7081,1,1,4.76749,19.8883,6.59092,1
11,3,0.439372,53.4385,1,1,4.76749,37.5,8.2819,1
11,4,0.208507,49.7081,1,1,4.76749,19.8883,6.59092,1
11,5,0.118793,53.5129,1,1,4.76749,37.5,8.2819,1
11,6,0.762269,49.7081,1,1,4.76749,19.8883,6.59092,1
11,7,0.9,53.8414,1,1,4.76749,37.5,8.2819,1
11.1,0,0.138238,53.4633,1,1,5.30595,22.0955,7.12385,1
11.1,1,0.088238,53.4633,1,1,5.30595,22.0955,7.12385,1
11.1,2,0.407135,49.815,1,1,5.30595,19.9262,6.91618,1
11.1,3,0.437959,53.4988,1,1,5.30595,22.0955,7.12385,1
11.1,4,0.207135,49.815,1,1,5.30595,19.9262,6.91618,1
11.1,5,0.117379,53.572,1,1,5.30595,22.0955,7.12385,1
11.1,6,0.761903,49.815,1,1,5.30595,19.9262,6.91618,1
11.1,7,0.9,53.895,1,1,5.30595,22.0955,7.12385,1
11.2,0,0.136818,53.5255,1,1,3.42518,33.7718,7.15451,1
11.2,1,0.0868184,53.5255,1,1,3.42518,33.7718,7.15451,1
11.2,2,0.405813,49.9011,1,1,3.42518,28.6439,6.66136,1
11.2,3,0.436539,53.5604,1,1,3.42518,33.7718,7.15451,1
11.2,4,0.205813,49.9011,1,1,3.42518,28.6439,6.66136,1
11.2,5,0.11596,53.6324,1,1,3.42518,33.7718,7.15451,1
11.2,6,0.76155,49.9011,1,1,3.42518,28.6439,6.66136,1
11.2,7,0.9,53.95,1,1,3.42518,33.7718,7.15451,1
11.3,0,0.135252,53.6421,1,1,4.64962,34.1735,7.8926,1
11.3,1,0.0852524,53.6421,1,1,4.64962,34.1735,7.8926,1
11.3,2,0.40469,49.9105,1,1,4.64962,10.843,5.65928,1
11.3,3,0.434973,53.6764,1,1,4.64962,34.1735,7.8926,1
11.3,4,0.20469,49.9105,1,1,4.64962,10.843,5.65928,1
11.3,5,0.114394,53.7471,1,1,4.64962,34.1735,7.8926,1
11.3,6,0.761251,49.9105,1,1,4.64962,10.843,5.65928,1
11.3,7,0.9,54.0594,1,1,4.64962,34.1735,7.8926,1
11.4,0,0.133856,53.6924,1,1,4.85289,24.0135,7.03673,1
11.4,1,0.0838562,53.6924,1,1,4.85289,24.0135,7.03673,1
11.4,2,0.403362,49.9972,1,1,4.85289,20.4188,6.69227,1
11.4,3,0.433577,53.7262,1,1,4.85289,24.0135,7.03673,1
11.4,4,0.203362,49.9972,1,1,4.85289,20.4188,6.69227,1
11.4,5,0.112997,53.7957,1,1,4.85289,24.0135,7.03673,1
11.4,6,0.760897,49.9972,1,1,4.85289,20.4188,6.69227,1
11.4,7,0.9,54.1028,1,1,4.85289,24.0135,7.03673,1
11.5,0,0.132678,53.6595,1,1,3.6083,20.0307,5.93647,1
11.5,1,0.0826784,53.6595,1,1,3.6083,20.0307,5.93647,1
11.5,2,0.402024,50.0866,1,1,3.6083,28.4723,6.74684,1
11.5,3,0.432399,53.6927,1,1,3.6083,20.0307,5.93647,1
11.5,4,0.202024,50.0866,1,1,3.6083,28.4723,6.74684,1
11.5,5,0.11182,53.761,1,1,3.6083,20.0307,5.93647,1
11.5,6,0.76054,50.0866,1,1,3.6083,28.4723,6.74684,1
11.5,7,0.9,54.063,1,1,3.6083,20.0307,5.93647,1
11.6,0,0.131444,53.6485,1,1,4.01007,20.6486,6.22317,1
11.6,1,0.0814436,53.6485,1,1,4.01007,20.6486,6.22317,1
11.6,2,0.400542,50.2286,1,1,4.01007,33.6054,7.4675,1
11.6,3,0.431165,53.6812,1,1,4.01007,20.6486,6.22317,1
11.6,4,0.200542,50.2286,1,1,4.01007,33.6054,7.4675,1
11.6,5,0.110585,53.7484,1,1,4.01007,20.6486,6.22317,1
11.6,6,0.760145,50.2286,1,1,4.01007,33.6054,7.4675,1
11.6,7,0.9,54.0454,1,1,4.01007,20.6486,6.22317,1
11.7,0,0.129909,53.7512,1,1,4.70193,32.2088,7.73448,1
11.7,1,0.079909,53.7512,1,1,4.70193,32.2088,7.73448,1
11.7,2,0.39908,50.3608,1,1,4.70193,28.4034,7.36886,1
11.7,3,0.42963,53.7832,1,1,4.70193,32.2088,7.73448,1
11.7,4,0.19908,50.3608,1,1,4.70193,28.4034,7.36886,1
11.7,5,0.10905,53.8494,1,1,4.70193,32.2088,7.73448,1
11.7,6,0.759755,50.3608,1,1,4.70193,28.4034,7.36886,1
11.7,7,0.9,54.1414,1,1,4.70193,32.2088,7.73448,1
11.8,0,0.128345,53.8633,1,1,4.61384,34.3003,7.8838,1
11.8,1,0.0783447,53.8633,1,1,4.61384,34.3003,7.8838,1
11.8,2,0.397979,50.3543,1,1,4.61384,9.90288,5.54932,1
11.8,3,0.428066,53.8948,1,1,4.61384,34.3003,7.8838,1
11.8,4,0.197979,50.3543,1,1,4.61384,9.90288,5.54932,1
11.8,5,0.107486,53.9598,1,1,4.61384,34.3003,7.8838,1
11.8,6,0.759461,50.3543,1,1,4.61384,9.90288,5.54932,1
11.8,7,0.9,54.247,1,1,4.61384,34.3003,7.8838,1
11.9,0,0.12678,53.9737,1,1,4.86427,32.7926,7.88648,1
11.9,1,0.07678,53.9737,1,1,4.86427,32.7926,7.88648,1
11.9,2,0.396589,50.457,1,1,4.86427,23.605,7.00431,1
11.9,3,0.426501,54.0047,1,1,4.86427,32.7926,7.88648,1
11.9,4,0.196589,50.457,1,1,4.86427,23.605,7.00431,1
11.9,5,0.105921,54.0687,1,1,4.86427,32.7926,7.88648,1
11.9,6,0.75909,50.457,1,1,4.86427,23.605,7.00431,1
11.9,7,0.9,54.351,1,1,4.86427,32.7926,7.88648,1
12,0,0.125301,54.05,1,1,4.70711,29.2759,7.45571,1
12,1,0.0753007,54.05,1,1,4.70711,29.2759,7.45571,1
12,2,0.395332,50.5081,1,1,4.70711,17.6105,6.33741,1
12,3,0.425022,54.0805,1,1,4.70711,29.2759,7.45571,1
12,4,0.195332,50.5081,1,1,4.70711,17.6105,6.33741,1
12,5,0.104442,54.1434,1,1,4.70711,29.2759,7.45571,1
12,6,0.758755,50.5081,1,1,4.70711,17.6105,6.33741,1
12,7,0.9,54.421,1,1,4.70711,29.2759,7.45571,1
12.1,0,0.124109,54.0161,1,1,4.24788,16.9346,6.0045,1
12.1,1,0.0741093,54.0161,1,1,4.24788,16.9346,6.0045,1
12.1,2,0.394134,50.5357,1,1,4.24788,17.2792,6.03743,1
12.1,3,0.42383,54.0461,1,1,4.24788,16.9346,6.0045,1
12.1,4,0.194134,50.5357,1,1,4.24788,17.2792,6.03743,1
12.1,5,0.10325,54.108,1,1,4.24788,16.9346,6.0045,1
12.1,6,0.758436,50.5357,1,1,4.24788,17.2792,6.03743,1
12.1,7,0.9,54.381,1,1,4.24788,16.9346,6.0045,1
12.2,0,0.122896,53.9911,1,1,2.69089,27.0969,6.11461,1
12.2,1,0.0728961,53.9911,1,1,2.69089,27.0969,6.11461,1
12.2,2,0.393231,50.4513,1,1,2.69089,10.7614,4.54937,1
12.2,3,0.422617,54.0206,1,1,2.69089,27.0969,6.11461,1
12.2,4,0.193231,50.4513,1,1,2.69089,10.7614,4.54937,1
12.2,5,0.102037,54.0814,1,1,2.69089,27.0969,6.11461,1
12.2,6,0.758195,50.4513,1,1,2.69089,10.7614,4.54937,1
12.2,7,0.9,54.3499,1,1,2.69089,27.0969,6.11461,1
12.3,0,0.121558,54.0136,1,1,3.72347,27.7457,6.74168,1
12.3,1,0.0715584,54.0136,1,1,3.72347,27.7457,6.74168,1
12.3,2,0.392643,50.2496,1,1,1.28306,1.28306,2.9663,1
12.3,3,0.421209,54.0692,1,1,4.46817,27.001,7.09718,1
12.3,4,0.192643,50.2496,1,1,1.28306,1.28306,2.9663,1
12.3,5,0.10048,54.1854,1,1,5.95756,25.5116,7.84866,1
12.3,6,0.758038,50.2496,1,1,1.28306,1.28306,2.9663,1
12.3,7,0.9,54.7037,1,1,11.9151,19.5541,11.2389,1
12.4,0,0.120256,54.0224,1,1,3.93365,24.6656,6.56486,1
12.4,1,0.0702559,54.0224,1,1,3.93365,24.6656,6.56486,1
12.4,2,0.391851,50.1279,1,1,2.99165,2.99165,3.98756,1
12.4,3,0.419831,54.1057,1,1,4.72038,23.8788,6.94547,1
12.4,4,0.191851,50.1279,1,1,2.99165,2.99165,3.98756,1
12.4,5,0.0989423,54.2802,1,1,6.29383,22.3054,7.74993,1
12.4,6,0.757827,50.1279,1,1,2.99165,2.99165,3.98756,1
12.4,7,0.9,55.062,1,1,12.5877,16.0116,11.3783,1
12.5,0,0.118833,54.0764,1,1,3.5749,33.0669,7.16996,1
12.5,1,0.0688333,54.0764,1,1,3.5749,33.0669,7.16996,1
12.5,2,0.391147,49.9753,1,1,1.41775,7,3.54929,1
12.5,3,0.418368,54.1735,1,1,4.00633,32.6355,7.3721,1
12.5,4,0.191147,49.9753,1,1,1.41775,7,3.54929,1
12.5,5,0.0973964,54.3766,1,1,4.8692,31.7726,7.79136,1
12.5,6,0.757639,49.9753,1,1,1.41775,7,3.54929,1
12.5,7,0.9,55.2828,1,1,8.32064,28.3211,9.62521,1
12.6,0,0.117446,54.1161,1,1,4.58022,25.2025,6.99006,1
12.6,1,0.0674464,54.1161,1,1,4.58022,25.2025,6.99006,1
12.6,2,0.39055,49.7846,1,1,0.110752,7,3.00848,1
12.6,3,0.416892,54.2451,1,1,5.47412,24.3086,7.43765,1
12.6,4,0.19055,49.7846,1,1,0.110752,7,3.00848,1
12.6,5,0.0957332,54.5156,1,1,7.26191,22.5209,8.38243,1
12.6,6,0.75748,49.7846,1,1,0.110752,7,3.00848,1
12.6,7,0.9,55.7257,1,1,14.4131,15.3697,12.635,1
12.7,0,0.116004,54.176,1,1,3.72284,33.2418,7.26973,1
12.7,1,0.066004,54.176,1,1,3.72284,33.2418,7.26973,1
12.7,2,0.389902,49.6166,1,1,1.81126,1.81126,3.26689,1
12.7,3,0.41538,54.3295,1,1,4.46741,32.4973,7.62483,1
12.7,4,0.189902,49.6166,1,1,1.81126,1.81126,3.26689,1
12.7,5,0.0940714,54.6519,1,1,5.95655,31.0081,8.37551,1
12.7,6,0.757307,49.6166,1,1,1.81126,1.81126,3.26689,1
12.7,7,0.9,56.0958,1,1,11.9131,25.0516,11.7625,1
12.8,0,0.114482,54.265,1,1,4.62059,32.04,7.67045,1
12.8,1,0.064482,54.265,1,1,4.62059,32.04,7.67045,1
12.8,2,0.388836,49.6093,1,1,4.62059,7.98409,5.37269,1
12.8,3,0.413858,54.416,1,1,4.62059,32.04,7.67045,1
12.8,4,0.188836,49.6093,1,1,4.62059,7.98409,5.37269,1
12.8,5,0.0925495,54.733,1,1,4.62059,32.04,7.67045,1
12.8,6,0.757023,49.6093,1,1,4.62059,7.98409,5.37269,1
12.8,7,0.9,56.1529,1,1,4.62059,32.04,7.67045,1
12.9,0,0.112991,54.3409,1,1,4.58258,30.6561,7.51517,1
12.9,1,0.0629909,54.3409,1,1,4.58258,30.6561,7.51517,1
12.9,2,0.388165,49.4527,1,1,2.00614,2.00614,3.38167,1
12.9,3,0.412276,54.5238,1,1,5.49909,29.7396,7.97392,1
12.9,4,0.188165,49.4527,1,1,2.00614,2.00614,3.38167,1
12.9,5,0.090775,54.9082,1,1,7.33212,27.9066,8.94338,1
12.9,6,0.756844,49.4527,1,1,2.00614,2.00614,3.38167,1
12.9,7,0.9,56.6322,1,1,14.6642,20.5745,13.3143,1
13,0,0.111625,54.3683,1,1,4.40484,25.1764,6.88513,1
13,1,0.0616248,54.3683,1,1,4.40484,25.1764,6.88513,1
13,2,0.387322,49.364,1,1,2.79812,7,4.25114,1
13,3,0.410878,54.5599,1,1,4.72618,24.8551,7.04254,1
13,4,0.187322,49.364,1,1,2.79812,7,4.25114,1
13,5,0.0893138,54.962,1,1,5.36887,24.2124,7.36469,1
13,6,0.756619,49.364,1,1,2.79812,7,4.25114,1
13,7,0.9,56.7602,1,1,7.93962,21.6416,8.73628,1
13.1,0,0.110363,54.3558,1,1,3.69766,23.9219,6.3599,1
13.1,1,0.060363,54.3558,1,1,3.69766,23.9219,6.3599,1
13.1,2,0.38615,49.4009,1,1,3.69766,19.1911,5.90623,1
13.1,3,0.409616,54.5442,1,1,3.69766,23.9219,6.3599,1
13.1,4,0.18615,49.4009,1,1,3.69766,19.1911,5.90623,1
13.1,5,0.0880519,54.9397,1,1,3.69766,23.9219,6.3599,1
13.1,6,0.756307,49.4009,1,1,3.69766,19.1911,5.90623,1
13.1,7,0.9,56.7079,1,1,3.69766,23.9219,6.3599,1
13.2,0,0.109095,54.3458,1,1,3.45245,25.6665,6.39036,1
13.2,1,0.059095,54.3458,1,1,3.45245,25.6665,6.39036,1
13.2,2,0.385174,49.3631,1,1,3.45245,10.28,4.91876,1
13.2,3,0.408348,54.5311,1,1,3.45245,25.6665,6.39036,1
13.2,4,0.185174,49.3631,1,1,3.45245,10.28,4.91876,1
13.2,5,0.086784,54.92,1,1,3.45245,25.6665,6.39036,1
13.2,6,0.756046,49.3631,1,1,3.45245,10.28,4.91876,1
13.2,7,0.9,56.6587,1,1,3.45245,25.6665,6.39036,1
13.3,0,0.107798,54.3472,1,1,3.63986,26.1285,6.53932,1
13.3,1,0.0577975,54.3472,1,1,3.63986,26.1285,6.53932,1
13.3,2,0.384457,49.228,1,1,2.38916,2.38916,3.61244,1
13.3,3,0.406982,54.5553,1,1,4.36783,25.4005,6.88513,1
13.3,4,0.184457,49.228,1,1,2.38916,2.38916,3.61244,1
13.3,5,0.0852728,54.9925,1,1,5.82378,23.9446,7.61615,1
13.3,6,0.755855,49.228,1,1,2.38916,2.38916,3.61244,1
13.3,7,0.9,56.9496,1,1,11.6476,18.1208,10.9142,1
13.4,0,0.106575,54.3202,1,1,3.72104,21.7208,6.16187,1
13.4,1,0.0565749,54.3202,1,1,3.72104,21.7208,6.16187,1
13.4,2,0.383208,49.2964,1,1,3.72104,23.1111,6.29526,1
13.4,3,0.40576,54.5248,1,1,3.72104,21.7208,6.16187,1
13.4,4,0.183208,49.2964,1,1,3.72104,23.1111,6.29526,1
13.4,5,0.0840502,54.9548,1,1,3.72104,21.7208,6.16187,1
13.4,6,0.755522,49.2964,1,1,3.72104,23.1111,6.29526,1
13.4,7,0.9,56.8793,1,1,3.72104,21.7208,6.16187,1
13.5,0,0.105381,54.2827,1,1,3.35402,22.3325,6.01574,1
13.5,1,0.0553813,54.2827,1,1,3.35402,22.3325,6.01574,1
13.5,2,0.381868,49.3978,1,1,3.35402,29.985,6.75094,1
13.5,3,0.404566,54.4839,1,1,3.35402,22.3325,6.01574,1
13.5,4,0.181868,49.3978,1,1,3.35402,29.985,6.75094,1
13.5,5,0.0828566,54.9067,1,1,3.35402,22.3325,6.01574,1
13.5,6,0.755165,49.3978,1,1,3.35402,29.985,6.75094,1
13.5,7,0.9,56.7991,1,1,3.35402,22.3325,6.01574,1
13.6,0,0.103971,54.328,1,1,4.16737,28.9546,7.11057,1
13.6,1,0.0539705,54.328,1,1,4.16737,28.9546,7.11057,1
13.6,2,0.380725,49.4232,1,1,4.16737,14.8712,5.76098,1
13.6,3,0.403155,54.5258,1,1,4.16737,28.9546,7.11057,1
13.6,4,0.180725,49.4232,1,1,4.16737,14.8712,5.76098,1
13.6,5,0.0814458,54.9415,1,1,4.16737,28.9546,7.11057,1
13.6,6,0.75486,49.4232,1,1,4.16737,14.8712,5.76098,1
13.6,7,0.9,56.8024,1,1,4.16737,28.9546,7.11057,1
13.7,0,0.102689,54.3237,1,1,4.14024,22.3448,6.46042,1
13.7,1,0.0526887,54.3237,1,1,4.14024,22.3448,6.46042,1
13.7,2,0.380194,49.2168,1,1,0.736455,0.736455,2.67588,1
13.7,3,0.401793,54.5487,1,1,4.96829,21.5168,6.86601,1
13.7,4,0.180194,49.2168,1,1,0.736455,0.736455,2.67588,1
13.7,5,0.0799134,55.0218,1,1,6.62439,19.8607,7.72314,1
13.7,6,0.754719,49.2168,1,1,0.736455,0.736455,2.67588,1
13.7,7,0.9,57.1415,1,1,13.2488,13.2363,11.5882,1
13.8,0,0.10135,54.3409,1,1,3.31063,30.1761,6.74541,1
13.8,1,0.0513503,54.3409,1,1,3.31063,30.1761,6.74541,1
13.8,2,0.37971,48.9965,1,1,0.245424,0.245424,2.44347,1
13.8,3,0.400394,54.5852,1,1,3.97276,29.514,7.05286,1
13.8,4,0.17971,48.9965,1,1,0.245424,0.245424,2.44347,1
13.8,5,0.0783851,55.0991,1,1,5.29701,28.1897,7.70291,1
13.8,6,0.754589,48.9965,1,1,0.245424,0.245424,2.44347,1
13.8,7,0.9,57.4036,1,1,10.594,22.8927,10.6369,1
13.9,0,0.0998747,54.4097,1,1,4.18584,32.2427,7.43724,1
13.9,1,0.0498747,54.4097,1,1,4.18584,32.2427,7.43724,1
13.9,2,0.378446,49.0742,1,1,4.18584,21.1085,6.36816,1
13.9,3,0.398918,54.6499,1,1,4.18584,32.2427,7.43724,1
13.9,4,0.178446,49.0742,1,1,4.18584,21.1085,6.36816,1
13.9,5,0.0769094,55.1553,1,1,4.18584,32.2427,7.43724,1
13.9,6,0.754252,49.0742,1,1,4.18584,21.1085,6.36816,1
13.9,7,0.9,57.4213,1,1,4.18584,32.2427,7.43724,1
14,0,0.0986264,54.3914,1,1,4.55357,18.075,6.29153,1
14,1,0.0486264,54.3914,1,1,4.55357,18.075,6.29153,1
14,2,0.37718,49.1516,1,1,4.55357,19.0273,6.38262,1
14,3,0.39767,54.6276,1,1,4.55357,18.075,6.29153,1
14,4,0.17718,49.1516,1,1,4.55357,19.0273,6.38262,1
14,5,0.0756611,55.1245,1,1,4.55357,18.075,6.29153,1
14,6,0.753915,49.1516,1,1,4.55357,19.0273,6.38262,1
14,7,0.9,57.3528,1,1,4.55357,18.075,6.29153,1
14.1,0,0.0973783,54.3733,1,1,2.94761,27.498,6.29023,1
14.1,1,0.0473783,54.3733,1,1,2.94761,27.498,6.29023,1
14.1,2,0.376055,49.1741,1,1,2.94761,21.0041,5.6664,1
14.1,3,0.396422,54.6056,1,1,2.94761,27.498,6.29023,1
14.1,4,0.176055,49.1741,1,1,2.94761,21.0041,5.6664,1
14.1,5,0.074413,55.0942,1,1,2.94761,27.498,6.29023,1
14.1,6,0.753615,49.1741,1,1,2.94761,21.0041,5.6664,1
14.1,7,0.9,57.2854,1,1,2.94761,27.498,6.29023,1
14.2,0,0.096072,54.3775,1,1,3.8057,25.6184,6.58374,1
14.2,1,0.046072,54.3775,1,1,3.8057,25.6184,6.58374,1
14.2,2,0.374761,49.2606,1,1,3.8057,25.0111,6.52543,1
14.2,3,0.395115,54.6059,1,1,3.8057,25.6184,6.58374,1
14.2,4,0.174761,49.2606,1,1,3.8057,25.0111,6.52543,1
14.2,5,0.0731067,55.0864,1,1,3.8057,25.6184,6.58374,1
14.2,6,0.75327,49.2606,1,1,3.8057,25.0111,6.52543,1
14.2,7,0.9,57.2411,1,1,3.8057,25.6184,6.58374,1
14.3,0,0.0947985,54.3693,1,1,3.67801,24.6485,6.4186,1
14.3,1,0.0447985,54.3693,1,1,3.67801,24.6485,6.4186,1
14.3,2,0.373653,49.2751,1,1,3.67801,15.9503,5.58508,1
14.3,3,0.393842,54.5939,1,1,3.67801,24.6485,6.4186,1
14.3,4,0.173653,49.2751,1,1,3.67801,15.9503,5.58508,1
14.3,5,0.0718332,55.0664,1,1,3.67801,24.6485,6.4186,1
14.3,6,0.752974,49.2751,1,1,3.67801,15.9503,5.58508,1
14.3,7,0.9,57.1851,1,1,3.67801,24.6485,6.4186,1
14.4,0,0.0936989,54.2954,1,1,3.54081,16.3028,5.54181,1
14.4,1,0.0436989,54.2954,1,1,3.54081,16.3028,5.54181,1
14.4,2,0.372537,49.292,1,1,3.54081,17.1234,5.62029,1
14.4,3,0.392742,54.5163,1,1,3.54081,16.3028,5.54181,1
14.4,4,0.172537,49.292,1,1,3.54081,17.1234,5.62029,1
14.4,5,0.0707336,54.9809,1,1,3.54081,16.3028,5.54181,1
14.4,6,0.752677,49.292,1,1,3.54081,17.1234,5.62029,1
14.4,7,0.9,57.0643,1,1,3.54081,16.3028,5.54181,1
14.5,0,0.0924937,54.2627,1,1,2.58302,27.2653,6.07395,1
14.5,1,0.0424937,54.2627,1,1,2.58302,27.2653,6.07395,1
14.5,2,0.371552,49.2595,1,1,2.58302,15.7126,4.96488,1
14.5,3,0.391537,54.4799,1,1,2.58302,27.2653,6.07395,1
14.5,4,0.171552,49.2595,1,1,2.58302,15.7126,4.96488,1
14.5,5,0.0695285,54.9368,1,1,2.58302,27.2653,6.07395,1
14.5,6,0.752414,49.2595,1,1,2.58302,15.7126,4.96488,1
14.5,7,0.9,56.9855,1,1,2.58302,27.2653,6.07395,1
14.6,0,0.0913006,54.226,1,1,3.73104,20.1132,6.01339,1
14.6,1,0.0413006,54.226,1,1,3.73104,20.1132,6.01339,1
14.6,2,0.370448,49.2725,1,1,3.73104,15.4151,5.56385,1
14.6,3,0.390344,54.4396,1,1,3.73104,20.1132,6.01339,1
14.6,4,0.170448,49.2725,1,1,3.73104,15.4151,5.56385,1
14.6,5,0.0683354,54.8888,1,1,3.73104,20.1132,6.01339,1
14.6,6,0.75212,49.2725,1,1,3.73104,15.4151,5.56385,1
14.6,7,0.9,56.9034,1,1,3.73104,20.1132,6.01339,1
14.7,0,0.0901937,54.1573,1,1,2.98053,19.906,5.57882,1
14.7,1,0.0401937,54.1573,1,1,2.98053,19.906,5.57882,1
14.7,2,0.369308,49.2991,1,1,2.98053,21.6677,5.74786,1
14.7,3,0.389237,54.3673,1,1,2.98053,19.906,5.57882,1
14.7,4,0.169308,49.2991,1,1,2.98053,21.6677,5.74786,1
14.7,5,0.0672285,54.8091,1,1,2.98053,19.906,5.57882,1
14.7,6,0.751815,49.2991,1,1,2.98053,21.6677,5.74786,1
14.7,7,0.9,56.7901,1,1,2.98053,19.906,5.57882,1
14.8,0,0.0890284,54.1118,1,1,3.08103,22.405,5.87309,1
14.8,1,0.0390284,54.1118,1,1,3.08103,22.405,5.87309,1
14.8,2,0.36825,49.294,1,1,3.08103,16.7653,5.33238,1
14.8,3,0.388072,54.3183,1,1,3.08103,22.405,5.87309,1
14.8,4,0.16825,49.294,1,1,3.08103,16.7653,5.33238,1
14.8,5,0.0660632,54.7528,1,1,3.08103,22.405,5.87309,1
14.8,6,0.751533,49.294,1,1,3.08103,16.7653,5.33238,1
14.8,7,0.9,56.7007,1,1,3.08103,22.405,5.87309,1
14.9,0,0.0878575,54.0692,1,1,3.18575,22.1027,5.90118,1
14.9,1,0.0378575,54.0692,1,1,3.18575,22.1027,5.90118,1
14.9,2,0.367565,49.1479,1,1,2.1223,2.1223,3.45096,1
14.9,3,0.386843,54.2943,1,1,3.82291,21.4655,6.19495,1
14.9,4,0.167565,49.1479,1,1,2.1223,2.1223,3.45096,1
14.9,5,0.0647108,54.7681,1,1,5.09721,20.1912,6.81608,1
14.9,6,0.751351,49.1479,1,1,2.1223,2.1223,3.45096,1
14.9,7,0.9,56.8938,1,1,10.1944,15.094,9.61932,1
15,0,0.0867641,53.9981,1,1,3.16106,18.1741,5.51094,1
15,1,0.0367641,53.9981,1,1,3.16106,18.1741,5.51094,1
15,2,0.366498,49.1489,1,1,3.16106,16.7968,5.37906,1
15,3,0.385749,54.2194,1,1,3.16106,18.1741,5.51094,1
15,4,0.166498,49.1489,1,1,3.16106,16.7968,5.37906,1
15,5,0.0636173,54.6853,1,1,3.16106,18.1741,5.51094,1
15,6,0.751066,49.1489,1,1,3.16106,16.7968,5.37906,1
15,7,0.9,56.7756,1,1,3.16106,18.1741,5.51094,1
15.1,0,0.0857191,53.9098,1,1,2.6669,18.4007,5.26671,1
15.1,1,0.0357191,53.9098,1,1,2.6669,18.4007,5.26671,1
15.1,2,0.365433,49.1489,1,1,2.6669,19.4414,5.36652,1
15.1,3,0.384704,54.1274,1,1,2.6669,18.4007,5.26671,1
15.1,4,0.165433,49.1489,1,1,2.6669,19.4414,5.36652,1
15.1,5,0.0625723,54.5855,1,1,2.6669,18.4007,5.26671,1
15.1,6,0.750782,49.1489,1,1,2.6669,19.4414,5.36652,1
15.1,7,0.9,56.641,1,1,2.6669,18.4007,5.26671,1
15.2,0,0.084503,53.8876,1,1,2.76353,26.846,6.12903,1
15.2,1,0.034503,53.8876,1,1,2.76353,26.846,6.12903,1
15.2,2,0.364234,49.1996,1,1,2.76353,25.9447,6.04238,1
15.2,3,0.383488,54.1016,1,1,2.76353,26.846,6.12903,1
15.2,4,0.164234,49.1996,1,1,2.76353,25.9447,6.04238,1
15.2,5,0.0613563,54.5521,1,1,2.76353,26.846,6.12903,1
15.2,6,0.750462,49.1996,1,1,2.76353,25.9447,6.04238,1
15.2,7,0.9,56.5733,1,1,2.76353,26.846,6.12903,1
15.3,0,0.0831816,53.9057,1,1,3.70119,27.0261,6.66,1
15.3,1,0.0331816,53.9057,1,1,3.70119,27.0261,6.66,1
15.3,2,0.363074,49.2347,1,1,3.70119,18.5368,5.84556,1
15.3,3,0.382167,54.1161,1,1,3.70119,27.0261,6.66,1
15.3,4,0.163074,49.2347,1,1,3.70119,18.5368,5.84556,1
15.3,5,0.0600348,54.5591,1,1,3.70119,27.0261,6.66,1
15.3,6,0.750153,49.2347,1,1,3.70119,18.5368,5.84556,1
15.3,7,0.9,56.5466,1,1,3.70119,27.0261,6.66,1
15.4,0,0.0819386,53.8938,1,1,3.84092,22.0874,6.2648,1
15.4,1,0.0319386,53.8938,1,1,3.84092,22.0874,6.2648,1
15.4,2,0.361792,49.3156,1,1,3.84092,24.1631,6.46396,1
15.4,3,0.380924,54.1007,1,1,3.84092,22.0874,6.2648,1
15.4,4,0.161792,49.3156,1,1,3.84092,24.1631,6.46396,1
15.4,5,0.0587918,54.5363,1,1,3.84092,22.0874,6.2648,1
15.4,6,0.749811,49.3156,1,1,3.84092,24.1631,6.46396,1
15.4,7,0.9,56.4907,1,1,3.84092,22.0874,6.2648,1
15.5,0,0.0807938,53.8449,1,1,3.5005,18.921,5.7699,1
15.5,1,0.0307938,53.8449,1,1,3.5005,18.921,5.7699,1
15.5,2,0.360293,49.4769,1,1,3.5005,37.5,7.55505,1
15.5,3,0.379779,54.0484,1,1,3.5005,18.921,5.7699,1
15.5,4,0.160293,49.4769,1,1,3.5005,37.5,7.55505,1
15.5,5,0.057647,54.4768,1,1,3.5005,18.921,5.7699,1
15.5,6,0.749411,49.4769,1,1,3.5005,37.5,7.55505,1
15.5,7,0.9,56.3986,1,1,3.5005,18.921,5.7699,1
15.6,0,0.0792865,53.9339,1,1,5.3138,26.9796,7.59688,1
15.6,1,0.0292865,53.9339,1,1,5.3138,26.9796,7.59688,1
15.6,2,0.358852,49.6136,1,1,5.3138,23.4769,7.26094,1
15.6,3,0.378271,54.1341,1,1,5.3138,26.9796,7.59688,1
15.6,4,0.158852,49.6136,1,1,5.3138,23.4769,7.26094,1
15.6,5,0.0561397,54.5552,1,1,5.3138,26.9796,7.59688,1
15.6,6,0.749027,49.6136,1,1,5.3138,23.4769,7.26094,1
15.6,7,0.9,56.445,1,1,5.3138,26.9796,7.59688,1
15.7,0,0.0782254,53.8528,1,1,4.03667,11.316,5.34752,1
15.7,1,0.0282254,53.8528,1,1,4.03667,11.316,5.34752,1
15.7,2,0.357359,49.7677,1,1,4.03667,34.0384,7.52434,1
15.7,3,0.37721,54.0496,1,1,4.03667,11.316,5.34752,1
15.7,4,0.157359,49.7677,1,1,4.03667,34.0384,7.52434,1
15.7,5,0.0550787,54.4637,1,1,4.03667,11.316,5.34752,1
15.7,6,0.748629,49.7677,1,1,4.03667,34.0384,7.52434,1
15.7,7,0.9,56.322,1,1,4.03667,11.316,5.34752,1
15.8,0,0.0768004,53.9106,1,1,4.75938,26.1054,7.1821,1
15.8,1,0.0268004,53.9106,1,1,4.75938,26.1054,7.1821,1
15.8,2,0.355829,49.9334,1,1,4.75938,31.6425,7.71391,1
15.8,3,0.375785,54.1041,1,1,4.75938,26.1054,7.1821,1
15.8,4,0.155829,49.9334,1,1,4.75938,31.6425,7.71391,1
15.8,5,0.0536536,54.5113,1,1,4.75938,26.1054,7.1821,1
15.8,6,0.748221,49.9334,1,1,4.75938,31.6425,7.71391,1
15.8,7,0.9,56.3386,1,1,4.75938,26.1054,7.1821,1
15.9,0,0.0751825,54.0403,1,1,4.55023,37.5,8.15428,1
15.9,1,0.0251825,54.0403,1,1,4.55023,37.5,8.15428,1
15.9,2,0.354585,49.9881,1,1,4.55023,17.8735,6.2703,1
15.9,3,0.374168,54.2306,1,1,4.55023,37.5,8.15428,1
15.9,4,0.154585,49.9881,1,1,4.55023,17.8735,6.2703,1
15.9,5,0.0520357,54.631,1,1,4.55023,37.5,8.15428,1
15.9,6,0.747889,49.9881,1,1,4.55023,17.8735,6.2703,1
15.9,7,0.9,56.4279,1,1,4.55023,37.5,8.15428,1
16,0,0.0738085,54.0757,1,1,5.2618,20.2959,6.92494,1
16,1,0.0238085,54.0757,1,1,5.2618,20.2959,6.92494,1
16,2,0.353897,49.8316,1,1,2.14679,2.14679,3.46564,1
16,3,0.372685,54.3036,1,1,6.31416,19.2436,7.46976,1
16,4,0.153897,49.8316,1,1,2.14679,2.14679,3.46564,1
16,5,0.0503253,54.7837,1,1,8.41888,17.1389,8.6207,1
16,6,0.747706,49.8316,1,1,2.14679,2.14679,3.46564,1
16,7,0.9,56.9396,1,1,16.8378,8.71998,13.8065,1
16.1,0,0.0724575,54.1017,1,1,3.19472,31.498,6.80897,1
16.1,1,0.0224575,54.1017,1,1,3.19472,31.498,6.80897,1
16.1,2,0.353235,49.6679,1,1,0.951711,7,3.33564,1
16.1,3,0.371294,54.3413,1,1,3.64332,31.0494,7.01421,1
16.1,4,0.153235,49.6679,1,1,0.951711,7,3.33564,1
16.1,5,0.0488487,54.8455,1,1,4.54052,30.1522,7.44213,1
16.1,6,0.747529,49.6679,1,1,0.951711,7,3.33564,1
16.1,7,0.9,57.1071,1,1,8.12933,26.5634,9.33127,1
16.2,0,0.0708643,54.2189,1,1,4.33659,37.5,8.02993,1
16.2,1,0.0208643,54.2189,1,1,4.33659,37.5,8.02993,1
16.2,2,0.351869,49.7732,1,1,4.33659,25.5943,6.8856,1
16.2,3,0.3697,54.4545,1,1,4.33659,37.5,8.02993,1
16.2,4,0.151869,49.7732,1,1,4.33659,25.5943,6.8856,1
16.2,5,0.0472554,54.9503,1,1,4.33659,37.5,8.02993,1
16.2,6,0.747165,49.7732,1,1,4.33659,25.5943,6.8856,1
16.2,7,0.9,57.1742,1,1,4.33659,37.5,8.02993,1
16.3,0,0.06963,54.1985,1,1,5.24783,13.0012,6.22059,1
16.3,1,0.01963,54.1985,1,1,5.24783,13.0012,6.22059,1
16.3,2,0.351105,49.6492,1,1,2.77687,2.77687,3.85226,1
16.3,3,0.368358,54.471,1,1,6.29739,11.9516,6.76514,1
16.3,4,0.151105,49.6492,1,1,2.77687,2.77687,3.85226,1
16.3,5,0.0456849,55.0448,1,1,8.39652,9.85248,7.91534,1
16.3,6,0.746961,49.6492,1,1,2.77687,2.77687,3.85226,1
16.3,7,0.9,57.3568,1,1,11.249,7,9.58447,1
16.4,0,0.0686332,54.0887,1,1,2.28113,17.9671,5.02387,1
16.4,1,0.0186332,54.0887,1,1,2.28113,17.9671,5.02387,1
16.4,2,0.350205,49.5785,1,1,2.28113,12.8535,4.53423,1
16.4,3,0.367361,54.3566,1,1,2.28113,17.9671,5.02387,1
16.4,4,0.150205,49.5785,1,1,2.28113,12.8535,4.53423,1
16.4,5,0.0446881,54.9208,1,1,2.28113,17.9671,5.02387,1
16.4,6,0.746721,49.5785,1,1,2.28113,12.8535,4.53423,1
16.4,7,0.9,57.1943,1,1,2.28113,17.9671,5.02387,1
16.5,0,0.0676532,53.9743,1,1,2.53103,15.7338,4.93959,1
16.5,1,0.0176532,53.9743,1,1,2.53103,15.7338,4.93959,1
16.5,2,0.349006,49.6219,1,1,2.53103,27.2091,6.0413,1
16.5,3,0.366381,54.2378,1,1,2.53103,15.7338,4.93959,1
16.5,4,0.149006,49.6219,1,1,2.53103,27.2091,6.0413,1
16.5,5,0.043708,54.7926,1,1,2.53103,15.7338,4.93959,1
16.5,6,0.746402,49.6219,1,1,2.53103,27.2091,6.0413,1
16.5,7,0.9,57.0282,1,1,2.53103,15.7338,4.93959,1
16.6,0,0.0664363,53.9514,1,1,3.71751,21.4408,6.13303,1
16.6,1,0.0164363,53.9514,1,1,3.71751,21.4408,6.13303,1
16.6,2,0.347784,49.6737,1,1,3.71751,21.7452,6.16222,1
16.6,3,0.365164,54.2105,1,1,3.71751,21.4408,6.13303,1
16.6,4,0.147784,49.6737,1,1,3.71751,21.7452,6.16222,1
16.6,5,0.0424912,54.7561,1,1,3.71751,21.4408,6.13303,1
16.6,6,0.746076,49.6737,1,1,3.71751,21.7452,6.16222,1
16.6,7,0.9,56.9544,1,1,3.71751,21.4408,6.13303,1
16.7,0,0.0650599,53.9892,1,1,3.18283,32.8985,6.93721,1
16.7,1,0.0150599,53.9892,1,1,3.18283,32.8985,6.93721,1
16.7,2,0.34658,49.7175,1,1,3.18283,23.8438,6.06674,1
16.7,3,0.363788,54.2439,1,1,3.18283,32.8985,6.93721,1
16.7,4,0.14658,49.7175,1,1,3.18283,23.8438,6.06674,1
16.7,5,0.0411147,54.7804,1,1,3.18283,32.8985,6.93721,1
16.7,6,0.745755,49.7175,1,1,3.18283,23.8438,6.06674,1
16.7,7,0.9,56.9421,1,1,3.18283,32.8985,6.93721,1
16.8,0,0.0635387,54.081,1,1,4.51017,32.6724,7.66661,1
16.8,1,0.0135387,54.081,1,1,4.51017,32.6724,7.66661,1
16.8,2,0.345262,49.8037,1,1,4.51017,22.0029,6.64218,1
16.8,3,0.362267,54.3315,1,1,4.51017,32.6724,7.66661,1
16.8,4,0.145262,49.8037,1,1,4.51017,22.0029,6.64218,1
16.8,5,0.0395936,54.8591,1,1,4.51017,32.6724,7.66661,1
16.8,6,0.745403,49.8037,1,1,4.51017,22.0029,6.64218,1
16.8,7,0.9,56.9848,1,1,4.51017,32.6724,7.66661,1
16.9,0,0.0619906,54.1815,1,1,4.64782,33.2478,7.80254,1
16.9,1,0.0119906,54.1815,1,1,4.64782,33.2478,7.80254,1
16.9,2,0.343993,49.87,1,1,4.64782,18.5914,6.39626,1
16.9,3,0.360719,54.4278,1,1,4.64782,33.2478,7.80254,1
16.9,4,0.143993,49.87,1,1,4.64782,18.5914,6.39626,1
16.9,5,0.0380455,54.9466,1,1,4.64782,33.2478,7.80254,1
16.9,6,0.745065,49.87,1,1,4.64782,18.5914,6.39626,1
16.9,7,0.9,57.0369,1,1,4.64782,33.2478,7.80254,1
17,0,0.0607849,54.1509,1,1,4.73695,14.6927,6.07656,1
17,1,0.0107849,54.1509,1,1,4.73695,14.6927,6.07656,1
17,2,0.342637,49.968,1,1,4.73695,22.5971,6.83235,1
17,3,0.359513,54.3931,1,1,4.73695,14.6927,6.07656,1
17,4,0.142637,49.968,1,1,4.73695,22.5971,6.83235,1
17,5,0.0368398,54.9032,1,1,4.73695,14.6927,6.07656,1
17,6,0.744703,49.968,1,1,4.73695,22.5971,6.83235,1
17,7,0.9,56.9587,1,1,4.73695,14.6927,6.07656,1
17.1,0,0.0595725,54.1233,1,1,3.41675,22.9586,6.11054,1
17.1,1,0.00957252,54.1233,1,1,3.41675,22.9586,6.11054,1
17.1,2,0.341608,49.9409,1,1,3.41675,13.3174,5.18765,1
17.1,3,0.358301,54.3615,1,1,3.41675,22.9586,6.11054,1
17.1,4,0.141608,49.9409,1,1,3.41675,13.3174,5.18765,1
17.1,5,0.0356274,54.8631,1,1,3.41675,22.9586,6.11054,1
17.1,6,0.744429,49.9409,1,1,3.41675,13.3174,5.18765,1
17.1,7,0.9,56.8843,1,1,3.41675,22.9586,6.11054,1
17.2,0,0.0583234,54.1101,1,1,3.29692,25.5747,6.29557,1
17.2,1,0.0083234,54.1101,1,1,3.29692,25.5747,6.29557,1
17.2,2,0.340306,50.0174,1,1,3.29692,28.347,6.562,1
17.2,3,0.357052,54.3443,1,1,3.29692,25.5747,6.29557,1
17.2,4,0.140306,50.0174,1,1,3.29692,28.347,6.562,1
17.2,5,0.0343783,54.8376,1,1,3.29692,25.5747,6.29557,1
17.2,6,0.744082,50.0174,1,1,3.29692,28.347,6.562,1
17.2,7,0.9,56.8251,1,1,3.29692,25.5747,6.29557,1
17.3,0,0.0568591,54.1784,1,1,3.95549,33.0177,7.37987,1
17.3,1,0.00685914,54.1784,1,1,3.95549,33.0177,7.37987,1
17.3,2,0.339209,50.0149,1,1,3.95549,13.692,5.52696,1
17.3,3,0.355587,54.4088,1,1,3.95549,33.0177,7.37987,1
17.3,4,0.139209,50.0149,1,1,3.95549,13.692,5.52696,1
17.3,5,0.032914,54.8938,1,1,3.95549,33.0177,7.37987,1
17.3,6,0.743789,50.0149,1,1,3.95549,13.692,5.52696,1
17.3,7,0.9,56.8481,1,1,3.95549,33.0177,7.37987,1
17.4,0,0.0554225,54.2352,1,1,4.62164,27.5604,7.2407,1
17.4,1,0.00542249,54.2352,1,1,4.62164,27.5604,7.2407,1
17.4,2,0.337951,50.0738,1,1,4.62164,18.2028,6.3437,1
17.4,3,0.354151,54.4617,1,1,4.62164,27.5604,7.2407,1
17.4,4,0.137951,50.0738,1,1,4.62164,18.2028,6.3437,1
17.4,5,0.0314774,54.9386,1,1,4.62164,27.5604,7.2407,1
17.4,6,0.743454,50.0738,1,1,4.62164,18.2028,6.3437,1
17.4,7,0.9,56.8604,1,1,4.62164,27.5604,7.2407,1
17.5,0,0.0542966,54.1735,1,1,4.02276,14.8377,5.67467,1
17.5,1,0.00429656,54.1735,1,1,4.02276,14.8377,5.67467,1
17.5,2,0.336902,50.0522,1,1,4.02276,10.7352,5.28447,1
17.5,3,0.353025,54.3962,1,1,4.02276,14.8377,5.67467,1
17.5,4,0.136902,50.0522,1,1,4.02276,10.7352,5.28447,1
17.5,5,0.0303514,54.8652,1,1,4.02276,14.8377,5.67467,1
17.5,6,0.743174,50.0522,1,1,4.02276,10.7352,5.28447,1
17.5,7,0.9,56.755,1,1,4.02276,14.8377,5.67467,1
17.6,0,0.0531285,54.1288,1,1,2.35756,26.5445,5.88726,1
17.6,1,0.00312846,54.1288,1,1,2.35756,26.5445,5.88726,1
17.6,2,0.335942,49.9976,1,1,2.35756,15.6304,4.83931,1
17.6,3,0.351857,54.3478,1,1,2.35756,26.5445,5.88726,1
17.6,4,0.135942,49.9976,1,1,2.35756,15.6304,4.83931,1
17.6,5,0.0291833,54.809,1,1,2.35756,26.5445,5.88726,1
17.6,6,0.742918,49.9976,1,1,2.35756,15.6304,4.83931,1
17.6,7,0.9,56.6673,1,1,2.35756,26.5445,5.88726,1
17.7,0,0.0519513,54.0883,1,1,3.61276,19.9669,5.93286,1
17.7,1,0.0019513,54.0883,1,1,3.61276,19.9669,5.93286,1
17.7,2,0.334676,50.0597,1,1,3.61276,24.6594,6.38304,1
17.7,3,0.350679,54.3037,1,1,3.61276,19.9669,5.93286,1
17.7,4,0.134676,50.0597,1,1,3.61276,24.6594,6.38304,1
17.7,5,0.0280062,54.7572,1,1,3.61276,19.9669,5.93286,1
17.7,6,0.74258,50.0597,1,1,3.61276,24.6594,6.38304,1
17.7,7,0.9,56.5845,1,1,3.61276,19.9669,5.93286,1
17.8,0,0.0505524,54.1323,1,1,3.53402,32.0638,7.05067,1
17.8,1,0.000552361,54.1323,1,1,3.53402,32.0638,7.05067,1
17.8,2,0.33335,50.143,1,1,3.53402,28.1993,6.67911,1
17.8,3,0.349281,54.3441,1,1,3.53402,32.0638,7.05067,1
17.8,4,0.13335,50.143,1,1,3.53402,28.1993,6.67911,1
17.8,5,0.0266072,54.79,1,1,3.53402,32.0638,7.05067,1
17.8,6,0.742227,50.143,1,1,3.53402,28.1993,6.67911,1
17.8,7,0.9,56.5869,1,1,3.53402,32.0638,7.05067,1
17.9,0,0.0490679,54.2079,1,1,4.44973,31.1151,7.48167,1
17.9,1,0,54.2079,1,0,4.44973,31.1151,7.48167,1
17.9,2,0.332185,50.1643,1,1,4.44973,14.3088,5.87125,1
17.9,3,0.347796,54.4161,1,1,4.44973,31.1151,7.48167,1
17.9,4,0.132185,50.1643,1,1,4.44973,14.3088,5.87125,1
17.9,5,0.0251228,54.8546,1,1,4.44973,31.1151,7.48167,1
17.9,6,0.741916,50.1643,1,1,4.44973,14.3088,5.87125,1
17.9,7,0.9,56.6215,1,1,4.44973,31.1151,7.48167,1
18,0,0.0476289,54.265,1,1,4.44561,28.7548,7.25247,1
18,1,0,53.7324,1,0,0.1,0.1,0.15,1
18,2,0.331039,50.1783,1,1,4.44561,13.3638,5.77886,1
18,3,0.346357,54.4698,1,1,4.44561,28.7548,7.25247,1
18,4,0.131039,50.1783,1,1,4.44561,13.3638,5.77886,1
18,5,0.0236838,54.901,1,1,4.44561,28.7548,7.25247,1
18,6,0.74161,50.1783,1,1,4.44561,13.3638,5.77886,1
18,7,0.9,56.6384,1,1,4.44561,28.7548,7.25247,1
18.1,0,0.0460856,54.3607,1,1,4.15005,36.0024,7.77824,1
18.1,1,0,53.2647,1,0,0.1,0.1,0.15,1
18.1,2,0.329871,50.2003,1,1,4.15005,16.3033,5.8877,1
18.1,3,0.344814,54.562,1,1,4.15005,36.0024,7.77824,1
18.1,4,0.129871,50.2003,1,1,4.15005,16.3033,5.8877,1
18.1,5,0.0221405,54.986,1,1,4.15005,36.0024,7.77824,1
18.1,6,0.741299,50.2003,1,1,4.15005,16.3033,5.8877,1
18.1,7,0.9,56.6945,1,1,4.15005,36.0024,7.77824,1
18.2,0,0.0445146,54.4652,1,1,5.01906,32.1619,7.91786,1
18.2,1,0,52.8049,1,0,0.1,0.1,0.15,1
18.2,2,0.328768,50.1972,1,1,5.01906,7.45718,5.55998,1
18.2,3,0.343243,54.6631,1,1,5.01906,32.1619,7.91786,1
18.2,4,0.128768,50.1972,1,1,5.01906,7.45718,5.55998,1
18.2,5,0.0205695,55.0801,1,1,5.01906,32.1619,7.91786,1
18.2,6,0.741005,50.1972,1,1,5.01906,7.45718,5.55998,1
18.2,7,0.9,56.7601,1,1,5.01906,32.1619,7.91786,1
18.3,0,0.0430253,54.537,1,1,4.64762,30.1651,7.50615,1
18.3,1,0,52.3527,1,0,0.1,0.1,0.15,1
18.3,2,0.327467,50.2689,1,1,4.64762,20.2521,6.55507,1
18.3,3,0.341753,54.7317,1,1,4.64762,30.1651,7.50615,1
18.3,4,0.127467,50.2689,1,1,4.64762,20.2521,6.55507,1
18.3,5,0.0190802,55.1417,1,1,4.64762,30.1651,7.50615,1
18.3,6,0.740658,50.2689,1,1,4.64762,20.2521,6.55507,1
18.3,7,0.9,56.7937,1,1,4.64762,30.1651,7.50615,1
18.4,0,0.0414917,54.6244,1,1,4.3516,34.2833,7.72922,1
18.4,1,0,51.9081,1,0,0.1,0.1,0.15,1
18.4,2,0.326355,50.2682,1,1,4.3516,12.1158,5.60543,1
18.4,3,0.34022,54.8159,1,1,4.3516,34.2833,7.72922,1
18.4,4,0.126355,50.2682,1,1,4.3516,12.1158,5.60543,1
18.4,5,0.0175466,55.2191,1,1,4.3516,34.2833,7.72922,1
18.4,6,0.740361,50.2682,1,1,4.3516,12.1158,5.60543,1
18.4,7,0.9,56.8435,1,1,4.3516,34.2833,7.72922,1
18.5,0,0.0399593,54.71,1,1,4.82936,31.313,7.7236,1
18.5,1,0,51.4709,1,0,0.1,0.1,0.15,1
18.5,2,0.325191,50.2868,1,1,4.82936,11.87,5.8629,1
18.5,3,0.338687,54.8982,1,1,4.82936,31.313,7.7236,1
18.5,4,0.125191,50.2868,1,1,4.82936,11.87,5.8629,1
18.5,5,0.0160141,55.2947,1,1,4.82936,31.313,7.7236,1
18.5,6,0.740051,50.2868,1,1,4.82936,11.87,5.8629,1
18.5,7,0.9,56.8921,1,1,4.82936,31.313,7.7236,1
18.6,0,0.0386076,54.7257,1,1,4.51779,23.7322,6.81245,1
18.6,1,0,51.041,1,0,0.1,0.1,0.15,1
18.6,2,0.323989,50.3198,1,1,4.51779,15.8654,6.05948,1
18.6,3,0.337336,54.9109,1,1,4.51779,23.7322,6.81245,1
18.6,4,0.123989,50.3198,1,1,4.51779,15.8654,6.05948,1
18.6,5,0.0146625,55.3007,1,1,4.51779,23.7322,6.81245,1
18.6,6,0.73973,50.3198,1,1,4.51779,15.8654,6.05948,1
18.6,7,0.9,56.8715,1,1,4.51779,23.7322,6.81245,1
18.7,0,0.0372797,54.7322,1,1,3.53125,28.355,6.69254,1
18.7,1,0,50.6182,1,0,0.1,0.1,0.15,1
18.7,2,0.322936,50.2959,1,1,3.53125,13.9097,5.30793,1
18.7,3,0.336008,54.9143,1,1,3.53125,28.355,6.69254,1
18.7,4,0.122936,50.2959,1,1,3.53125,13.9097,5.30793,1
18.7,5,0.0133346,55.2976,1,1,3.53125,28.355,6.69254,1
18.7,6,0.73945,50.2959,1,1,3.53125,13.9097,5.30793,1
18.7,7,0.9,56.8422,1,1,3.53125,28.355,6.69254,1
18.8,0,0.036033,54.708,1,1,3.98578,21.4216,6.28339,1
18.8,1,0,50.2025,1,0,0.1,0.1,0.15,1
18.8,2,0.321897,50.267,1,1,3.98578,10.4462,5.23592,1
18.8,3,0.334761,54.887,1,1,3.98578,21.4216,6.28339,1
18.8,4,0.121897,50.267,1,1,3.98578,10.4462,5.23592,1
18.8,5,0.0120879,55.2639,1,1,3.98578,21.4216,6.28339,1
18.8,6,0.739173,50.267,1,1,3.98578,10.4462,5.23592,1
18.8,7,0.9,56.7828,1,1,3.98578,21.4216,6.28339,1
18.9,0,0.0348833,54.6474,1,1,3.17593,21.0473,5.79452,1
18.9,1,0,49.7937,1,0,0.1,0.1,0.15,1
18.9,2,0.320888,50.2272,1,1,3.17593,13.6241,5.08399,1
18.9,3,0.333611,54.8234,1,1,3.17593,21.0473,5.79452,1
18.9,4,0.120888,50.2272,1,1,3.17593,13.6241,5.08399,1
18.9,5,0.0109382,55.1941,1,1,3.17593,21.0473,5.79452,1
18.9,6,0.738904,50.2272,1,1,3.17593,13.6241,5.08399,1
18.9,7,0.9,56.6876,1,1,3.17593,21.0473,5.79452,1
19,0,0.033699,54.601,1,1,3.0279,23.7031,5.96891,1
19,1,0,49.3917,1,0,0.1,0.1,0.15,1
19,2,0.319942,50.1643,1,1,3.0279,11.1552,4.76805,1
19,3,0.332427,54.774,1,1,3.0279,23.7031,5.96891,1
19,4,0.119942,50.1643,1,1,3.0279,11.1552,4.76805,1
19,5,0.00975386,55.1385,1,1,3.0279,23.7031,5.96891,1
19,6,0.738651,50.1643,1,1,3.0279,11.1552,4.76805,1
19,7,0.9,56.6072,1,1,3.0279,23.7031,5.96891,1
19.1,0,0.0322625,54.6506,1,1,3.34137,35.1402,7.23987,1
19.1,1,0,48.9964,1,0,0.1,0.1,0.15,1
19.1,2,0.318879,50.1468,1,1,3.34137,15.5407,5.35808,1
19.1,3,0.330991,54.8208,1,1,3.34137,35.1402,7.23987,1
19.1,4,0.118879,50.1468,1,1,3.34137,15.5407,5.35808,1
19.1,5,0.00831738,55.1792,1,1,3.34137,35.1402,7.23987,1
19.1,6,0.738368,50.1468,1,1,3.34137,15.5407,5.35808,1
19.1,7,0.9,56.6234,1,1,3.34137,35.1402,7.23987,1
19.2,0,0.0307231,54.7383,1,1,4.8102,31.7973,7.75881,1
19.2,1,0,48.6077,1,0,0.1,0.1,0.15,1
19.2,2,0.317659,50.1888,1,1,4.8102,14.9975,6.14896,1
19.2,3,0.329451,54.9057,1,1,4.8102,31.7973,7.75881,1
19.2,4,0.117659,50.1888,1,1,4.8102,14.9975,6.14896,1
19.2,5,0.00677793,55.2581,1,1,4.8102,31.7973,7.75881,1
19.2,6,0.738042,50.1888,1,1,4.8102,14.9975,6.14896,1
19.2,7,0.9,56.6782,1,1,4.8102,31.7973,7.75881,1
19.3,0,0.0291506,54.8371,1,1,4.57594,34.9592,7.92495,1
19.3,1,0,48.2255,1,0,0.1,0.1,0.15,1
19.3,2,0.316549,50.1888,1,1,4.57594,10.6493,5.59759,1
19.3,3,0.327879,55.0016,1,1,4.57594,34.9592,7.92495,1
19.3,4,0.116549,50.1888,1,1,4.57594,10.6493,5.59759,1
19.3,5,0.00520552,55.3482,1,1,4.57594,34.9592,7.92495,1
19.3,6,0.737746,50.1888,1,1,4.57594,10.6493,5.59759,1
19.3,7,0.9,56.7446,1,1,4.57594,34.9592,7.92495,1
19.4,0,0.0275875,54.9307,1,1,4.94189,32.2272,7.8782,1
19.4,1,0,47.8497,1,0,0.1,0.1,0.15,1
19.4,2,0.315439,50.1885,1,1,4.94189,8.30652,5.59344,1
19.4,3,0.326316,55.0925,1,1,4.94189,32.2272,7.8782,1
19.4,4,0.115439,50.1885,1,1,4.94189,8.30652,5.59344,1
19.4,5,0.00364239,55.4333,1,1,4.94189,32.2272,7.8782,1
19.4,6,0.73745,50.1885,1,1,4.94189,8.30652,5.59344,1
19.4,7,0.9,56.8064,1,1,4.94189,32.2272,7.8782,1
19.5,0,0.0262323,54.9441,1,1,4.64613,23.1329,6.83023,1
19.5,1,0,47.4801,1,0,0.1,0.1,0.15,1
19.5,2,0.314609,50.0826,1,1,2.67373,7,4.18461,1
19.5,3,0.324922,55.1179,1,1,5.04061,22.7384,7.02618,1
19.5,4,0.114609,50.0826,1,1,2.67373,7,4.18461,1
19.5,5,0.00216846,55.4832,1,1,5.82957,21.9495,7.4286,1
19.5,6,0.737229,50.0826,1,1,2.67373,7,4.18461,1
19.5,7,0.9,56.9629,1,1,8.98541,18.7936,9.15428,1
19.6,0,0.0247756,54.9956,1,1,3.47238,35.4468,7.34184,1
19.6,1,0,47.1167,1,0,0.1,0.1,0.15,1
19.6,2,0.313605,50.0438,1,1,3.47238,11.6174,5.0568,1
19.6,3,0.323465,55.1666,1,1,3.47238,35.4468,7.34184,1
19.6,4,0.113605,50.0438,1,1,3.47238,11.6174,5.0568,1
19.6,5,0.000711745,55.5258,1,1,3.47238,35.4468,7.34184,1
19.6,6,0.736961,50.0438,1,1,3.47238,11.6174,5.0568,1
19.6,7,0.9,56.9808,1,1,3.47238,35.4468,7.34184,1
19.7,0,0.0235514,54.9585,1,1,4.8649,14.878,6.17002,1
19.7,1,0,46.7593,1,0,0.1,0.1,0.15,1
19.7,2,0.312501,50.0438,1,1,4.8649,8.49276,5.56506,1
19.7,3,0.322241,55.1266,1,1,4.8649,14.878,6.17002,1
19.7,4,0.112501,50.0438,1,1,4.8649,8.49276,5.56506,1
19.7,5,0,55.4798,1,0,4.8649,14.878,6.17002,1
19.7,6,0.736667,50.0438,1,1,4.8649,8.49276,5.56506,1
19.7,7,0.9,56.9106,1,1,4.8649,14.878,6.17002,1
19.8,0,0.0224161,54.8883,1,1,2.46786,24.2291,5.72182,1
19.8,1,0,46.4079,1,0,0.1,0.1,0.15,1
19.8,2,0.311428,50.0319,1,1,2.46786,20.9493,5.40672,1
19.8,3,0.321105,55.0536,1,1,2.46786,24.2291,5.72182,1
19.8,4,0.111428,50.0319,1,1,2.46786,20.9493,5.40672,1
19.8,5,0,54.983,1,0,0.1,0.1,0.15,1
19.8,6,0.736381,50.0319,1,1,2.46786,20.9493,5.40672,1
19.8,7,0.9,56.8078,1,1,2.46786,24.2291,5.72182,1
19.9,0,0.0211673,54.8622,1,1,3.33712,25.3274,6.29397,1
19.9,1,0,46.0624,1,0,0.1,0.1,0.15,1
19.9,2,0.310327,50.0308,1,1,3.33712,17.5544,5.54836,1
19.9,3,0.319857,55.0247,1,1,3.33712,25.3274,6.29397,1
19.9,4,0.110327,50.0308,1,1,3.33712,17.5544,5.54836,1
19.9,5,0,54.4946,1,0,0.1,0.1,0.15,1
19.9,6,0.736087,50.0308,1,1,3.33712,17.5544,5.54836,1
19.9,7,0.9,56.7498,1,1,3.33712,25.3274,6.29397,1
20,0,0.0197544,54.8986,1,1,3.58306,32.5089,7.12085,1
20,1,0,45.7226,1,0,0.1,0.1,0.15,1
20,2,0.309081,50.0847,1,1,3.58306,23.7713,6.28116,1
20,3,0.318444,55.0584,1,1,3.58306,32.5089,7.12085,1
20,4,0.109081,50.0847,1,1,3.58306,23.7713,6.28116,1
20,5,0,54.0142,1,0,0.1,0.1,0.15,1
20,6,0.735755,50.0847,1,1,3.58306,23.7713,6.28116,1
20,7,0.9,56.7547,1,1,3.58306,32.5089,7.12085,1
20.1,0,0.0183362,54.9364,1,1,4.5115,27.2661,7.14792,1
20.1,1,0,45.3885,1,0,0.1,0.1,0.15,1
20.1,2,0.307603,50.2252,1,1,4.5115,30.3932,7.44832,1
20.1,3,0.317025,55.0935,1,1,4.5115,27.2661,7.14792,1
20.1,4,0.107603,50.2252,1,1,4.5115,30.3932,7.44832,1
20.1,5,0,53.5419,1,0,0.1,0.1,0.15,1
20.1,6,0.735361,50.2252,1,1,4.5115,30.3932,7.44832,1
20.1,7,0.9,56.7615,1,1,4.5115,27.2661,7.14792,1
20.2,0,0.0171698,54.8783,1,1,4.36308,14.9152,5.87854,1
20.2,1,0,45.0599,1,0,0.1,0.1,0.15,1
20.2,2,0.306198,50.336,1,1,4.36308,27.4831,7.08232,1
20.2,3,0.315859,55.0328,1,1,4.36308,14.9152,5.87854,1
20.2,4,0.106198,50.336,1,1,4.36308,27.4831,7.08232,1
20.2,5,0,53.0775,1,0,0.1,0.1,0.15,1
20.2,6,0.734986,50.336,1,1,4.36308,27.4831,7.08232,1
20.2,7,0.9,56.673,1,1,4.36308,14.9152,5.87854,1
20.3,0,0.0159902,54.8262,1,1,3.98077,17.9214,5.94527,1
20.3,1,0,44.7368,1,0,0.1,0.1,0.15,1
20.3,2,0.305175,50.3004,1,1,3.98077,9.62559,5.15543,1
20.3,3,0.314679,54.9782,1,1,3.98077,17.9214,5.94527,1
20.3,4,0.105175,50.3004,1,1,3.98077,9.62559,5.15543,1
20.3,5,0,52.6208,1,0,0.1,0.1,0.15,1
20.3,6,0.734713,50.3004,1,1,3.98077,9.62559,5.15543,1
20.3,7,0.9,56.5911,1,1,3.98077,17.9214,5.94527,1
20.4,0,0.0149682,54.7155,1,1,2.73777,16.8012,5.15103,1
20.4,1,0,44.4191,1,0,0.1,0.1,0.15,1
20.4,2,0.304298,50.2101,1,1,2.73777,9.12111,4.41873,1
20.4,3,0.313657,54.8649,1,1,2.73777,16.8012,5.15103,1
20.4,4,0.104298,50.2101,1,1,2.73777,9.12111,4.41873,1
20.4,5,0,52.1717,1,0,0.1,0.1,0.15,1
20.4,6,0.73448,50.2101,1,1,2.73777,9.12111,4.41873,1
20.4,7,0.9,56.4509,1,1,2.73777,16.8012,5.15103,1
20.5,0,0.0139314,54.6121,1,1,2.44237,19.1964,5.22519,1
20.5,1,0,44.1067,1,0,0.1,0.1,0.15,1
20.5,2,0.303428,50.1191,1,1,2.44237,10.4454,4.38832,1
20.5,3,0.312621,54.759,1,1,2.44237,19.1964,5.22519,1
20.5,4,0.103428,50.1191,1,1,2.44237,10.4454,4.38832,1
20.5,5,0,51.73,1,0,0.1,0.1,0.15,1
20.5,6,0.734247,50.1191,1,1,2.44237,10.4454,4.38832,1
20.5,7,0.9,56.3186,1,1,2.44237,19.1964,5.22519,1
20.6,0,0.0127093,54.5805,1,1,2.70485,27.4853,6.15935,1
20.6,1,0,43.7995,1,0,0.1,0.1,0.15,1
20.6,2,0.302518,50.0444,1,1,2.70485,11.0743,4.58656,1
20.6,3,0.311399,54.725,1,1,2.70485,27.4853,6.15935,1
20.6,4,0.102518,50.0444,1,1,2.70485,11.0743,4.58656,1
20.6,5,0,51.2958,1,0,0.1,0.1,0.15,1
20.6,6,0.734005,50.0444,1,1,2.70485,11.0743,4.58656,1
20.6,7,0.9,56.2586,1,1,2.70485,27.4853,6.15935,1
20.7,0,0.0114342,54.5695,1,1,3.77377,24.1717,6.42679,1
20.7,1,0,43.4974,1,0,0.1,0.1,0.15,1
20.7,2,0.301488,50.0161,1,1,3.77377,11.2107,5.18762,1
20.7,3,0.310123,54.7116,1,1,3.77377,24.1717,6.42679,1
20.7,4,0.101488,50.0161,1,1,3.77377,11.2107,5.18762,1
20.7,5,0,50.8688,1,0,0.1,0.1,0.15,1
20.7,6,0.73373,50.0161,1,1,3.77377,11.2107,5.18762,1
20.7,7,0.9,56.2196,1,1,3.77377,24.1717,6.42679,1
20.8,0,0.0101745,54.5528,1,1,3.49319,24.995,6.34852,1
20.8,1,0,43.2004,1,0,0.1,0.1,0.15,1
20.8,2,0.300496,49.9742,1,1,3.49319,10.9099,5.00122,1
20.8,3,0.308864,54.6925,1,1,3.49319,24.995,6.34852,1
20.8,4,0.100496,49.9742,1,1,3.49319,10.9099,5.00122,1
20.8,5,0,50.4489,1,0,0.1,0.1,0.15,1
20.8,6,0.733466,49.9742,1,1,3.49319,10.9099,5.00122,1
20.8,7,0.9,56.1754,1,1,3.49319,24.995,6.34852,1
20.9,0,0.00905431,54.4837,1,1,3.56103,17.2739,5.64599,1
20.9,1,0,42.9083,1,0,0.1,0.1,0.15,1
20.9,2,0.299551,49.9151,1,1,3.56103,7.97581,4.76197,1
20.9,3,0.307744,54.6211,1,1,3.56103,17.2739,5.64599,1
20.9,4,0.0995512,49.9151,1,1,3.56103,7.97581,4.76197,1
20.9,5,0,50.036,1,0,0.1,0.1,0.15,1
20.9,6,0.733214,49.9151,1,1,3.56103,7.97581,4.76197,1
20.9,7,0.9,56.0793,1,1,3.56103,17.2739,5.64599,1
21,0,0.0080636,54.3668,1,1,2.60436,15.8905,4.99316,1
21,1,0,42.6211,1,0,0.1,0.1,0.15,1
21,2,0.298566,49.8725,1,1,2.60436,15.6292,4.96815,1
21,3,0.306753,54.5019,1,1,2.60436,15.8905,4.99316,1
21,4,0.0985655,49.8725,1,1,2.60436,15.6292,4.96815,1
21,5,0,49.63,1,0,0.1,0.1,0.15,1
21,6,0.732951,49.8725,1,1,2.60436,15.6292,4.96815,1
21,7,0.9,55.9358,1,1,2.60436,15.8905,4.99316,1
21.1,0,0.00702025,54.2717,1,1,2.31186,20.2471,5.25849,1
21.1,1,0,42.3387,1,0,0.1,0.1,0.15,1
21.1,2,0.297576,49.832,1,1,2.31186,17.4139,4.98662,1
21.1,3,0.30571,54.4046,1,1,2.31186,20.2471,5.25849,1
21.1,4,0.0975761,49.832,1,1,2.31186,17.4139,4.98662,1
21.1,5,0,49.2307,1,0,0.1,0.1,0.15,1
21.1,6,0.732687,49.832,1,1,2.31186,17.4139,4.98662,1
21.1,7,0.9,55.8145,1,1,2.31186,20.2471,5.25849,1
21.2,0,0.00585899,54.2228,1,1,2.81988,23.6589,5.85276,1
21.2,1,0,42.0609,1,0,0.1,0.1,0.15,1
21.2,2,0.296579,49.7951,1,1,2.81988,15.0397,5.02629,1
21.2,3,0.304548,54.3535,1,1,2.81988,23.6589,5.85276,1
21.2,4,0.0965788,49.7951,1,1,2.81988,15.0397,5.02629,1
21.2,5,0,48.8381,1,0,0.1,0.1,0.15,1
21.2,6,0.732421,49.7951,1,1,2.81988,15.0397,5.02629,1
21.2,7,0.9,55.7399,1,1,2.81988,23.6589,5.85276,1
21.3,0,0.00461137,54.2074,1,1,3.30984,25.4217,6.288,1
21.3,1,0,41.7878,1,0,0.1,0.1,0.15,1
21.3,2,0.295524,49.7807,1,1,3.30984,15.3045,5.31809,1
21.3,3,0.303301,54.3358,1,1,3.30984,25.4217,6.288,1
21.3,4,0.0955236,49.7807,1,1,3.30984,15.3045,5.31809,1
21.3,5,0,48.4521,1,0,0.1,0.1,0.15,1
21.3,6,0.73214,49.7807,1,1,3.30984,15.3045,5.31809,1
21.3,7,0.9,55.6992,1,1,3.30984,25.4217,6.288,1
21.4,0,0.003434,54.1657,1,1,3.59145,20.1031,5.93398,1
21.4,1,0,41.5193,1,0,0.1,0.1,0.15,1
21.4,2,0.294276,49.8391,1,1,3.59145,23.7772,6.28642,1
21.4,3,0.302123,54.292,1,1,3.59145,20.1031,5.93398,1
21.4,4,0.0942763,49.8391,1,1,3.59145,23.7772,6.28642,1
21.4,5,0,48.0725,1,0,0.1,0.1,0.15,1
21.4,6,0.731807,49.8391,1,1,3.59145,23.7772,6.28642,1
21.4,7,0.9,55.6326,1,1,3.59145,20.1031,5.93398,1
21.5,0,0.00231589,54.1022,1,1,3.42109,17.9762,5.63524,1
21.5,1,0,41.2552,1,0,0.1,0.1,0.15,1
21.5,2,0.293234,49.8191,1,1,3.42109,13.9794,5.25318,1
21.5,3,0.301005,54.2264,1,1,3.42109,17.9762,5.63524,1
21.5,4,0.093234,49.8191,1,1,3.42109,13.9794,5.25318,1
21.5,5,0,47.6992,1,0,0.1,0.1,0.15,1
21.5,6,0.731529,49.8191,1,1,3.42109,13.9794,5.25318,1
21.5,7,0.9,55.5447,1,1,3.42109,17.9762,5.63524,1
21.6,0,0.00117893,54.0469,1,1,2.67466,23.1878,5.7303,1
21.6,1,0,40.9955,1,0,0.1,0.1,0.15,1
21.6,2,0.292219,49.7893,1,1,2.67466,16.803,5.1177,1
21.6,3,0.299868,54.1691,1,1,2.67466,23.1878,5.7303,1
21.6,4,0.0922186,49.7893,1,1,2.67466,16.803,5.1177,1
21.6,5,0,47.3321,1,0,0.1,0.1,0.15,1
21.6,6,0.731258,49.7893,1,1,2.67466,16.803,5.1177,1
21.6,7,0.9,55.4654,1,1,2.67466,23.1878,5.7303,1
21.7,0,0,54.0109,1,0,3.2328,22.602,5.97488,1
21.7,1,0,40.7402,1,0,0.1,0.1,0.15,1
21.7,2,0.291101,49.7987,1,1,3.2328,19.0431,5.63351,1
21.7,3,0.298683,54.131,1,1,3.2328,22.602,5.97488,1
21.7,4,0.0911009,49.7987,1,1,3.2328,19.0431,5.63351,1
21.7,5,0,46.9711,1,0,0.1,0.1,0.15,1
21.7,6,0.73096,49.7987,1,1,3.2328,19.0431,5.63351,1
21.7,7,0.9,55.4057,1,1,3.2328,22.602,5.97488,1
21.8,0,0,53.5387,1,0,0.1,0.1,0.15,1
21.8,1,0,40.4891,1,0,0.1,0.1,0.15,1
21.8,2,0.290024,49.7924,1,1,3.22935,16.9027,5.42662,1
21.8,3,0.297601,54.0543,1,1,3.22935,17.1571,5.45097,1
21.8,4,0.0900241,49.7924,1,1,3.22935,16.9027,5.42662,1
21.8,5,0,46.6162,1,0,0.1,0.1,0.15,1
21.8,6,0.730673,49.7924,1,1,3.22935,16.9027,5.42662,1
21.8,7,0.9,55.3078,1,1,3.22935,17.1571,5.45097,1
21.9,0,0,53.0743,1,0,0.1,0.1,0.15,1
21.9,1,0,40.2422,1,0,0.1,0.1,0.15,1
21.9,2,0.289388,49.6198,1,1,1.71069,1.71069,3.20842,1
21.9,3,0.296345,54.045,1,1,3.05796,27.3177,6.33253,1
21.9,4,0.0893876,49.6198,1,1,1.71069,1.71069,3.20842,1
21.9,5,0,46.2672,1,0,0.1,0.1,0.15,1
21.9,6,0.730503,49.6198,1,1,1.71069,1.71069,3.20842,1
21.9,7,0.9,55.4726,1,1,8.15457,22.2211,8.93212,1
22,0,0,52.6176,1,0,0.1,0.1,0.15,1
22,1,0,39.9994,1,0,0.1,0.1,0.15,1
22,2,0.28833,49.609,1,1,3.79695,12.5466,5.32769,1
22,3,0.294925,54.0974,1,1,3.79695,31.5955,7.15318,1
22,4,0.0883305,49.609,1,1,3.79695,12.5466,5.32769,1
22,5,0,45.924,1,0,0.1,0.1,0.15,1
22,6,0.730221,49.609,1,1,3.79695,12.5466,5.32769,1
22,7,0.9,55.5012,1,1,3.79695,31.5955,7.15318,1
22.1,0,0,52.1686,1,0,0.1,0.1,0.15,1
22.1,1,0,39.7607,1,0,0.1,0.1,0.15,1
22.1,2,0.287526,49.5031,1,1,3.09918,3.09918,4.0559,1
22.1,3,0.293447,54.1713,1,1,5.30886,25.4935,7.45132,1
22.1,4,0.0875257,49.5031,1,1,3.09918,3.09918,4.0559,1
22.1,5,0,45.5865,1,0,0.1,0.1,0.15,1
22.1,6,0.730007,49.5031,1,1,3.09918,3.09918,4.0559,1
22.1,7,0.9,55.9355,1,1,14.157,16.6454,12.5693,1
22.2,0,0,51.727,1,0,0.1,0.1,0.15,1
22.2,1,0,39.5259,1,0,0.1,0.1,0.15,1
22.2,2,0.286397,49.5215,1,1,3.8503,16.0325,5.69036,1
22.2,3,0.292309,54.1153,1,1,3.8503,16.4964,5.73469,1
22.2,4,0.0863967,49.5215,1,1,3.8503,16.0325,5.69036,1
22.2,5,0,45.2546,1,0,0.1,0.1,0.15,1
22.2,6,0.729706,49.5215,1,1,3.8503,16.0325,5.69036,1
22.2,7,0.9,55.8501,1,1,3.8503,16.4964,5.73469,1
22.3,0,0,51.2928,1,0,0.1,0.1,0.15,1
22.3,1,0,39.2951,1,0,0.1,0.1,0.15,1
22.3,2,0.28575,49.3574,1,1,1.80231,1.80231,3.26167,1
22.3,3,0.29104,54.1097,1,1,3.052,28.0062,6.39549,1
22.3,4,0.0857495,49.3574,1,1,1.80231,1.80231,3.26167,1
22.3,5,0,44.9283,1,0,0.1,0.1,0.15,1
22.3,6,0.729533,49.3574,1,1,1.80231,1.80231,3.26167,1
22.3,7,0.9,56.01,1,1,8.13867,22.9195,8.98851,1
22.4,0,0,50.8659,1,0,0.1,0.1,0.15,1
22.4,1,0,39.0681,1,0,0.1,0.1,0.15,1
22.4,2,0.284532,49.4115,1,1,3.88227,20.4795,6.13411,1
22.4,3,0.289985,54.0232,1,1,3.88227,11.9195,5.31655,1
22.4,4,0.0845325,49.4115,1,1,3.88227,20.4795,6.13411,1
22.4,5,0,44.6074,1,0,0.1,0.1,0.15,1
22.4,6,0.729209,49.4115,1,1,3.88227,20.4795,6.13411,1
22.4,7,0.9,55.8919,1,1,3.88227,11.9195,5.31655,1
22.5,0,0,50.446,1,0,0.1,0.1,0.15,1
22.5,1,0,38.8449,0,0,0.1,0.1,0.15,1
22.5,2,0.283741,49.3036,1,1,2.98996,2.98996,3.98648,1
22.5,3,0.288758,54.0036,1,1,3.65426,22.3864,6.18816,1
22.5,4,0.0837415,49.3036,1,1,2.98996,2.98996,3.98648,1
22.5,5,0,44.2919,1,0,0.1,0.1,0.15,1
22.5,6,0.728998,49.3036,1,1,2.98996,2.98996,3.98648,1
22.5,7,0.9,56.0841,1,1,9.74469,16.296,9.42728,1
22.6,0,0,50.0332,1,0,0.1,0.1,0.15,1
22.6,1,0,38.6254,0,0,0.1,0.1,0.15,1
22.6,2,0.282674,49.3021,1,1,3.25509,16.2653,5.37978,1
22.6,3,0.28766,53.9349,1,1,3.25509,17.8268,5.52923,1
22.6,4,0.0826741,49.3021,1,1,3.25509,16.2653,5.37978,1
22.6,5,0,43.9816,1,0,0.1,0.1,0.15,1
22.6,6,0.728713,49.3021,1,1,3.25509,16.2653,5.37978,1
22.6,7,0.9,55.9807,1,1,3.25509,17.8268,5.52923,1
22.7,0,0,49.6272,1,0,0.1,0.1,0.15,1
22.7,1,0,38.4095,0,0,0.1,0.1,0.15,1
22.7,2,0.282061,49.1289,1,1,1.50714,1.50714,3.09179,1
22.7,3,0.286413,53.9242,1,1,3.16228,26.2596,6.28759,1
22.7,4,0.0820606,49.1289,1,1,1.50714,1.50714,3.09179,1
22.7,5,0,43.6765,1,0,0.1,0.1,0.15,1
22.7,6,0.728549,49.1289,1,1,1.50714,1.50714,3.09179,1
22.7,7,0.9,56.1392,1,1,8.43274,20.9891,8.99718,1
22.8,0,0,49.228,1,0,0.1,0.1,0.15,1
22.8,1,0,38.1973,0,0,0.1,0.1,0.15,1
22.8,2,0.28085,49.1843,1,1,3.67773,21.3337,6.10037,1
22.8,3,0.28507,53.9499,1,1,3.67773,28.3109,6.77026,1
22.8,4,0.0808502,49.1843,1,1,3.67773,21.3337,6.10037,1
22.8,5,0,43.3765,1,0,0.1,0.1,0.15,1
22.8,6,0.728227,49.1843,1,1,3.67773,21.3337,6.10037,1
22.8,7,0.9,56.128,1,1,3.67773,28.3109,6.77026,1
22.9,0,0,48.8354,1,0,0.1,0.1,0.15,1
22.9,1,0,37.9886,0,0,0.1,0.1,0.15,1
22.9,2,0.279851,49.1588,1,1,3.99858,8.2275,5.03389,1
22.9,3,0.283789,53.9514,1,1,3.99858,23.1102,6.45263,1
22.9,4,0.0798514,49.1588,1,1,3.99858,8.2275,5.03389,1
22.9,5,0,43.0814,1,0,0.1,0.1,0.15,1
22.9,6,0.72796,49.1588,1,1,3.99858,8.2275,5.03389,1
22.9,7,0.9,56.0931,1,1,3.99858,23.1102,6.45263,1
23,0,0,48.4494,1,0,0.1,0.1,0.15,1
23,1,0,37.7833,0,0,0.1,0.1,0.15,1
23,2,0.278832,49.1416,1,1,3.3886,12.9806,5.13991,1
23,3,0.282564,53.9322,1,1,3.3886,23.8153,6.17719,1
23,4,0.0788316,49.1416,1,1,3.3886,12.9806,5.13991,1
23,5,0,42.7913,1,0,0.1,0.1,0.15,1
23,6,0.727688,49.1416,1,1,3.3886,12.9806,5.13991,1
23,7,0.9,56.0382,1,1,3.3886,23.8153,6.17719,1
23.1,0,0,48.0699,1,0,0.1,0.1,0.15,1
23.1,1,0,37.5815,0,0,0.1,0.1,0.15,1
23.1,2,0.278099,49.0161,1,1,1.71092,7,3.69079,1
23.1,3,0.281381,53.8969,1,1,3.73841,19.5047,5.95924,1
23.1,4,0.0780993,49.0161,1,1,1.71092,7,3.69079,1
23.1,5,0,42.5061,1,0,0.1,0.1,0.15,1
23.1,6,0.727493,49.0161,1,1,1.71092,7,3.69079,1
23.1,7,0.9,56.0968,1,1,7.11756,16.1255,7.67947,1
23.2,0,0,47.6966,1,0,0.1,0.1,0.15,1
23.2,1,0,37.3831,0,0,0.1,0.1,0.15,1
23.2,2,0.277167,48.968,1,1,2.90538,11.0992,4.69639,1
23.2,3,0.28017,53.873,1,1,2.90538,25.7906,6.1034,1
23.2,4,0.0771675,48.968,1,1,2.90538,11.0992,4.69639,1
23.2,5,0,42.2255,1,0,0.1,0.1,0.15,1
23.2,6,0.727245,48.968,1,1,2.90538,11.0992,4.69639,1
23.2,7,0.9,56.0363,1,1,2.90538,25.7906,6.1034,1
23.3,0,0,47.3296,1,0,0.1,0.1,0.15,1
23.3,1,0,37.188,0,0,0.1,0.1,0.15,1
23.3,2,0.276161,48.9492,1,1,3.587,11.1332,5.07493,1
23.3,3,0.278874,53.882,1,1,3.587,26.3972,6.53553,1
23.3,4,0.0761606,48.9492,1,1,3.587,11.1332,5.07493,1
23.3,5,0,41.9497,1,0,0.1,0.1,0.15,1
23.3,6,0.726976,48.9492,1,1,3.587,11.1332,5.07493,1
23.3,7,0.9,56.0092,1,1,3.587,26.3972,6.53553,1
23.4,0,0,46.9687,1,0,0.1,0.1,0.15,1
23.4,1,0,36.9961,0,0,0.1,0.1,0.15,1
23.4,2,0.275549,48.7814,1,1,0.337175,7,3.08475,1
23.4,3,0.277496,53.9215,1,1,4.4302,25.6449,6.94486,1
23.4,4,0.0755485,48.7814,1,1,0.337175,7,3.08475,1
23.4,5,0,41.6785,1,0,0.1,0.1,0.15,1
23.4,6,0.726813,48.7814,1,1,0.337175,7,3.08475,1
23.4,7,0.9,56.2952,1,1,11.2519,18.8232,10.7044,1
23.5,0,0,46.6138,1,0,0.1,0.1,0.15,1
23.5,1,0,36.8074,0,0,0.1,0.1,0.15,1
23.5,2,0.274881,48.6375,1,1,1.02085,7,3.36633,1
23.5,3,0.275945,54.0258,1,1,4.30709,35.4697,7.81754,1
23.5,4,0.0748806,48.6375,1,1,1.02085,7,3.36633,1
23.5,5,0,41.4117,1,0,0.1,0.1,0.15,1
23.5,6,0.726635,48.6375,1,1,1.02085,7,3.36633,1
23.5,7,0.9,56.5809,1,1,9.78415,29.9926,10.763,1
23.6,0,0,46.2648,1,0,0.1,0.1,0.15,1
23.6,1,0,36.6219,0,0,0.1,0.1,0.15,1
23.6,2,0.274383,48.4318,1,1,0.394072,0.394072,2.50971,1
23.6,3,0.274391,54.1293,1,1,5.96651,25.2615,7.8302,1
23.6,4,0.0743826,48.4318,1,1,0.394072,0.394072,2.50971,1
23.6,5,0,41.1495,1,0,0.1,0.1,0.15,1
23.6,6,0.726502,48.4318,1,1,0.394072,0.394072,2.50971,1
23.6,7,0.9,57.0847,1,1,15.9107,15.3173,13.7357,1
23.7,0,0,45.9216,1,0,0.1,0.1,0.15,1
23.7,1,0,36.4394,0,0,0.1,0.1,0.15,1
23.7,2,0.273349,48.432,1,1,3.9035,10.6668,5.20979,1
23.7,3,0.273069,54.1436,1,1,3.9035,25.8759,6.66392,1
23.7,4,0.0733489,48.432,1,1,3.9035,10.6668,5.20979,1
23.7,5,0,40.8916,1,0,0.1,0.1,0.15,1
23.7,6,0.726226,48.432,1,1,3.9035,10.6668,5.20979,1
23.7,7,0.9,57.0497,1,1,3.9035,25.8759,6.66392,1
23.8,0,0,45.5842,1,0,0.1,0.1,0.15,1
23.8,1,0,36.26,0,0,0.1,0.1,0.15,1
23.8,2,0.272679,48.2948,1,1,1.04795,7,3.37846,1
23.8,3,0.271706,54.173,1,1,4.25732,25.8957,6.86864,1
23.8,4,0.0726786,48.2948,1,1,1.04795,7,3.37846,1
23.8,5,0,40.6379,1,0,0.1,0.1,0.15,1
23.8,6,0.726048,48.2948,1,1,1.04795,7,3.37846,1
23.8,7,0.9,57.246,1,1,9.60628,20.5468,9.73867,1
23.9,0,0,45.2524,1,0,0.1,0.1,0.15,1
23.9,1,0,36.0836,0,0,0.1,0.1,0.15,1
23.9,2,0.271707,48.2737,1,1,3.76913,8.1484,4.8956,1
23.9,3,0.270495,54.1445,1,1,3.76913,20.8277,6.10337,1
23.9,4,0.0717073,48.2737,1,1,3.76913,8.1484,4.8956,1
23.9,5,0,40.3886,1,0,0.1,0.1,0.15,1
23.9,6,0.725789,48.2737,1,1,3.76913,8.1484,4.8956,1
23.9,7,0.9,57.1663,1,1,3.76913,20.8277,6.10337,1
24,0,0,44.9261,1,0,0.1,0.1,0.15,1
24,1,0,35.9101,0,0,0.1,0.1,0.15,1
24,2,0.271072,48.1259,1,1,0.633561,7,3.2001,1
24,3,0.269059,54.2017,1,1,3.56281,33.858,7.23931,1
24,4,0.0710723,48.1259,1,1,0.633561,7,3.2001,1
24,5,0,40.1433,1,0,0.1,0.1,0.15,1
24,6,0.725619,48.1259,1,1,0.633561,7,3.2001,1
24,7,0.9,57.3629,1,1,8.44488,28.976,9.76978,1
24.1,0,0,44.6052,1,0,0.1,0.1,0.15,1
24.1,1,0,35.7395,0,0,0.1,0.1,0.15,1
24.1,2,0.269839,48.2067,1,1,4.67761,16.5354,6.21732,1
24.1,3,0.267577,54.2753,1,1,4.67761,29.5993,7.46942,1
24.1,4,0.0698387,48.2067,1,1,4.67761,16.5354,6.21732,1
24.1,5,0,39.9022,1,0,0.1,0.1,0.15,1
24.1,6,0.72529,48.2067,1,1,4.67761,16.5354,6.21732,1
24.1,7,0.9,57.3837,1,1,4.67761,29.5993,7.46942,1
24.2,0,0,44.2897,1,0,0.1,0.1,0.15,1
24.2,1,0,35.5718,0,0,0.1,0.1,0.15,1
24.2,2,0.268824,48.2034,1,1,4.28462,7.30694,5.1127,1
24.2,3,0.266095,54.3475,1,1,4.28462,31.973,7.46829,1
24.2,4,0.0688243,48.2034,1,1,4.28462,7.30694,5.1127,1
24.2,5,0,39.6651,1,0,0.1,0.1,0.15,1
24.2,6,0.72502,48.2034,1,1,4.28462,7.30694,5.1127,1
24.2,7,0.9,57.4041,1,1,4.28462,31.973,7.46829,1
24.3,0,0,43.9795,1,0,0.1,0.1,0.15,1
24.3,1,0,35.4068,0,0,0.1,0.1,0.15,1
24.3,2,0.267618,48.2728,1,1,4.5322,16.0137,6.08207,1
24.3,3,0.26448,54.4687,1,1,4.5322,37.4368,8.13766,1
24.3,4,0.0676175,48.2728,1,1,4.5322,16.0137,6.08207,1
24.3,5,0,39.4319,1,0,0.1,0.1,0.15,1
24.3,6,0.724698,48.2728,1,1,4.5322,16.0137,6.08207,1
24.3,7,0.9,57.4744,1,1,4.5322,37.4368,8.13766,1
24.4,0,0,43.6744,1,0,0.1,0.1,0.15,1
24.4,1,0,35.2446,0,0,0.1,0.1,0.15,1
24.4,2,0.266978,48.1265,1,1,0.683726,7,3.22078,1
24.4,3,0.262843,54.5963,1,1,6.15861,28.4022,8.25027,1
24.4,4,0.0669785,48.1265,1,1,0.683726,7,3.22078,1
24.4,5,0,39.2026,1,0,0.1,0.1,0.15,1
24.4,6,0.724528,48.1265,1,1,0.683726,7,3.22078,1
24.4,7,0.9,57.9567,1,1,15.2834,19.2774,13.6467,1
24.5,0,0,43.3744,1,0,0.1,0.1,0.15,1
24.5,1,0,35.0851,0,0,0.1,0.1,0.15,1
24.5,2,0.265831,48.1747,1,1,4.3201,14.1609,5.78166,1
24.5,3,0.261672,54.5459,1,1,4.3201,15.4535,5.90492,1
24.5,4,0.0658313,48.1747,1,1,4.3201,14.1609,5.78166,1
24.5,5,0,38.9772,0,0,0.1,0.1,0.15,1
24.5,6,0.724222,48.1747,1,1,4.3201,14.1609,5.78166,1
24.5,7,0.9,57.8502,1,1,4.3201,15.4535,5.90492,1
24.6,0,0,43.0794,1,0,0.1,0.1,0.15,1
24.6,1,0,34.9283,0,0,0.1,0.1,0.15,1
24.6,2,0.26495,48.1215,1,1,2.47171,10.8411,4.4413,1
24.6,3,0.260574,54.4681,1,1,2.47171,22.2025,5.52908,1
24.6,4,0.0649501,48.1215,1,1,2.47171,10.8411,4.4413,1
24.6,5,0,38.7555,0,0,0.1,0.1,0.15,1
24.6,6,0.723987,48.1215,1,1,2.47171,10.8411,4.4413,1
24.6,7,0.9,57.7174,1,1,2.47171,22.2025,5.52908,1
24.7,0,0,42.7894,1,0,0.1,0.1,0.15,1
24.7,1,0,34.7741,0,0,0.1,0.1,0.15,1
24.7,2,0.263843,48.1547,1,1,3.08427,19.3328,5.58011,1
24.7,3,0.259596,54.3467,1,1,3.08427,12.5299,4.92957,1
24.7,4,0.063843,48.1547,1,1,3.08427,19.3328,5.58011,1
24.7,5,0,38.5375,0,0,0.1,0.1,0.15,1
24.7,6,0.723691,48.1547,1,1,3.08427,19.3328,5.58011,1
24.7,7,0.9,57.5418,1,1,3.08427,12.5299,4.92957,1
24.8,0,0,42.5041,1,0,0.1,0.1,0.15,1
24.8,1,0,34.6224,0,0,0.1,0.1,0.15,1
24.8,2,0.262852,48.1433,1,1,2.80213,14.7984,4.99372,1
24.8,3,0.258488,54.2766,1,1,2.80213,20.9892,5.58692,1
24.8,4,0.0628521,48.1433,1,1,2.80213,14.7984,4.99372,1
24.8,5,0,38.3231,0,0,0.1,0.1,0.15,1
24.8,6,0.723427,48.1433,1,1,2.80213,14.7984,4.99372,1
24.8,7,0.9,57.4185,1,1,2.80213,20.9892,5.58692,1
24.9,0,0,42.2236,1,0,0.1,0.1,0.15,1
24.9,1,0,34.4733,0,0,0.1,0.1,0.15,1
24.9,2,0.261781,48.1625,1,1,2.97391,18.065,5.39876,1
24.9,3,0.257513,54.1571,1,1,2.97391,12.9767,4.91221,1
24.9,4,0.061781,48.1625,1,1,2.97391,18.065,5.39876,1
24.9,5,0,38.1123,0,0,0.1,0.1,0.15,1
24.9,6,0.723142,48.1625,1,1,2.97391,18.065,5.39876,1
24.9,7,0.9,57.2466,1,1,2.97391,12.9767,4.91221,1
25,0,0,41.9478,1,0,0.1,0.1,0.15,1
25,1,0,34.3267,0,0,0.1,0.1,0.15,1
25,2,0.260694,48.1872,1,1,2.62987,20.7877,5.47616,1
25,3,0.256409,54.0885,1,1,2.62987,21.7061,5.56433,1
25,4,0.0606944,48.1872,1,1,2.62987,20.7877,5.47616,1
25,5,0,37.905,0,0,0.1,0.1,0.15,1
25,6,0.722852,48.1872,1,1,2.62987,20.7877,5.47616,1
25,7,0.9,57.1265,1,1,2.62987,21.7061,5.56433,1
25.1,0,0,41.6766,1,0,0.1,0.1,0.15,1
25.1,1,0,34.1825,0,0,0.1,0.1,0.15,1
25.1,2,0.260097,48.0264,1,1,0.111912,7,3.00883,1
25.1,3,0.255131,54.0867,1,1,3.62801,25.1701,6.44063,1
25.1,4,0.0600974,48.0264,1,1,0.111912,7,3.00883,1
25.1,5,0,37.7012,0,0,0.1,0.1,0.15,1
25.1,6,0.722693,48.0264,1,1,0.111912,7,3.00883,1
25.1,7,0.9,57.3066,1,1,9.48818,19.3099,9.54089,1
25.2,0,0,41.4099,1,0,0.1,0.1,0.15,1
25.2,1,0,34.0407,0,0,0.1,0.1,0.15,1
25.2,2,0.259064,48.0334,1,1,3.59976,12.4894,5.211,1
25.2,3,0.253763,54.119,1,1,3.59976,30.0592,6.89462,1
25.2,4,0.0590635,48.0334,1,1,3.59976,12.4894,5.211,1
25.2,5,0,37.5007,0,0,0.1,0.1,0.15,1
25.2,6,0.722417,48.0334,1,1,3.59976,12.4894,5.211,1
25.2,7,0.9,57.2853,1,1,3.59976,30.0592,6.89462,1
25.3,0,0,41.1477,1,0,0.1,0.1,0.15,1
25.3,1,0,33.9013,0,0,0.1,0.1,0.15,1
25.3,2,0.258216,47.9699,1,1,3.43378,3.43378,4.27102,1
25.3,3,0.252156,54.2414,1,1,5.04885,33.8945,8.10216,1
25.3,4,0.0582161,47.9699,1,1,3.43378,3.43378,4.27102,1
25.3,5,0,37.3036,0,0,0.1,0.1,0.15,1
25.3,6,0.722191,47.9699,1,1,3.43378,3.43378,4.27102,1
25.3,7,0.9,57.7154,1,1,13.4636,25.4798,12.9092,1
25.4,0,0,40.8898,1,0,0.1,0.1,0.15,1
25.4,1,0,33.7642,0,0,0.1,0.1,0.15,1
25.4,2,0.25699,48.0504,1,1,4.86792,14.9402,6.17774,1
25.4,3,0.250772,54.2772,1,1,4.86792,23.2908,6.97634,1
25.4,4,0.0569903,48.0504,1,1,4.86792,14.9402,6.17774,1
25.4,5,0,37.1098,0,0,0.1,0.1,0.15,1
25.4,6,0.721864,48.0504,1,1,4.86792,14.9402,6.17774,1
25.4,7,0.9,57.6933,1,1,4.86792,23.2908,6.97634,1
25.5,0,0,40.6362,1,0,0.1,0.1,0.15,1
25.5,1,0,33.6293,0,0,0.1,0.1,0.15,1
25.5,2,0.255857,48.0946,1,1,3.51984,18.208,5.71239,1
25.5,3,0.249418,54.3009,1,1,3.51984,29.7648,6.8217,1
25.5,4,0.0558569,48.0946,1,1,3.51984,18.208,5.71239,1
25.5,5,0,36.9192,0,0,0.1,0.1,0.15,1
25.5,6,0.721562,48.0946,1,1,3.51984,18.208,5.71239,1
25.5,7,0.9,57.6601,1,1,3.51984,29.7648,6.8217,1
25.6,0,0,40.3868,1,0,0.1,0.1,0.15,1
25.6,1,0,33.4968,0,0,0.1,0.1,0.15,1
25.6,2,0.255231,47.9464,1,1,0.523569,7,3.15581,1
25.6,3,0.248133,54.2983,1,1,4.88798,17.9499,6.47692,1
25.6,4,0.0552308,47.9464,1,1,0.523569,7,3.15581,1
25.6,5,0,36.7318,0,0,0.1,0.1,0.15,1
25.6,6,0.721395,47.9464,1,1,0.523569,7,3.15581,1
25.6,7,0.9,57.9086,1,1,12.162,10.6759,10.5708,1
25.7,0,0,40.1417,1,0,0.1,0.1,0.15,1
25.7,1,0,33.3664,0,0,0.1,0.1,0.15,1
25.7,2,0.254531,47.8284,1,1,1.36896,7,3.52623,1
25.7,3,0.246912,54.2714,1,1,3.15189,24.9053,6.15179,1
25.7,4,0.0545311,47.8284,1,1,1.36896,7,3.52623,1
25.7,5,0,36.5476,0,0,0.1,0.1,0.15,1
25.7,6,0.721208,47.8284,1,1,1.36896,7,3.52623,1
25.7,7,0.9,57.9307,1,1,6.12343,21.9338,7.60842,1
25.8,0,0,39.9005,1,0,0.1,0.1,0.15,1
25.8,1,0,33.2382,0,0,0.1,0.1,0.15,1
25.8,2,0.253555,47.8168,1,1,3.50715,9.95398,4.91842,1
25.8,3,0.245655,54.2587,1,1,3.50715,24.7696,6.33464,1
25.8,4,0.0535552,47.8168,1,1,3.50715,9.95398,4.91842,1
25.8,5,0,36.3663,0,0,0.1,0.1,0.15,1
25.8,6,0.720948,47.8168,1,1,3.50715,9.95398,4.91842,1
25.8,7,0.9,57.857,1,1,3.50715,24.7696,6.33464,1
25.9,0,0,39.6634,1,0,0.1,0.1,0.15,1
25.9,1,0,33.1122,0,0,0.1,0.1,0.15,1
25.9,2,0.252226,47.9391,1,1,3.53459,28.4268,6.7013,1
25.9,3,0.244635,54.1569,1,1,3.53459,12.1784,5.14489,1
25.9,4,0.0522256,47.9391,1,1,3.53459,28.4268,6.7013,1
25.9,5,0,36.1882,0,0,0.1,0.1,0.15,1
25.9,6,0.720594,47.9391,1,1,3.53459,28.4268,6.7013,1
25.9,7,0.9,57.6952,1,1,3.53459,12.1784,5.14489,1
26,0,0,39.4303,1,0,0.1,0.1,0.15,1
26,1,0,32.9882,0,0,0.1,0.1,0.15,1
26,2,0.251064,47.9959,1,1,3.99518,16.8892,5.8548,1
26,3,0.243382,54.1443,1,1,3.99518,21.6623,6.31182,1
26,4,0.051064,47.9959,1,1,3.99518,16.8892,5.8548,1
26,5,0,36.0129,0,0,0.1,0.1,0.15,1
26,6,0.720284,47.9959,1,1,3.99518,16.8892,5.8548,1
26,7,0.9,57.6237,1,1,3.99518,21.6623,6.31182,1
26.1,0,0,39.2011,1,0,0.1,0.1,0.15,1
26.1,1,0,32.8663,0,0,0.1,0.1,0.15,1
26.1,2,0.250233,47.9269,1,1,2.68434,7,4.19026,1
26.1,3,0.242333,54.0554,1,1,3.31175,15.0086,5.29087,1
26.1,4,0.0502326,47.9269,1,1,2.68434,7,4.19026,1
26.1,5,0,35.8406,0,0,0.1,0.1,0.15,1
26.1,6,0.720062,47.9269,1,1,2.68434,7,4.19026,1
26.1,7,0.9,57.5138,1,1,4.35744,13.9629,5.7845,1
26.2,0,0,38.9756,0,0,0.1,0.1,0.15,1
26.2,1,0,32.7465,0,0,0.1,0.1,0.15,1
26.2,2,0.249284,47.9033,1,1,2.29004,15.3779,4.78027,1
26.2,3,0.241209,53.9957,1,1,2.29004,24.546,5.66033,1
26.2,4,0.0492841,47.9033,1,1,2.29004,15.3779,4.78027,1
26.2,5,0,35.6712,0,0,0.1,0.1,0.15,1
26.2,6,0.719809,47.9033,1,1,2.29004,15.3779,4.78027,1
26.2,7,0.9,57.3964,1,1,2.29004,24.546,5.66033,1
26.3,0,0,38.7539,0,0,0.1,0.1,0.15,1
26.3,1,0,32.6286,0,0,0.1,0.1,0.15,1
26.3,2,0.248235,47.9184,1,1,3.35451,14.7509,5.28989,1
26.3,3,0.239913,54.0026,1,1,3.35451,27.7406,6.53545,1
26.3,4,0.0482345,47.9184,1,1,3.35451,14.7509,5.28989,1
26.3,5,0,35.5046,0,0,0.1,0.1,0.15,1
26.3,6,0.719529,47.9184,1,1,3.35451,14.7509,5.28989,1
26.3,7,0.9,57.3466,1,1,3.35451,27.7406,6.53545,1
26.4,0,0,38.536,0,0,0.1,0.1,0.15,1
26.4,1,0,32.5127,0,0,0.1,0.1,0.15,1
26.4,2,0.247387,47.8569,1,1,2.84044,7,4.2739,1
26.4,3,0.238843,53.9234,1,1,4.09618,11.4045,5.39011,1
26.4,4,0.0473865,47.8569,1,1,2.84044,7,4.2739,1
26.4,5,0,35.3408,0,0,0.1,0.1,0.15,1
26.4,6,0.719303,47.8569,1,1,2.84044,7,4.2739,1
26.4,7,0.9,57.2912,1,1,6.18908,9.31161,6.44839,1
26.5,0,0,38.3216,0,0,0.1,0.1,0.15,1
26.5,1,0,32.3987,0,0,0.1,0.1,0.15,1
26.5,2,0.246426,47.8391,1,1,1.93759,17.8747,4.8411,1
26.5,3,0.237739,53.8587,1,1,1.93759,25.3961,5.56396,1
26.5,4,0.046426,47.8391,1,1,1.93759,17.8747,4.8411,1
26.5,5,0,35.1797,0,0,0.1,0.1,0.15,1
26.5,6,0.719047,47.8391,1,1,1.93759,17.8747,4.8411,1
26.5,7,0.9,57.1703,1,1,1.93759,25.3961,5.56396,1
26.6,0,0,38.1108,0,0,0.1,0.1,0.15,1
26.6,1,0,32.2867,0,0,0.1,0.1,0.15,1
26.6,2,0.245602,47.7698,1,1,3.25001,3.25001,4.15242,1
26.6,3,0.236494,53.8485,1,1,4.10005,20.6726,6.27703,1
26.6,4,0.0456021,47.7698,1,1,3.25001,3.25001,4.15242,1
26.6,5,0,35.0213,0,0,0.1,0.1,0.15,1
26.6,6,0.718827,47.7698,1,1,3.25001,3.25001,4.15242,1
26.6,7,0.9,57.3848,1,1,10.9335,13.8392,10.0092,1
26.7,0,0,37.9036,0,0,0.1,0.1,0.15,1
26.7,1,0,32.1765,0,0,0.1,0.1,0.15,1
26.7,2,0.244345,47.8655,1,1,3.09658,27.1326,6.33571,1
26.7,3,0.235157,53.8732,1,1,3.09658,31.3377,6.74007,1
26.7,4,0.044345,47.8655,1,1,3.09658,27.1326,6.33571,1
26.7,5,0,34.8655,0,0,0.1,0.1,0.15,1
26.7,6,0.718492,47.8655,1,1,3.09658,27.1326,6.33571,1
26.7,7,0.9,57.3505,1,1,3.09658,31.3377,6.74007,1
26.8,0,0,37.6998,0,0,0.1,0.1,0.15,1
26.8,1,0,32.0681,0,0,0.1,0.1,0.15,1
26.8,2,0.243202,47.9166,1,1,4.30428,14.0477,5.76169,1
26.8,3,0.23359,53.9841,1,1,4.30428,36.2976,7.89556,1
26.8,4,0.0432018,47.9166,1,1,4.30428,14.0477,5.76169,1
26.8,5,0,34.7123,0,0,0.1,0.1,0.15,1
26.8,6,0.718187,47.9166,1,1,4.30428,14.0477,5.76169,1
26.8,7,0.9,57.4035,1,1,4.30428,36.2976,7.89556,1
26.9,0,0,37.4993,0,0,0.1,0.1,0.15,1
26.9,1,0,31.9616,0,0,0.1,0.1,0.15,1
26.9,2,0.241939,48.012,1,1,5.07524,15.6047,6.36472,1
26.9,3,0.232106,54.0622,1,1,5.07524,27.2695,7.48149,1
26.9,4,0.041939,48.012,1,1,5.07524,15.6047,6.36472,1
26.9,5,0,34.5617,0,0,0.1,0.1,0.15,1
26.9,6,0.71785,48.012,1,1,5.07524,15.6047,6.36472,1
26.9,7,0.9,57.4246,1,1,5.07524,27.2695,7.48149,1
27,0,0,37.3023,0,0,0.1,0.1,0.15,1
27,1,0,31.8568,0,0,0.1,0.1,0.15,1
27,2,0.240687,48.1017,1,1,4.0431,21.3544,6.30972,1
27,3,0.230704,54.1074,1,1,4.0431,29.1871,7.06161,1
27,4,0.040687,48.1017,1,1,4.0431,21.3544,6.30972,1
27,5,0,34.4136,0,0,0.1,0.1,0.15,1
27,6,0.717517,48.1017,1,1,4.0431,21.3544,6.30972,1
27,7,0.9,57.4138,1,1,4.0431,29.1871,7.06161,1
27.1,0,0,37.1085,0,0,0.1,0.1,0.15,1
27.1,1,0,31.7538,0,0,0.1,0.1,0.15,1
27.1,2,0.240051,47.957,1,1,1.70539,1.70539,3.20535,1
27.1,3,0.229245,54.174,1,1,4.98453,26.523,7.35571,1
27.1,4,0.0400511,47.957,1,1,1.70539,1.70539,3.20535,1
27.1,5,0,34.2679,0,0,0.1,0.1,0.15,1
27.1,6,0.717347,47.957,1,1,1.70539,1.70539,3.20535,1
27.1,7,0.9,57.7805,1,1,13.2921,18.2154,12.0923,1
27.2,0,0,36.9179,0,0,0.1,0.1,0.15,1
27.2,1,0,31.6525,0,0,0.1,0.1,0.15,1
27.2,2,0.238865,48.0228,1,1,3.93844,18.5225,5.97865,1
27.2,3,0.227977,54.1669,1,1,3.93844,22.7985,6.38842,1
27.2,4,0.0388648,48.0228,1,1,3.93844,18.5225,5.97865,1
27.2,5,0,34.1247,0,0,0.1,0.1,0.15,1
27.2,6,0.717031,48.0228,1,1,3.93844,18.5225,5.97865,1
27.2,7,0.9,57.7133,1,1,3.93844,22.7985,6.38842,1
27.3,0,0,36.7305,0,0,0.1,0.1,0.15,1
27.3,1,0,31.5528,0,0,0.1,0.1,0.15,1
27.3,2,0.237853,48.0215,1,1,3.34211,12.8174,5.0986,1
27.3,3,0.226522,54.2309,1,1,3.34211,36.1326,7.33579,1
27.3,4,0.0378532,48.0215,1,1,3.34211,12.8174,5.0986,1
27.3,5,0,33.9839,0,0,0.1,0.1,0.15,1
27.3,6,0.716761,48.0215,1,1,3.34211,12.8174,5.0986,1
27.3,7,0.9,57.7182,1,1,3.34211,36.1326,7.33579,1
27.4,0,0,36.5463,0,0,0.1,0.1,0.15,1
27.4,1,0,31.4549,0,0,0.1,0.1,0.15,1
27.4,2,0.236513,48.1444,1,1,4.93434,20.5634,6.7545,1
27.4,3,0.225075,54.2907,1,1,4.93434,26.1788,7.29281,1
27.4,4,0.036513,48.1444,1,1,4.93434,20.5634,6.7545,1
27.4,5,0,33.8454,0,0,0.1,0.1,0.15,1
27.4,6,0.716403,48.1444,1,1,4.93434,20.5634,6.7545,1
27.4,7,0.9,57.7199,1,1,4.93434,26.1788,7.29281,1
27.5,0,0,36.3651,0,0,0.1,0.1,0.15,1
27.5,1,0,31.3585,0,0,0.1,0.1,0.15,1
27.5,2,0.235279,48.225,1,1,3.88914,21.3093,6.21756,1
27.5,3,0.223668,54.3342,1,1,3.88914,30.3869,7.0892,1
27.5,4,0.0352794,48.225,1,1,3.88914,21.3093,6.21756,1
27.5,5,0,33.7092,0,0,0.1,0.1,0.15,1
27.5,6,0.716074,48.225,1,1,3.88914,21.3093,6.21756,1
27.5,7,0.9,57.7063,1,1,3.88914,30.3869,7.0892,1
27.6,0,0,36.1869,0,0,0.1,0.1,0.15,1
27.6,1,0,31.2638,0,0,0.1,0.1,0.15,1
27.6,2,0.234627,48.0846,1,1,1.85002,1.85002,3.28956,1
27.6,3,0.222063,54.4521,1,1,5.14141,33.1987,8.09061,1
27.6,4,0.0346267,48.0846,1,1,1.85002,1.85002,3.28956,1
27.6,5,0,33.5753,0,0,0.1,0.1,0.15,1
27.6,6,0.7159,48.0846,1,1,1.85002,1.85002,3.28956,1
27.6,7,0.9,58.1366,1,1,13.7104,24.6297,13.0063,1
27.7,0,0,36.0117,0,0,0.1,0.1,0.15,1
27.7,1,0,31.1707,0,0,0.1,0.1,0.15,1
27.7,2,0.233337,48.1875,1,1,4.79251,18.798,6.50141,1
27.7,3,0.22048,54.5595,1,1,4.79251,34.1735,7.97677,1
27.7,4,0.0333367,48.1875,1,1,4.79251,18.798,6.50141,1
27.7,5,0,33.4437,0,0,0.1,0.1,0.15,1
27.7,6,0.715556,48.1875,1,1,4.79251,18.798,6.50141,1
27.7,7,0.9,58.1826,1,1,4.79251,34.1735,7.97677,1
27.8,0,0,35.8395,0,0,0.1,0.1,0.15,1
27.8,1,0,31.0791,0,0,0.1,0.1,0.15,1
27.8,2,0.23215,48.2497,1,1,4.87075,12.867,5.98213,1
27.8,3,0.219018,54.6198,1,1,4.87075,27.4045,7.37271,1
27.8,4,0.0321498,48.2497,1,1,4.87075,12.867,5.98213,1
27.8,5,0,33.3142,0,0,0.1,0.1,0.15,1
27.8,6,0.71524,48.2497,1,1,4.87075,12.867,5.98213,1
27.8,7,0.9,58.1825,1,1,4.87075,27.4045,7.37271,1
27.9,0,0,35.67,0,0,0.1,0.1,0.15,1
27.9,1,0,30.989,0,0,0.1,0.1,0.15,1
27.9,2,0.231153,48.2389,1,1,4.03441,7.89441,5.02317,1
27.9,3,0.217651,54.6428,1,1,4.03441,27.4388,6.88867,1
27.9,4,0.0311531,48.2389,1,1,4.03441,7.89441,5.02317,1
27.9,5,0,33.1869,0,0,0.1,0.1,0.15,1
27.9,6,0.714974,48.2389,1,1,4.03441,7.89441,5.02317,1
27.9,7,0.9,58.1461,1,1,4.03441,27.4388,6.88867,1
28,0,0,35.5035,0,0,0.1,0.1,0.15,1
28,1,0,30.9004,0,0,0.1,0.1,0.15,1
28,2,0.230176,48.2211,1,1,3.93416,7.48241,4.92709,1
28,3,0.216418,54.6146,1,1,3.93416,20.9801,6.21162,1
28,4,0.0301755,48.2211,1,1,3.93416,7.48241,4.92709,1
28,5,0,33.0617,0,0,0.1,0.1,0.15,1
28,6,0.714713,48.2211,1,1,3.93416,7.48241,4.92709,1
28,7,0.9,58.0596,1,1,3.93416,20.9801,6.21162,1
28.1,0,0,35.3397,0,0,0.1,0.1,0.15,1
28.1,1,0,30.8133,0,0,0.1,0.1,0.15,1
28.1,2,0.229516,48.0834,1,1,1.90874,1.90874,3.32406,1
28.1,3,0.215193,54.5844,1,1,3.73714,21.7905,6.17763,1
28.1,4,0.029516,48.0834,1,1,1.90874,1.90874,3.32406,1
28.1,5,0,32.9386,0,0,0.1,0.1,0.15,1
28.1,6,0.714538,48.0834,1,1,1.90874,1.90874,3.32406,1
28.1,7,0.9,58.2216,1,1,9.96572,15.5619,9.50768,1
28.2,0,0,35.1786,0,0,0.1,0.1,0.15,1
28.2,1,0,30.7277,0,0,0.1,0.1,0.15,1
28.2,2,0.228529,48.0718,1,1,3.19095,12.3892,4.97452,1
28.2,3,0.214212,54.4619,1,1,3.19095,12.0394,4.94122,1
28.2,4,0.028529,48.0718,1,1,3.19095,12.3892,4.97452,1
28.2,5,0,32.8175,0,0,0.1,0.1,0.15,1
28.2,6,0.714274,48.0718,1,1,3.19095,12.3892,4.97452,1
28.2,7,0.9,58.0385,1,1,3.19095,12.0394,4.94122,1
28.3,0,0,35.0202,0,0,0.1,0.1,0.15,1
28.3,1,0,30.6435,0,0,0.1,0.1,0.15,1
28.3,2,0.22785,47.9437,1,1,1.13896,7,3.41961,1
28.3,3,0.213158,54.3695,1,1,2.10924,21.912,5.31503,1
28.3,4,0.0278505,47.9437,1,1,1.13896,7,3.41961,1
28.3,5,0,32.6985,0,0,0.1,0.1,0.15,1
28.3,6,0.714093,47.9437,1,1,1.13896,7,3.41961,1
28.3,7,0.9,57.94,1,1,3.72636,20.2949,6.02816,1
28.4,0,0,34.8644,0,0,0.1,0.1,0.15,1
28.4,1,0,30.5607,0,0,0.1,0.1,0.15,1
28.4,2,0.226771,47.9693,1,1,3.00265,18.3288,5.43959,1
28.4,3,0.21196,54.3325,1,1,3.00265,24.5212,6.03384,1
28.4,4,0.0267712,47.9693,1,1,3.00265,18.3288,5.43959,1
28.4,5,0,32.5814,0,0,0.1,0.1,0.15,1
28.4,6,0.713806,47.9693,1,1,3.00265,18.3288,5.43959,1
28.4,7,0.9,57.8435,1,1,3.00265,24.5212,6.03384,1
28.5,0,0,34.7113,0,0,0.1,0.1,0.15,1
28.5,1,0,30.4793,0,0,0.1,0.1,0.15,1
28.5,2,0.225724,47.9822,1,1,3.44048,14.114,5.27681,1
28.5,3,0.210672,54.3306,1,1,3.44048,26.7987,6.4925,1
28.5,4,0.0257242,47.9822,1,1,3.44048,14.114,5.27681,1
28.5,5,0,32.4663,0,0,0.1,0.1,0.15,1
28.5,6,0.713526,47.9822,1,1,3.44048,14.114,5.27681,1
28.5,7,0.9,57.7831,1,1,3.44048,26.7987,6.4925,1
28.6,0,0,34.5607,0,0,0.1,0.1,0.15,1
28.6,1,0,30.3992,0,0,0.1,0.1,0.15,1
28.6,2,0.22501,47.869,1,1,2.3646,2.3646,3.59744,1
28.6,3,0.209357,54.3389,1,1,4.53588,21.7086,6.62903,1
28.6,4,0.0250104,47.869,1,1,2.3646,2.3646,3.59744,1
28.6,5,0,32.3531,0,0,0.1,0.1,0.15,1
28.6,6,0.713336,47.869,1,1,2.3646,2.3646,3.59744,1
28.6,7,0.9,58.0506,1,1,12.0957,14.1488,10.8524,1
28.7,0,0,34.4126,0,0,0.1,0.1,0.15,1
28.7,1,0,30.3205,0,0,0.1,0.1,0.15,1
28.7,2,0.223906,47.9055,1,1,3.28057,18.09,5.56846,1
28.7,3,0.208098,54.3257,1,1,3.28057,26.169,6.34368,1
28.7,4,0.0239056,47.9055,1,1,3.28057,18.09,5.56846,1
28.7,5,0,32.2418,0,0,0.1,0.1,0.15,1
28.7,6,0.713041,47.9055,1,1,3.28057,18.09,5.56846,1
28.7,7,0.9,57.9756,1,1,3.28057,26.169,6.34368,1
28.8,0,0,34.2669,0,0,0.1,0.1,0.15,1
28.8,1,0,30.243,0,0,0.1,0.1,0.15,1
28.8,2,0.223135,47.8152,1,1,2.10038,7,3.88566,1
28.8,3,0.206927,54.2797,1,1,3.99736,17.3791,5.90288,1
28.8,4,0.0231346,47.8152,1,1,2.10038,7,3.88566,1
28.8,5,0,32.1324,0,0,0.1,0.1,0.15,1
28.8,6,0.712836,47.8152,1,1,2.10038,7,3.88566,1
28.8,7,0.9,57.9903,1,1,7.15898,14.2174,7.52445,1
28.9,0,0,34.1237,0,0,0.1,0.1,0.15,1
28.9,1,0,30.1669,0,0,0.1,0.1,0.15,1
28.9,2,0.222179,47.7961,1,1,2.67205,13.6675,4.81636,1
28.9,3,0.20576,54.2326,1,1,2.67205,24.7542,5.87943,1
28.9,4,0.022179,47.7961,1,1,2.67205,13.6675,4.81636,1
28.9,5,0,32.0247,0,0,0.1,0.1,0.15,1
28.9,6,0.712581,47.7961,1,1,2.67205,13.6675,4.81636,1
28.9,7,0.9,57.8814,1,1,2.67205,24.7542,5.87943,1
29,0,0,33.9829,0,0,0.1,0.1,0.15,1
29,1,0,30.092,0,0,0.1,0.1,0.15,1
29,2,0.220966,47.8746,1,1,3.42828,22.9017,6.11147,1
29,3,0.204558,54.2001,1,1,3.42828,22.3855,6.06193,1
29,4,0.0209664,47.8746,1,1,3.42828,22.9017,6.11147,1
29,5,0,31.9189,0,0,0.1,0.1,0.15,1
29,6,0.712258,47.8746,1,1,3.42828,22.9017,6.11147,1
29,7,0.9,57.788,1,1,3.42828,22.3855,6.06193,1
29.1,0,0,33.8445,0,0,0.1,0.1,0.15,1
29.1,1,0,30.0184,0,0,0.1,0.1,0.15,1
29.1,2,0.220361,47.722,1,1,0.238176,7,3.04965,1
29.1,3,0.203292,54.1919,1,1,3.90186,22.9253,6.37977,1
29.1,4,0.0203613,47.722,1,1,0.238176,7,3.04965,1
29.1,5,0,31.8148,0,0,0.1,0.1,0.15,1
29.1,6,0.712096,47.722,1,1,0.238176,7,3.04965,1
29.1,7,0.9,57.9658,1,1,10.008,16.8192,9.65606,1
29.2,0,0,33.7083,0,0,0.1,0.1,0.15,1
29.2,1,0,29.946,0,0,0.1,0.1,0.15,1
29.2,2,0.219224,47.7731,1,1,3.3534,19.3603,5.73034,1
29.2,3,0.202172,54.1287,1,1,3.3534,18.4717,5.64519,1
29.2,4,0.0192243,47.7731,1,1,3.3534,19.3603,5.73034,1
29.2,5,0,31.7125,0,0,0.1,0.1,0.15,1
29.2,6,0.711793,47.7731,1,1,3.3534,19.3603,5.73034,1
29.2,7,0.9,57.8397,1,1,3.3534,18.4717,5.64519,1
29.3,0,0,33.5744,0,0,0.1,0.1,0.15,1
29.3,1,0,29.8748,0,0,0.1,0.1,0.15,1
29.3,2,0.21822,47.7733,1,1,2.83921,15.3101,5.0625,1
29.3,3,0.201042,54.0704,1,1,2.83921,21.9174,5.69585,1
29.3,4,0.0182199,47.7733,1,1,2.83921,15.3101,5.0625,1
29.3,5,0,31.6119,0,0,0.1,0.1,0.15,1
29.3,6,0.711525,47.7733,1,1,2.83921,15.3101,5.0625,1
29.3,7,0.9,57.7196,1,1,2.83921,21.9174,5.69585,1
29.4,0,0,33.4428,0,0,0.1,0.1,0.15,1
29.4,1,0,29.8048,0,0,0.1,0.1,0.15,1
29.4,2,0.217187,47.784,1,1,3.09458,15.3433,5.20373,1
29.4,3,0.199895,54.0193,1,1,3.09458,21.3362,5.77788,1
29.4,4,0.0171874,47.784,1,1,3.09458,15.3433,5.20373,1
29.4,5,0,31.5129,0,0,0.1,0.1,0.15,1
29.4,6,0.71125,47.784,1,1,3.09458,15.3433,5.20373,1
29.4,7,0.9,57.6076,1,1,3.09458,21.3362,5.77788,1
29.5,0,0,33.3133,0,0,0.1,0.1,0.15,1
29.5,1,0,29.736,0,0,0.1,0.1,0.15,1
29.5,2,0.216151,47.796,1,1,3.05385,15.782,5.22352,1
29.5,3,0.198745,53.9705,1,1,3.05385,21.7767,5.79801,1
29.5,4,0.016151,47.796,1,1,3.05385,15.782,5.22352,1
29.5,5,0,31.4156,0,0,0.1,0.1,0.15,1
29.5,6,0.710974,47.796,1,1,3.05385,15.782,5.22352,1
29.5,7,0.9,57.499,1,1,3.05385,21.7767,5.79801,1
29.6,0,0,33.186,0,0,0.1,0.1,0.15,1
29.6,1,0,29.6683,0,0,0.1,0.1,0.15,1
29.6,2,0.21532,47.7303,1,1,3.30766,3.30766,4.18951,1
29.6,3,0.197514,53.9529,1,1,3.72458,22.1285,6.20297,1
29.6,4,0.0153197,47.7303,1,1,3.30766,3.30766,4.18951,1
29.6,5,0,31.32,0,0,0.1,0.1,0.15,1
29.6,6,0.710752,47.7303,1,1,3.30766,3.30766,4.18951,1
29.6,7,0.9,57.6713,1,1,9.9322,15.9209,9.51899,1
29.7,0,0,33.0608,0,0,0.1,0.1,0.15,1
29.7,1,0,29.6018,0,0,0.1,0.1,0.15,1
29.7,2,0.21434,47.7218,1,1,3.23164,11.7669,4.93764,1
29.7,3,0.196347,53.9114,1,1,3.23164,21.6373,5.88165,1
29.7,4,0.01434,47.7218,1,1,3.23164,11.7669,4.93764,1
29.7,5,0,31.2259,0,0,0.1,0.1,0.15,1
29.7,6,0.710491,47.7218,1,1,3.23164,11.7669,4.93764,1
29.7,7,0.9,57.5679,1,1,3.23164,21.6373,5.88165,1
29.8,0,0,32.9377,0,0,0.1,0.1,0.15,1
29.8,1,0,29.5363,0,0,0.1,0.1,0.15,1
29.8,2,0.213596,47.6243,1,1,1.83093,7,3.75005,1
29.8,3,0.195121,53.8932,1,1,3.36416,24.0012,6.18153,1
29.8,4,0.013596,47.6243,1,1,1.83093,7,3.75005,1
29.8,5,0,31.1334,0,0,0.1,0.1,0.15,1
29.8,6,0.710292,47.6243,1,1,1.83093,7,3.75005,1
29.8,7,0.9,57.5828,1,1,5.91954,21.4458,7.43572,1
29.9,0,0,32.8167,0,0,0.1,0.1,0.15,1
29.9,1,0,29.472,0,0,0.1,0.1,0.15,1
29.9,2,0.21256,47.639,1,1,3.42067,13.6684,5.22328,1
29.9,3,0.193979,53.8433,1,1,3.42067,19.2307,5.75518,1
29.9,4,0.0125596,47.639,1,1,3.42067,13.6684,5.22328,1
29.9,5,0,31.0424,0,0,0.1,0.1,0.15,1
29.9,6,0.710016,47.639,1,1,3.42067,13.6684,5.22328,1
29.9,7,0.9,57.4714,1,1,3.42067,19.2307,5.75518,1
30,0,0,32.6976,0,0,0.1,0.1,0.15,1
30,1,0,29.4087,0,0,0.1,0.1,0.15,1
30,2,0.211556,47.641,1,1,2.83142,15.2976,5.05713,1
30,3,0.192864,53.784,1,1,2.83142,21.1691,5.61985,1
30,4,0.0115562,47.641,1,1,2.83142,15.2976,5.05713,1
30,5,0,30.9529,0,0,0.1,0.1,0.15,1
30,6,0.709748,47.641,1,1,2.83142,15.2976,5.05713,1
30,7,0.9,57.3517,1,1,2.83142,21.1691,5.61985,1
30.1,0,0,32.5806,0,0,0.1,0.1,0.15,1
30.1,1,0,29.3465,0,0,0.1,0.1,0.15,1
30.1,2,0.210856,47.5285,1,1,1.37997,7,3.53142,1
30.1,3,0.191698,53.7449,1,1,3.32409,21.0381,5.87502,1
30.1,4,0.0108555,47.5285,1,1,1.37997,7,3.53142,1
30.1,5,0,30.865,0,0,0.1,0.1,0.15,1
30.1,6,0.709561,47.5285,1,1,1.37997,7,3.53142,1
30.1,7,0.9,57.3741,1,1,6.56428,17.7979,7.48834,1
30.2,0,0,32.4655,0,0,0.1,0.1,0.15,1
30.2,1,0,29.2853,0,0,0.1,0.1,0.15,1
30.2,2,0.209733,47.5774,1,1,3.04528,20.3711,5.6585,1
30.2,3,0.190641,53.6655,1,1,3.04528,16.9271,5.32843,1
30.2,4,0.00973281,47.5774,1,1,3.04528,20.3711,5.6585,1
30.2,5,0,30.7785,0,0,0.1,0.1,0.15,1
30.2,6,0.709262,47.5774,1,1,3.04528,20.3711,5.6585,1
30.2,7,0.9,57.2342,1,1,3.04528,16.9271,5.32843,1
30.3,0,0,32.3523,0,0,0.1,0.1,0.15,1
30.3,1,0,29.2251,0,0,0.1,0.1,0.15,1
30.3,2,0.209015,47.4726,1,1,1.56515,7,3.61983,1
30.3,3,0.189507,53.6164,1,1,3.19943,20.0847,5.71506,1
30.3,4,0.00901459,47.4726,1,1,1.56515,7,3.61983,1
30.3,5,0,30.6934,0,0,0.1,0.1,0.15,1
30.3,6,0.709071,47.4726,1,1,1.56515,7,3.61983,1
30.3,7,0.9,57.2255,1,1,5.92322,17.3609,7.04754,1
30.4,0,0,32.241,0,0,0.1,0.1,0.15,1
30.4,1,0,29.1659,0,0,0.1,0.1,0.15,1
30.4,2,0.208009,47.4783,1,1,2.91051,14.9897,5.07019,1
30.4,3,0.188294,53.598,1,1,2.91051,25.8804,6.11478,1
30.4,4,0.0080086,47.4783,1,1,2.91051,14.9897,5.07019,1
30.4,5,0,30.6098,0,0,0.1,0.1,0.15,1
30.4,6,0.708802,47.4783,1,1,2.91051,14.9897,5.07019,1
30.4,7,0.9,57.147,1,1,2.91051,25.8804,6.11478,1
30.5,0,0,32.1316,0,0,0.1,0.1,0.15,1
30.5,1,0,29.1077,0,0,0.1,0.1,0.15,1
30.5,2,0.206684,47.6043,1,1,3.59887,27.7762,6.67467,1
30.5,3,0.1871,53.5726,1,1,3.59887,20.9174,6.01619,1
30.5,4,0.00668426,47.6043,1,1,3.59887,27.7762,6.67467,1
30.5,5,0,30.5275,0,0,0.1,0.1,0.15,1
30.5,6,0.708449,47.6043,1,1,3.59887,27.7762,6.67467,1
30.5,7,0.9,57.0624,1,1,3.59887,20.9174,6.01619,1
30.6,0,0,32.024,0,0,0.1,0.1,0.15,1
30.6,1,0,29.0505,0,0,0.1,0.1,0.15,1
30.6,2,0.205877,47.5326,1,1,3.11838,3.11838,4.06814,1
30.6,3,0.185749,53.6071,1,1,4.70626,22.5506,6.8098,1
30.6,4,0.00587709,47.5326,1,1,3.11838,3.11838,4.06814,1
30.6,5,0,30.4467,0,0,0.1,0.1,0.15,1
30.6,6,0.708234,47.5326,1,1,3.11838,3.11838,4.06814,1
30.6,7,0.9,57.3701,1,1,12.55,14.7068,11.2276,1
30.7,0,0,31.9182,0,0,0.1,0.1,0.15,1
30.7,1,0,28.9943,0,0,0.1,0.1,0.15,1
30.7,2,0.204632,47.6277,1,1,3.4071,24.7188,6.27419,1
30.7,3,0.184311,53.6738,1,1,3.4071,34.8242,7.24576,1
30.7,4,0.00463221,47.6277,1,1,3.4071,24.7188,6.27419,1
30.7,5,0,30.3671,0,0,0.1,0.1,0.15,1
30.7,6,0.707902,47.6277,1,1,3.4071,24.7188,6.27419,1
30.7,7,0.9,57.3741,1,1,3.4071,34.8242,7.24576,1
30.8,0,0,31.8141,0,0,0.1,0.1,0.15,1
30.8,1,0,28.939,0,0,0.1,0.1,0.15,1
30.8,2,0.203374,47.726,1,1,4.77892,17.1907,6.33972,1
30.8,3,0.182896,53.7307,1,1,4.77892,25.4514,7.13088,1
30.8,4,0.00337433,47.726,1,1,4.77892,17.1907,6.33972,1
30.8,5,0,30.2889,0,0,0.1,0.1,0.15,1
30.8,6,0.707566,47.726,1,1,4.77892,17.1907,6.33972,1
30.8,7,0.9,57.3693,1,1,4.77892,25.4514,7.13088,1
30.9,0,0,31.7118,0,0,0.1,0.1,0.15,1
30.9,1,0,28.8846,0,0,0.1,0.1,0.15,1
30.9,2,0.202174,47.8012,1,1,3.77879,20.2366,6.05218,1
30.9,3,0.181737,53.6901,1,1,3.77879,18.0511,5.84287,1
30.9,4,0.0021735,47.8012,1,1,3.77879,20.2366,6.05218,1
30.9,5,0,30.212,0,0,0.1,0.1,0.15,1
30.9,6,0.707246,47.8012,1,1,3.77879,20.2366,6.05218,1
30.9,7,0.9,57.268,1,1,3.77879,18.0511,5.84287,1
31,0,0,31.6112,0,0,0.1,0.1,0.15,1
31,1,0,28.8311,0,0,0.1,0.1,0.15,1
31,2,0.200874,47.9124,1,1,3.00193,29.8909,6.54963,1
31,3,0.180626,53.6317,1,1,3.00193,19.9814,5.59763,1
31,4,0.000873972,47.9124,1,1,3.00193,29.8909,6.54963,1
31,5,0,30.1364,0,0,0.1,0.1,0.15,1
31,6,0.7069,47.9124,1,1,3.00193,29.8909,6.54963,1
31,7,0.9,57.1501,1,1,3.00193,19.9814,5.59763,1
31.1,0,0,31.5123,0,0,0.1,0.1,0.15,1
31.1,1,0,28.7785,0,0,0.1,0.1,0.15,1
31.1,2,0.200205,47.7833,1,1,1.98859,1.98859,3.37126,1
31.1,3,0.179343,53.6398,1,1,4.93393,17.594,6.47024,1
31.1,4,0.000205072,47.7833,1,1,1.98859,1.98859,3.37126,1
31.1,5,0,30.062,0,0,0.1,0.1,0.15,1
31.1,6,0.706721,47.7833,1,1,1.98859,1.98859,3.37126,1
31.1,7,0.9,57.451,1,1,13.1571,9.37077,11.1574,1
31.2,0,0,31.415,0,0,0.1,0.1,0.15,1
31.2,1,0,28.7267,0,0,0.1,0.1,0.15,1
31.2,2,0.199042,47.8432,1,1,2.81599,23.7727,5.86161,1
31.2,3,0.178142,53.6162,1,1,2.81599,25.7283,6.04953,1
31.2,4,0,47.8432,1,0,2.81599,23.7727,5.86161,1
31.2,5,0,29.9889,0,0,0.1,0.1,0.15,1
31.2,6,0.706411,47.8432,1,1,2.81599,23.7727,5.86161,1
31.2,7,0.9,57.3639,1,1,2.81599,25.7283,6.04953,1
31.3,0,0,31.3193,0,0,0.1,0.1,0.15,1
31.3,1,0,28.6759,0,0,0.1,0.1,0.15,1
31.3,2,0.19842,47.6976,1,1,0.469583,7,3.13466,1
31.3,3,0.176932,53.5967,1,1,4.18773,18.2948,6.09981,1
31.3,4,0,47.4738,1,0,0.1,0.1,0.15,1
31.3,5,0,29.917,0,0,0.1,0.1,0.15,1
31.3,6,0.706245,47.6976,1,1,0.469583,7,3.13466,1
31.3,7,0.9,57.5344,1,1,10.3846,12.0978,9.46571,1
31.4,0,0,31.2252,0,0,0.1,0.1,0.15,1
31.4,1,0,28.6259,0,0,0.1,0.1,0.15,1
31.4,2,0.197523,47.6586,1,1,2.81031,9.81684,4.52347,1
31.4,3,0.17581,53.5441,1,1,2.81031,21.6317,5.65296,1
31.4,4,0,47.1105,1,0,0.1,0.1,0.15,1
31.4,5,0,29.8463,0,0,0.1,0.1,0.15,1
31.4,6,0.706006,47.6586,1,1,2.81031,9.81684,4.52347,1
31.4,7,0.9,57.4162,1,1,2.81031,21.6317,5.65296,1
31.5,0,0,31.1327,0,0,0.1,0.1,0.15,1
31.5,1,0,28.5767,0,0,0.1,0.1,0.15,1
31.5,2,0.196444,47.6888,1,1,3.05525,18.0106,5.43761,1
31.5,3,0.174579,53.534,1,1,3.05525,26.0396,6.20821,1
31.5,4,0,46.7532,1,0,0.1,0.1,0.15,1
31.5,5,0,29.7768,0,0,0.1,0.1,0.15,1
31.5,6,0.705718,47.6888,1,1,3.05525,18.0106,5.43761,1
31.5,7,0.9,57.3415,1,1,3.05525,26.0396,6.20821,1
31.6,0,0,31.0418,0,0,0.1,0.1,0.15,1
31.6,1,0,28.5283,0,0,0.1,0.1,0.15,1
31.6,2,0.195831,47.5423,1,1,0.350415,7,3.0896,1
31.6,3,0.173406,53.5017,1,1,4.29414,15.6699,5.9105,1
31.6,4,0,46.4019,1,0,0.1,0.1,0.15,1
31.6,5,0,29.7084,0,0,0.1,0.1,0.15,1
31.6,6,0.705555,47.5423,1,1,0.350415,7,3.0896,1
31.6,7,0.9,57.5161,1,1,10.867,9.09704,9.51546,1
31.7,0,0,30.9523,0,0,0.1,0.1,0.15,1
31.7,1,0,28.4808,0,0,0.1,0.1,0.15,1
31.7,2,0.194702,47.5933,1,1,2.49551,23.7418,5.6894,1
31.7,3,0.172173,53.4926,1,1,2.49551,29.1781,6.21214,1
31.7,4,0,46.0564,1,0,0.1,0.1,0.15,1
31.7,5,0,29.6412,0,0,0.1,0.1,0.15,1
31.7,6,0.705254,47.5933,1,1,2.49551,23.7418,5.6894,1
31.7,7,0.9,57.4401,1,1,2.49551,29.1781,6.21214,1
31.8,0,0,30.8644,0,0,0.1,0.1,0.15,1
31.8,1,0,28.434,0,0,0.1,0.1,0.15,1
31.8,2,0.193708,47.5923,1,1,3.9592,8.18328,5.00717,1
31.8,3,0.170742,53.5587,1,1,3.9592,31.2582,7.2128,1
31.8,4,0,45.7168,1,0,0.1,0.1,0.15,1
31.8,5,0,29.5751,0,0,0.1,0.1,0.15,1
31.8,6,0.704989,47.5923,1,1,3.9592,8.18328,5.00717,1
31.8,7,0.9,57.4404,1,1,3.9592,31.2582,7.2128,1
31.9,0,0,30.7779,0,0,0.1,0.1,0.15,1
31.9,1,0,28.388,0,0,0.1,0.1,0.15,1
31.9,2,0.192611,47.6306,1,1,4.40218,11.0133,5.53032,1
31.9,3,0.169282,53.6347,1,1,4.40218,30.1352,7.35983,1
31.9,4,0,45.3827,1,0,0.1,0.1,0.15,1
31.9,5,0,29.5101,0,0,0.1,0.1,0.15,1
31.9,6,0.704696,47.6306,1,1,4.40218,11.0133,5.53032,1
31.9,7,0.9,57.4517,1,1,4.40218,30.1352,7.35983,1
32,0,0,30.6928,0,0,0.1,0.1,0.15,1
32,1,0,28.3428,0,0,0.1,0.1,0.15,1
32,2,0.191473,47.6836,1,1,4.31717,13.7075,5.73678,1
32,3,0.168043,53.6258,1,1,4.31717,19.03,6.24504,1
32,4,0,45.0543,1,0,0.1,0.1,0.15,1
32,5,0,29.4462,0,0,0.1,0.1,0.15,1
32,6,0.704393,47.6836,1,1,4.31717,13.7075,5.73678,1
32,7,0.9,57.3792,1,1,4.31717,19.03,6.24504,1
32.1,0,0,30.6092,0,0,0.1,0.1,0.15,1
32.1,1,0,28.2983,0,0,0.1,0.1,0.15,1
32.1,2,0.190645,47.6184,1,1,3.27992,3.27992,4.17165,1
32.1,3,0.166901,53.5802,1,1,3.50207,18.7424,5.75366,1
32.1,4,0,44.7313,1,0,0.1,0.1,0.15,1
32.1,5,0,29.3833,0,0,0.1,0.1,0.15,1
32.1,6,0.704172,47.6184,1,1,3.27992,3.27992,4.17165,1
32.1,7,0.9,57.5019,1,1,9.33886,12.9056,8.83134,1
32.2,0,0,30.527,0,0,0.1,0.1,0.15,1
32.2,1,0,28.2546,0,0,0.1,0.1,0.15,1
32.2,2,0.189588,47.641,1,1,2.78056,18.4055,5.32757,1
32.2,3,0.165804,53.5185,1,1,2.78056,20.4948,5.52796,1
32.2,4,0,44.4137,1,0,0.1,0.1,0.15,1
32.2,5,0,29.3215,0,0,0.1,0.1,0.15,1
32.2,6,0.70389,47.641,1,1,2.78056,18.4055,5.32757,1
32.2,7,0.9,57.3748,1,1,2.78056,20.4948,5.52796,1
32.3,0,0,30.4461,0,0,0.1,0.1,0.15,1
32.3,1,0,28.2116,0,0,0.1,0.1,0.15,1
32.3,2,0.188611,47.633,1,1,2.90942,13.4698,4.92441,1
32.3,3,0.16473,53.4493,1,1,2.90942,18.5901,5.41431,1
32.3,4,0,44.1014,1,0,0.1,0.1,0.15,1
32.3,5,0,29.2608,0,0,0.1,0.1,0.15,1
32.3,6,0.70363,47.633,1,1,2.90942,13.4698,4.92441,1
32.3,7,0.9,57.2413,1,1,2.90942,18.5901,5.41431,1
32.4,0,0,30.3666,0,0,0.1,0.1,0.15,1
32.4,1,0,28.1693,0,0,0.1,0.1,0.15,1
32.4,2,0.187469,47.6876,1,1,2.68744,23.395,5.75697,1
32.4,3,0.163607,53.3996,1,1,2.68744,22.3784,5.65932,1
32.4,4,0,43.7943,1,0,0.1,0.1,0.15,1
32.4,5,0,29.201,0,0,0.1,0.1,0.15,1
32.4,6,0.703325,47.6876,1,1,2.68744,23.395,5.75697,1
32.4,7,0.9,57.1284,1,1,2.68744,22.3784,5.65932,1
32.5,0,0,30.2884,0,0,0.1,0.1,0.15,1
32.5,1,0,28.1278,0,0,0.1,0.1,0.15,1
32.5,2,0.186413,47.7086,1,1,3.2603,15.6367,5.32254,1
32.5,3,0.162525,53.3355,1,1,3.2603,17.0364,5.45643,1
32.5,4,0,43.4923,1,0,0.1,0.1,0.15,1
32.5,5,0,29.1422,0,0,0.1,0.1,0.15,1
32.5,6,0.703043,47.7086,1,1,3.2603,15.6367,5.32254,1
32.5,7,0.9,57.0022,1,1,3.2603,17.0364,5.45643,1
32.6,0,0,30.2115,0,0,0.1,0.1,0.15,1
32.6,1,0,28.0869,0,0,0.1,0.1,0.15,1
32.6,2,0.185579,47.6451,1,1,2.53708,7.92657,4.19938,1
32.6,3,0.161269,53.3378,1,1,2.53708,30.1521,6.32757,1
32.6,4,0,43.1953,1,0,0.1,0.1,0.15,1
32.6,5,0,29.0844,0,0,0.1,0.1,0.15,1
32.6,6,0.702821,47.6451,1,1,2.53708,7.92657,4.19938,1
32.6,7,0.9,56.9434,1,1,2.53708,30.1521,6.32757,1
32.7,0,0,30.1359,0,0,0.1,0.1,0.15,1
32.7,1,0,28.0467,0,0,0.1,0.1,0.15,1
32.7,2,0.18408,47.8346,1,1,4.08615,34.1007,7.55865,1
32.7,3,0.160008,53.3423,1,1,4.08615,21.6029,6.35821,1
32.7,4,0,42.9033,1,0,0.1,0.1,0.15,1
32.7,5,0,29.0276,0,0,0.1,0.1,0.15,1
32.7,6,0.702421,47.8346,1,1,4.08615,34.1007,7.55865,1
32.7,7,0.9,56.8878,1,1,4.08615,21.6029,6.35821,1
32.8,0,0,30.0615,0,0,0.1,0.1,0.15,1
32.8,1,0,28.0072,0,0,0.1,0.1,0.15,1
32.8,2,0.182909,47.8967,1,1,4.77336,12.6403,5.90283,1
32.8,3,0.158669,53.3759,1,1,4.77336,21.4686,6.74571,1
32.8,4,0,42.6162,1,0,0.1,0.1,0.15,1
32.8,5,0,28.9717,0,0,0.1,0.1,0.15,1
32.8,6,0.702109,47.8967,1,1,4.77336,12.6403,5.90283,1
32.8,7,0.9,56.8623,1,1,4.77336,21.4686,6.74571,1
32.9,0,0,29.9884,0,0,0.1,0.1,0.15,1
32.9,1,0,27.9683,0,0,0.1,0.1,0.15,1
32.9,2,0.181769,47.9459,1,1,3.28024,19.9277,5.74438,1
32.9,3,0.157484,53.3508,1,1,3.28024,22.2864,5.97064,1
32.9,4,0,42.3338,1,0,0.1,0.1,0.15,1
32.9,5,0,28.9168,0,0,0.1,0.1,0.15,1
32.9,6,0.701805,47.9459,1,1,3.28024,19.9277,5.74438,1
32.9,7,0.9,56.7791,1,1,3.28024,22.2864,5.97064,1
33,0,0,29.9165,0,0,0.1,0.1,0.15,1
33,1,0,27.9301,0,0,0.1,0.1,0.15,1
33,2,0.180591,48.0089,1,1,3.19583,22.4306,5.93816,1
33,3,0.156189,53.3679,1,1,3.19583,28.5802,6.52898,1
33,4,0,42.0562,1,0,0.1,0.1,0.15,1
33,5,0,28.8628,0,0,0.1,0.1,0.15,1
33,6,0.701491,48.0089,1,1,3.19583,22.4306,5.93816,1
33,7,0.9,56.7391,1,1,3.19583,28.5802,6.52898,1
33.1,0,0,29.8458,0,0,0.1,0.1,0.15,1
33.1,1,0,27.8925,0,0,0.1,0.1,0.15,1
33.1,2,0.180025,47.8391,1,1,1.0693,1.0693,2.8498,1
33.1,3,0.154749,53.4394,1,1,4.76641,26.8402,7.25679,1
33.1,4,0,41.7831,1,0,0.1,0.1,0.15,1
33.1,5,0,28.8096,0,0,0.1,0.1,0.15,1
33.1,6,0.70134,47.8391,1,1,1.0693,1.0693,2.8498,1
33.1,7,0.9,57.0906,1,1,12.7104,18.8962,11.7403,1
33.2,0,0,29.7763,0,0,0.1,0.1,0.15,1
33.2,1,0,27.8555,0,0,0.1,0.1,0.15,1
33.2,2,0.178915,47.8782,1,1,3.95083,14.4444,5.59602,1
33.2,3,0.15356,53.4149,1,1,3.95083,18.5999,5.99312,1
33.2,4,0,41.5147,1,0,0.1,0.1,0.15,1
33.2,5,0,28.7574,0,0,0.1,0.1,0.15,1
33.2,6,0.701044,47.8782,1,1,3.95083,14.4444,5.59602,1
33.2,7,0.9,57.0053,1,1,3.95083,18.5999,5.99312,1
33.3,0,0,29.708,0,0,0.1,0.1,0.15,1
33.3,1,0,27.8192,0,0,0.1,0.1,0.15,1
33.3,2,0.178002,47.842,1,1,2.81884,10.5937,4.60178,1
33.3,3,0.152384,53.3859,1,1,2.81884,24.446,5.92783,1
33.3,4,0,41.2507,1,0,0.1,0.1,0.15,1
33.3,5,0,28.706,0,0,0.1,0.1,0.15,1
33.3,6,0.7008,47.842,1,1,2.81884,10.5937,4.60178,1
33.3,7,0.9,56.9164,1,1,2.81884,24.446,5.92783,1
33.4,0,0,29.6408,0,0,0.1,0.1,0.15,1
33.4,1,0,27.7835,0,0,0.1,0.1,0.15,1
33.4,2,0.176895,47.8798,1,1,3.4081,17.4769,5.58024,1
33.4,3,0.151045,53.4189,1,1,3.4081,29.6411,6.74777,1
33.4,4,0,40.9911,1,0,0.1,0.1,0.15,1
33.4,5,0,28.6555,0,0,0.1,0.1,0.15,1
33.4,6,0.700505,47.8798,1,1,3.4081,17.4769,5.58024,1
33.4,7,0.9,56.8906,1,1,3.4081,29.6411,6.74777,1
33.5,0,0,29.5747,0,0,0.1,0.1,0.15,1
33.5,1,0,27.7483,0,0,0.1,0.1,0.15,1
33.5,2,0.175656,47.9665,1,1,4.13115,20.1028,6.24031,1
33.5,3,0.149566,53.5043,1,1,4.13115,32.7528,7.45484,1
33.5,4,0,40.7358,1,0,0.1,0.1,0.15,1
33.5,5,0,28.6058,0,0,0.1,0.1,0.15,1
33.5,6,0.700175,47.9665,1,1,4.13115,20.1028,6.24031,1
33.5,7,0.9,56.9182,1,1,4.13115,32.7528,7.45484,1
33.6,0,0,29.5097,0,0,0.1,0.1,0.15,1
33.6,1,0,27.7138,0,0,0.1,0.1,0.15,1
33.6,2,0.174853,47.8875,1,1,3.08976,3.08976,4.0499,1
33.6,3,0.148199,53.5458,1,1,5.53259,18.1908,6.88757,1
33.6,4,0,40.4848,1,0,0.1,0.1,0.15,1
33.6,5,0,28.557,0,0,0.1,0.1,0.15,1
33.6,6,0.699961,47.8875,1,1,3.08976,3.08976,4.0499,1
33.6,7,0.9,57.3072,1,1,14.7536,8.9698,12.2795,1
33.7,0,0,29.4458,0,0,0.1,0.1,0.15,1
33.7,1,0,27.6798,0,0,0.1,0.1,0.15,1
33.7,2,0.173963,47.8423,1,1,2.96542,8.50376,4.48292,1
33.7,3,0.146967,53.536,1,1,2.96542,26.5848,6.21205,1
33.7,4,0,40.238,1,0,0.1,0.1,0.15,1
33.7,5,0,28.509,0,0,0.1,0.1,0.15,1
33.7,6,0.699724,47.8423,1,1,2.96542,8.50376,4.48292,1
33.7,7,0.9,57.2346,1,1,2.96542,26.5848,6.21205,1
33.8,0,0,29.3829,0,0,0.1,0.1,0.15,1
33.8,1,0,27.6464,0,0,0.1,0.1,0.15,1
33.8,2,0.172883,47.8699,1,1,3.69378,14.3839,5.4444,1
33.8,3,0.145879,53.4716,1,1,3.69378,14.7953,5.48366,1
33.8,4,0,39.9953,1,0,0.1,0.1,0.15,1
33.8,5,0,28.4617,0,0,0.1,0.1,0.15,1
33.8,6,0.699436,47.8699,1,1,3.69378,14.3839,5.4444,1
33.8,7,0.9,57.1087,1,1,3.69378,14.7953,5.48366,1
33.9,0,0,29.3211,0,0,0.1,0.1,0.15,1
33.9,1,0,27.6135,0,0,0.1,0.1,0.15,1
33.9,2,0.171739,47.9213,1,1,2.31114,25.5566,5.76835,1
33.9,3,0.144736,53.4292,1,1,2.31114,25.4787,5.76085,1
33.9,4,0,39.7566,1,0,0.1,0.1,0.15,1
33.9,5,0,28.4153,0,0,0.1,0.1,0.15,1
33.9,6,0.69913,47.9213,1,1,2.31114,25.5566,5.76835,1
33.9,7,0.9,57.0056,1,1,2.31114,25.4787,5.76085,1
34,0,0,29.2603,0,0,0.1,0.1,0.15,1
34,1,0,27.5812,0,0,0.1,0.1,0.15,1
34,2,0.170547,47.9899,1,1,3.48347,21.4977,6.00742,1
34,3,0.143451,53.4409,1,1,3.48347,26.3614,6.47436,1
34,4,0,39.5219,1,0,0.1,0.1,0.15,1
34,5,0,28.3696,0,0,0.1,0.1,0.15,1
34,6,0.698812,47.9899,1,1,3.48347,21.4977,6.00742,1
34,7,0.9,56.9577,1,1,3.48347,26.3614,6.47436,1
34.1,0,0,29.2006,0,0,0.1,0.1,0.15,1
34.1,1,0,27.5494,0,0,0.1,0.1,0.15,1
34.1,2,0.169786,47.8944,1,1,2.00113,7,3.83532,1
34.1,3,0.14197,53.5267,1,1,4.07651,33.1758,7.46418,1
34.1,4,0,39.2911,1,0,0.1,0.1,0.15,1
34.1,5,0,28.3247,0,0,0.1,0.1,0.15,1
34.1,6,0.69861,47.8944,1,1,2.00113,7,3.83532,1
34.1,7,0.9,57.1187,1,1,7.53547,29.7168,9.24779,1
34.2,0,0,29.1418,0,0,0.1,0.1,0.15,1
34.2,1,0,27.5182,0,0,0.1,0.1,0.15,1
34.2,2,0.168942,47.8317,1,1,2.79908,7,4.25165,1
34.2,3,0.14039,53.6487,1,1,5.02803,32.6033,7.96563,1
34.2,4,0,39.0642,1,0,0.1,0.1,0.15,1
34.2,5,0,28.2805,0,0,0.1,0.1,0.15,1
34.2,6,0.698385,47.8317,1,1,2.79908,7,4.25165,1
34.2,7,0.9,57.3303,1,1,8.74294,28.8884,9.95852,1
34.3,0,0,29.0841,0,0,0.1,0.1,0.15,1
34.3,1,0,27.4875,0,0,0.1,0.1,0.15,1
34.3,2,0.167841,47.8673,1,1,4.70392,9.32847,5.54826,1
34.3,3,0.138958,53.7125,1,1,4.70392,26.8095,7.21699,1
34.3,4,0,38.841,0,0,0.1,0.1,0.15,1
34.3,5,0,28.2371,0,0,0.1,0.1,0.15,1
34.3,6,0.698091,47.8673,1,1,4.70392,9.32847,5.54826,1
34.3,7,0.9,57.3327,1,1,4.70392,26.8095,7.21699,1
34.4,0,0,29.0272,0,0,0.1,0.1,0.15,1
34.4,1,0,27.4573,0,0,0.1,0.1,0.15,1
34.4,2,0.166516,47.987,1,1,3.93918,25.8108,6.67797,1
34.4,3,0.137542,53.769,1,1,3.93918,30.5575,7.13404,1
34.4,4,0,38.6216,0,0,0.1,0.1,0.15,1
34.4,5,0,28.1944,0,0,0.1,0.1,0.15,1
34.4,6,0.697738,47.987,1,1,3.93918,25.8108,6.67797,1
34.4,7,0.9,57.3289,1,1,3.93918,30.5575,7.13404,1
34.5,0,0,28.9714,0,0,0.1,0.1,0.15,1
34.5,1,0,27.4276,0,0,0.1,0.1,0.15,1
34.5,2,0.16516,48.1167,1,1,4.31209,25.2412,6.8375,1
34.5,3,0.136059,53.8502,1,1,4.31209,31.8785,7.47511,1
34.5,4,0,38.4058,0,0,0.1,0.1,0.15,1
34.5,5,0,28.1524,0,0,0.1,0.1,0.15,1
34.5,6,0.697376,48.1167,1,1,4.31209,25.2412,6.8375,1
34.5,7,0.9,57.3507,1,1,4.31209,31.8785,7.47511,1
34.6,0,0,28.9164,0,0,0.1,0.1,0.15,1
34.6,1,0,27.3983,0,0,0.1,0.1,0.15,1
34.6,2,0.164321,48.0483,1,1,2.7504,7,4.22555,1
34.6,3,0.134779,53.8531,1,1,4.8785,17.7336,6.45062,1
34.6,4,0,38.1936,0,0,0.1,0.1,0.15,1
34.6,5,0,28.1111,0,0,0.1,0.1,0.15,1
34.6,6,0.697152,48.0483,1,1,2.7504,7,4.22555,1
34.6,7,0.9,57.4373,1,1,8.42534,14.1867,8.34422,1
34.7,0,0,28.8624,0,0,0.1,0.1,0.15,1
34.7,1,0,27.3696,0,0,0.1,0.1,0.15,1
34.7,2,0.163292,48.0531,1,1,2.82651,16.6644,5.18531,1
34.7,3,0.133708,53.7772,1,1,2.82651,18.899,5.39943,1
34.7,4,0,37.985,0,0,0.1,0.1,0.15,1
34.7,5,0,28.0705,0,0,0.1,0.1,0.15,1
34.7,6,0.696878,48.0531,1,1,2.82651,16.6644,5.18531,1
34.7,7,0.9,57.3017,1,1,2.82651,18.899,5.39943,1
34.8,0,0,28.8093,0,0,0.1,0.1,0.15,1
34.8,1,0,27.3414,0,0,0.1,0.1,0.15,1
34.8,2,0.162457,47.9848,1,1,2.71568,7.05982,4.2126,1
34.8,3,0.132584,53.7225,1,1,2.71568,22.2897,5.66577,1
34.8,4,0,37.7798,0,0,0.1,0.1,0.15,1
34.8,5,0,28.0306,0,0,0.1,0.1,0.15,1
34.8,6,0.696655,47.9848,1,1,2.71568,7.05982,4.2126,1
34.8,7,0.9,57.1882,1,1,2.71568,22.2897,5.66577,1
34.9,0,0,28.757,0,0,0.1,0.1,0.15,1
34.9,1,0,27.3136,0,0,0.1,0.1,0.15,1
34.9,2,0.161147,48.0969,1,1,3.12568,29.7388,6.60211,1
34.9,3,0.131686,53.5832,1,1,3.12568,8.02113,4.52478,1
34.9,4,0,37.5781,0,0,0.1,0.1,0.15,1
34.9,5,0,27.9913,0,0,0.1,0.1,0.15,1
34.9,6,0.696306,48.0969,1,1,3.12568,29.7388,6.60211,1
34.9,7,0.9,56.9911,1,1,3.12568,8.02113,4.52478,1
35,0,0,28.7057,0,0,0.1,0.1,0.15,1
35,1,0,27.2863,0,0,0.1,0.1,0.15,1
35,2,0.159685,48.2645,1,1,4.10806,31.9888,7.36813,1
35,3,0.130631,53.5055,1,1,4.10806,10.5517,5.31612,1
35,4,0,37.3797,0,0,0.1,0.1,0.15,1
35,5,0,27.9527,0,0,0.1,0.1,0.15,1
35,6,0.695916,48.2645,1,1,4.10806,31.9888,7.36813,1
35,7,0.9,56.8566,1,1,4.10806,10.5517,5.31612,1
35.1,0,0,28.6552,0,0,0.1,0.1,0.15,1
35.1,1,0,27.2594,0,0,0.1,0.1,0.15,1
35.1,2,0.15902,48.1282,1,1,1.95507,1.95507,3.35141,1
35.1,3,0.129217,53.5651,1,1,5.41452,21.4693,7.12949,1
35.1,4,0,37.1846,0,0,0.1,0.1,0.15,1
35.1,5,0,27.9148,0,0,0.1,0.1,0.15,1
35.1,6,0.695739,48.1282,1,1,1.95507,1.95507,3.35141,1
35.1,7,0.9,57.2539,1,1,14.4387,12.4451,12.3766,1
35.2,0,0,28.6055,0,0,0.1,0.1,0.15,1
35.2,1,0,27.233,0,0,0.1,0.1,0.15,1
35.2,2,0.157894,48.168,1,1,3.36047,18.7053,5.67149,1
35.2,3,0.128142,53.4952,1,1,3.36047,16.0402,5.4164,1
35.2,4,0,36.9928,0,0,0.1,0.1,0.15,1
35.2,5,0,27.8774,0,0,0.1,0.1,0.15,1
35.2,6,0.695439,48.168,1,1,3.36047,18.7053,5.67149,1
35.2,7,0.9,57.1226,1,1,3.36047,16.0402,5.4164,1
35.3,0,0,28.5566,0,0,0.1,0.1,0.15,1
35.3,1,0,27.2071,0,0,0.1,0.1,0.15,1
35.3,2,0.156912,48.1534,1,1,2.75822,14.6144,4.95268,1
35.3,3,0.126723,53.5567,1,1,2.75822,37.5,7.15134,1
35.3,4,0,36.8042,0,0,0.1,0.1,0.15,1
35.3,5,0,27.8407,0,0,0.1,0.1,0.15,1
35.3,6,0.695176,48.1534,1,1,2.75822,14.6144,4.95268,1
35.3,7,0.9,57.1236,1,1,2.75822,37.5,7.15134,1
35.4,0,0,28.5086,0,0,0.1,0.1,0.15,1
35.4,1,0,27.1815,0,0,0.1,0.1,0.15,1
35.4,2,0.155619,48.256,1,1,5.18006,16.503,6.51327,1
35.4,3,0.125058,53.7103,1,1,5.18006,36.1091,8.39356,1
35.4,4,0,36.6187,0,0,0.1,0.1,0.15,1
35.4,5,0,27.8046,0,0,0.1,0.1,0.15,1
35.4,6,0.694832,48.256,1,1,5.18006,16.503,6.51327,1
35.4,7,0.9,57.2177,1,1,5.18006,36.1091,8.39356,1
35.5,0,0,28.4614,0,0,0.1,0.1,0.15,1
35.5,1,0,27.1564,0,0,0.1,0.1,0.15,1
35.5,2,0.154211,48.4009,1,1,5.16115,22.7601,7.10041,1
35.5,3,0.123569,53.7944,1,1,5.16115,26.9505,7.5023,1
35.5,4,0,36.4363,0,0,0.1,0.1,0.15,1
35.5,5,0,27.7691,0,0,0.1,0.1,0.15,1
35.5,6,0.694456,48.4009,1,1,5.16115,22.7601,7.10041,1
35.5,7,0.9,57.2434,1,1,5.16115,26.9505,7.5023,1
35.6,0,0,28.415,0,0,0.1,0.1,0.15,1
35.6,1,0,27.1317,0,0,0.1,0.1,0.15,1
35.6,2,0.153474,48.2894,1,1,2.55395,2.55395,3.71365,1
35.6,3,0.122082,53.8765,1,1,4.81675,28.9982,7.49375,1
35.6,4,0,36.2569,0,0,0.1,0.1,0.15,1
35.6,5,0,27.7342,0,0,0.1,0.1,0.15,1
35.6,6,0.69426,48.2894,1,1,2.55395,2.55395,3.71365,1
35.6,7,0.9,57.6086,1,1,12.8447,20.9703,12.0339,1
35.7,0,0,28.3693,0,0,0.1,0.1,0.15,1
35.7,1,0,27.1075,0,0,0.1,0.1,0.15,1
35.7,2,0.15231,48.341,1,1,4.22687,15.5846,5.86341,1
35.7,3,0.120698,53.9186,1,1,4.22687,27.2088,6.97713,1
35.7,4,0,36.0806,0,0,0.1,0.1,0.15,1
35.7,5,0,27.6999,0,0,0.1,0.1,0.15,1
35.7,6,0.693949,48.341,1,1,4.22687,15.5846,5.86341,1
35.7,7,0.9,57.5884,1,1,4.22687,27.2088,6.97713,1
35.8,0,0,28.3244,0,0,0.1,0.1,0.15,1
35.8,1,0,27.0836,0,0,0.1,0.1,0.15,1
35.8,2,0.151324,48.3247,1,1,3.92945,7.96656,4.9698,1
35.8,3,0.119277,53.9738,1,1,3.92945,30.9163,7.163,1
35.8,4,0,35.9071,0,0,0.1,0.1,0.15,1
35.8,5,0,27.6662,0,0,0.1,0.1,0.15,1
35.8,6,0.693686,48.3247,1,1,3.92945,7.96656,4.9698,1
35.8,7,0.9,57.5825,1,1,3.92945,30.9163,7.163,1
35.9,0,0,28.2802,0,0,0.1,0.1,0.15,1
35.9,1,0,27.0601,0,0,0.1,0.1,0.15,1
35.9,2,0.15007,48.4101,1,1,5.80762,10.4744,6.32205,1
35.9,3,0.118733,53.6965,1,1,0.862766,0.862766,2.74068,1
35.9,4,0,35.7366,0,0,0.1,0.1,0.15,1
35.9,5,0,27.633,0,0,0.1,0.1,0.15,1
35.9,6,0.693251,48.5538,1,1,9.28204,7,8.23754,1
35.9,7,0.9,57.245,1,1,0.862766,0.862766,2.74068,1
36,0,0,28.2368,0,0,0.1,0.1,0.15,1
36,1,0,27.037,0,0,0.1,0.1,0.15,1
36,2,0.14897,48.4357,1,1,2.03525,24.669,5.5428,1
36,3,0.117499,53.6845,1,1,2.03525,31.6746,6.21693,1
36,4,0,35.5689,0,0,0.1,0.1,0.15,1
36,5,0,27.6004,0,0,0.1,0.1,0.15,1
36,6,0.692957,48.5769,1,1,2.03525,24.669,5.5428,1
36,7,0.9,57.1738,1,1,2.03525,31.6746,6.21693,1
36.1,0,0,28.1941,0,0,0.1,0.1,0.15,1
36.1,1,0,27.0143,0,0,0.1,0.1,0.15,1
36.1,2,0.148257,48.3148,1,1,2.36201,2.36201,3.59587,1
36.1,3,0.115861,53.8257,1,1,5.05648,35.4693,8.25811,1
36.1,4,0,35.404,0,0,0.1,0.1,0.15,1
36.1,5,0,27.5683,0,0,0.1,0.1,0.15,1
36.1,6,0.692767,48.4537,1,1,2.36201,2.36201,3.59587,1
36.1,7,0.9,57.6181,1,1,13.484,27.0418,13.0733,1
36.2,0,0,28.1521,0,0,0.1,0.1,0.15,1
36.2,1,0,26.992,0,0,0.1,0.1,0.15,1
36.2,2,0.146924,48.4298,1,1,5.06572,19.3296,6.7148,1
36.2,3,0.114489,53.8639,1,1,5.06572,21.4115,6.91407,1
36.2,4,0,35.2419,0,0,0.1,0.1,0.15,1
36.2,5,0,27.5367,0,0,0.1,0.1,0.15,1
36.2,6,0.692412,48.5664,1,1,5.06572,19.3296,6.7148,1
36.2,7,0.9,57.593,1,1,5.06572,21.4115,6.91407,1
36.3,0,0,28.1108,0,0,0.1,0.1,0.15,1
36.3,1,0,26.97,0,0,0.1,0.1,0.15,1
36.3,2,0.145864,48.44,1,1,3.30966,15.5618,5.34258,1
36.3,3,0.113103,53.9067,1,1,3.30966,32.6792,6.98563,1
36.3,4,0,35.0824,0,0,0.1,0.1,0.15,1
36.3,5,0,27.5057,0,0,0.1,0.1,0.15,1
36.3,6,0.692129,48.5743,1,1,3.30966,15.5618,5.34258,1
36.3,7,0.9,57.5737,1,1,3.30966,32.6792,6.98563,1
36.4,0,0,28.0702,0,0,0.1,0.1,0.15,1
36.4,1,0,26.9485,0,0,0.1,0.1,0.15,1
36.4,2,0.144568,48.5395,1,1,4.49861,20.9588,6.53538,1
36.4,3,0.111713,53.9504,1,1,4.49861,25.8703,7.00639,1
36.4,4,0,34.9256,0,0,0.1,0.1,0.15,1
36.4,5,0,27.4752,0,0,0.1,0.1,0.15,1
36.4,6,0.691783,48.6716,1,1,4.49861,20.9588,6.53538,1
36.4,7,0.9,57.5563,1,1,4.49861,25.8703,7.00639,1
36.5,0,0,28.0303,0,0,0.1,0.1,0.15,1
36.5,1,0,26.9272,0,0,0.1,0.1,0.15,1
36.5,2,0.143133,48.6893,1,1,3.79611,32.3854,7.22867,1
36.5,3,0.11022,54.0322,1,1,3.79611,35.4527,7.52371,1
36.5,4,0,34.7714,0,0,0.1,0.1,0.15,1
36.5,5,0,27.4452,0,0,0.1,0.1,0.15,1
36.5,6,0.691401,48.8192,1,1,3.79611,32.3854,7.22867,1
36.5,7,0.9,57.578,1,1,3.79611,35.4527,7.52371,1
36.6,0,0,27.9911,0,0,0.1,0.1,0.15,1
36.6,1,0,26.9064,0,0,0.1,0.1,0.15,1
36.6,2,0.142115,48.6796,1,1,4.37278,7,5.13534,1
36.6,3,0.108751,54.1037,1,1,5.01277,26.8624,7.40511,1
36.6,4,0,34.6198,0,0,0.1,0.1,0.15,1
36.6,5,0,27.4157,0,0,0.1,0.1,0.15,1
36.6,6,0.691129,48.8074,1,1,4.37278,7,5.13534,1
36.6,7,0.9,57.6313,1,1,6.07941,25.7957,7.95117,1
36.7,0,0,27.9525,0,0,0.1,0.1,0.15,1
36.7,1,0,26.8858,0,0,0.1,0.1,0.15,1
36.7,2,0.140855,48.7612,1,1,3.98439,22.1205,6.3496,1
36.7,3,0.107524,54.0824,1,1,3.98439,20.3896,6.18368,1
36.7,4,0,34.4708,0,0,0.1,0.1,0.15,1
36.7,5,0,27.3867,0,0,0.1,0.1,0.15,1
36.7,6,0.690793,48.8868,1,1,3.98439,22.1205,6.3496,1
36.7,7,0.9,57.5513,1,1,3.98439,20.3896,6.18368,1
36.8,0,0,27.9145,0,0,0.1,0.1,0.15,1
36.8,1,0,26.8657,0,0,0.1,0.1,0.15,1
36.8,2,0.139836,48.7503,1,1,3.26311,13.662,5.1355,1
36.8,3,0.106155,54.115,1,1,3.26311,32.0214,6.89677,1
36.8,4,0,34.3242,0,0,0.1,0.1,0.15,1
36.8,5,0,27.3581,0,0,0.1,0.1,0.15,1
36.8,6,0.690522,48.8738,1,1,3.26311,13.662,5.1355,1
36.8,7,0.9,57.526,1,1,3.26311,32.0214,6.89677,1
36.9,0,0,27.8772,0,0,0.1,0.1,0.15,1
36.9,1,0,26.8458,0,0,0.1,0.1,0.15,1
36.9,2,0.138578,48.8299,1,1,4.41056,19.4387,6.33844,1
36.9,3,0.104638,54.2035,1,1,4.41056,33.1014,7.64981,1
36.9,4,0,34.18,0,0,0.1,0.1,0.15,1
36.9,5,0,27.3301,0,0,0.1,0.1,0.15,1
36.9,6,0.690186,48.9513,1,1,4.41056,19.4387,6.33844,1
36.9,7,0.9,57.5576,1,1,4.41056,33.1014,7.64981,1
37,0,0,27.8405,0,0,0.1,0.1,0.15,1
37,1,0,26.8263,0,0,0.1,0.1,0.15,1
37,2,0.137291,48.9192,1,1,4.689,19.2752,6.48592,1
37,3,0.103111,54.2936,1,1,4.689,31.8467,7.69207,1
37,4,0,34.0383,0,0,0.1,0.1,0.15,1
37,5,0,27.3025,0,0,0.1,0.1,0.15,1
37,6,0.689843,49.0386,1,1,4.689,19.2752,6.48592,1
37,7,0.9,57.5919,1,1,4.689,31.8467,7.69207,1
37.1,0,0,27.8044,0,0,0.1,0.1,0.15,1
37.1,1,0,26.8071,0,0,0.1,0.1,0.15,1
37.1,2,0.136592,48.7848,1,1,2.24326,2.24326,3.52376,1
37.1,3,0.101675,54.3483,1,1,5.48035,22.1881,7.23823,1
37.1,4,0,33.8989,0,0,0.1,0.1,0.15,1
37.1,5,0,27.2754,0,0,0.1,0.1,0.15,1
37.1,6,0.689657,48.9022,1,1,2.24326,2.24326,3.52376,1
37.1,7,0.9,57.9909,1,1,14.6143,13.0542,12.5628,1
37.2,0,0,27.7689,0,0,0.1,0.1,0.15,1
37.2,1,0,26.7883,0,0,0.1,0.1,0.15,1
37.2,2,0.135461,48.8158,1,1,3.45856,18.4264,5.69917,1
37.2,3,0.100616,54.2597,1,1,3.45856,14.6781,5.3407,1
37.2,4,0,33.7618,0,0,0.1,0.1,0.15,1
37.2,5,0,27.2487,0,0,0.1,0.1,0.15,1
37.2,6,0.689355,48.9313,1,1,3.45856,18.4264,5.69917,1
37.2,7,0.9,57.8416,1,1,3.45856,14.6781,5.3407,1
37.3,0,0,27.734,0,0,0.1,0.1,0.15,1
37.3,1,0,26.7697,0,0,0.1,0.1,0.15,1
37.3,2,0.134524,48.773,1,1,2.73562,12.3204,4.72161,1
37.3,3,0.0995293,54.1826,1,1,2.73562,20.1883,5.47463,1
37.3,4,0,33.627,0,0,0.1,0.1,0.15,1
37.3,5,0,27.2225,0,0,0.1,0.1,0.15,1
37.3,6,0.689105,48.8865,1,1,2.73562,12.3204,4.72161,1
37.3,7,0.9,57.7049,1,1,2.73562,20.1883,5.47463,1
37.4,0,0,27.6997,0,0,0.1,0.1,0.15,1
37.4,1,0,26.7515,0,0,0.1,0.1,0.15,1
37.4,2,0.133438,48.7874,1,1,2.86549,19.4723,5.47529,1
37.4,3,0.0981732,54.2089,1,1,2.86549,33.616,6.83466,1
37.4,4,0,33.4945,0,0,0.1,0.1,0.15,1
37.4,5,0,27.1967,0,0,0.1,0.1,0.15,1
37.4,6,0.688815,48.8991,1,1,2.86549,19.4723,5.47529,1
37.4,7,0.9,57.6724,1,1,2.86549,33.616,6.83466,1
37.5,0,0,27.6659,0,0,0.1,0.1,0.15,1
37.5,1,0,26.7335,0,0,0.1,0.1,0.15,1
37.5,2,0.132258,48.8369,1,1,4.56018,14.4063,5.94519,1
37.5,3,0.0966618,54.2934,1,1,4.56018,31.8602,7.61777,1
37.5,4,0,33.3642,0,0,0.1,0.1,0.15,1
37.5,5,0,27.1713,0,0,0.1,0.1,0.15,1
37.5,6,0.688501,48.9467,1,1,4.56018,14.4063,5.94519,1
37.5,7,0.9,57.6992,1,1,4.56018,31.8602,7.61777,1
37.6,0,0,27.6328,0,0,0.1,0.1,0.15,1
37.6,1,0,26.7159,0,0,0.1,0.1,0.15,1
37.6,2,0.131466,48.7392,1,1,3.00254,3.00254,3.99446,1
37.6,3,0.0950418,54.4175,1,1,5.46306,31.954,8.16477,1
37.6,4,0,33.236,0,0,0.1,0.1,0.15,1
37.6,5,0,27.1464,0,0,0.1,0.1,0.15,1
37.6,6,0.68829,48.8471,1,1,3.00254,3.00254,3.99446,1
37.6,7,0.9,58.1638,1,1,14.5681,22.8489,13.4609,1
37.7,0,0,27.6001,0,0,0.1,0.1,0.15,1
37.7,1,0,26.6985,0,0,0.1,0.1,0.15,1
37.7,2,0.130183,48.8285,1,1,4.67713,19.1373,6.46573,1
37.7,3,0.0937058,54.4322,1,1,4.67713,21.9322,6.73337,1
37.7,4,0,33.11,0,0,0.1,0.1,0.15,1
37.7,5,0,27.1218,0,0,0.1,0.1,0.15,1
37.7,6,0.687947,48.9346,1,1,4.67713,19.1373,6.46573,1
37.7,7,0.9,58.116,1,1,4.67713,21.9322,6.73337,1
37.8,0,0,27.568,0,0,0.1,0.1,0.15,1
37.8,1,0,26.6815,0,0,0.1,0.1,0.15,1
37.8,2,0.129154,48.8204,1,1,3.32617,13.8491,5.18814,1
37.8,3,0.0924549,54.4145,1,1,3.32617,25.4982,6.30433,1
37.8,4,0,32.9861,0,0,0.1,0.1,0.15,1
37.8,5,0,27.0977,0,0,0.1,0.1,0.15,1
37.8,6,0.687673,48.9248,1,1,3.32617,13.8491,5.18814,1
37.8,7,0.9,58.0369,1,1,3.32617,25.4982,6.30433,1
37.9,0,0,27.5365,0,0,0.1,0.1,0.15,1
37.9,1,0,26.6647,0,0,0.1,0.1,0.15,1
37.9,2,0.127746,48.9557,1,1,3.60304,32.1438,7.0969,1
37.9,3,0.0910889,54.4406,1,1,3.60304,29.9353,6.88454,1
37.9,4,0,32.8642,0,0,0.1,0.1,0.15,1
37.9,5,0,27.074,0,0,0.1,0.1,0.15,1
37.9,6,0.687297,49.0583,1,1,3.60304,32.1438,7.0969,1
37.9,7,0.9,58.0026,1,1,3.60304,29.9353,6.88454,1
38,0,0,27.5055,0,0,0.1,0.1,0.15,1
38,1,0,26.6482,0,0,0.1,0.1,0.15,1
38,2,0.126481,49.0345,1,1,4.46836,19.4646,6.37462,1
38,3,0.0897463,54.4575,1,1,4.46836,23.5608,6.76713,1
38,4,0,32.7444,0,0,0.1,0.1,0.15,1
38,5,0,27.0507,0,0,0.1,0.1,0.15,1
38,6,0.68696,49.1355,1,1,4.46836,19.4646,6.37462,1
38,7,0.9,57.9601,1,1,4.46836,23.5608,6.76713,1
38.1,0,0,27.475,0,0,0.1,0.1,0.15,1
38.1,1,0,26.632,0,0,0.1,0.1,0.15,1
38.1,2,0.12565,48.948,1,1,2.6798,7,4.18785,1
38.1,3,0.0883866,54.4805,1,1,3.66841,29.2251,6.8529,1
38.1,4,0,32.6266,0,0,0.1,0.1,0.15,1
38.1,5,0,27.0278,0,0,0.1,0.1,0.15,1
38.1,6,0.686739,49.0473,1,1,2.6798,7,4.18785,1
38.1,7,0.9,57.985,1,1,5.31609,27.5774,7.65564,1
38.2,0,0,27.445,0,0,0.1,0.1,0.15,1
38.2,1,0,26.616,0,0,0.1,0.1,0.15,1
38.2,2,0.124487,48.9883,1,1,4.11169,16.2351,5.85911,1
38.2,3,0.0870512,54.4939,1,1,4.11169,25.3298,6.73042,1
38.2,4,0,32.5107,0,0,0.1,0.1,0.15,1
38.2,5,0,27.0052,0,0,0.1,0.1,0.15,1
38.2,6,0.686429,49.0859,1,1,4.11169,16.2351,5.85911,1
38.2,7,0.9,57.94,1,1,4.11169,25.3298,6.73042,1
38.3,0,0,27.4155,0,0,0.1,0.1,0.15,1
38.3,1,0,26.6003,0,0,0.1,0.1,0.15,1
38.3,2,0.123345,49.0204,1,1,3.68018,17.7472,5.75815,1
38.3,3,0.0857967,54.4765,1,1,3.68018,23.636,6.32263,1
38.3,4,0,32.3968,0,0,0.1,0.1,0.15,1
38.3,5,0,26.9831,0,0,0.1,0.1,0.15,1
38.3,6,0.686124,49.1164,1,1,3.68018,17.7472,5.75815,1
38.3,7,0.9,57.8652,1,1,3.68018,23.636,6.32263,1
38.4,0,0,27.3865,0,0,0.1,0.1,0.15,1
38.4,1,0,26.5849,0,0,0.1,0.1,0.15,1
38.4,2,0.121976,49.1374,1,1,3.41452,31.1726,6.89859,1
38.4,3,0.0847127,54.395,1,1,3.41452,16.2151,5.46308,1
38.4,4,0,32.2848,0,0,0.1,0.1,0.15,1
38.4,5,0,26.9613,0,0,0.1,0.1,0.15,1
38.4,6,0.685759,49.2318,1,1,3.41452,31.1726,6.89859,1
38.4,7,0.9,57.7272,1,1,3.41452,16.2151,5.46308,1
38.5,0,0,27.3579,0,0,0.1,0.1,0.15,1
38.5,1,0,26.5698,0,0,0.1,0.1,0.15,1
38.5,2,0.120718,49.2107,1,1,4.32339,19.9921,6.34075,1
38.5,3,0.0834747,54.373,1,1,4.32339,18.9347,6.23953,1
38.5,4,0,32.1746,0,0,0.1,0.1,0.15,1
38.5,5,0,26.9398,0,0,0.1,0.1,0.15,1
38.5,6,0.685423,49.3035,1,1,4.32339,19.9921,6.34075,1
38.5,7,0.9,57.6497,1,1,4.32339,18.9347,6.23953,1
38.6,0,0,27.3299,0,0,0.1,0.1,0.15,1
38.6,1,0,26.5548,0,0,0.1,0.1,0.15,1
38.6,2,0.120143,49.0246,1,1,1.15877,1.15877,2.89815,1
38.6,3,0.0822067,54.3628,1,1,3.64732,24.5387,6.39083,1
38.6,4,0,32.0663,0,0,0.1,0.1,0.15,1
38.6,5,0,26.9187,0,0,0.1,0.1,0.15,1
38.6,6,0.68527,49.1158,1,1,1.15877,1.15877,2.89815,1
38.6,7,0.9,57.8271,1,1,9.72618,18.4599,9.62076,1
38.7,0,0,27.3023,0,0,0.1,0.1,0.15,1
38.7,1,0,26.5402,0,0,0.1,0.1,0.15,1
38.7,2,0.118872,49.1045,1,1,3.52326,25.4106,6.40517,1
38.7,3,0.0809873,54.3343,1,1,3.52326,22.706,6.14551,1
38.7,4,0,31.9598,0,0,0.1,0.1,0.15,1
38.7,5,0,26.898,0,0,0.1,0.1,0.15,1
38.7,6,0.684931,49.1943,1,1,3.52326,25.4106,6.40517,1
38.7,7,0.9,57.7409,1,1,3.52326,22.706,6.14551,1
38.8,0,0,27.2752,0,0,0.1,0.1,0.15,1
38.8,1,0,26.5258,0,0,0.1,0.1,0.15,1
38.8,2,0.117787,49.113,1,1,3.61673,15.1021,5.46961,1
38.8,3,0.0795975,54.3708,1,1,3.61673,31.1046,7.00462,1
38.8,4,0,31.855,0,0,0.1,0.1,0.15,1
38.8,5,0,26.8776,0,0,0.1,0.1,0.15,1
38.8,6,0.684642,49.2013,1,1,3.61673,15.1021,5.46961,1
38.8,7,0.9,57.7205,1,1,3.61673,31.1046,7.00462,1
38.9,0,0,27.2485,0,0,0.1,0.1,0.15,1
38.9,1,0,26.5116,0,0,0.1,0.1,0.15,1
38.9,2,0.116446,49.2178,1,1,4.34016,24.2165,6.75545,1
38.9,3,0.0780761,54.4564,1,1,4.34016,33.7177,7.6682,1
38.9,4,0,31.752,0,0,0.1,0.1,0.15,1
38.9,5,0,26.8576,0,0,0.1,0.1,0.15,1
38.9,6,0.684284,49.3046,1,1,4.34016,24.2165,6.75545,1
38.9,7,0.9,57.7503,1,1,4.34016,33.7177,7.6682,1
39,0,0,27.2223,0,0,0.1,0.1,0.15,1
39,1,0,26.4976,0,0,0.1,0.1,0.15,1
39,2,0.115353,49.2274,1,1,4.75723,8.58909,5.51021,1
39,3,0.076579,54.5314,1,1,4.75723,29.9026,7.54546,1
39,4,0,31.6507,0,0,0.1,0.1,0.15,1
39,5,0,26.8379,0,0,0.1,0.1,0.15,1
39,6,0.683993,49.3127,1,1,4.75723,8.58909,5.51021,1
39,7,0.9,57.7704,1,1,4.75723,29.9026,7.54546,1
39.1,0,0,27.1965,0,0,0.1,0.1,0.15,1
39.1,1,0,26.4839,0,0,0.1,0.1,0.15,1
39.1,2,0.114788,49.0373,1,1,1.06784,1.06784,2.84901,1
39.1,3,0.0753057,54.5205,1,1,5.19897,15.3783,6.41738,1
39.1,4,0,31.5511,0,0,0.1,0.1,0.15,1
39.1,5,0,26.8185,0,0,0.1,0.1,0.15,1
39.1,6,0.683842,49.1212,1,1,1.06784,1.06784,2.84901,1
39.1,7,0.9,58.0671,1,1,13.5773,7,11.2378,1
39.2,0,0,27.1711,0,0,0.1,0.1,0.15,1
39.2,1,0,26.4704,0,0,0.1,0.1,0.15,1
39.2,2,0.113573,49.096,1,1,2.57216,27.8505,6.12453,1
39.2,3,0.0740801,54.4917,1,1,2.57216,28.397,6.17709,1
39.2,4,0,31.4532,0,0,0.1,0.1,0.15,1
39.2,5,0,26.7994,0,0,0.1,0.1,0.15,1
39.2,6,0.683518,49.1785,1,1,2.57216,27.8505,6.12453,1
39.2,7,0.9,57.9792,1,1,2.57216,28.397,6.17709,1
39.3,0,0,27.1462,0,0,0.1,0.1,0.15,1
39.3,1,0,26.4572,0,0,0.1,0.1,0.15,1
39.3,2,0.112492,49.103,1,1,3.87115,13.3645,5.44769,1
39.3,3,0.07305,54.3896,1,1,3.87115,10.667,5.19137,1
39.3,4,0,31.3569,0,0,0.1,0.1,0.15,1
39.3,5,0,26.7807,0,0,0.1,0.1,0.15,1
39.3,6,0.68323,49.1841,1,1,3.87115,13.3645,5.44769,1
39.3,7,0.9,57.8189,1,1,3.87115,10.667,5.19137,1
39.4,0,0,27.1217,0,0,0.1,0.1,0.15,1
39.4,1,0,26.4441,0,0,0.1,0.1,0.15,1
39.4,2,0.111396,49.1155,1,1,2.15446,23.8334,5.52262,1
39.4,3,0.0719733,54.3067,1,1,2.15446,22.8336,5.42651,1
39.4,4,0,31.2622,0,0,0.1,0.1,0.15,1
39.4,5,0,26.7623,0,0,0.1,0.1,0.15,1
39.4,6,0.682938,49.1953,1,1,2.15446,23.8334,5.52262,1
39.4,7,0.9,57.6789,1,1,2.15446,22.8336,5.42651,1
39.5,0,0,27.0976,0,0,0.1,0.1,0.15,1
39.5,1,0,26.4313,0,0,0.1,0.1,0.15,1
39.5,2,0.110234,49.1529,1,1,3.24848,21.2944,5.858,1
39.5,3,0.0708281,54.2512,1,1,3.24848,20.3965,5.77187,1
39.5,4,0,31.1691,0,0,0.1,0.1,0.15,1
39.5,5,0,26.7441,0,0,0.1,0.1,0.15,1
39.5,6,0.682628,49.2314,1,1,3.24848,21.2944,5.858,1
39.5,7,0.9,57.5672,1,1,3.24848,20.3965,5.77187,1
39.6,0,0,27.0739,0,0,0.1,0.1,0.15,1
39.6,1,0,26.4187,0,0,0.1,0.1,0.15,1
39.6,2,0.10965,48.9708,1,1,1.2351,1.2351,2.93987,1
39.6,3,0.0696143,54.2225,1,1,3.68143,21.492,6.11763,1
39.6,4,0,31.0775,0,0,0.1,0.1,0.15,1
39.6,5,0,26.7263,0,0,0.1,0.1,0.15,1
39.6,6,0.682472,49.048,1,1,1.2351,1.2351,2.93987,1
39.6,7,0.9,57.7284,1,1,9.81716,15.3563,9.38711,1
39.7,0,0,27.0505,0,0,0.1,0.1,0.15,1
39.7,1,0,26.4063,0,0,0.1,0.1,0.15,1
39.7,2,0.108692,48.9335,1,1,3.14668,11.1069,4.82827,1
39.7,3,0.0684039,54.1929,1,1,3.14668,24.3978,6.1002,1
39.7,4,0,30.9875,0,0,0.1,0.1,0.15,1
39.7,5,0,26.7088,0,0,0.1,0.1,0.15,1
39.7,6,0.682217,49.0093,1,1,3.14668,11.1069,4.82827,1
39.7,7,0.9,57.6405,1,1,3.14668,24.3978,6.1002,1
39.8,0,0,27.0276,0,0,0.1,0.1,0.15,1
39.8,1,0,26.3941,0,0,0.1,0.1,0.15,1
39.8,2,0.107681,48.917,1,1,3.44306,12.2303,5.09875,1
39.8,3,0.0671098,54.1956,1,1,3.44306,27.0953,6.52243,1
39.8,4,0,30.8989,0,0,0.1,0.1,0.15,1
39.8,5,0,26.6916,0,0,0.1,0.1,0.15,1
39.8,6,0.681947,48.9916,1,1,3.44306,12.2303,5.09875,1
39.8,7,0.9,57.5856,1,1,3.44306,27.0953,6.52243,1
39.9,0,0,27.0051,0,0,0.1,0.1,0.15,1
39.9,1,0,26.3822,0,0,0.1,0.1,0.15,1
39.9,2,0.10649,48.9685,1,1,3.81729,19.4824,6.00171,1
39.9,3,0.0656489,54.2612,1,1,3.81729,33.6599,7.36322,1
39.9,4,0,30.8119,0,0,0.1,0.1,0.15,1
39.9,5,0,26.6746,0,0,0.1,0.1,0.15,1
39.9,6,0.681629,49.0418,1,1,3.81729,19.4824,6.00171,1
39.9,7,0.9,57.5948,1,1,3.81729,33.6599,7.36322,1
40,0,0,26.9829,0,0,0.1,0.1,0.15,1
40,1,0,26.3704,0,0,0.1,0.1,0.15,1
40,2,0.105053,49.1121,1,1,6.2462,17.2895,7.24084,1
40,3,0.064872,54.0672,1,1,2.87699,2.87699,3.91513,1
40,4,0,30.7262,0,0,0.1,0.1,0.15,1
40,5,0,26.658,0,0,0.1,0.1,0.15,1
40,6,0.681081,49.4183,1,1,11.7116,11.8241,10.3616,1
40,7,0.9,57.3452,1,1,2.87699,2.87699,3.91513,1
40.1,0,0,26.9611,0,0,0.1,0.1,0.15,1
40.1,1,0,26.3588,0,0,0.1,0.1,0.15,1
40.1,2,0.104409,48.9538,1,1,1.77851,1.77851,3.24779,1
40.1,3,0.0639895,53.9163,1,1,3.16065,7,4.44808,1
40.1,4,0,30.6421,0,0,0.1,0.1,0.15,1
40.1,5,0,26.6416,0,0,0.1,0.1,0.15,1
40.1,6,0.680909,49.2549,1,1,1.77851,1.77851,3.24779,1
40.1,7,0.9,57.1397,1,1,3.16065,7,4.44808,1
40.2,0,0,26.9397,0,0,0.1,0.1,0.15,1
40.2,1,0,26.3474,0,0,0.1,0.1,0.15,1
40.2,2,0.103666,48.8355,1,1,1.27008,9.78837,3.7453,1
40.2,3,0.0631596,53.7481,1,1,1.27008,14.3548,4.18259,1
40.2,4,0,30.5593,0,0,0.1,0.1,0.15,1
40.2,5,0,26.6255,0,0,0.1,0.1,0.15,1
40.2,6,0.680711,49.1315,1,1,1.27008,9.78837,3.7453,1
40.2,7,0.9,56.9177,1,1,1.27008,14.3548,4.18259,1
40.3,0,0,26.9186,0,0,0.1,0.1,0.15,1
40.3,1,0,26.3362,0,0,0.1,0.1,0.15,1
40.3,2,0.1028,48.7653,1,1,1.95311,12.7905,4.36167,1
40.3,3,0.0621402,53.6543,1,1,1.95311,20.8844,5.13789,1
40.3,4,0,30.4779,0,0,0.1,0.1,0.15,1
40.3,5,0,26.6096,0,0,0.1,0.1,0.15,1
40.3,6,0.68048,49.0564,1,1,1.95311,12.7905,4.36167,1
40.3,7,0.9,56.7711,1,1,1.95311,20.8844,5.13789,1
40.4,0,0,26.8979,0,0,0.1,0.1,0.15,1
40.4,1,0,26.3252,0,0,0.1,0.1,0.15,1
40.4,2,0.101927,48.6995,1,1,2.85468,8.2928,4.40317,1
40.4,3,0.0608196,53.6759,1,1,2.85468,31.8153,6.65561,1
40.4,4,0,30.3978,0,0,0.1,0.1,0.15,1
40.4,5,0,26.5941,0,0,0.1,0.1,0.15,1
40.4,6,0.680247,48.9857,1,1,2.85468,8.2928,4.40317,1
40.4,7,0.9,56.7407,1,1,2.85468,31.8153,6.65561,1
40.5,0,0,26.8775,0,0,0.1,0.1,0.15,1
40.5,1,0,26.3143,0,0,0.1,0.1,0.15,1
40.5,2,0.100708,48.7652,1,1,4.33375,17.8677,6.14347,1
40.5,3,0.059676,53.6302,1,1,4.33375,13.8899,5.76377,1
40.5,4,0,30.3191,0,0,0.1,0.1,0.15,1
40.5,5,0,26.5787,0,0,0.1,0.1,0.15,1
40.5,6,0.679922,49.0467,1,1,4.33375,17.8677,6.14347,1
40.5,7,0.9,56.644,1,1,4.33375,13.8899,5.76377,1
40.6,0,0,26.8574,0,0,0.1,0.1,0.15,1
40.6,1,0,26.3037,0,0,0.1,0.1,0.15,1
40.6,2,0.100107,48.5961,1,1,1.38962,1.38962,3.02557,1
40.6,3,0.0584875,53.6023,1,1,3.33022,22.2049,5.99036,1
40.6,4,0,30.2417,0,0,0.1,0.1,0.15,1
40.6,5,0,26.5637,0,0,0.1,0.1,0.15,1
40.6,6,0.679762,48.8729,1,1,1.38962,1.38962,3.02557,1
40.6,7,0.9,56.7827,1,1,8.8806,16.6546,8.88058,1
40.7,0,0,26.8377,0,0,0.1,0.1,0.15,1
40.7,1,0,26.2932,0,0,0.1,0.1,0.15,1
40.7,2,0.0989587,48.637,1,1,3.1919,20.908,5.7899,1
40.7,3,0.0574376,53.5225,1,1,3.1919,15.7016,5.29117,1
40.7,4,0,30.1656,0,0,0.1,0.1,0.15,1
40.7,5,0,26.5489,0,0,0.1,0.1,0.15,1
40.7,6,0.679456,48.9092,1,1,3.1919,20.908,5.7899,1
40.7,7,0.9,56.6498,1,1,3.1919,15.7016,5.29117,1
40.8,0,0,26.8184,0,0,0.1,0.1,0.15,1
40.8,1,0,26.2829,0,0,0.1,0.1,0.15,1
40.8,2,0.0980004,48.6053,1,1,3.01249,11.8935,4.82992,1
40.8,3,0.0563502,53.4581,1,1,3.01249,18.7006,5.48054,1
40.8,4,0,30.0907,0,0,0.1,0.1,0.15,1
40.8,5,0,26.5343,0,0,0.1,0.1,0.15,1
40.8,6,0.6792,48.873,1,1,3.01249,11.8935,4.82992,1
40.8,7,0.9,56.5333,1,1,3.01249,18.7006,5.48054,1
40.9,0,0,26.7993,0,0,0.1,0.1,0.15,1
40.9,1,0,26.2728,0,0,0.1,0.1,0.15,1
40.9,2,0.096871,48.6388,1,1,2.71413,22.5704,5.6919,1
40.9,3,0.0552187,53.4115,1,1,2.71413,22.6823,5.70266,1
40.9,4,0,30.0172,0,0,0.1,0.1,0.15,1
40.9,5,0,26.52,0,0,0.1,0.1,0.15,1
40.9,6,0.678899,48.902,1,1,2.71413,22.5704,5.6919,1
40.9,7,0.9,56.4355,1,1,2.71413,22.6823,5.70266,1
41,0,0,26.7806,0,0,0.1,0.1,0.15,1
41,1,0,26.2628,0,0,0.1,0.1,0.15,1
41,2,0.0957622,48.664,1,1,3.17456,18.9063,5.58848,1
41,3,0.0540812,53.368,1,1,3.17456,20.4149,5.73312,1
41,4,0,29.9448,0,0,0.1,0.1,0.15,1
41,5,0,26.5059,0,0,0.1,0.1,0.15,1
41,6,0.678603,48.9228,1,1,3.17456,18.9063,5.58848,1
41,7,0.9,56.3415,1,1,3.17456,20.4149,5.73312,1
41.1,0,0,26.7621,0,0,0.1,0.1,0.15,1
41.1,1,0,26.253,0,0,0.1,0.1,0.15,1
41.1,2,0.0950573,48.536,1,1,2.29074,2.29074,3.55252,1
41.1,3,0.0530485,53.2856,1,1,3.53842,12.7886,5.2051,1
41.1,4,0,29.8736,0,0,0.1,0.1,0.15,1
41.1,5,0,26.4921,0,0,0.1,0.1,0.15,1
41.1,6,0.678415,48.7905,1,1,2.29074,2.29074,3.55252,1
41.1,7,0.9,56.4393,1,1,9.327,7,8.26776,1
41.2,0,0,26.744,0,0,0.1,0.1,0.15,1
41.2,1,0,26.2434,0,0,0.1,0.1,0.15,1
41.2,2,0.0940102,48.5395,1,1,2.04088,21.8799,5.27748,1
41.2,3,0.0520001,53.2104,1,1,2.04088,21.9459,5.28382,1
41.2,4,0,29.8036,0,0,0.1,0.1,0.15,1
41.2,5,0,26.4784,0,0,0.1,0.1,0.15,1
41.2,6,0.678136,48.7898,1,1,2.04088,21.8799,5.27748,1
41.2,7,0.9,56.3116,1,1,2.04088,21.9459,5.28382,1
41.3,0,0,26.7262,0,0,0.1,0.1,0.15,1
41.3,1,0,26.2339,0,0,0.1,0.1,0.15,1
41.3,2,0.0930699,48.5027,1,1,2.99834,11.0218,4.73932,1
41.3,3,0.0508282,53.1833,1,1,2.99834,23.2196,5.90649,1
41.3,4,0,29.7348,0,0,0.1,0.1,0.15,1
41.3,5,0,26.465,0,0,0.1,0.1,0.15,1
41.3,6,0.677885,48.7488,1,1,2.99834,11.0218,4.73932,1
41.3,7,0.9,56.2327,1,1,2.99834,23.2196,5.90649,1
41.4,0,0,26.7087,0,0,0.1,0.1,0.15,1
41.4,1,0,26.2246,0,0,0.1,0.1,0.15,1
41.4,2,0.0920909,48.481,1,1,3.27725,11.4655,4.93412,1
41.4,3,0.049581,53.185,1,1,3.27725,25.5842,6.28567,1
41.4,4,0,29.6672,0,0,0.1,0.1,0.15,1
41.4,5,0,26.4519,0,0,0.1,0.1,0.15,1
41.4,6,0.677624,48.723,1,1,3.27725,11.4655,4.93412,1
41.4,7,0.9,56.1836,1,1,3.27725,25.5842,6.28567,1
41.5,0,0,26.6915,0,0,0.1,0.1,0.15,1
41.5,1,0,26.2154,0,0,0.1,0.1,0.15,1
41.5,2,0.0909164,48.5336,1,1,3.60768,19.8535,5.91914,1
41.5,3,0.0483031,53.1983,1,1,3.60768,25.2882,6.44058,1
41.5,4,0,29.6006,0,0,0.1,0.1,0.15,1
41.5,5,0,26.4389,0,0,0.1,0.1,0.15,1
41.5,6,0.677311,48.7716,1,1,3.60768,19.8535,5.91914,1
41.5,7,0.9,56.1469,1,1,3.60768,25.2882,6.44058,1
41.6,0,0,26.6745,0,0,0.1,0.1,0.15,1
41.6,1,0,26.2064,0,0,0.1,0.1,0.15,1
41.6,2,0.0903142,48.369,1,1,0.194904,7,3.03507,1
41.6,3,0.0470127,53.2161,1,1,4.2954,21.8627,6.50376,1
41.6,4,0,29.5352,0,0,0.1,0.1,0.15,1
41.6,5,0,26.4262,0,0,0.1,0.1,0.15,1
41.6,6,0.677151,48.603,1,1,0.194904,7,3.03507,1
41.6,7,0.9,56.3971,1,1,11.1296,15.0285,10.2583,1
41.7,0,0,26.6579,0,0,0.1,0.1,0.15,1
41.7,1,0,26.1975,0,0,0.1,0.1,0.15,1
41.7,2,0.0888959,48.5156,1,1,3.26976,34.5981,7.14833,1
41.7,3,0.0457892,53.2083,1,1,3.26976,24.3844,6.16631,1
41.7,4,0,29.4709,0,0,0.1,0.1,0.15,1
41.7,5,0,26.4137,0,0,0.1,0.1,0.15,1
41.7,6,0.676772,48.7457,1,1,3.26976,34.5981,7.14833,1
41.7,7,0.9,56.3363,1,1,3.26976,24.3844,6.16631,1
41.8,0,0,26.6415,0,0,0.1,0.1,0.15,1
41.8,1,0,26.1888,0,0,0.1,0.1,0.15,1
41.8,2,0.087463,48.6654,1,1,4.73349,26.6776,7.22175,1
41.8,3,0.0444864,53.2306,1,1,4.73349,19.8415,6.56636,1
41.8,4,0,29.4076,0,0,0.1,0.1,0.15,1
41.8,5,0,26.4014,0,0,0.1,0.1,0.15,1
41.8,6,0.67639,48.8916,1,1,4.73349,26.6776,7.22175,1
41.8,7,0.9,56.3065,1,1,4.73349,19.8415,6.56636,1
41.9,0,0,26.6254,0,0,0.1,0.1,0.15,1
41.9,1,0,26.1803,0,0,0.1,0.1,0.15,1
41.9,2,0.0862315,48.7364,1,1,3.92639,20.9761,6.20681,1
41.9,3,0.0432442,53.2296,1,1,3.92639,21.5366,6.26054,1
41.9,4,0,29.3454,0,0,0.1,0.1,0.15,1
41.9,5,0,26.3893,0,0,0.1,0.1,0.15,1
41.9,6,0.676062,48.9589,1,1,3.92639,20.9761,6.20681,1
41.9,7,0.9,56.2543,1,1,3.92639,21.5366,6.26054,1
42,0,0,26.6095,0,0,0.1,0.1,0.15,1
42,1,0,26.1719,0,0,0.1,0.1,0.15,1
42,2,0.0849229,48.8355,1,1,3.18287,29.3443,6.59536,1
42,3,0.042063,53.2057,1,1,3.18287,22.6634,5.95342,1
42,4,0,29.2842,0,0,0.1,0.1,0.15,1
42,5,0,26.3774,0,0,0.1,0.1,0.15,1
42,6,0.675713,49.0543,1,1,3.18287,29.3443,6.59536,1
42,7,0.9,56.1799,1,1,3.18287,22.6634,5.95342,1
42.1,0,0,26.594,0,0,0.1,0.1,0.15,1
42.1,1,0,26.1636,0,0,0.1,0.1,0.15,1
42.1,2,0.0834767,48.9849,1,1,4.06589,31.4186,7.28915,1
42.1,3,0.040887,53.1801,1,1,4.06589,17.2194,5.92687,1
42.1,4,0,29.2241,0,0,0.1,0.1,0.15,1
42.1,5,0,26.3656,0,0,0.1,0.1,0.15,1
42.1,6,0.675327,49.2,1,1,4.06589,31.4186,7.28915,1
42.1,7,0.9,56.1047,1,1,4.06589,17.2194,5.92687,1
42.2,0,0,26.5786,0,0,0.1,0.1,0.15,1
42.2,1,0,26.1554,0,0,0.1,0.1,0.15,1
42.2,2,0.0820612,49.1202,1,1,4.43556,27.5807,7.13385,1
42.2,3,0.0395532,53.2146,1,1,4.43556,23.2924,6.72227,1
42.2,4,0,29.1649,0,0,0.1,0.1,0.15,1
42.2,5,0,26.3541,0,0,0.1,0.1,0.15,1
42.2,6,0.67495,49.3317,1,1,4.43556,27.5807,7.13385,1
42.2,7,0.9,56.0905,1,1,4.43556,23.2924,6.72227,1
42.3,0,0,26.5636,0,0,0.1,0.1,0.15,1
42.3,1,0,26.1474,0,0,0.1,0.1,0.15,1
42.3,2,0.080769,49.2067,1,1,4.00204,23.7185,6.51297,1
42.3,3,0.038252,53.2362,1,1,4.00204,24.1885,6.55807,1
42.3,4,0,29.1068,0,0,0.1,0.1,0.15,1
42.3,5,0,26.3428,0,0,0.1,0.1,0.15,1
42.3,6,0.674605,49.4147,1,1,4.00204,23.7185,6.51297,1
42.3,7,0.9,56.0642,1,1,4.00204,24.1885,6.55807,1
42.4,0,0,26.5488,0,0,0.1,0.1,0.15,1
42.4,1,0,26.1396,0,0,0.1,0.1,0.15,1
42.4,2,0.0794402,49.3055,1,1,3.52381,28.4463,6.69717,1
42.4,3,0.036946,53.2593,1,1,3.52381,27.2527,6.58246,1
42.4,4,0,29.0496,0,0,0.1,0.1,0.15,1
42.4,5,0,26.3317,0,0,0.1,0.1,0.15,1
42.4,6,0.674251,49.5101,1,1,3.52381,28.4463,6.69717,1
42.4,7,0.9,56.0401,1,1,3.52381,27.2527,6.58246,1
42.5,0,0,26.5342,0,0,0.1,0.1,0.15,1
42.5,1,0,26.1318,0,0,0.1,0.1,0.15,1
42.5,2,0.0780228,49.4362,1,1,3.99626,30.3157,7.14333,1
42.5,3,0.035849,53.2029,1,1,3.99626,13.4634,5.5285,1
42.5,4,0,28.9933,0,0,0.1,0.1,0.15,1
42.5,5,0,26.3207,0,0,0.1,0.1,0.15,1
42.5,6,0.673873,49.6373,1,1,3.99626,30.3157,7.14333,1
42.5,7,0.9,55.9374,1,1,3.99626,13.4634,5.5285,1
42.6,0,0,26.5199,0,0,0.1,0.1,0.15,1
42.6,1,0,26.1242,0,0,0.1,0.1,0.15,1
42.6,2,0.0765429,49.5883,1,1,4.289,31.8477,7.45879,1
42.6,3,0.0345632,53.2189,1,1,4.289,21.6607,6.48069,1
42.6,4,0,28.938,0,0,0.1,0.1,0.15,1
42.6,5,0,26.31,0,0,0.1,0.1,0.15,1
42.6,6,0.673478,49.7861,1,1,4.289,31.8477,7.45879,1
42.6,7,0.9,55.9079,1,1,4.289,21.6607,6.48069,1
42.7,0,0,26.5058,0,0,0.1,0.1,0.15,1
42.7,1,0,26.1167,0,0,0.1,0.1,0.15,1
42.7,2,0.0750128,49.7569,1,1,4.51709,33.0998,7.71175,1
42.7,3,0.0332227,53.2553,1,1,4.51709,23.147,6.75592,1
42.7,4,0,28.8836,0,0,0.1,0.1,0.15,1
42.7,5,0,26.2994,0,0,0.1,0.1,0.15,1
42.7,6,0.67307,49.9514,1,1,4.51709,33.0998,7.71175,1
42.7,7,0.9,55.8994,1,1,4.51709,23.147,6.75592,1
42.8,0,0,26.492,0,0,0.1,0.1,0.15,1
42.8,1,0,26.1093,0,0,0.1,0.1,0.15,1
42.8,2,0.0735346,49.903,1,1,4.70212,29.2468,7.44997,1
42.8,3,0.0319296,53.2732,1,1,4.70212,19.5247,6.51753,1
42.8,4,0,28.8301,0,0,0.1,0.1,0.15,1
42.8,5,0,26.289,0,0,0.1,0.1,0.15,1
42.8,6,0.672676,50.0943,1,1,4.70212,29.2468,7.44997,1
42.8,7,0.9,55.8732,1,1,4.70212,19.5247,6.51753,1
42.9,0,0,26.4783,0,0,0.1,0.1,0.15,1
42.9,1,0,26.1021,0,0,0.1,0.1,0.15,1
42.9,2,0.0722734,49.9647,1,1,4.24361,20.6379,6.35641,1
42.9,3,0.0307443,53.25,1,1,4.24361,16.6396,5.97383,1
42.9,4,0,28.7776,0,0,0.1,0.1,0.15,1
42.9,5,0,26.2788,0,0,0.1,0.1,0.15,1
42.9,6,0.67234,50.1528,1,1,4.24361,20.6379,6.35641,1
42.9,7,0.9,55.8067,1,1,4.24361,16.6396,5.97383,1
43,0,0,26.465,0,0,0.1,0.1,0.15,1
43,1,0,26.095,0,0,0.1,0.1,0.15,1
43,2,0.0709253,50.0582,1,1,3.11019,31.8296,6.79478,1
43,3,0.0296534,53.1915,1,1,3.11019,18.3313,5.49824,1
43,4,0,28.7259,0,0,0.1,0.1,0.15,1
43,5,0,26.2687,0,0,0.1,0.1,0.15,1
43,6,0.67198,50.2432,1,1,3.11019,31.8296,6.79478,1
43,7,0.9,55.7057,1,1,3.11019,18.3313,5.49824,1
43.1,0,0,26.4518,0,0,0.1,0.1,0.15,1
43.1,1,0,26.088,0,0,0.1,0.1,0.15,1
43.1,2,0.069511,50.1752,1,1,4.36747,27.9299,7.12778,1
43.1,3,0.028266,53.2461,1,1,4.36747,26.5215,6.99253,1
43.1,4,0,28.675,0,0,0.1,0.1,0.15,1
43.1,5,0,26.2588,0,0,0.1,0.1,0.15,1
43.1,6,0.671603,50.357,1,1,4.36747,27.9299,7.12778,1
43.1,7,0.9,55.7183,1,1,4.36747,26.5215,6.99253,1
43.2,0,0,26.4388,0,0,0.1,0.1,0.15,1
43.2,1,0,26.0811,0,0,0.1,0.1,0.15,1
43.2,2,0.0681948,50.2531,1,1,4.03717,24.7679,6.63377,1
43.2,3,0.0267291,53.3563,1,1,4.03717,36.3395,7.74598,1
43.2,4,0,28.625,0,0,0.1,0.1,0.15,1
43.2,5,0,26.2491,0,0,0.1,0.1,0.15,1
43.2,6,0.671252,50.4319,1,1,4.03717,24.7679,6.63377,1
43.2,7,0.9,55.7873,1,1,4.03717,36.3395,7.74598,1
43.3,0,0,26.4261,0,0,0.1,0.1,0.15,1
43.3,1,0,26.0743,0,0,0.1,0.1,0.15,1
43.3,2,0.0667667,50.3721,1,1,5.04708,24.4867,7.19765,1
43.3,3,0.0252021,53.4609,1,1,5.04708,29.6785,7.69598,1
43.3,4,0,28.5758,0,0,0.1,0.1,0.15,1
43.3,5,0,26.2395,0,0,0.1,0.1,0.15,1
43.3,6,0.670871,50.5479,1,1,5.04708,24.4867,7.19765,1
43.3,7,0.9,55.8514,1,1,5.04708,29.6785,7.69598,1
43.4,0,0,26.4136,0,0,0.1,0.1,0.15,1
43.4,1,0,26.0677,0,0,0.1,0.1,0.15,1
43.4,2,0.0653146,50.4981,1,1,4.3407,30.0788,7.31871,1
43.4,3,0.023859,53.4942,1,1,4.3407,24.353,6.76886,1
43.4,4,0,28.5275,0,0,0.1,0.1,0.15,1
43.4,5,0,26.2301,0,0,0.1,0.1,0.15,1
43.4,6,0.670484,50.671,1,1,4.3407,30.0788,7.31871,1
43.4,7,0.9,55.8449,1,1,4.3407,24.353,6.76886,1
43.5,0,0,26.4013,0,0,0.1,0.1,0.15,1
43.5,1,0,26.0611,0,0,0.1,0.1,0.15,1
43.5,2,0.063818,50.6388,1,1,4.30244,32.6388,7.54262,1
43.5,3,0.022463,53.547,1,1,4.30244,27.3685,7.03617,1
43.5,4,0,28.4799,0,0,0.1,0.1,0.15,1
43.5,5,0,26.2208,0,0,0.1,0.1,0.15,1
43.5,6,0.670085,50.8089,1,1,4.30244,32.6388,7.54262,1
43.5,7,0.9,55.8585,1,1,4.30244,27.3685,7.03617,1
43.6,0,0,26.3892,0,0,0.1,0.1,0.15,1
43.6,1,0,26.0547,0,0,0.1,0.1,0.15,1
43.6,2,0.0623863,50.7527,1,1,4.61766,27.3258,7.21583,1
43.6,3,0.0209458,53.6447,1,1,4.61766,31.8095,7.64658,1
43.6,4,0,28.4332,0,0,0.1,0.1,0.15,1
43.6,5,0,26.2117,0,0,0.1,0.1,0.15,1
43.6,6,0.669703,50.9199,1,1,4.61766,27.3258,7.21583,1
43.6,7,0.9,55.9177,1,1,4.61766,31.8095,7.64658,1
43.7,0,0,26.3773,0,0,0.1,0.1,0.15,1
43.7,1,0,26.0484,0,0,0.1,0.1,0.15,1
43.7,2,0.0608159,50.9171,1,1,4.5534,34.9898,7.9147,1
43.7,3,0.0193711,53.7625,1,1,4.5534,35.2142,7.93627,1
43.7,4,0,28.3872,0,0,0.1,0.1,0.15,1
43.7,5,0,26.2028,0,0,0.1,0.1,0.15,1
43.7,6,0.669284,51.0815,1,1,4.5534,34.9898,7.9147,1
43.7,7,0.9,55.9976,1,1,4.5534,35.2142,7.93627,1
43.8,0,0,26.3656,0,0,0.1,0.1,0.15,1
43.8,1,0,26.0421,0,0,0.1,0.1,0.15,1
43.8,2,0.0593388,51.0435,1,1,4.97094,27.5319,7.44446,1
43.8,3,0.0177763,53.886,1,1,4.97094,33.7109,8.03809,1
43.8,4,0,28.342,0,0,0.1,0.1,0.15,1
43.8,5,0,26.194,0,0,0.1,0.1,0.15,1
43.8,6,0.668891,51.2051,1,1,4.97094,27.5319,7.44446,1
43.8,7,0.9,56.0838,1,1,4.97094,33.7109,8.03809,1
43.9,0,0,26.3541,0,0,0.1,0.1,0.15,1
43.9,1,0,26.036,0,0,0.1,0.1,0.15,1
43.9,2,0.0579581,51.1313,1,1,4.83523,23.3117,6.95897,1
43.9,3,0.0162643,53.9761,1,1,4.83523,30.2028,7.62041,1
43.9,4,0,28.2976,0,0,0.1,0.1,0.15,1
43.9,5,0,26.1854,0,0,0.1,0.1,0.15,1
43.9,6,0.668522,51.2903,1,1,4.83523,23.3117,6.95897,1
43.9,7,0.9,56.1373,1,1,4.83523,30.2028,7.62041,1
44,0,0,26.3427,0,0,0.1,0.1,0.15,1
44,1,0,26.03,0,0,0.1,0.1,0.15,1
44,2,0.0565483,51.2287,1,1,4.37975,27.621,7.10525,1
44,3,0.0150005,53.9709,1,1,4.37975,19.9484,6.36931,1
44,4,0,28.2539,0,0,0.1,0.1,0.15,1
44,5,0,26.1768,0,0,0.1,0.1,0.15,1
44,6,0.668146,51.385,1,1,4.37975,27.621,7.10525,1
44,7,0.9,56.096,1,1,4.37975,19.9484,6.36931,1
44.1,0,0,26.3316,0,0,0.1,0.1,0.15,1
44.1,1,0,26.0241,0,0,0.1,0.1,0.15,1
44.1,2,0.0552323,51.289,1,1,4.00009,24.9775,6.6327,1
44.1,3,0.0136002,54.0174,1,1,4.00009,29.401,7.05759,1
44.1,4,0,28.2109,0,0,0.1,0.1,0.15,1
44.1,5,0,26.1685,0,0,0.1,0.1,0.15,1
44.1,6,0.667795,51.4427,1,1,4.00009,24.9775,6.6327,1
44.1,7,0.9,56.1071,1,1,4.00009,29.401,7.05759,1
44.2,0,0,26.3207,0,0,0.1,0.1,0.15,1
44.2,1,0,26.0183,0,0,0.1,0.1,0.15,1
44.2,2,0.0538809,51.3617,1,1,4.17513,25.7896,6.81104,1
44.2,3,0.0122345,54.05,1,1,4.17513,26.5441,6.88349,1
44.2,4,0,28.1686,0,0,0.1,0.1,0.15,1
44.2,5,0,26.1603,0,0,0.1,0.1,0.15,1
44.2,6,0.667435,51.5128,1,1,4.17513,25.7896,6.81104,1
44.2,7,0.9,56.1049,1,1,4.17513,26.5441,6.88349,1
44.3,0,0,26.3099,0,0,0.1,0.1,0.15,1
44.3,1,0,26.0126,0,0,0.1,0.1,0.15,1
44.3,2,0.0525859,51.4119,1,1,3.83991,24.8256,6.52698,1
44.3,3,0.0110969,53.9958,1,1,3.83991,16.5425,5.7332,1
44.3,4,0,28.1271,0,0,0.1,0.1,0.15,1
44.3,5,0,26.1522,0,0,0.1,0.1,0.15,1
44.3,6,0.66709,51.5605,1,1,3.83991,24.8256,6.52698,1
44.3,7,0.9,56.0165,1,1,3.83991,16.5425,5.7332,1
44.4,0,0,26.2993,0,0,0.1,0.1,0.15,1
44.4,1,0,26.0069,0,0,0.1,0.1,0.15,1
44.4,2,0.0512666,51.4703,1,1,3.58319,27.6017,6.64913,1
44.4,3,0.00991385,53.9598,1,1,3.58319,20.4505,5.96265,1
44.4,4,0,28.0862,0,0,0.1,0.1,0.15,1
44.4,5,0,26.1442,0,0,0.1,0.1,0.15,1
44.4,6,0.666738,51.6165,1,1,3.58319,27.6017,6.64913,1
44.4,7,0.9,55.9467,1,1,3.58319,20.4505,5.96265,1
44.5,0,0,26.2889,0,0,0.1,0.1,0.15,1
44.5,1,0,26.0014,0,0,0.1,0.1,0.15,1
44.5,2,0.0499859,51.5133,1,1,3.89811,23.7308,6.45493,1
44.5,3,0.00862178,53.9655,1,1,3.89811,24.3261,6.51207,1
44.5,4,0,28.046,0,0,0.1,0.1,0.15,1
44.5,5,0,26.1364,0,0,0.1,0.1,0.15,1
44.5,6,0.666396,51.657,1,1,3.89811,23.7308,6.45493,1
44.5,7,0.9,55.9194,1,1,3.89811,24.3261,6.51207,1
44.6,0,0,26.2787,0,0,0.1,0.1,0.15,1
44.6,1,0,25.996,0,0,0.1,0.1,0.15,1
44.6,2,0.048744,51.5408,1,1,3.52803,23.8608,6.25902,1
44.6,3,0.00751827,53.8999,1,1,3.52803,16.5851,5.56166,1
44.6,4,0,28.0065,0,0,0.1,0.1,0.15,1
44.6,5,0,26.1287,0,0,0.1,0.1,0.15,1
44.6,6,0.666065,51.6822,1,1,3.52803,23.8608,6.25902,1
44.6,7,0.9,55.8212,1,1,3.52803,16.5851,5.56166,1
44.7,0,0,26.2686,0,0,0.1,0.1,0.15,1
44.7,1,0,25.9906,0,0,0.1,0.1,0.15,1
44.7,2,0.0474311,51.5947,1,1,3.42361,28.1901,6.61687,1
44.7,3,0.00646953,53.8146,1,1,3.42361,14.3051,5.28565,1
44.7,4,0,27.9676,0,0,0.1,0.1,0.15,1
44.7,5,0,26.1211,0,0,0.1,0.1,0.15,1
44.7,6,0.665715,51.7337,1,1,3.42361,28.1901,6.61687,1
44.7,7,0.9,55.7039,1,1,3.42361,14.3051,5.28565,1
44.8,0,0,26.2587,0,0,0.1,0.1,0.15,1
44.8,1,0,25.9853,0,0,0.1,0.1,0.15,1
44.8,2,0.0461206,51.6469,1,1,3.95172,24.9767,6.60502,1
44.8,3,0.00518834,53.8187,1,1,3.95172,23.4366,6.45721,1
44.8,4,0,27.9294,0,0,0.1,0.1,0.15,1
44.8,5,0,26.1137,0,0,0.1,0.1,0.15,1
44.8,6,0.665366,51.7835,1,1,3.95172,24.9767,6.60502,1
44.8,7,0.9,55.6765,1,1,3.95172,23.4366,6.45721,1
44.9,0,0,26.249,0,0,0.1,0.1,0.15,1
44.9,1,0,25.9802,0,0,0.1,0.1,0.15,1
44.9,2,0.0447102,51.7359,1,1,3.61605,32.1892,7.10855,1
44.9,3,0.00393538,53.812,1,1,3.61605,23.9305,6.3149,1
44.9,4,0,27.8918,0,0,0.1,0.1,0.15,1
44.9,5,0,26.1064,0,0,0.1,0.1,0.15,1
44.9,6,0.66499,51.8703,1,1,3.61605,32.1892,7.10855,1
44.9,7,0.9,55.6388,1,1,3.61605,23.9305,6.3149,1
45,0,0,26.2394,0,0,0.1,0.1,0.15,1
45,1,0,25.9751,0,0,0.1,0.1,0.15,1
45,2,0.0433376,51.8091,1,1,4.47566,25.0848,6.91761,1
45,3,0.00273779,53.7845,1,1,4.47566,15.876,6.03585,1
45,4,0,27.8549,0,0,0.1,0.1,0.15,1
45,5,0,26.0992,0,0,0.1,0.1,0.15,1
45,6,0.664624,51.9413,1,1,4.47566,25.0848,6.91761,1
45,7,0.9,55.5808,1,1,4.47566,15.876,6.03585,1
45.1,0,0,26.23,0,0,0.1,0.1,0.15,1
45.1,1,0,25.9701,0,0,0.1,0.1,0.15,1
45.1,2,0.0419683,51.8799,1,1,3.69506,29.5734,6.90135,1
45.1,3,0.00152675,53.7625,1,1,3.69506,21.2662,6.10365,1
45.1,4,0,27.8186,0,0,0.1,0.1,0.15,1
45.1,5,0,26.0921,0,0,0.1,0.1,0.15,1
45.1,6,0.664258,52.0098,1,1,3.69506,29.5734,6.90135,1
45.1,7,0.9,55.5289,1,1,3.69506,21.2662,6.10365,1
45.2,0,0,26.2208,0,0,0.1,0.1,0.15,1
45.2,1,0,25.9652,0,0,0.1,0.1,0.15,1
45.2,2,0.0406716,51.9221,1,1,4.15856,23.0191,6.53563,1
45.2,3,0.000280881,53.7541,1,1,4.15856,20.344,6.27919,1
45.2,4,0,27.7828,0,0,0.1,0.1,0.15,1
45.2,5,0,26.0852,0,0,0.1,0.1,0.15,1
45.2,6,0.663913,52.0499,1,1,4.15856,23.0191,6.53563,1
45.2,7,0.9,55.4911,1,1,4.15856,20.344,6.27919,1
45.3,0,0,26.2117,0,0,0.1,0.1,0.15,1
45.3,1,0,25.9603,0,0,0.1,0.1,0.15,1
45.3,2,0.0394025,51.9531,1,1,3.39721,26.0432,6.39593,1
45.3,3,0,53.6777,1,0,3.39721,15.365,5.37221,1
45.3,4,0,27.7477,0,0,0.1,0.1,0.15,1
45.3,5,0,26.0783,0,0,0.1,0.1,0.15,1
45.3,6,0.663574,52.0787,1,1,3.39721,26.0432,6.39593,1
45.3,7,0.9,55.3858,1,1,3.39721,15.365,5.37221,1
45.4,0,0,26.2027,0,0,0.1,0.1,0.15,1
45.4,1,0,25.9556,0,0,0.1,0.1,0.15,1
45.4,2,0.038031,52.0223,1,1,3.68005,29.7796,6.91274,1
45.4,3,0,53.211,1,0,0.1,0.1,0.15,1
45.4,4,0,27.7132,0,0,0.1,0.1,0.15,1
45.4,5,0,26.0716,0,0,0.1,0.1,0.15,1
45.4,6,0.663208,52.1459,1,1,3.68005,29.7796,6.91274,1
45.4,7,0.9,55.2995,1,1,3.68005,16.1121,5.60169,1
45.5,0,0,26.1939,0,0,0.1,0.1,0.15,1
45.5,1,0,25.9509,0,0,0.1,0.1,0.15,1
45.5,2,0.0366029,52.1118,1,1,4.18246,29.7708,7.19768,1
45.5,3,0,52.7521,1,0,0.1,0.1,0.15,1
45.5,4,0,27.6792,0,0,0.1,0.1,0.15,1
45.5,5,0,26.065,0,0,0.1,0.1,0.15,1
45.5,6,0.662828,52.2333,1,1,4.18246,29.7708,7.19768,1
45.5,7,0.9,55.2035,1,1,4.18246,11.5444,5.45312,1
45.6,0,0,26.1853,0,0,0.1,0.1,0.15,1
45.6,1,0,25.9463,0,0,0.1,0.1,0.15,1
45.6,2,0.0351428,52.2118,1,1,4.24415,31.0738,7.35848,1
45.6,3,0,52.3008,1,0,0.1,0.1,0.15,1
45.6,4,0,27.6458,0,0,0.1,0.1,0.15,1
45.6,5,0,26.0585,0,0,0.1,0.1,0.15,1
45.6,6,0.662438,52.3313,1,1,4.24415,31.0738,7.35848,1
45.6,7,0.9,55.149,1,1,4.24415,16.7582,5.98548,1
45.7,0,0,26.1768,0,0,0.1,0.1,0.15,1
45.7,1,0,25.9418,0,0,0.1,0.1,0.15,1
45.7,2,0.0336683,52.3156,1,1,4.41474,30.8054,7.43153,1
45.7,3,0,51.857,1,0,0.1,0.1,0.15,1
45.7,4,0,27.6129,0,0,0.1,0.1,0.15,1
45.7,5,0,26.0521,0,0,0.1,0.1,0.15,1
45.7,6,0.662045,52.4331,1,1,4.41474,30.8054,7.43153,1
45.7,7,0.9,55.1312,1,1,4.41474,20.7009,6.46175,1
45.8,0,0,26.1684,0,0,0.1,0.1,0.15,1
45.8,1,0,25.9373,0,0,0.1,0.1,0.15,1
45.8,2,0.0323761,52.3488,1,1,4.40251,21.3077,6.51276,1
45.8,3,0,51.4207,1,0,0.1,0.1,0.15,1
45.8,4,0,27.5806,0,0,0.1,0.1,0.15,1
45.8,5,0,26.0458,0,0,0.1,0.1,0.15,1
45.8,6,0.6617,52.4643,1,1,4.40251,21.3077,6.51276,1
45.8,7,0.9,55.0475,1,1,4.40251,11.5441,5.58083,1
45.9,0,0,26.1602,0,0,0.1,0.1,0.15,1
45.9,1,0,25.933,0,0,0.1,0.1,0.15,1
45.9,2,0.0311828,52.3441,1,1,3.21378,23.1219,6.01436,1
45.9,3,0,50.9916,1,0,0.1,0.1,0.15,1
45.9,4,0,27.5489,0,0,0.1,0.1,0.15,1
45.9,5,0,26.0397,0,0,0.1,0.1,0.15,1
45.9,6,0.661382,52.4577,1,1,3.21378,23.1219,6.01436,1
45.9,7,0.9,54.9567,1,1,3.21378,17.4065,5.4663,1
46,0,0,26.1521,0,0,0.1,0.1,0.15,1
46,1,0,25.9287,0,0,0.1,0.1,0.15,1
46,2,0.029871,52.3842,1,1,3.29196,28.8912,6.61159,1
46,3,0,50.5696,1,0,0.1,0.1,0.15,1
46,4,0,27.5177,0,0,0.1,0.1,0.15,1
46,5,0,26.0336,0,0,0.1,0.1,0.15,1
46,6,0.661032,52.4959,1,1,3.29196,28.8912,6.61159,1
46,7,0.9,54.8575,1,1,3.29196,15.5725,5.33384,1
46.1,0,0,26.1442,0,0,0.1,0.1,0.15,1
46.1,1,0,25.9244,0,0,0.1,0.1,0.15,1
46.1,2,0.0284266,52.4738,1,1,4.02289,31.5743,7.27953,1
46.1,3,0,50.1547,1,0,0.1,0.1,0.15,1
46.1,4,0,27.4869,0,0,0.1,0.1,0.15,1
46.1,5,0,26.0276,0,0,0.1,0.1,0.15,1
46.1,6,0.660647,52.5836,1,1,4.02289,31.5743,7.27953,1
46.1,7,0.9,54.8373,1,1,4.02289,22.0682,6.36659,1
46.2,0,0,26.1363,0,0,0.1,0.1,0.15,1
46.2,1,0,25.9203,0,0,0.1,0.1,0.15,1
46.2,2,0.0270541,52.5347,1,1,4.44965,25.2421,6.91754,1
46.2,3,0,49.7467,1,0,0.1,0.1,0.15,1
46.2,4,0,27.4567,0,0,0.1,0.1,0.15,1
46.2,5,0,26.0217,0,0,0.1,0.1,0.15,1
46.2,6,0.660281,52.6427,1,1,4.44965,25.2421,6.91754,1
46.2,7,0.9,54.7583,1,1,4.44965,11.2046,5.57616,1
46.3,0,0,26.1287,0,0,0.1,0.1,0.15,1
46.3,1,0,25.9162,0,0,0.1,0.1,0.15,1
46.3,2,0.0258023,52.549,1,1,3.71147,23.3125,6.30918,1
46.3,3,0,49.3455,1,0,0.1,0.1,0.15,1
46.3,4,0,27.427,0,0,0.1,0.1,0.15,1
46.3,5,0,26.0159,0,0,0.1,0.1,0.15,1
46.3,6,0.659947,52.6552,1,1,3.71147,23.3125,6.30918,1
46.3,7,0.9,54.7293,1,1,3.71147,22.4486,6.22629,1
46.4,0,0,26.1211,0,0,0.1,0.1,0.15,1
46.4,1,0,25.9122,0,0,0.1,0.1,0.15,1
46.4,2,0.0244644,52.5955,1,1,3.37799,29.7635,6.74288,1
46.4,3,0,48.951,1,0,0.1,0.1,0.15,1
46.4,4,0,27.3978,0,0,0.1,0.1,0.15,1
46.4,5,0,26.0103,0,0,0.1,0.1,0.15,1
46.4,6,0.659591,52.7,1,1,3.37799,29.7635,6.74288,1
46.4,7,0.9,54.6756,1,1,3.37799,20.8983,5.89139,1
46.5,0,0,26.1137,0,0,0.1,0.1,0.15,1
46.5,1,0,25.9082,0,0,0.1,0.1,0.15,1
46.5,2,0.0230002,52.6891,1,1,4.14269,31.9032,7.37978,1
46.5,3,0,48.5631,1,0,0.1,0.1,0.15,1
46.5,4,0,27.3691,0,0,0.1,0.1,0.15,1
46.5,5,0,26.0047,0,0,0.1,0.1,0.15,1
46.5,6,0.6592,52.7918,1,1,4.14269,31.9032,7.37978,1
46.5,7,0.9,54.5867,1,1,4.14269,11.3171,5.40861,1
46.6,0,0,26.1063,0,0,0.1,0.1,0.15,1
46.6,1,0,25.9043,0,0,0.1,0.1,0.15,1
46.6,2,0.0213884,52.8369,1,1,4.80911,35.597,8.12345,1
46.6,3,0,48.1816,1,0,0.1,0.1,0.15,1
46.6,4,0,27.3409,0,0,0.1,0.1,0.15,1
46.6,5,0,25.9992,0,0,0.1,0.1,0.15,1
46.6,6,0.658742,52.9782,1,1,5.87091,34.5352,8.66167,1
46.6,7,0.9,54.4453,1,1,3.59562,7,4.68992,1
46.7,0,0,26.0992,0,0,0.1,0.1,0.15,1
46.7,1,0,25.9005,0,0,0.1,0.1,0.15,1
46.7,2,0.0198187,52.9663,1,1,5.05076,31.8964,7.91126,1
46.7,3,0,47.8065,1,0,0.1,0.1,0.15,1
46.7,4,0,27.3131,0,0,0.1,0.1,0.15,1
46.7,5,0,25.9938,0,0,0.1,0.1,0.15,1
46.7,6,0.658323,53.1053,1,1,5.05076,31.8964,7.91126,1
46.7,7,0.9,54.4018,1,1,5.05076,11.5319,5.96282,1
46.8,0,0,26.0921,0,0,0.1,0.1,0.15,1
46.8,1,0,25.8968,0,0,0.1,0.1,0.15,1
46.8,2,0.0183662,53.0492,1,1,4.6184,28.4117,7.32055,1
46.8,3,0,47.4377,1,0,0.1,0.1,0.15,1
46.8,4,0,27.2858,0,0,0.1,0.1,0.15,1
46.8,5,0,25.9885,0,0,0.1,0.1,0.15,1
46.8,6,0.657936,53.1859,1,1,4.6184,28.4117,7.32055,1
46.8,7,0.9,54.4133,1,1,4.6184,21.8195,6.68803,1
46.9,0,0,26.0851,0,0,0.1,0.1,0.15,1
46.9,1,0,25.8931,0,0,0.1,0.1,0.15,1
46.9,2,0.0169652,53.1113,1,1,4.12877,28.6704,7.06107,1
46.9,3,0,47.0749,1,0,0.1,0.1,0.15,1
46.9,4,0,27.259,0,0,0.1,0.1,0.15,1
46.9,5,0,25.9832,0,0,0.1,0.1,0.15,1
46.9,6,0.657562,53.2457,1,1,4.12877,28.6704,7.06107,1
46.9,7,0.9,54.3044,1,1,4.12877,7.96699,5.0843,1
47,0,0,26.0783,0,0,0.1,0.1,0.15,1
47,1,0,25.8894,0,0,0.1,0.1,0.15,1
47,2,0.0155724,53.1693,1,1,4.09989,28.4117,7.01964,1
47,3,0,46.7183,1,0,0.1,0.1,0.15,1
47,4,0,27.2326,0,0,0.1,0.1,0.15,1
47,5,0,25.9781,0,0,0.1,0.1,0.15,1
47,6,0.657191,53.3014,1,1,4.09989,28.4117,7.01964,1
47,7,0.9,54.2636,1,1,4.09989,17.4466,5.96812,1
47.1,0,0,26.0716,0,0,0.1,0.1,0.15,1
47.1,1,0,25.8858,0,0,0.1,0.1,0.15,1
47.1,2,0.0143294,53.1696,1,1,4.06395,20.761,6.26479,1
47.1,3,0,46.3676,1,0,0.1,0.1,0.15,1
47.1,4,0,27.2066,0,0,0.1,0.1,0.15,1
47.1,5,0,25.9731,0,0,0.1,0.1,0.15,1
47.1,6,0.65686,53.2996,1,1,4.06395,20.761,6.26479,1
47.1,7,0.9,54.1569,1,1,4.06395,8.31197,5.07937,1
47.2,0,0,26.065,0,0,0.1,0.1,0.15,1
47.2,1,0,25.8823,0,0,0.1,0.1,0.15,1
47.2,2,0.0131047,53.1631,1,1,3.10312,25.3945,6.17223,1
47.2,3,0,46.0227,1,0,0.1,0.1,0.15,1
47.2,4,0,27.1811,0,0,0.1,0.1,0.15,1
47.2,5,0,25.9681,0,0,0.1,0.1,0.15,1
47.2,6,0.656533,53.2908,1,1,3.10312,25.3945,6.17223,1
47.2,7,0.9,54.1208,1,1,3.10312,23.5904,5.99892,1
47.3,0,0,26.0585,0,0,0.1,0.1,0.15,1
47.3,1,0,25.8789,0,0,0.1,0.1,0.15,1
47.3,2,0.0117558,53.2036,1,1,3.56221,29.2794,6.79866,1
47.3,3,0,45.6836,1,0,0.1,0.1,0.15,1
47.3,4,0,27.156,0,0,0.1,0.1,0.15,1
47.3,5,0,25.9632,0,0,0.1,0.1,0.15,1
47.3,6,0.656173,53.3292,1,1,3.56221,29.2794,6.79866,1
47.3,7,0.9,54.1775,1,1,3.56221,33.7342,7.22706,1
47.4,0,0,26.0521,0,0,0.1,0.1,0.15,1
47.4,1,0,25.8755,0,0,0.1,0.1,0.15,1
47.4,2,0.0102734,53.2938,1,1,4.66204,29.7126,7.47115,1
47.4,3,0,45.3501,1,0,0.1,0.1,0.15,1
47.4,4,0,27.1313,0,0,0.1,0.1,0.15,1
47.4,5,0,25.9584,0,0,0.1,0.1,0.15,1
47.4,6,0.655778,53.4174,1,1,4.66205,29.7126,7.47115,1
47.4,7,0.9,54.1261,1,1,4.66205,12.2291,5.79802,1
47.5,0,0,26.0458,0,0,0.1,0.1,0.15,1
47.5,1,0,25.8721,0,0,0.1,0.1,0.15,1
47.5,2,0.00875093,53.3978,1,1,4.29683,34.0316,7.6733,1
47.5,3,0,45.0222,1,0,0.1,0.1,0.15,1
47.5,4,0,27.107,0,0,0.1,0.1,0.15,1
47.5,5,0,25.9537,0,0,0.1,0.1,0.15,1
47.5,6,0.655372,53.5193,1,1,4.29683,34.0316,7.6733,1
47.5,7,0.9,54.0675,1,1,4.29683,13.348,5.69074,1
47.6,0,0,26.0396,0,0,0.1,0.1,0.15,1
47.6,1,0,25.8689,0,0,0.1,0.1,0.15,1
47.6,2,0.00726804,53.485,1,1,4.79106,28.9483,7.47377,1
47.6,3,0,44.6997,1,0,0.1,0.1,0.15,1
47.6,4,0,27.0832,0,0,0.1,0.1,0.15,1
47.6,5,0,25.949,0,0,0.1,0.1,0.15,1
47.6,6,0.654977,53.6045,1,1,4.79106,28.9483,7.47377,1
47.6,7,0.9,54.0495,1,1,4.79106,15.859,6.21978,1
47.7,0,0,26.0335,0,0,0.1,0.1,0.15,1
47.7,1,0,25.8656,0,0,0.1,0.1,0.15,1
47.7,2,0.00568846,53.6073,1,1,4.21742,37.5,7.96107,1
47.7,3,0,44.3826,1,0,0.1,0.1,0.15,1
47.7,4,0,27.0597,0,0,0.1,0.1,0.15,1
47.7,5,0,25.9445,0,0,0.1,0.1,0.15,1
47.7,6,0.654555,53.7248,1,1,4.21742,37.5,7.96107,1
47.7,7,0.9,54.0704,1,1,4.21742,24.734,6.73408,1
47.8,0,0,26.0276,0,0,0.1,0.1,0.15,1
47.8,1,0,25.8624,0,0,0.1,0.1,0.15,1
47.8,2,0.00414451,53.7142,1,1,5.46222,27.9685,7.78152,1
47.8,3,0,44.0708,1,0,0.1,0.1,0.15,1
47.8,4,0,27.0366,0,0,0.1,0.1,0.15,1
47.8,5,0,25.94,0,0,0.1,0.1,0.15,1
47.8,6,0.654144,53.8297,1,1,5.46222,27.9685,7.78152,1
47.8,7,0.9,54.1333,1,1,5.46222,22.932,7.29849,1
47.9,0,0,26.0217,0,0,0.1,0.1,0.15,1
47.9,1,0,25.8593,0,0,0.1,0.1,0.15,1
47.9,2,0.00259705,53.8205,1,1,4.17883,36.0485,7.79922,1
47.9,3,0,43.7642,1,0,0.1,0.1,0.15,1
47.9,4,0,27.0139,0,0,0.1,0.1,0.15,1
47.9,5,0,25.9356,0,0,0.1,0.1,0.15,1
47.9,6,0.653731,53.9341,1,1,4.17883,36.0485,7.79922,1
47.9,7,0.9,54.1646,1,1,4.17883,26.6118,6.89212,1
48,0,0,26.0159,0,0,0.1,0.1,0.15,1
48,1,0,25.8562,0,0,0.1,0.1,0.15,1
48,2,0.00119939,53.8685,1,1,5.02842,23.0023,7.0442,1
48,3,0,43.4628,1,0,0.1,0.1,0.15,1
48,4,0,26.9916,0,0,0.1,0.1,0.15,1
48,5,0,25.9312,0,0,0.1,0.1,0.15,1
48,6,0.653358,53.9802,1,1,5.02842,23.0023,7.0442,1
48,7,0.9,54.2305,1,1,5.02842,26.29,7.35952,1
48.1,0,0,26.0102,0,0,0.1,0.1,0.15,1
48.1,1,0,25.8532,0,0,0.1,0.1,0.15,1
48.1,2,0,53.9255,1,0,3.9148,31.1288,7.17509,1
48.1,3,0,43.1663,1,0,0.1,0.1,0.15,1
48.1,4,0,26.9697,0,0,0.1,0.1,0.15,1
48.1,5,0,25.9269,0,0,0.1,0.1,0.15,1
48.1,6,0.652979,54.0353,1,1,3.9148,31.1288,7.17509,1
48.1,7,0.9,54.157,1,1,3.9148,13.8202,5.51595,1
48.2,0,0,26.0046,0,0,0.1,0.1,0.15,1
48.2,1,0,25.8503,0,0,0.1,0.1,0.15,1
48.2,2,0,53.4547,1,0,0.1,0.1,0.15,1
48.2,3,0,42.8748,1,0,0.1,0.1,0.15,1
48.2,4,0,26.9481,0,0,0.1,0.1,0.15,1
48.2,5,0,25.9227,0,0,0.1,0.1,0.15,1
48.2,6,0.652587,54.1069,1,1,4.38045,30.7436,7.40566,1
48.2,7,0.9,54.1158,1,1,4.38045,15.3434,5.92949,1
48.3,0,0,25.9991,0,0,0.1,0.1,0.15,1
48.3,1,0,25.8473,0,0,0.1,0.1,0.15,1
48.3,2,0,52.9917,1,0,0.1,0.1,0.15,1
48.3,3,0,42.5881,1,0,0.1,0.1,0.15,1
48.3,4,0,26.9269,0,0,0.1,0.1,0.15,1
48.3,5,0,25.9186,0,0,0.1,0.1,0.15,1
48.3,6,0.652218,54.1442,1,1,4.3905,26.1106,6.96647,1
48.3,7,0.9,54.134,1,1,4.3905,23.4658,6.71267,1
48.4,0,0,25.9937,0,0,0.1,0.1,0.15,1
48.4,1,0,25.8445,0,0,0.1,0.1,0.15,1
48.4,2,0,52.5364,1,0,0.1,0.1,0.15,1
48.4,3,0,42.3062,1,0,0.1,0.1,0.15,1
48.4,4,0,26.906,0,0,0.1,0.1,0.15,1
48.4,5,0,25.9146,0,0,0.1,0.1,0.15,1
48.4,6,0.651856,54.1721,1,1,3.81264,28.3252,6.8477,1
48.4,7,0.9,54.1126,1,1,3.81264,21.4659,6.18917,1
48.5,0,0,25.9884,0,0,0.1,0.1,0.15,1
48.5,1,0,25.8416,0,0,0.1,0.1,0.15,1
48.5,2,0,52.0887,1,0,0.1,0.1,0.15,1
48.5,3,0,42.029,1,0,0.1,0.1,0.15,1
48.5,4,0,26.8855,0,0,0.1,0.1,0.15,1
48.5,5,0,25.9106,0,0,0.1,0.1,0.15,1
48.5,6,0.651494,54.1983,1,1,4.01724,26.9568,6.83255,1
48.5,7,0.9,54.1048,1,1,4.01724,22.0957,6.36599,1
48.6,0,0,25.9832,0,0,0.1,0.1,0.15,1
48.6,1,0,25.8389,0,0,0.1,0.1,0.15,1
48.6,2,0,51.6485,1,0,0.1,0.1,0.15,1
48.6,3,0,41.7565,1,0,0.1,0.1,0.15,1
48.6,4,0,26.8653,0,0,0.1,0.1,0.15,1
48.6,5,0,25.9066,0,0,0.1,0.1,0.15,1
48.6,6,0.651117,54.2471,1,1,3.87175,31.0111,7.13934,1
48.6,7,0.9,54.1059,1,1,3.87175,24.1686,6.48197,1
48.7,0,0,25.9781,0,0,0.1,0.1,0.15,1
48.7,1,0,25.8361,0,0,0.1,0.1,0.15,1
48.7,2,0,51.2156,1,0,0.1,0.1,0.15,1
48.7,3,0,41.4884,1,0,0.1,0.1,0.15,1
48.7,4,0,26.8455,0,0,0.1,0.1,0.15,1
48.7,5,0,25.9028,0,0,0.1,0.1,0.15,1
48.7,6,0.650707,54.3401,1,1,4.36036,34.3319,7.73897,1
48.7,7,0.9,54.124,1,1,4.36036,23.6148,6.70944,1
48.8,0,0,25.973,0,0,0.1,0.1,0.15,1
48.8,1,0,25.8334,0,0,0.1,0.1,0.15,1
48.8,2,0,50.7899,1,0,0.1,0.1,0.15,1
48.8,3,0,41.2249,1,0,0.1,0.1,0.15,1
48.8,4,0,26.826,0,0,0.1,0.1,0.15,1
48.8,5,0,25.899,0,0,0.1,0.1,0.15,1
48.8,6,0.65032,54.4002,1,1,4.83653,27.0834,7.3216,1
48.8,7,0.9,54.0996,1,1,4.83653,14.8142,6.14711,1
48.9,0,0,25.9681,0,0,0.1,0.1,0.15,1
48.9,1,0,25.8308,0,0,0.1,0.1,0.15,1
48.9,2,0,50.3713,1,0,0.1,0.1,0.15,1
48.9,3,0,40.9657,1,0,0.1,0.1,0.15,1
48.9,4,0,26.8068,0,0,0.1,0.1,0.15,1
48.9,5,0,25.8952,0,0,0.1,0.1,0.15,1
48.9,6,0.649919,54.4779,1,1,3.98999,34.7777,7.56881,1
48.9,7,0.9,54.0136,1,1,3.98999,11.3045,5.31967,1
49,0,0,25.9632,0,0,0.1,0.1,0.15,1
49,1,0,25.8282,0,0,0.1,0.1,0.15,1
49,2,0,49.9597,1,0,0.1,0.1,0.15,1
49,3,0,40.7109,1,0,0.1,0.1,0.15,1
49,4,0,26.7879,0,0,0.1,0.1,0.15,1
49,5,0,25.8916,0,0,0.1,0.1,0.15,1
49,6,0.649521,54.5509,1,1,4.84596,29.144,7.52505,1
49,7,0.9,53.9858,1,1,4.84596,14.0113,6.07623,1
49.1,0,0,25.9584,0,0,0.1,0.1,0.15,1
49.1,1,0,25.8257,0,0,0.1,0.1,0.15,1
49.1,2,0,49.555,1,0,0.1,0.1,0.15,1
49.1,3,0,40.4603,1,0,0.1,0.1,0.15,1
49.1,4,0,26.7694,0,0,0.1,0.1,0.15,1
49.1,5,0,25.888,0,0,0.1,0.1,0.15,1
49.1,6,0.649118,54.6303,1,1,4.24875,33.8128,7.62447,1
49.1,7,0.9,53.9709,1,1,4.24875,19.4239,6.24311,1
49.2,0,0,25.9536,0,0,0.1,0.1,0.15,1
49.2,1,0,25.8231,0,0,0.1,0.1,0.15,1
49.2,2,0,49.157,1,0,0.1,0.1,0.15,1
49.2,3,0,40.2139,1,0,0.1,0.1,0.15,1
49.2,4,0,26.7511,0,0,0.1,0.1,0.15,1
49.2,5,0,25.8844,0,0,0.1,0.1,0.15,1
49.2,6,0.648713,54.7106,1,1,4.7577,31.0514,7.65612,1
49.2,7,0.9,54.0045,1,1,4.7577,23.0275,6.88587,1
49.3,0,0,25.949,0,0,0.1,0.1,0.15,1
49.3,1,0,25.8207,0,0,0.1,0.1,0.15,1
49.3,2,0,48.7656,1,0,0.1,0.1,0.15,1
49.3,3,0,39.9715,1,0,0.1,0.1,0.15,1
49.3,4,0,26.7332,0,0,0.1,0.1,0.15,1
49.3,5,0,25.8809,0,0,0.1,0.1,0.15,1
49.3,6,0.648379,54.6883,1,1,4.47614,18.6815,6.30423,1
49.3,7,0.9,54.0377,1,1,4.47614,24.7688,6.88757,1
49.4,0,0,25.9444,0,0,0.1,0.1,0.15,1
49.4,1,0,25.8182,0,0,0.1,0.1,0.15,1
49.4,2,0,48.3808,1,0,0.1,0.1,0.15,1
49.4,3,0,39.7333,1,0,0.1,0.1,0.15,1
49.4,4,0,26.7156,0,0,0.1,0.1,0.15,1
49.4,5,0,25.8775,0,0,0.1,0.1,0.15,1
49.4,6,0.648036,54.6795,1,1,3.65562,25.422,6.4803,1
49.4,7,0.9,54.0215,1,1,3.65562,22.8909,6.23732,1
49.5,0,0,25.9399,0,0,0.1,0.1,0.15,1
49.5,1,0,25.8159,0,0,0.1,0.1,0.15,1
49.5,2,0,48.0023,1,0,0.1,0.1,0.15,1
49.5,3,0,39.499,1,0,0.1,0.1,0.15,1
49.5,4,0,26.6982,0,0,0.1,0.1,0.15,1
49.5,5,0,25.8741,0,0,0.1,0.1,0.15,1
49.5,6,0.647649,54.7335,1,1,3.6347,34.2328,7.31555,1
49.5,7,0.9,53.9611,1,1,3.6347,16.8153,5.64342,1
49.6,0,0,25.9355,0,0,0.1,0.1,0.15,1
49.6,1,0,25.8135,0,0,0.1,0.1,0.15,1
49.6,2,0,47.6302,1,0,0.1,0.1,0.15,1
49.6,3,0,39.2686,1,0,0.1,0.1,0.15,1
49.6,4,0,26.6812,0,0,0.1,0.1,0.15,1
49.6,5,0,25.8708,0,0,0.1,0.1,0.15,1
49.6,6,0.64722,54.8459,1,1,4.73343,35.8832,8.10632,1
49.6,7,0.9,54.0396,1,1,4.73343,29.4018,7.48332,1
49.7,0,0,25.9312,0,0,0.1,0.1,0.15,1
49.7,1,0,25.8112,0,0,0.1,0.1,0.15,1
49.7,2,0,47.2643,1,0,0.1,0.1,0.15,1
49.7,3,0,39.042,1,0,0.1,0.1,0.15,1
49.7,4,0,26.6644,0,0,0.1,0.1,0.15,1
49.7,5,0,25.8675,0,0,0.1,0.1,0.15,1
49.7,6,0.646792,54.9552,1,1,5.07708,33.587,8.08946,1
49.7,7,0.9,54.1678,1,1,5.07708,34.3416,8.16199,1
49.8,0,0,25.9269,0,0,0.1,0.1,0.15,1
49.8,1,0,25.8089,0,0,0.1,0.1,0.15,1
49.8,2,0,46.9045,1,0,0.1,0.1,0.15,1
49.8,3,0,38.8192,0,0,0.1,0.1,0.15,1
49.8,4,0,26.6479,0,0,0.1,0.1,0.15,1
49.8,5,0,25.8643,0,0,0.1,0.1,0.15,1
49.8,6,0.646382,55.0372,1,1,4.92733,30.9788,7.74958,1
49.8,7,0.9,54.2372,1,1,4.92733,27.4172,7.40751,1
49.9,0,0,25.9227,0,0,0.1,0.1,0.15,1
49.9,1,0,25.8067,0,0,0.1,0.1,0.15,1
49.9,2,0,46.5506,1,0,0.1,0.1,0.15,1
49.9,3,0,38.6001,0,0,0.1,0.1,0.15,1
49.9,4,0,26.6317,0,0,0.1,0.1,0.15,1
49.9,5,0,25.8612,0,0,0.1,0.1,0.15,1
49.9,6,0.645981,55.1052,1,1,4.48826,31.923,7.58179,1
49.9,7,0.9,54.2714,1,1,4.48826,25.3722,6.95255,1
50,0,0,25.9186,0,0,0.1,0.1,0.15,1
50,1,0,25.8045,0,0,0.1,0.1,0.15,1
50,2,0,46.2027,1,0,0.1,0.1,0.15,1
50,3,0,38.3847,0,0,0.1,0.1,0.15,1
50,4,0,26.6158,0,0,0.1,0.1,0.15,1
50,5,0,25.8581,0,0,0.1,0.1,0.15,1
50,6,0.64555,55.2142,1,1,4.55141,37.3871,8.14411,1
50,7,0.9,54.306,1,1,4.55141,25.1276,6.96599,1
50.1,0,0,25.9145,0,0,0.1,0.1,0.15,1
50.1,1,0,25.8023,0,0,0.1,0.1,0.15,1
50.1,2,0,45.8606,1,0,0.1,0.1,0.15,1
50.1,3,0,38.1729,0,0,0.1,0.1,0.15,1
50.1,4,0,26.6001,0,0,0.1,0.1,0.15,1
50.1,5,0,25.855,0,0,0.1,0.1,0.15,1
50.1,6,0.645106,55.3398,1,1,5.24232,35.6717,8.38888,1
50.1,7,0.9,54.3349,1,1,5.24232,20.1349,6.8978,1
50.2,0,0,25.9105,0,0,0.1,0.1,0.15,1
50.2,1,0,25.8002,0,0,0.1,0.1,0.15,1
50.2,2,0,45.5242,1,0,0.1,0.1,0.15,1
50.2,3,0,37.9646,0,0,0.1,0.1,0.15,1
50.2,4,0,26.5847,0,0,0.1,0.1,0.15,1
50.2,5,0,25.852,0,0,0.1,0.1,0.15,1
50.2,6,0.644918,55.101,1,1,1.43534,7,3.55764,1
50.2,7,0.9,54.6842,1,1,13.2079,9.18848,11.1768,1
50.3,0,0,25.9066,0,0,0.1,0.1,0.15,1
50.3,1,0,25.7981,0,0,0.1,0.1,0.15,1
50.3,2,0,45.1933,1,0,0.1,0.1,0.15,1
50.3,3,0,37.7598,0,0,0.1,0.1,0.15,1
50.3,4,0,26.5695,0,0,0.1,0.1,0.15,1
50.3,5,0,25.8491,0,0,0.1,0.1,0.15,1
50.3,6,0.644573,55.0878,1,1,2.79954,30.6371,6.51281,1
50.3,7,0.9,54.6126,1,1,2.79954,21.5708,5.64137,1
50.4,0,0,25.9027,0,0,0.1,0.1,0.15,1
50.4,1,0,25.7961,0,0,0.1,0.1,0.15,1
50.4,2,0,44.868,1,0,0.1,0.1,0.15,1
50.4,3,0,37.5584,0,0,0.1,0.1,0.15,1
50.4,4,0,26.5546,0,0,0.1,0.1,0.15,1
50.4,5,0,25.8462,0,0,0.1,0.1,0.15,1
50.4,6,0.644121,55.2281,1,1,5.95718,32.8999,8.55761,1
50.4,7,0.9,54.4458,1,1,2.99451,7,4.35728,1
50.5,0,0,25.899,0,0,0.1,0.1,0.15,1
50.5,1,0,25.7941,0,0,0.1,0.1,0.15,1
50.5,2,0,44.5482,1,0,0.1,0.1,0.15,1
50.5,3,0,37.3603,0,0,0.1,0.1,0.15,1
50.5,4,0,26.5399,0,0,0.1,0.1,0.15,1
50.5,5,0,25.8433,0,0,0.1,0.1,0.15,1
50.5,6,0.643689,55.3361,1,1,4.85714,35.6525,8.15721,1
50.5,7,0.9,54.3912,1,1,4.85714,11.187,5.81467,1
50.6,0,0,25.8952,0,0,0.1,0.1,0.15,1
50.6,1,0,25.7921,0,0,0.1,0.1,0.15,1
50.6,2,0,44.2336,1,0,0.1,0.1,0.15,1
50.6,3,0,37.1656,0,0,0.1,0.1,0.15,1
50.6,4,0,26.5255,0,0,0.1,0.1,0.15,1
50.6,5,0,25.8405,0,0,0.1,0.1,0.15,1
50.6,6,0.643283,55.4065,1,1,5.06371,29.4146,7.68056,1
50.6,7,0.9,54.3852,1,1,5.06371,16.5828,6.45112,1
50.7,0,0,25.8916,0,0,0.1,0.1,0.15,1
50.7,1,0,25.7901,0,0,0.1,0.1,0.15,1
50.7,2,0,43.9243,1,0,0.1,0.1,0.15,1
50.7,3,0,36.974,0,0,0.1,0.1,0.15,1
50.7,4,0,26.5113,0,0,0.1,0.1,0.15,1
50.7,5,0,25.8378,0,0,0.1,0.1,0.15,1
50.7,6,0.642937,55.3892,1,1,4.30979,21.9986,6.52512,1
50.7,7,0.9,54.3341,1,1,4.30979,14.9328,5.84926,1
50.8,0,0,25.8879,0,0,0.1,0.1,0.15,1
50.8,1,0,25.7882,0,0,0.1,0.1,0.15,1
50.8,2,0,43.6201,1,0,0.1,0.1,0.15,1
50.8,3,0,36.7857,0,0,0.1,0.1,0.15,1
50.8,4,0,26.4974,0,0,0.1,0.1,0.15,1
50.8,5,0,25.835,0,0,0.1,0.1,0.15,1
50.8,6,0.64257,55.4035,1,1,3.28855,32.3738,6.94465,1
50.8,7,0.9,54.3172,1,1,3.28855,25.6049,6.29387,1
50.9,0,0,25.8844,0,0,0.1,0.1,0.15,1
50.9,1,0,25.7863,0,0,0.1,0.1,0.15,1
50.9,2,0,43.321,1,0,0.1,0.1,0.15,1
50.9,3,0,36.6005,0,0,0.1,0.1,0.15,1
50.9,4,0,26.4837,0,0,0.1,0.1,0.15,1
50.9,5,0,25.8324,0,0,0.1,0.1,0.15,1
50.9,6,0.642167,55.4681,1,1,4.4578,32.4825,7.61781,1
50.9,7,0.9,54.2637,1,1,4.4578,13.525,5.80132,1
51,0,0,25.8809,0,0,0.1,0.1,0.15,1
51,1,0,25.7845,0,0,0.1,0.1,0.15,1
51,2,0,43.0269,1,0,0.1,0.1,0.15,1
51,3,0,36.4185,0,0,0.1,0.1,0.15,1
51,4,0,26.4702,0,0,0.1,0.1,0.15,1
51,5,0,25.8297,0,0,0.1,0.1,0.15,1
51,6,0.641753,55.5467,1,1,4.61754,33.5962,7.81826,1
51,7,0.9,54.203,1,1,4.61754,11.4077,5.69388,1
51.1,0,0,25.8775,0,0,0.1,0.1,0.15,1
51.1,1,0,25.7826,0,0,0.1,0.1,0.15,1
51.1,2,0,42.7377,1,0,0.1,0.1,0.15,1
51.1,3,0,36.2394,0,0,0.1,0.1,0.15,1
51.1,4,0,26.457,0,0,0.1,0.1,0.15,1
51.1,5,0,25.8272,0,0,0.1,0.1,0.15,1
51.1,6,0.641324,55.646,1,1,4.77672,35.6731,8.11164,1
51.1,7,0.9,54.1965,1,1,4.77672,17.8615,6.40252,1
51.2,0,0,25.8741,0,0,0.1,0.1,0.15,1
51.2,1,0,25.7809,0,0,0.1,0.1,0.15,1
51.2,2,0,42.4534,1,0,0.1,0.1,0.15,1
51.2,3,0,36.0633,0,0,0.1,0.1,0.15,1
51.2,4,0,26.4439,0,0,0.1,0.1,0.15,1
51.2,5,0,25.8246,0,0,0.1,0.1,0.15,1
51.2,6,0.640951,55.6641,1,1,5.05622,22.9062,7.05159,1
51.2,7,0.9,54.2022,1,1,5.05622,17.8081,6.56366,1
51.3,0,0,25.8708,0,0,0.1,0.1,0.15,1
51.3,1,0,25.7791,0,0,0.1,0.1,0.15,1
51.3,2,0,42.1737,1,0,0.1,0.1,0.15,1
51.3,3,0,35.8902,0,0,0.1,0.1,0.15,1
51.3,4,0,26.4311,0,0,0.1,0.1,0.15,1
51.3,5,0,25.8221,0,0,0.1,0.1,0.15,1
51.3,6,0.640566,55.6988,1,1,3.4953,34.6418,7.27712,1
51.3,7,0.9,54.2064,1,1,3.4953,27.0424,6.54637,1
51.4,0,0,25.8675,0,0,0.1,0.1,0.15,1
51.4,1,0,25.7774,0,0,0.1,0.1,0.15,1
51.4,2,0,41.8988,1,0,0.1,0.1,0.15,1
51.4,3,0,35.7199,0,0,0.1,0.1,0.15,1
51.4,4,0,26.4185,0,0,0.1,0.1,0.15,1
51.4,5,0,25.8197,0,0,0.1,0.1,0.15,1
51.4,6,0.640148,55.7791,1,1,4.76713,33.4541,7.89262,1
51.4,7,0.9,54.192,1,1,4.76713,16.8271,6.29802,1
51.5,0,0,25.8643,0,0,0.1,0.1,0.15,1
51.5,1,0,25.7756,0,0,0.1,0.1,0.15,1
51.5,2,0,41.6284,1,0,0.1,0.1,0.15,1
51.5,3,0,35.5525,0,0,0.1,0.1,0.15,1
51.5,4,0,26.4061,0,0,0.1,0.1,0.15,1
51.5,5,0,25.8173,0,0,0.1,0.1,0.15,1
51.5,6,0.63971,55.8877,1,1,4.77765,37.5,8.2879,1
51.5,7,0.9,54.1482,1,1,4.77765,12.61,5.90249,1
51.6,0,0,25.8612,0,0,0.1,0.1,0.15,1
51.6,1,0,25.774,0,0,0.1,0.1,0.15,1
51.6,2,0,41.3625,1,0,0.1,0.1,0.15,1
51.6,3,0,35.3879,0,0,0.1,0.1,0.15,1
51.6,4,0,26.3939,0,0,0.1,0.1,0.15,1
51.6,5,0,25.8149,0,0,0.1,0.1,0.15,1
51.6,6,0.639263,56.006,1,1,5.75695,32.9743,8.44179,1
51.6,7,0.9,54.2022,1,1,5.75695,19.9987,7.19737,1
51.7,0,0,25.858,0,0,0.1,0.1,0.15,1
51.7,1,0,25.7723,0,0,0.1,0.1,0.15,1
51.7,2,0,41.101,1,0,0.1,0.1,0.15,1
51.7,3,0,35.226,0,0,0.1,0.1,0.15,1
51.7,4,0,26.3819,0,0,0.1,0.1,0.15,1
51.7,5,0,25.8126,0,0,0.1,0.1,0.15,1
51.7,6,0.638878,56.0356,1,1,4.8414,26.6632,7.28415,1
51.7,7,0.9,54.2082,1,1,4.8414,19.2079,6.56957,1
51.8,0,0,25.855,0,0,0.1,0.1,0.15,1
51.8,1,0,25.7707,0,0,0.1,0.1,0.15,1
51.8,2,0,40.8439,1,0,0.1,0.1,0.15,1
51.8,3,0,35.0668,0,0,0.1,0.1,0.15,1
51.8,4,0,26.3702,0,0,0.1,0.1,0.15,1
51.8,5,0,25.8103,0,0,0.1,0.1,0.15,1
51.8,6,0.63849,56.0686,1,1,3.93808,32.6734,7.33685,1
51.8,7,0.9,54.1817,1,1,3.93808,20.1839,6.13755,1
51.9,0,0,25.852,0,0,0.1,0.1,0.15,1
51.9,1,0,25.7691,0,0,0.1,0.1,0.15,1
51.9,2,0,40.5911,1,0,0.1,0.1,0.15,1
51.9,3,0,34.9103,0,0,0.1,0.1,0.15,1
51.9,4,0,26.3586,0,0,0.1,0.1,0.15,1
51.9,5,0,25.808,0,0,0.1,0.1,0.15,1
51.9,6,0.638092,56.1144,1,1,4.57643,30.6909,7.51491,1
51.9,7,0.9,54.1289,1,1,4.57643,12.573,5.7803,1
52,0,0,25.849,0,0,0.1,0.1,0.15,1
52,1,0,25.7675,0,0,0.1,0.1,0.15,1
52,2,0,40.3425,1,0,0.1,0.1,0.15,1
52,3,0,34.7564,0,0,0.1,0.1,0.15,1
52,4,0,26.3472,0,0,0.1,0.1,0.15,1
52,5,0,25.8058,0,0,0.1,0.1,0.15,1
52,6,0.637688,56.1688,1,1,4.40842,33.0045,7.63925,1
52,7,0.9,54.091,1,1,4.40842,15.577,5.96807,1
52.1,0,0,25.8461,0,0,0.1,0.1,0.15,1
52.1,1,0,25.766,0,0,0.1,0.1,0.15,1
52.1,2,0,40.098,1,0,0.1,0.1,0.15,1
52.1,3,0,34.605,0,0,0.1,0.1,0.15,1
52.1,4,0,26.336,0,0,0.1,0.1,0.15,1
52.1,5,0,25.8036,0,0,0.1,0.1,0.15,1
52.1,6,0.637294,56.2078,1,1,6.30018,19.1027,7.44758,1
52.1,7,0.9,53.9578,1,1,3.59423,7,4.68914,1
52.2,0,0,25.8433,0,0,0.1,0.1,0.15,1
52.2,1,0,25.7645,0,0,0.1,0.1,0.15,1
52.2,2,0,39.8576,1,0,0.1,0.1,0.15,1
52.2,3,0,34.4562,0,0,0.1,0.1,0.15,1
52.2,4,0,26.325,0,0,0.1,0.1,0.15,1
52.2,5,0,25.8015,0,0,0.1,0.1,0.15,1
52.2,6,0.636955,56.1679,1,1,3.17536,27.3842,6.40281,1
52.2,7,0.9,53.8355,1,1,3.17536,10.6922,4.80461,1
52.3,0,0,25.8405,0,0,0.1,0.1,0.15,1
52.3,1,0,25.763,0,0,0.1,0.1,0.15,1
52.3,2,0,39.6213,1,0,0.1,0.1,0.15,1
52.3,3,0,34.3098,0,0,0.1,0.1,0.15,1
52.3,4,0,26.3141,0,0,0.1,0.1,0.15,1
52.3,5,0,25.7994,0,0,0.1,0.1,0.15,1
52.3,6,0.636594,56.1599,1,1,3.81994,27.9839,6.81903,1
52.3,7,0.9,53.7307,1,1,3.81994,9.05422,5.00975,1
52.4,0,0,25.8377,0,0,0.1,0.1,0.15,1
52.4,1,0,25.7615,0,0,0.1,0.1,0.15,1
52.4,2,0,39.3888,1,0,0.1,0.1,0.15,1
52.4,3,0,34.1659,0,0,0.1,0.1,0.15,1
52.4,4,0,26.3035,0,0,0.1,0.1,0.15,1
52.4,5,0,25.7973,0,0,0.1,0.1,0.15,1
52.4,6,0.636209,56.1868,1,1,3.97549,31.888,7.28263,1
52.4,7,0.9,53.6544,1,1,3.97549,11.8971,5.36763,1
52.5,0,0,25.835,0,0,0.1,0.1,0.15,1
52.5,1,0,25.7601,0,0,0.1,0.1,0.15,1
52.5,2,0,39.1603,1,0,0.1,0.1,0.15,1
52.5,3,0,34.0244,0,0,0.1,0.1,0.15,1
52.5,4,0,26.293,0,0,0.1,0.1,0.15,1
52.5,5,0,25.7953,0,0,0.1,0.1,0.15,1
52.5,6,0.635798,56.2494,1,1,4.48293,33.8678,7.76564,1
52.5,7,0.9,53.5707,1,1,4.48293,7.5589,5.25198,1
52.6,0,0,25.8324,0,0,0.1,0.1,0.15,1
52.6,1,0,25.7587,0,0,0.1,0.1,0.15,1
52.6,2,0,38.9355,0,0,0.1,0.1,0.15,1
52.6,3,0,33.8852,0,0,0.1,0.1,0.15,1
52.6,4,0,26.2827,0,0,0.1,0.1,0.15,1
52.6,5,0,25.7933,0,0,0.1,0.1,0.15,1
52.6,6,0.635392,56.3036,1,1,4.79384,30.9486,7.66758,1
52.6,7,0.9,53.5331,1,1,4.79384,11.9352,5.84802,1
52.7,0,0,25.8297,0,0,0.1,0.1,0.15,1
52.7,1,0,25.7573,0,0,0.1,0.1,0.15,1
52.7,2,0,38.7145,0,0,0.1,0.1,0.15,1
52.7,3,0,33.7484,0,0,0.1,0.1,0.15,1
52.7,4,0,26.2726,0,0,0.1,0.1,0.15,1
52.7,5,0,25.7913,0,0,0.1,0.1,0.15,1
52.7,6,0.635056,56.2585,1,1,4.4678,19.2572,6.35445,1
52.7,7,0.9,53.491,1,1,4.4678,13.2294,5.77904,1
52.8,0,0,25.8272,0,0,0.1,0.1,0.15,1
52.8,1,0,25.7559,0,0,0.1,0.1,0.15,1
52.8,2,0,38.4972,0,0,0.1,0.1,0.15,1
52.8,3,0,33.6139,0,0,0.1,0.1,0.15,1
52.8,4,0,26.2626,0,0,0.1,0.1,0.15,1
52.8,5,0,25.7894,0,0,0.1,0.1,0.15,1
52.8,6,0.634725,56.2072,1,1,2.96563,27.1099,6.26263,1
52.8,7,0.9,53.4036,1,1,2.96563,15.678,5.16575,1
52.9,0,0,25.8246,0,0,0.1,0.1,0.15,1
52.9,1,0,25.7545,0,0,0.1,0.1,0.15,1
52.9,2,0,38.2835,0,0,0.1,0.1,0.15,1
52.9,3,0,33.4815,0,0,0.1,0.1,0.15,1
52.9,4,0,26.2528,0,0,0.1,0.1,0.15,1
52.9,5,0,25.7874,0,0,0.1,0.1,0.15,1
52.9,6,0.634332,56.2435,1,1,6.89158,14.8986,7.41886,1
52.9,7,0.9,53.2056,1,1,1.67134,7,3.67141,1
53,0,0,25.8221,0,0,0.1,0.1,0.15,1
53,1,0,25.7532,0,0,0.1,0.1,0.15,1
53,2,0,38.0733,0,0,0.1,0.1,0.15,1
53,3,0,33.3514,0,0,0.1,0.1,0.15,1
53,4,0,26.2432,0,0,0.1,0.1,0.15,1
53,5,0,25.7856,0,0,0.1,0.1,0.15,1
53,6,0.63394,56.2791,1,1,4.1414,32.3031,7.41748,1
53,7,0.9,53.0148,1,1,1.77869,7,3.72417,1
53.1,0,0,25.8197,0,0,0.1,0.1,0.15,1
53.1,1,0,25.7519,0,0,0.1,0.1,0.15,1
53.1,2,0,37.8667,0,0,0.1,0.1,0.15,1
53.1,3,0,33.2235,0,0,0.1,0.1,0.15,1
53.1,4,0,26.2337,0,0,0.1,0.1,0.15,1
53.1,5,0,25.7837,0,0,0.1,0.1,0.15,1
53.1,6,0.633338,56.6104,1,1,11.3889,24.7783,11.3686,1
53.1,7,0.9,52.8585,1,1,3.23351,3.23351,4.14183,1
53.2,0,0,25.8173,0,0,0.1,0.1,0.15,1
53.2,1,0,25.7506,0,0,0.1,0.1,0.15,1
53.2,2,0,37.6635,0,0,0.1,0.1,0.15,1
53.2,3,0,33.0977,0,0,0.1,0.1,0.15,1
53.2,4,0,26.2244,0,0,0.1,0.1,0.15,1
53.2,5,0,25.7819,0,0,0.1,0.1,0.15,1
53.2,6,0.632949,56.6351,1,1,4.5209,29.3435,7.35295,1
53.2,7,0.9,52.8369,1,1,4.5209,14.2026,5.90276,1
53.3,0,0,25.8149,0,0,0.1,0.1,0.15,1
53.3,1,0,25.7494,0,0,0.1,0.1,0.15,1
53.3,2,0,37.4637,0,0,0.1,0.1,0.15,1
53.3,3,0,32.974,0,0,0.1,0.1,0.15,1
53.3,4,0,26.2153,0,0,0.1,0.1,0.15,1
53.3,5,0,25.7801,0,0,0.1,0.1,0.15,1
53.3,6,0.632556,56.6653,1,1,4.23304,31.9202,7.43343,1
53.3,7,0.9,52.803,1,1,4.23304,14.1863,5.73361,1
53.4,0,0,25.8126,0,0,0.1,0.1,0.15,1
53.4,1,0,25.7481,0,0,0.1,0.1,0.15,1
53.4,2,0,37.2672,0,0,0.1,0.1,0.15,1
53.4,3,0,32.8523,0,0,0.1,0.1,0.15,1
53.4,4,0,26.2063,0,0,0.1,0.1,0.15,1
53.4,5,0,25.7784,0,0,0.1,0.1,0.15,1
53.4,6,0.632166,56.69,1,1,4.51916,29.4878,7.3658,1
53.4,7,0.9,52.824,1,1,4.51916,20.0309,6.45853,1
53.5,0,0,25.8103,0,0,0.1,0.1,0.15,1
53.5,1,0,25.7469,0,0,0.1,0.1,0.15,1
53.5,2,0,37.074,0,0,0.1,0.1,0.15,1
53.5,3,0,32.7327,0,0,0.1,0.1,0.15,1
53.5,4,0,26.1974,0,0,0.1,0.1,0.15,1
53.5,5,0,25.7767,0,0,0.1,0.1,0.15,1
53.5,6,0.631807,56.6703,1,1,4.25087,25.0057,6.77948,1
53.5,7,0.9,52.8867,1,1,4.25087,27.5057,7.01952,1
53.6,0,0,25.808,0,0,0.1,0.1,0.15,1
53.6,1,0,25.7457,0,0,0.1,0.1,0.15,1
53.6,2,0,36.884,0,0,0.1,0.1,0.15,1
53.6,3,0,32.6151,0,0,0.1,0.1,0.15,1
53.6,4,0,26.1887,0,0,0.1,0.1,0.15,1
53.6,5,0,25.775,0,0,0.1,0.1,0.15,1
53.6,6,0.631438,56.6668,1,1,3.96958,28.8868,6.99078,1
53.6,7,0.9,52.8885,1,1,3.96958,20.8618,6.22047,1
53.7,0,0,25.8058,0,0,0.1,0.1,0.15,1
53.7,1,0,25.7445,0,0,0.1,0.1,0.15,1
53.7,2,0,36.6972,0,0,0.1,0.1,0.15,1
53.7,3,0,32.4994,0,0,0.1,0.1,0.15,1
53.7,4,0,26.1801,0,0,0.1,0.1,0.15,1
53.7,5,0,25.7733,0,0,0.1,0.1,0.15,1
53.7,6,0.631044,56.6962,1,1,4.10705,32.6348,7.42966,1
53.7,7,0.9,52.9005,1,1,4.10705,21.4727,6.35773,1
53.8,0,0,25.8036,0,0,0.1,0.1,0.15,1
53.8,1,0,25.7434,0,0,0.1,0.1,0.15,1
53.8,2,0,36.5135,0,0,0.1,0.1,0.15,1
53.8,3,0,32.3857,0,0,0.1,0.1,0.15,1
53.8,4,0,26.1717,0,0,0.1,0.1,0.15,1
53.8,5,0,25.7717,0,0,0.1,0.1,0.15,1
53.8,6,0.630622,56.766,1,1,4.72206,34.5838,7.97466,1
53.8,7,0.9,52.8265,1,1,4.50651,7,5.21357,1
53.9,0,0,25.8015,0,0,0.1,0.1,0.15,1
53.9,1,0,25.7422,0,0,0.1,0.1,0.15,1
53.9,2,0,36.3329,0,0,0.1,0.1,0.15,1
53.9,3,0,32.2738,0,0,0.1,0.1,0.15,1
53.9,4,0,26.1634,0,0,0.1,0.1,0.15,1
53.9,5,0,25.77,0,0,0.1,0.1,0.15,1
53.9,6,0.630185,56.8563,1,1,4.91323,36.4043,8.26276,1
53.9,7,0.9,52.7845,1,1,4.91323,8.80682,5.62335,1
54,0,0,25.7994,0,0,0.1,0.1,0.15,1
54,1,0,25.7411,0,0,0.1,0.1,0.15,1
54,2,0,36.1552,0,0,0.1,0.1,0.15,1
54,3,0,32.1638,0,0,0.1,0.1,0.15,1
54,4,0,26.1553,0,0,0.1,0.1,0.15,1
54,5,0,25.7685,0,0,0.1,0.1,0.15,1
54,6,0.629767,56.9188,1,1,5.16469,31.2039,7.91287,1
54,7,0.9,52.7606,1,1,5.16469,9.68118,5.85621,1
54.1,0,0,25.7973,0,0,0.1,0.1,0.15,1
54.1,1,0,25.74,0,0,0.1,0.1,0.15,1
54.1,2,0,35.9806,0,0,0.1,0.1,0.15,1
54.1,3,0,32.0557,0,0,0.1,0.1,0.15,1
54.1,4,0,26.1473,0,0,0.1,0.1,0.15,1
54.1,5,0,25.7669,0,0,0.1,0.1,0.15,1
54.1,6,0.629269,57.092,1,1,8.12484,27.3352,9.40229,1
54.1,7,0.9,52.5917,1,1,2.16024,7,3.91624,1
54.2,0,0,25.7952,0,0,0.1,0.1,0.15,1
54.2,1,0,25.7389,0,0,0.1,0.1,0.15,1
54.2,2,0,35.8088,0,0,0.1,0.1,0.15,1
54.2,3,0,31.9493,0,0,0.1,0.1,0.15,1
54.2,4,0,26.1394,0,0,0.1,0.1,0.15,1
54.2,5,0,25.7654,0,0,0.1,0.1,0.15,1
54.2,6,0.628734,57.3161,1,1,11.0813,13.9162,10.1191,1
54.2,7,0.9,52.3672,1,1,1.58831,1.58831,3.13802,1
54.3,0,0,25.7932,0,0,0.1,0.1,0.15,1
54.3,1,0,25.7379,0,0,0.1,0.1,0.15,1
54.3,2,0,35.6399,0,0,0.1,0.1,0.15,1
54.3,3,0,31.8448,0,0,0.1,0.1,0.15,1
54.3,4,0,26.1317,0,0,0.1,0.1,0.15,1
54.3,5,0,25.7639,0,0,0.1,0.1,0.15,1
54.3,6,0.628248,57.4664,1,1,7.8117,27.1989,9.1851,1
54.3,7,0.9,52.092,1,1,0.173226,0.173226,2.41323,1
54.4,0,0,25.7913,0,0,0.1,0.1,0.15,1
54.4,1,0,25.7368,0,0,0.1,0.1,0.15,1
54.4,2,0,35.4738,0,0,0.1,0.1,0.15,1
54.4,3,0,31.7419,0,0,0.1,0.1,0.15,1
54.4,4,0,26.1241,0,0,0.1,0.1,0.15,1
54.4,5,0,25.7624,0,0,0.1,0.1,0.15,1
54.4,6,0.627794,57.5683,1,1,7.22532,24.7632,8.57369,1
54.4,7,0.9,51.9465,1,1,2.47699,7,4.08056,1
54.5,0,0,25.7893,0,0,0.1,0.1,0.15,1
54.5,1,0,25.7358,0,0,0.1,0.1,0.15,1
54.5,2,0,35.3105,0,0,0.1,0.1,0.15,1
54.5,3,0,31.6408,0,0,0.1,0.1,0.15,1
54.5,4,0,26.1166,0,0,0.1,0.1,0.15,1
54.5,5,0,25.7609,0,0,0.1,0.1,0.15,1
54.5,6,0.627428,57.5449,1,1,3.99857,28.0408,6.92602,1
54.5,7,0.9,51.9281,1,1,3.99857,15.6866,5.74184,1
54.6,0,0,25.7874,0,0,0.1,0.1,0.15,1
54.6,1,0,25.7348,0,0,0.1,0.1,0.15,1
54.6,2,0,35.1499,0,0,0.1,0.1,0.15,1
54.6,3,0,31.5414,0,0,0.1,0.1,0.15,1
54.6,4,0,26.1092,0,0,0.1,0.1,0.15,1
54.6,5,0,25.7595,0,0,0.1,0.1,0.15,1
54.6,6,0.627013,57.5902,1,1,4.00492,37.4579,7.83517,1
54.6,7,0.9,51.9402,1,1,4.00492,19.8749,6.1461,1
54.7,0,0,25.7856,0,0,0.1,0.1,0.15,1
54.7,1,0,25.7338,0,0,0.1,0.1,0.15,1
54.7,2,0,34.992,0,0,0.1,0.1,0.15,1
54.7,3,0,31.4436,0,0,0.1,0.1,0.15,1
54.7,4,0,26.102,0,0,0.1,0.1,0.15,1
54.7,5,0,25.7581,0,0,0.1,0.1,0.15,1
54.7,6,0.626624,57.5979,1,1,5.18285,25.1826,7.34569,1
54.7,7,0.9,51.923,1,1,5.18285,8.50935,5.75687,1
54.8,0,0,25.7837,0,0,0.1,0.1,0.15,1
54.8,1,0,25.7328,0,0,0.1,0.1,0.15,1
54.8,2,0,34.8367,0,0,0.1,0.1,0.15,1
54.8,3,0,31.3475,0,0,0.1,0.1,0.15,1
54.8,4,0,26.0949,0,0,0.1,0.1,0.15,1
54.8,5,0,25.7567,0,0,0.1,0.1,0.15,1
54.8,6,0.626256,57.5765,1,1,3.79568,29.5771,6.95842,1
54.8,7,0.9,51.8992,1,1,3.79568,16.0942,5.66528,1
54.9,0,0,25.7819,0,0,0.1,0.1,0.15,1
54.9,1,0,25.7318,0,0,0.1,0.1,0.15,1
54.9,2,0,34.684,0,0,0.1,0.1,0.15,1
54.9,3,0,31.2529,0,0,0.1,0.1,0.15,1
54.9,4,0,26.0879,0,0,0.1,0.1,0.15,1
54.9,5,0,25.7553,0,0,0.1,0.1,0.15,1
54.9,6,0.62585,57.6094,1,1,4.17159,34.8349,7.67831,1
54.9,7,0.9,51.872,1,1,4.17159,13.3148,5.61511,1
55,0,0,25.7801,0,0,0.1,0.1,0.15,1
55,1,0,25.7309,0,0,0.1,0.1,0.15,1
55,2,0,34.5339,0,0,0.1,0.1,0.15,1
55,3,0,31.16,0,0,0.1,0.1,0.15,1
55,4,0,26.081,0,0,0.1,0.1,0.15,1
55,5,0,25.754,0,0,0.1,0.1,0.15,1
55,6,0.625436,57.6533,1,1,5.42105,28.7499,7.8316,1
55,7,0.9,51.8154,1,1,4.51231,7,5.21697,1
55.1,0,0,25.7784,0,0,0.1,0.1,0.15,1
55.1,1,0,25.73,0,0,0.1,0.1,0.15,1
55.1,2,0,34.3862,0,0,0.1,0.1,0.15,1
55.1,3,0,31.0686,0,0,0.1,0.1,0.15,1
55.1,4,0,26.0742,0,0,0.1,0.1,0.15,1
55.1,5,0,25.7527,0,0,0.1,0.1,0.15,1
55.1,6,0.624925,57.8332,1,1,7.86504,31.7324,9.65458,1
55.1,7,0.9,51.6514,1,1,1.87558,7,3.77229,1
55.2,0,0,25.7766,0,0,0.1,0.1,0.15,1
55.2,1,0,25.729,0,0,0.1,0.1,0.15,1
55.2,2,0,34.241,0,0,0.1,0.1,0.15,1
55.2,3,0,30.9787,0,0,0.1,0.1,0.15,1
55.2,4,0,26.0676,0,0,0.1,0.1,0.15,1
55.2,5,0,25.7514,0,0,0.1,0.1,0.15,1
55.2,6,0.624274,58.2092,1,1,12.3742,27.3595,12.3094,1
55.2,7,0.9,51.4473,1,1,1.69784,1.69784,3.20099,1
55.3,0,0,25.775,0,0,0.1,0.1,0.15,1
55.3,1,0,25.7281,0,0,0.1,0.1,0.15,1
55.3,2,0,34.0983,0,0,0.1,0.1,0.15,1
55.3,3,0,30.8903,0,0,0.1,0.1,0.15,1
55.3,4,0,26.061,0,0,0.1,0.1,0.15,1
55.3,5,0,25.7501,0,0,0.1,0.1,0.15,1
55.3,6,0.623605,58.6034,1,1,12.4168,30.4563,12.6362,1
55.3,7,0.9,51.2886,1,1,2.6309,2.6309,3.76129,1
55.4,0,0,25.7733,0,0,0.1,0.1,0.15,1
55.4,1,0,25.7273,0,0,0.1,0.1,0.15,1
55.4,2,0,33.9579,0,0,0.1,0.1,0.15,1
55.4,3,0,30.8033,0,0,0.1,0.1,0.15,1
55.4,4,0,26.0546,0,0,0.1,0.1,0.15,1
55.4,5,0,25.7489,0,0,0.1,0.1,0.15,1
55.4,6,0.622912,59.0262,1,1,13.3978,28.0194,13.1047,1
55.4,7,0.9,51.1684,1,1,3.38608,3.38608,4.24013,1
55.5,0,0,25.7716,0,0,0.1,0.1,0.15,1
55.5,1,0,25.7264,0,0,0.1,0.1,0.15,1
55.5,2,0,33.8198,0,0,0.1,0.1,0.15,1
55.5,3,0,30.7179,0,0,0.1,0.1,0.15,1
55.5,4,0,26.0483,0,0,0.1,0.1,0.15,1
55.5,5,0,25.7476,0,0,0.1,0.1,0.15,1
55.5,6,0.622239,59.4123,1,1,12.9429,27.3044,12.7095,1
55.5,7,0.9,50.992,1,1,2.14136,2.14136,3.46238,1
55.6,0,0,25.77,0,0,0.1,0.1,0.15,1
55.6,1,0,25.7255,0,0,0.1,0.1,0.15,1
55.6,2,0,33.6841,0,0,0.1,0.1,0.15,1
55.6,3,0,30.6338,0,0,0.1,0.1,0.15,1
55.6,4,0,26.042,0,0,0.1,0.1,0.15,1
55.6,5,0,25.7464,0,0,0.1,0.1,0.15,1
55.6,6,0.621682,59.6286,1,1,10.3475,23.5522,10.5305,1
55.6,7,0.9,50.8274,1,1,1.48652,7,3.58204,1
55.7,0,0,25.7685,0,0,0.1,0.1,0.15,1
55.7,1,0,25.7247,0,0,0.1,0.1,0.15,1
55.7,2,0,33.5506,0,0,0.1,0.1,0.15,1
55.7,3,0,30.5512,0,0,0.1,0.1,0.15,1
55.7,4,0,26.0359,0,0,0.1,0.1,0.15,1
55.7,5,0,25.7452,0,0,0.1,0.1,0.15,1
55.7,6,0.621272,59.6329,1,1,4.23746,35.2134,7.75266,1
55.7,7,0.9,50.7824,1,1,4.23746,7.87839,5.13885,1
55.8,0,0,25.7669,0,0,0.1,0.1,0.15,1
55.8,1,0,25.7239,0,0,0.1,0.1,0.15,1
55.8,2,0,33.4193,0,0,0.1,0.1,0.15,1
55.8,3,0,30.4699,0,0,0.1,0.1,0.15,1
55.8,4,0,26.0299,0,0,0.1,0.1,0.15,1
55.8,5,0,25.7441,0,0,0.1,0.1,0.15,1
55.8,6,0.620833,59.6772,1,1,4.93136,36.5459,8.28714,1
55.8,7,0.9,50.7892,1,1,4.93136,10.7755,5.81988,1
55.9,0,0,25.7654,0,0,0.1,0.1,0.15,1
55.9,1,0,25.723,0,0,0.1,0.1,0.15,1
55.9,2,0,33.2903,0,0,0.1,0.1,0.15,1
55.9,3,0,30.39,0,0,0.1,0.1,0.15,1
55.9,4,0,26.024,0,0,0.1,0.1,0.15,1
55.9,5,0,25.7429,0,0,0.1,0.1,0.15,1
55.9,6,0.620382,59.739,1,1,5.18465,37.5,8.53007,1
55.9,7,0.9,50.8073,1,1,5.18465,10.7861,5.97257,1
56,0,0,25.7639,0,0,0.1,0.1,0.15,1
56,1,0,25.7222,0,0,0.1,0.1,0.15,1
56,2,0,33.1634,0,0,0.1,0.1,0.15,1
56,3,0,30.3114,0,0,0.1,0.1,0.15,1
56,4,0,26.0182,0,0,0.1,0.1,0.15,1
56,5,0,25.7418,0,0,0.1,0.1,0.15,1
56,6,0.619925,59.8082,1,1,5.37239,37.5,8.64304,1
56,7,0.9,50.8301,1,1,5.37239,10.287,6.03874,1
56.1,0,0,25.7624,0,0,0.1,0.1,0.15,1
56.1,1,0,25.7215,0,0,0.1,0.1,0.15,1
56.1,2,0,33.0385,0,0,0.1,0.1,0.15,1
56.1,3,0,30.2341,0,0,0.1,0.1,0.15,1
56.1,4,0,26.0125,0,0,0.1,0.1,0.15,1
56.1,5,0,25.7407,0,0,0.1,0.1,0.15,1
56.1,6,0.619502,59.8267,1,1,5.39659,30.4615,7.98116,1
56.1,7,0.9,50.8908,1,1,5.39659,15.5134,6.54953,1
56.2,0,0,25.7609,0,0,0.1,0.1,0.15,1
56.2,1,0,25.7207,0,0,0.1,0.1,0.15,1
56.2,2,0,32.9158,0,0,0.1,0.1,0.15,1
56.2,3,0,30.1582,0,0,0.1,0.1,0.15,1
56.2,4,0,26.0068,0,0,0.1,0.1,0.15,1
56.2,5,0,25.7396,0,0,0.1,0.1,0.15,1
56.2,6,0.619137,59.7643,1,1,4.48226,24.933,6.90689,1
56.2,7,0.9,50.8582,1,1,4.48226,8.28374,5.31955,1
56.3,0,0,25.7595,0,0,0.1,0.1,0.15,1
56.3,1,0,25.7199,0,0,0.1,0.1,0.15,1
56.3,2,0,32.7951,0,0,0.1,0.1,0.15,1
56.3,3,0,30.0834,0,0,0.1,0.1,0.15,1
56.3,4,0,26.0013,0,0,0.1,0.1,0.15,1
56.3,5,0,25.7385,0,0,0.1,0.1,0.15,1
56.3,6,0.618762,59.7162,1,1,3.6769,31.5822,7.08429,1
56.3,7,0.9,50.8159,1,1,3.6769,11.7276,5.18195,1
56.4,0,0,25.7581,0,0,0.1,0.1,0.15,1
56.4,1,0,25.7192,0,0,0.1,0.1,0.15,1
56.4,2,0,32.6765,0,0,0.1,0.1,0.15,1
56.4,3,0,30.01,0,0,0.1,0.1,0.15,1
56.4,4,0,25.9959,0,0,0.1,0.1,0.15,1
56.4,5,0,25.7374,0,0,0.1,0.1,0.15,1
56.4,6,0.618381,59.6773,1,1,4.40739,28.4097,7.19708,1
56.4,7,0.9,50.7992,1,1,4.40739,10.8044,5.51357,1
56.5,0,0,25.7567,0,0,0.1,0.1,0.15,1
56.5,1,0,25.7184,0,0,0.1,0.1,0.15,1
56.5,2,0,32.5598,0,0,0.1,0.1,0.15,1
56.5,3,0,29.9377,0,0,0.1,0.1,0.15,1
56.5,4,0,25.9905,0,0,0.1,0.1,0.15,1
56.5,5,0,25.7364,0,0,0.1,0.1,0.15,1
56.5,6,0.618052,59.5663,1,1,4.10214,20.1243,6.2257,1
56.5,7,0.9,50.7798,1,1,4.10214,12.2538,5.47418,1
56.6,0,0,25.7553,0,0,0.1,0.1,0.15,1
56.6,1,0,25.7177,0,0,0.1,0.1,0.15,1
56.6,2,0,32.445,0,0,0.1,0.1,0.15,1
56.6,3,0,29.8667,0,0,0.1,0.1,0.15,1
56.6,4,0,25.9853,0,0,0.1,0.1,0.15,1
56.6,5,0,25.7354,0,0,0.1,0.1,0.15,1
56.6,6,0.617719,59.4617,1,1,3.0283,27.0002,6.28594,1
56.6,7,0.9,50.6887,1,1,3.0283,8.48575,4.51538,1
56.7,0,0,25.754,0,0,0.1,0.1,0.15,1
56.7,1,0,25.717,0,0,0.1,0.1,0.15,1
56.7,2,0,32.3322,0,0,0.1,0.1,0.15,1
56.7,3,0,29.7968,0,0,0.1,0.1,0.15,1
56.7,4,0,25.9801,0,0,0.1,0.1,0.15,1
56.7,5,0,25.7344,0,0,0.1,0.1,0.15,1
56.7,6,0.617395,59.3474,1,1,3.75356,21.2524,6.1353,1
56.7,7,0.9,50.6435,1,1,3.75356,10.4585,5.10484,1
56.8,0,0,25.7527,0,0,0.1,0.1,0.15,1
56.8,1,0,25.7163,0,0,0.1,0.1,0.15,1
56.8,2,0,32.2212,0,0,0.1,0.1,0.15,1
56.8,3,0,29.7281,0,0,0.1,0.1,0.15,1
56.8,4,0,25.975,0,0,0.1,0.1,0.15,1
56.8,5,0,25.7334,0,0,0.1,0.1,0.15,1
56.8,6,0.617054,59.2577,1,1,3.12575,28.0153,6.43643,1
56.8,7,0.9,50.586,1,1,3.12575,12.3153,4.93177,1
56.9,0,0,25.7514,0,0,0.1,0.1,0.15,1
56.9,1,0,25.7156,0,0,0.1,0.1,0.15,1
56.9,2,0,32.1121,0,0,0.1,0.1,0.15,1
56.9,3,0,29.6606,0,0,0.1,0.1,0.15,1
56.9,4,0,25.97,0,0,0.1,0.1,0.15,1
56.9,5,0,25.7324,0,0,0.1,0.1,0.15,1
56.9,6,0.616679,59.2191,1,1,3.89263,30.452,7.09744,1
56.9,7,0.9,50.5719,1,1,3.89263,13.7746,5.49898,1
57,0,0,25.7501,0,0,0.1,0.1,0.15,1
57,1,0,25.7149,0,0,0.1,0.1,0.15,1
57,2,0,32.0049,0,0,0.1,0.1,0.15,1
57,3,0,29.5941,0,0,0.1,0.1,0.15,1
57,4,0,25.9651,0,0,0.1,0.1,0.15,1
57,5,0,25.7315,0,0,0.1,0.1,0.15,1
57,6,0.616347,59.1185,1,1,4.29308,19.3606,6.26271,1
57,7,0.9,50.5749,1,1,4.29308,13.7026,5.72232,1
57.1,0,0,25.7489,0,0,0.1,0.1,0.15,1
57.1,1,0,25.7143,0,0,0.1,0.1,0.15,1
57.1,2,0,31.8994,0,0,0.1,0.1,0.15,1
57.1,3,0,29.5288,0,0,0.1,0.1,0.15,1
57.1,4,0,25.9603,0,0,0.1,0.1,0.15,1
57.1,5,0,25.7305,0,0,0.1,0.1,0.15,1
57.1,6,0.615986,59.0619,1,1,2.95671,33.0346,6.82767,1
57.1,7,0.9,50.5084,1,1,2.95671,11.8645,4.79692,1
57.2,0,0,25.7476,0,0,0.1,0.1,0.15,1
57.2,1,0,25.7136,0,0,0.1,0.1,0.15,1
57.2,2,0,31.7956,0,0,0.1,0.1,0.15,1
57.2,3,0,29.4646,0,0,0.1,0.1,0.15,1
57.2,4,0,25.9555,0,0,0.1,0.1,0.15,1
57.2,5,0,25.7296,0,0,0.1,0.1,0.15,1
57.2,6,0.615641,58.9832,1,1,4.49891,20.7929,6.51966,1
57.2,7,0.9,50.5029,1,1,4.49891,11.0913,5.59424,1
57.3,0,0,25.7464,0,0,0.1,0.1,0.15,1
57.3,1,0,25.713,0,0,0.1,0.1,0.15,1
57.3,2,0,31.6936,0,0,0.1,0.1,0.15,1
57.3,3,0,29.4014,0,0,0.1,0.1,0.15,1
57.3,4,0,25.9508,0,0,0.1,0.1,0.15,1
57.3,5,0,25.7287,0,0,0.1,0.1,0.15,1
57.3,6,0.615306,58.892,1,1,3.16148,26.7662,6.33584,1
57.3,7,0.9,50.5371,1,1,3.16148,24.56,6.12386,1
57.4,0,0,25.7452,0,0,0.1,0.1,0.15,1
57.4,1,0,25.7123,0,0,0.1,0.1,0.15,1
57.4,2,0,31.5933,0,0,0.1,0.1,0.15,1
57.4,3,0,29.3393,0,0,0.1,0.1,0.15,1
57.4,4,0,25.9462,0,0,0.1,0.1,0.15,1
57.4,5,0,25.7278,0,0,0.1,0.1,0.15,1
57.4,6,0.614899,58.9038,1,1,3.74096,37.5,7.6896,1
57.4,7,0.9,50.556,1,1,3.74096,19.15,5.9267,1
57.5,0,0,25.7441,0,0,0.1,0.1,0.15,1
57.5,1,0,25.7117,0,0,0.1,0.1,0.15,1
57.5,2,0,31.4947,0,0,0.1,0.1,0.15,1
57.5,3,0,29.2782,0,0,0.1,0.1,0.15,1
57.5,4,0,25.9417,0,0,0.1,0.1,0.15,1
57.5,5,0,25.7269,0,0,0.1,0.1,0.15,1
57.5,6,0.614457,58.9655,1,1,5.24425,35.3251,8.35671,1
57.5,7,0.9,50.5919,1,1,5.24425,12.3674,6.15826,1
57.6,0,0,25.7429,0,0,0.1,0.1,0.15,1
57.6,1,0,25.7111,0,0,0.1,0.1,0.15,1
57.6,2,0,31.3977,0,0,0.1,0.1,0.15,1
57.6,3,0,29.2182,0,0,0.1,0.1,0.15,1
57.6,4,0,25.9373,0,0,0.1,0.1,0.15,1
57.6,5,0,25.726,0,0,0.1,0.1,0.15,1
57.6,6,0.61407,58.9484,1,1,5.07117,25.6114,7.31993,1
57.6,7,0.9,50.611,1,1,5.07117,11.1808,5.94178,1
57.7,0,0,25.7418,0,0,0.1,0.1,0.15,1
57.7,1,0,25.7105,0,0,0.1,0.1,0.15,1
57.7,2,0,31.3023,0,0,0.1,0.1,0.15,1
57.7,3,0,29.1591,0,0,0.1,0.1,0.15,1
57.7,4,0,25.9329,0,0,0.1,0.1,0.15,1
57.7,5,0,25.7252,0,0,0.1,0.1,0.15,1
57.7,6,0.613694,58.9143,1,1,3.83532,30.6986,7.08865,1
57.7,7,0.9,50.6451,1,1,3.83532,20.8843,6.14626,1
57.8,0,0,25.7407,0,0,0.1,0.1,0.15,1
57.8,1,0,25.7099,0,0,0.1,0.1,0.15,1
57.8,2,0,31.2085,0,0,0.1,0.1,0.15,1
57.8,3,0,29.1011,0,0,0.1,0.1,0.15,1
57.8,4,0,25.9286,0,0,0.1,0.1,0.15,1
57.8,5,0,25.7243,0,0,0.1,0.1,0.15,1
57.8,6,0.613304,58.9024,1,1,4.31673,30.8515,7.37908,1
57.8,7,0.9,50.7024,1,1,4.31673,21.2959,6.4618,1
57.9,0,0,25.7396,0,0,0.1,0.1,0.15,1
57.9,1,0,25.7093,0,0,0.1,0.1,0.15,1
57.9,2,0,31.1163,0,0,0.1,0.1,0.15,1
57.9,3,0,29.044,0,0,0.1,0.1,0.15,1
57.9,4,0,25.9244,0,0,0.1,0.1,0.15,1
57.9,5,0,25.7235,0,0,0.1,0.1,0.15,1
57.9,6,0.612922,58.8795,1,1,4.39603,28.8001,7.22797,1
57.9,7,0.9,50.7625,1,1,4.39603,21.3532,6.51335,1
58,0,0,25.7385,0,0,0.1,0.1,0.15,1
58,1,0,25.7088,0,0,0.1,0.1,0.15,1
58,2,0,31.0256,0,0,0.1,0.1,0.15,1
58,3,0,28.9878,0,0,0.1,0.1,0.15,1
58,4,0,25.9202,0,0,0.1,0.1,0.15,1
58,5,0,25.7227,0,0,0.1,0.1,0.15,1
58,6,0.612517,58.8884,1,1,4.14951,34.6401,7.64688,1
58,7,0.9,50.7811,1,1,4.14951,17.1966,5.97275,1
58.1,0,0,25.7374,0,0,0.1,0.1,0.15,1
58.1,1,0,25.7082,0,0,0.1,0.1,0.15,1
58.1,2,0,30.9364,0,0,0.1,0.1,0.15,1
58.1,3,0,28.9326,0,0,0.1,0.1,0.15,1
58.1,4,0,25.9161,0,0,0.1,0.1,0.15,1
58.1,5,0,25.7219,0,0,0.1,0.1,0.15,1
58.1,6,0.612116,58.892,1,1,4.8487,29.6951,7.5796,1
58.1,7,0.9,50.8307,1,1,4.8487,17.2905,6.3906,1
58.2,0,0,25.7364,0,0,0.1,0.1,0.15,1
58.2,1,0,25.7076,0,0,0.1,0.1,0.15,1
58.2,2,0,30.8487,0,0,0.1,0.1,0.15,1
58.2,3,0,28.8783,0,0,0.1,0.1,0.15,1
58.2,4,0,25.9121,0,0,0.1,0.1,0.15,1
58.2,5,0,25.7211,0,0,0.1,0.1,0.15,1
58.2,6,0.611711,58.9005,1,1,4.31797,33.6059,7.6446,1
58.2,7,0.9,50.898,1,1,4.31797,23.1162,6.63703,1
58.3,0,0,25.7354,0,0,0.1,0.1,0.15,1
58.3,1,0,25.7071,0,0,0.1,0.1,0.15,1
58.3,2,0,30.7625,0,0,0.1,0.1,0.15,1
58.3,3,0,28.8249,0,0,0.1,0.1,0.15,1
58.3,4,0,25.9082,0,0,0.1,0.1,0.15,1
58.3,5,0,25.7204,0,0,0.1,0.1,0.15,1
58.3,6,0.611353,58.8437,1,1,4.74048,21.9942,6.77666,1
58.3,7,0.9,51.0535,1,1,4.74048,32.9548,7.82891,1
58.4,0,0,25.7344,0,0,0.1,0.1,0.15,1
58.4,1,0,25.7066,0,0,0.1,0.1,0.15,1
58.4,2,0,30.6777,0,0,0.1,0.1,0.15,1
58.4,3,0,28.7724,0,0,0.1,0.1,0.15,1
58.4,4,0,25.9043,0,0,0.1,0.1,0.15,1
58.4,5,0,25.7196,0,0,0.1,0.1,0.15,1
58.4,6,0.610949,58.852,1,1,4.71191,31.0737,7.63127,1
58.4,7,0.9,51.1371,1,1,4.71191,23.5097,6.90508,1
58.5,0,0,25.7334,0,0,0.1,0.1,0.15,1
58.5,1,0,25.706,0,0,0.1,0.1,0.15,1
58.5,2,0,30.5943,0,0,0.1,0.1,0.15,1
58.5,3,0,28.7208,0,0,0.1,0.1,0.15,1
58.5,4,0,25.9004,0,0,0.1,0.1,0.15,1
58.5,5,0,25.7189,0,0,0.1,0.1,0.15,1
58.5,6,0.61052,58.896,1,1,4.4732,37.5,8.10931,1
58.5,7,0.9,51.1194,1,1,4.4732,11.0143,5.5719,1
58.6,0,0,25.7324,0,0,0.1,0.1,0.15,1
58.6,1,0,25.7055,0,0,0.1,0.1,0.15,1
58.6,2,0,30.5123,0,0,0.1,0.1,0.15,1
58.6,3,0,28.67,0,0,0.1,0.1,0.15,1
58.6,4,0,25.8967,0,0,0.1,0.1,0.15,1
58.6,5,0,25.7181,0,0,0.1,0.1,0.15,1
58.6,6,0.610066,58.9746,1,1,5.53241,35.8436,8.58066,1
58.6,7,0.9,51.168,1,1,5.53241,13.6177,6.45156,1
58.7,0,0,25.7314,0,0,0.1,0.1,0.15,1
58.7,1,0,25.705,0,0,0.1,0.1,0.15,1
58.7,2,0,30.4317,0,0,0.1,0.1,0.15,1
58.7,3,0,28.6201,0,0,0.1,0.1,0.15,1
58.7,4,0,25.893,0,0,0.1,0.1,0.15,1
58.7,5,0,25.7174,0,0,0.1,0.1,0.15,1
58.7,6,0.609622,59.0383,1,1,5.172,36.2121,8.39863,1
58.7,7,0.9,51.2627,1,1,5.172,22.4559,7.07778,1
58.8,0,0,25.7305,0,0,0.1,0.1,0.15,1
58.8,1,0,25.7045,0,0,0.1,0.1,0.15,1
58.8,2,0,30.3524,0,0,0.1,0.1,0.15,1
58.8,3,0,28.571,0,0,0.1,0.1,0.15,1
58.8,4,0,25.8894,0,0,0.1,0.1,0.15,1
58.8,5,0,25.7167,0,0,0.1,0.1,0.15,1
58.8,6,0.609194,59.0772,1,1,5.17302,32.9236,8.08311,1
58.8,7,0.9,51.299,1,1,5.17302,14.5329,6.32123,1
58.9,0,0,25.7296,0,0,0.1,0.1,0.15,1
58.9,1,0,25.704,0,0,0.1,0.1,0.15,1
58.9,2,0,30.2745,0,0,0.1,0.1,0.15,1
58.9,3,0,28.5228,0,0,0.1,0.1,0.15,1
58.9,4,0,25.8858,0,0,0.1,0.1,0.15,1
58.9,5,0,25.716,0,0,0.1,0.1,0.15,1
58.9,6,0.608756,59.1302,1,1,4.76207,37.5,8.2787,1
58.9,7,0.9,51.3483,1,1,4.76207,18.9802,6.50083,1
59,0,0,25.7287,0,0,0.1,0.1,0.15,1
59,1,0,25.7035,0,0,0.1,0.1,0.15,1
59,2,0,30.1978,0,0,0.1,0.1,0.15,1
59,3,0,28.4753,0,0,0.1,0.1,0.15,1
59,4,0,25.8823,0,0,0.1,0.1,0.15,1
59,5,0,25.7153,0,0,0.1,0.1,0.15,1
59,6,0.60831,59.1935,1,1,5.36794,35.3006,8.42887,1
59,7,0.9,51.3883,1,1,5.36794,14.0099,6.38903,1
59.1,0,0,25.7278,0,0,0.1,0.1,0.15,1
59.1,1,0,25.7031,0,0,0.1,0.1,0.15,1
59.1,2,0,30.1224,0,0,0.1,0.1,0.15,1
59.1,3,0,28.4286,0,0,0.1,0.1,0.15,1
59.1,4,0,25.8788,0,0,0.1,0.1,0.15,1
59.1,5,0,25.7147,0,0,0.1,0.1,0.15,1
59.1,6,0.607886,59.2241,1,1,5.08357,32.6852,8.00665,1
59.1,7,0.9,51.3887,1,1,5.08357,10.3349,5.86921,1
59.2,0,0,25.7269,0,0,0.1,0.1,0.15,1
59.2,1,0,25.7026,0,0,0.1,0.1,0.15,1
59.2,2,0,30.0483,0,0,0.1,0.1,0.15,1
59.2,3,0,28.3827,0,0,0.1,0.1,0.15,1
59.2,4,0,25.8754,0,0,0.1,0.1,0.15,1
59.2,5,0,25.714,0,0,0.1,0.1,0.15,1
59.2,6,0.60746,59.2575,1,1,4.7211,35.3844,8.05108,1
59.2,7,0.9,51.4107,1,1,4.7211,15.6344,6.15698,1
59.3,0,0,25.726,0,0,0.1,0.1,0.15,1
59.3,1,0,25.7021,0,0,0.1,0.1,0.15,1
59.3,2,0,29.9754,0,0,0.1,0.1,0.15,1
59.3,3,0,28.3376,0,0,0.1,0.1,0.15,1
59.3,4,0,25.8721,0,0,0.1,0.1,0.15,1
59.3,5,0,25.7134,0,0,0.1,0.1,0.15,1
59.3,6,0.607018,59.3138,1,1,5.01319,36.8242,8.36258,1
59.3,7,0.9,51.4949,1,1,5.01319,22.5525,6.992,1
59.4,0,0,25.7252,0,0,0.1,0.1,0.15,1
59.4,1,0,25.7017,0,0,0.1,0.1,0.15,1
59.4,2,0,29.9038,0,0,0.1,0.1,0.15,1
59.4,3,0,28.2932,0,0,0.1,0.1,0.15,1
59.4,4,0,25.8688,0,0,0.1,0.1,0.15,1
59.4,5,0,25.7127,0,0,0.1,0.1,0.15,1
59.4,6,0.606619,59.3071,1,1,5.22968,26.8797,7.53665,1
59.4,7,0.9,51.5557,1,1,5.22968,18.1288,6.69836,1
59.5,0,0,25.7243,0,0,0.1,0.1,0.15,1
59.5,1,0,25.7012,0,0,0.1,0.1,0.15,1
59.5,2,0,29.8333,0,0,0.1,0.1,0.15,1
59.5,3,0,28.2496,0,0,0.1,0.1,0.15,1
59.5,4,0,25.8656,0,0,0.1,0.1,0.15,1
59.5,5,0,25.7121,0,0,0.1,0.1,0.15,1
59.5,6,0.606257,59.2489,1,1,4.01367,27.134,6.84753,1
59.5,7,0.9,51.5659,1,1,4.01367,18.689,6.03755,1
59.6,0,0,25.7235,0,0,0.1,0.1,0.15,1
59.6,1,0,25.7008,0,0,0.1,0.1,0.15,1
59.6,2,0,29.764,0,0,0.1,0.1,0.15,1
59.6,3,0,28.2067,0,0,0.1,0.1,0.15,1
59.6,4,0,25.8624,0,0,0.1,0.1,0.15,1
59.6,5,0,25.7115,0,0,0.1,0.1,0.15,1
59.6,6,0.605951,59.1113,1,1,3.89345,16.6678,5.77561,1
59.6,7,0.9,51.5043,1,1,3.89345,9.38264,5.08259,1
59.7,0,0,25.7227,0,0,0.1,0.1,0.15,1
59.7,1,0,25.7004,0,0,0.1,0.1,0.15,1
59.7,2,0,29.6958,0,0,0.1,0.1,0.15,1
59.7,3,0,28.1645,0,0,0.1,0.1,0.15,1
59.7,4,0,25.8593,0,0,0.1,0.1,0.15,1
59.7,5,0,25.7109,0,0,0.1,0.1,0.15,1
59.7,6,0.605605,59.0337,1,1,2.57016,32.2484,6.5466,1
59.7,7,0.9,51.5467,1,1,2.57016,31.2991,6.45525,1
59.8,0,0,25.7219,0,0,0.1,0.1,0.15,1
59.8,1,0,25.6999,0,0,0.1,0.1,0.15,1
59.8,2,0,29.6288,0,0,0.1,0.1,0.15,1
59.8,3,0,28.123,0,0,0.1,0.1,0.15,1
59.8,4,0,25.8562,0,0,0.1,0.1,0.15,1
59.8,5,0,25.7103,0,0,0.1,0.1,0.15,1
59.8,6,0.605217,59.0169,1,1,4.35232,30.2221,7.33921,1
59.8,7,0.9,51.6097,1,1,4.35232,23.9681,6.73867,1
59.9,0,0,25.7211,0,0,0.1,0.1,0.15,1
59.9,1,0,25.6995,0,0,0.1,0.1,0.15,1
59.9,2,0,29.5629,0,0,0.1,0.1,0.15,1
59.9,3,0,28.0822,0,0,0.1,0.1,0.15,1
59.9,4,0,25.8532,0,0,0.1,0.1,0.15,1
59.9,5,0,25.7097,0,0,0.1,0.1,0.15,1
59.9,6,0.60481,59.0261,1,1,4.3218,33.9682,7.68165,1
59.9,7,0.9,51.6971,1,1,4.3218,27.6938,7.07861,1
60,0,0,25.7204,0,0,0.1,0.1,0.15,1
60,1,0,25.6991,0,0,0.1,0.1,0.15,1
60,2,0,29.4981,0,0,0.1,0.1,0.15,1
60,3,0,28.0421,0,0,0.1,0.1,0.15,1
60,4,0,25.8502,0,0,0.1,0.1,0.15,1
60,5,0,25.7091,0,0,0.1,0.1,0.15,1
60,6,0.604406,59.0316,1,1,4.78624,30.6517,7.63457,1
60,7,0.9,51.7936,1,1,4.78624,26.3341,7.21993,1
60.1,0,0,25.7196,0,0,0.1,0.1,0.15,1
60.1,1,0,25.6987,0,0,0.1,0.1,0.15,1
60.1,2,0,29.4344,0,0,0.1,0.1,0.15,1
60.1,3,0,28.0026,0,0,0.1,0.1,0.15,1
60.1,4,0,25.8473,0,0,0.1,0.1,0.15,1
60.1,5,0,25.7085,0,0,0.1,0.1,0.15,1
60.1,6,0.604047,58.9737,1,1,4.42974,24.0379,6.79039,1
60.1,7,0.9,51.8328,1,1,4.42974,20.7579,6.47594,1
60.2,0,0,25.7189,0,0,0.1,0.1,0.15,1
60.2,1,0,25.6983,0,0,0.1,0.1,0.15,1
60.2,2,0,29.3717,0,0,0.1,0.1,0.15,1
60.2,3,0,27.9638,0,0,0.1,0.1,0.15,1
60.2,4,0,25.8444,0,0,0.1,0.1,0.15,1
60.2,5,0,25.708,0,0,0.1,0.1,0.15,1
60.2,6,0.603657,58.9596,1,1,3.55846,35.1605,7.3622,1
60.2,7,0.9,51.8708,1,1,3.55846,25.8833,6.47021,1
60.3,0,0,25.7181,0,0,0.1,0.1,0.15,1
60.3,1,0,25.6979,0,0,0.1,0.1,0.15,1
60.3,2,0,29.3101,0,0,0.1,0.1,0.15,1
60.3,3,0,27.9257,0,0,0.1,0.1,0.15,1
60.3,4,0,25.8416,0,0,0.1,0.1,0.15,1
60.3,5,0,25.7074,0,0,0.1,0.1,0.15,1
60.3,6,0.603062,59.238,1,1,11.3373,24.001,11.2583,1
60.3,7,0.9,51.6592,1,1,0.508282,7,3.14978,1
60.4,0,0,25.7174,0,0,0.1,0.1,0.15,1
60.4,1,0,25.6976,0,0,0.1,0.1,0.15,1
60.4,2,0,29.2495,0,0,0.1,0.1,0.15,1
60.4,3,0,27.8882,0,0,0.1,0.1,0.15,1
60.4,4,0,25.8388,0,0,0.1,0.1,0.15,1
60.4,5,0,25.7069,0,0,0.1,0.1,0.15,1
60.4,6,0.602651,59.2498,1,1,4.41729,34.2711,7.7662,1
60.4,7,0.9,51.7977,1,1,4.41729,34.3118,7.77011,1
60.5,0,0,25.7167,0,0,0.1,0.1,0.15,1
60.5,1,0,25.6972,0,0,0.1,0.1,0.15,1
60.5,2,0,29.19,0,0,0.1,0.1,0.15,1
60.5,3,0,27.8513,0,0,0.1,0.1,0.15,1
60.5,4,0,25.8361,0,0,0.1,0.1,0.15,1
60.5,5,0,25.7063,0,0,0.1,0.1,0.15,1
60.5,6,0.60223,59.2758,1,1,4.84114,33.6751,7.95761,1
60.5,7,0.9,51.8111,1,1,4.84114,14.6548,6.13465,1
60.6,0,0,25.716,0,0,0.1,0.1,0.15,1
60.6,1,0,25.6968,0,0,0.1,0.1,0.15,1
60.6,2,0,29.1314,0,0,0.1,0.1,0.15,1
60.6,3,0,27.815,0,0,0.1,0.1,0.15,1
60.6,4,0,25.8334,0,0,0.1,0.1,0.15,1
60.6,5,0,25.7058,0,0,0.1,0.1,0.15,1
60.6,6,0.601835,59.2641,1,1,4.81453,28.6718,7.4611,1
60.6,7,0.9,51.8384,1,1,4.81453,16.786,6.32215,1
60.7,0,0,25.7153,0,0,0.1,0.1,0.15,1
60.7,1,0,25.6964,0,0,0.1,0.1,0.15,1
60.7,2,0,29.0738,0,0,0.1,0.1,0.15,1
60.7,3,0,27.7793,0,0,0.1,0.1,0.15,1
60.7,4,0,25.8308,0,0,0.1,0.1,0.15,1
60.7,5,0,25.7053,0,0,0.1,0.1,0.15,1
60.7,6,0.601462,59.2222,1,1,4.1858,28.2714,7.05554,1
60.7,7,0.9,51.8783,1,1,4.1858,22.4425,6.49602,1
60.8,0,0,25.7147,0,0,0.1,0.1,0.15,1
60.8,1,0,25.6961,0,0,0.1,0.1,0.15,1
60.8,2,0,29.0171,0,0,0.1,0.1,0.15,1
60.8,3,0,27.7443,0,0,0.1,0.1,0.15,1
60.8,4,0,25.8282,0,0,0.1,0.1,0.15,1
60.8,5,0,25.7048,0,0,0.1,0.1,0.15,1
60.8,6,0.601076,59.1981,1,1,4.05715,31.4008,7.28243,1
60.8,7,0.9,51.8723,1,1,4.05715,16.9089,5.89217,1
60.9,0,0,25.714,0,0,0.1,0.1,0.15,1
60.9,1,0,25.6957,0,0,0.1,0.1,0.15,1
60.9,2,0,28.9614,0,0,0.1,0.1,0.15,1
60.9,3,0,27.7098,0,0,0.1,0.1,0.15,1
60.9,4,0,25.8256,0,0,0.1,0.1,0.15,1
60.9,5,0,25.7043,0,0,0.1,0.1,0.15,1
60.9,6,0.600693,59.1719,1,1,4.43224,28.8131,7.25028,1
60.9,7,0.9,51.8747,1,1,4.43224,15.809,6.0041,1
61,0,0,25.7133,0,0,0.1,0.1,0.15,1
61,1,0,25.6954,0,0,0.1,0.1,0.15,1
61,2,0,28.9067,0,0,0.1,0.1,0.15,1
61,3,0,27.6759,0,0,0.1,0.1,0.15,1
61,4,0,25.8231,0,0,0.1,0.1,0.15,1
61,5,0,25.7038,0,0,0.1,0.1,0.15,1
61,6,0.600323,59.1269,1,1,4.15567,27.8128,6.99414,1
61,7,0.9,51.8951,1,1,4.15567,19.9917,6.24377,1
61.1,0,0,25.7127,0,0,0.1,0.1,0.15,1
61.1,1,0,25.695,0,0,0.1,0.1,0.15,1
61.1,2,0,28.8528,0,0,0.1,0.1,0.15,1
61.1,3,0,27.6425,0,0,0.1,0.1,0.15,1
61.1,4,0,25.8206,0,0,0.1,0.1,0.15,1
61.1,5,0,25.7033,0,0,0.1,0.1,0.15,1
61.1,6,0.600026,58.979,1,1,3.99606,14.3356,5.61149,1
61.1,7,0.9,51.908,1,1,3.99606,19.9644,6.1496,1
61.2,0,0,25.7121,0,0,0.1,0.1,0.15,1
61.2,1,0,25.6947,0,0,0.1,0.1,0.15,1
61.2,2,0,28.7998,0,0,0.1,0.1,0.15,1
61.2,3,0,27.6097,0,0,0.1,0.1,0.15,1
61.2,4,0,25.8182,0,0,0.1,0.1,0.15,1
61.2,5,0,25.7029,0,0,0.1,0.1,0.15,1
61.2,6,0.599714,58.8548,1,1,2.99505,23.1238,5.89551,1
61.2,7,0.9,51.9328,1,1,2.99505,27.4385,6.31009,1
61.3,0,0,25.7115,0,0,0.1,0.1,0.15,1
61.3,1,0,25.6944,0,0,0.1,0.1,0.15,1
61.3,2,0,28.7477,0,0,0.1,0.1,0.15,1
61.3,3,0,27.5775,0,0,0.1,0.1,0.15,1
61.3,4,0,25.8158,0,0,0.1,0.1,0.15,1
61.3,5,0,25.7024,0,0,0.1,0.1,0.15,1
61.3,6,0.599378,58.767,1,1,3.80419,23.2242,6.35305,1
61.3,7,0.9,52.0204,1,1,3.80419,31.5466,7.15258,1
61.4,0,0,25.7109,0,0,0.1,0.1,0.15,1
61.4,1,0,25.6941,0,0,0.1,0.1,0.15,1
61.4,2,0,28.6965,0,0,0.1,0.1,0.15,1
61.4,3,0,27.5458,0,0,0.1,0.1,0.15,1
61.4,4,0,25.8135,0,0,0.1,0.1,0.15,1
61.4,5,0,25.7019,0,0,0.1,0.1,0.15,1
61.4,6,0.599026,58.7033,1,1,4.41885,22.6864,6.65442,1
61.4,7,0.9,52.1101,1,1,4.41885,28.3747,7.20038,1
61.5,0,0,25.7103,0,0,0.1,0.1,0.15,1
61.5,1,0,25.6937,0,0,0.1,0.1,0.15,1
61.5,2,0,28.6462,0,0,0.1,0.1,0.15,1
61.5,3,0,27.5146,0,0,0.1,0.1,0.15,1
61.5,4,0,25.8112,0,0,0.1,0.1,0.15,1
61.5,5,0,25.7015,0,0,0.1,0.1,0.15,1
61.5,6,0.598682,58.6282,1,1,4.09919,22.8695,6.48716,1
61.5,7,0.9,52.1299,1,1,4.09919,20.799,6.28865,1
61.6,0,0,25.7097,0,0,0.1,0.1,0.15,1
61.6,1,0,25.6934,0,0,0.1,0.1,0.15,1
61.6,2,0,28.5967,0,0,0.1,0.1,0.15,1
61.6,3,0,27.4839,0,0,0.1,0.1,0.15,1
61.6,4,0,25.8089,0,0,0.1,0.1,0.15,1
61.6,5,0,25.7011,0,0,0.1,0.1,0.15,1
61.6,6,0.598402,58.4659,1,1,3.37109,14.8577,5.30928,1
61.6,7,0.9,52.1122,1,1,3.37109,19.9075,5.79257,1
61.7,0,0,25.7091,0,0,0.1,0.1,0.15,1
61.7,1,0,25.6931,0,0,0.1,0.1,0.15,1
61.7,2,0,28.548,0,0,0.1,0.1,0.15,1
61.7,3,0,27.4538,0,0,0.1,0.1,0.15,1
61.7,4,0,25.8067,0,0,0.1,0.1,0.15,1
61.7,5,0,25.7006,0,0,0.1,0.1,0.15,1
61.7,6,0.5981,58.3361,1,1,2.90982,21.6297,5.7061,1
61.7,7,0.9,52.1149,1,1,2.90982,25.3213,6.06068,1
61.8,0,0,25.7085,0,0,0.1,0.1,0.15,1
61.8,1,0,25.6928,0,0,0.1,0.1,0.15,1
61.8,2,0,28.5001,0,0,0.1,0.1,0.15,1
61.8,3,0,27.4241,0,0,0.1,0.1,0.15,1
61.8,4,0,25.8045,0,0,0.1,0.1,0.15,1
61.8,5,0,25.7002,0,0,0.1,0.1,0.15,1
61.8,6,0.597754,58.2701,1,1,3.52889,26.6659,6.5289,1
61.8,7,0.9,52.0793,1,1,3.52889,16.4722,5.55134,1
61.9,0,0,25.708,0,0,0.1,0.1,0.15,1
61.9,1,0,25.6925,0,0,0.1,0.1,0.15,1
61.9,2,0,28.453,0,0,0.1,0.1,0.15,1
61.9,3,0,27.395,0,0,0.1,0.1,0.15,1
61.9,4,0,25.8023,0,0,0.1,0.1,0.15,1
61.9,5,0,25.6998,0,0,0.1,0.1,0.15,1
61.9,6,0.597395,58.2243,1,1,3.77435,27.8712,6.78242,1
61.9,7,0.9,52.0204,1,1,3.77435,11.6726,5.23179,1
62,0,0,25.7074,0,0,0.1,0.1,0.15,1
62,1,0,25.6922,0,0,0.1,0.1,0.15,1
62,2,0,28.4067,0,0,0.1,0.1,0.15,1
62,3,0,27.3663,0,0,0.1,0.1,0.15,1
62,4,0,25.8002,0,0,0.1,0.1,0.15,1
62,5,0,25.6994,0,0,0.1,0.1,0.15,1
62,6,0.597015,58.2095,1,1,3.95569,30.9935,7.18535,1
62,7,0.9,51.9916,1,1,3.95569,14.6814,5.6214,1
