sim_t,client,soc,temp,throttled,alive,ul,dl,power_W,scale
0,0,0.297813,25.8265,0,1,12,16.6278,11.0202,1
0,1,0.247813,25.8265,0,1,12,16.6278,11.0202,1
0,2,0.54937,25.2382,0,1,0.574563,7,3.17615,1
0,3,0.59937,25.2382,0,1,0.574563,7,3.17615,1
0,4,0.347813,25.8265,0,1,12,16.6278,11.0202,1
0,5,0.277813,25.8265,0,1,12,16.6278,11.0202,1
0,6,0.799832,25.2382,0,1,0.574563,7,3.17615,1
0,7,0.9,25.8265,0,1,12,16.6278,11.0202,1
0.1,0,0.296872,26.1685,0,1,3.57847,7.66892,4.74294,1
0.1,1,0.246872,26.1685,0,1,3.57847,7.66892,4.74294,1
0.1,2,0.548657,25.5036,0,1,1.50735,7,3.59202,1
0.1,3,0.598657,25.5036,0,1,1.50735,7,3.59202,1
0.1,4,0.346809,26.1924,0,1,4.24739,7,5.06241,1
0.1,5,0.276809,26.1924,0,1,4.24739,7,5.06241,1
0.1,6,0.799642,25.5036,0,1,1.50735,7,3.59202,1
0.1,7,0.9,26.1924,0,1,4.24739,7,5.06241,1
0.2,0,0.295904,26.5152,0,1,1.40592,20.9843,4.88268,1
0.2,1,0.245904,26.5152,0,1,1.40592,20.9843,4.88268,1
0.2,2,0.547859,25.7971,0,1,1.40592,12.0435,4.02431,1
0.2,3,0.597859,25.7971,0,1,1.40592,12.0435,4.02431,1
0.2,4,0.34584,26.5387,0,1,1.40592,20.9843,4.88268,1
0.2,5,0.27584,26.5387,0,1,1.40592,20.9843,4.88268,1
0.2,6,0.799429,25.7971,0,1,1.40592,12.0435,4.02431,1
0.2,7,0.9,26.5387,0,1,1.40592,20.9843,4.88268,1
0.3,0,0.29475,26.926,0,1,2.79878,23.3714,5.81388,1
0.3,1,0.24475,26.926,0,1,2.79878,23.3714,5.81388,1
0.3,2,0.546534,26.2844,0,1,2.79878,32.3303,6.67532,1
0.3,3,0.596534,26.2844,0,1,2.79878,32.3303,6.67532,1
0.3,4,0.344687,26.9491,0,1,2.79878,23.3714,5.81388,1
0.3,5,0.274687,26.9491,0,1,2.79878,23.3714,5.81388,1
0.3,6,0.799076,26.2844,0,1,2.79878,32.3303,6.67532,1
0.3,7,0.9,26.9491,0,1,2.79878,23.3714,5.81388,1
0.4,0,0.293584,27.3347,0,1,4.39114,14.7308,5.87729,1
0.4,1,0.243584,27.3347,0,1,4.39114,14.7308,5.87729,1
0.4,2,0.545098,26.806,0,1,4.39114,28.9524,7.23976,1
0.4,3,0.595098,26.806,0,1,4.39114,28.9524,7.23976,1
0.4,4,0.343521,27.3575,0,1,4.39114,14.7308,5.87729,1
0.4,5,0.273521,27.3575,0,1,4.39114,14.7308,5.87729,1
0.4,6,0.798693,26.806,0,1,4.39114,28.9524,7.23976,1
0.4,7,0.9,27.3575,0,1,4.39114,14.7308,5.87729,1
0.5,0,0.293107,27.4759,0,1,0.146313,0.146313,2.40239,1
0.5,1,0.243107,27.4759,0,1,0.146313,0.146313,2.40239,1
0.5,2,0.543626,27.3321,0,1,5.55726,23.5526,7.41569,1
0.5,3,0.593626,27.3321,0,1,5.55726,23.5526,7.41569,1
0.5,4,0.343044,27.4983,0,1,0.146313,0.146313,2.40239,1
0.5,5,0.273044,27.4983,0,1,0.146313,0.146313,2.40239,1
0.5,6,0.798136,27.5657,0,1,11.1145,17.9954,10.5299,1
0.5,7,0.9,27.4983,0,1,0.146313,0.146313,2.40239,1
0.6,0,0.29196,27.8683,0,1,3.63874,18.2429,5.78229,1
0.6,1,0.24196,27.8683,0,1,3.63874,18.2429,5.78229,1
0.6,2,0.542288,27.7992,0,1,3.63874,28.2883,6.74621,1
0.6,3,0.592288,27.7992,0,1,3.63874,28.2883,6.74621,1
0.6,4,0.341897,27.8904,0,1,3.63874,18.2429,5.78229,1
0.6,5,0.271897,27.8904,0,1,3.63874,18.2429,5.78229,1
0.6,6,0.797779,28.0289,0,1,3.63874,28.2883,6.74621,1
0.6,7,0.9,27.8904,0,1,3.63874,18.2429,5.78229,1
0.7,0,0.290766,28.2719,0,1,3.99088,18.6243,6.01832,1
0.7,1,0.240766,28.2719,0,1,3.99088,18.6243,6.01832,1
0.7,2,0.54097,28.2507,0,1,3.99088,25.131,6.64218,1
0.7,3,0.59097,28.2507,0,1,3.99088,25.131,6.64218,1
0.7,4,0.340702,28.2936,0,1,3.99088,18.6243,6.01832,1
0.7,5,0.270702,28.2936,0,1,3.99088,18.6243,6.01832,1
0.7,6,0.797427,28.4765,0,1,3.99088,25.131,6.64218,1
0.7,7,0.9,28.2936,0,1,3.99088,18.6243,6.01832,1
0.8,0,0.289458,28.7119,0,1,3.64024,26.6898,6.59345,1
0.8,1,0.239458,28.7119,0,1,3.64024,26.6898,6.59345,1
0.8,2,0.539698,28.6774,0,1,3.64024,24.7918,6.41116,1
0.8,3,0.589698,28.6774,0,1,3.64024,24.7918,6.41116,1
0.8,4,0.339394,28.7332,0,1,3.64024,26.6898,6.59345,1
0.8,5,0.269394,28.7332,0,1,3.64024,26.6898,6.59345,1
0.8,6,0.797088,28.8994,0,1,3.64024,24.7918,6.41116,1
0.8,7,0.9,28.7332,0,1,3.64024,26.6898,6.59345,1
0.9,0,0.288237,29.1114,0,1,3.79125,21.199,6.15148,1
0.9,1,0.238237,29.1114,0,1,3.79125,21.199,6.15148,1
0.9,2,0.538406,29.1043,0,1,3.79125,24.9373,6.51016,1
0.9,3,0.588406,29.1043,0,1,3.79125,24.9373,6.51016,1
0.9,4,0.338174,29.1323,0,1,3.79125,21.199,6.15148,1
0.9,5,0.268174,29.1323,0,1,3.79125,21.199,6.15148,1
0.9,6,0.796744,29.3227,0,1,3.79125,24.9373,6.51016,1
0.9,7,0.9,29.1323,0,1,3.79125,21.199,6.15148,1
1,0,0.287119,29.4655,0,1,3.59107,16.9907,5.63572,1
1,1,0.237119,29.4655,0,1,3.59107,16.9907,5.63572,1
1,2,0.536991,29.571,0,1,3.59107,32.6008,7.13416,1
1,3,0.586991,29.571,0,1,3.59107,32.6008,7.13416,1
1,4,0.337056,29.4861,0,1,3.59107,16.9907,5.63572,1
1,5,0.267056,29.4861,0,1,3.59107,16.9907,5.63572,1
1,6,0.796366,29.7857,0,1,3.59107,32.6008,7.13416,1
1,7,0.9,29.4861,0,1,3.59107,16.9907,5.63572,1
1.1,0,0.285772,29.9003,0,1,4.52398,23.4476,6.78878,1
1.1,1,0.235772,29.9003,0,1,4.52398,23.4476,6.78878,1
1.1,2,0.535583,30.027,0,1,4.52398,26.6492,7.096,1
1.1,3,0.585583,30.027,0,1,4.52398,26.6492,7.096,1
1.1,4,0.335709,29.9205,0,1,4.52398,23.4476,6.78878,1
1.1,5,0.265709,29.9205,0,1,4.52398,23.4476,6.78878,1
1.1,6,0.795991,30.2382,0,1,4.52398,26.6492,7.096,1
1.1,7,0.9,29.9205,0,1,4.52398,23.4476,6.78878,1
1.2,0,0.284606,30.2594,0,1,3.89665,17.7055,5.87666,1
1.2,1,0.234606,30.2594,0,1,3.89665,17.7055,5.87666,1
1.2,2,0.534275,30.4377,0,1,3.89665,25.1791,6.59312,1
1.2,3,0.584275,30.4377,0,1,3.89665,25.1791,6.59312,1
1.2,4,0.334543,30.2793,0,1,3.89665,17.7055,5.87666,1
1.2,5,0.264543,30.2793,0,1,3.89665,17.7055,5.87666,1
1.2,6,0.795642,30.6453,0,1,3.89665,25.1791,6.59312,1
1.2,7,0.9,30.2793,0,1,3.89665,17.7055,5.87666,1
1.3,0,0.283492,30.5927,0,1,3.63447,16.5016,5.61329,1
1.3,1,0.233492,30.5927,0,1,3.63447,16.5016,5.61329,1
1.3,2,0.532937,30.8528,0,1,3.63447,28.2733,6.74237,1
1.3,3,0.582937,30.8528,0,1,3.63447,28.2733,6.74237,1
1.3,4,0.333429,30.6123,0,1,3.63447,16.5016,5.61329,1
1.3,5,0.263429,30.6123,0,1,3.63447,16.5016,5.61329,1
1.3,6,0.795285,31.0569,0,1,3.63447,28.2733,6.74237,1
1.3,7,0.9,30.6123,0,1,3.63447,16.5016,5.61329,1
1.4,0,0.282215,30.9824,0,1,3.98847,23.0236,6.43855,1
1.4,1,0.232215,30.9824,0,1,3.98847,23.0236,6.43855,1
1.4,2,0.531472,31.3088,0,1,3.98847,32.8343,7.38103,1
1.4,3,0.581472,31.3088,0,1,3.98847,32.8343,7.38103,1
1.4,4,0.332151,31.0016,0,1,3.98847,23.0236,6.43855,1
1.4,5,0.262151,31.0016,0,1,3.98847,23.0236,6.43855,1
1.4,6,0.794895,31.5096,0,1,3.98847,32.8343,7.38103,1
1.4,7,0.9,31.0016,0,1,3.98847,23.0236,6.43855,1
1.5,0,0.280917,31.3732,0,1,4.60285,20.3783,6.54084,1
1.5,1,0.230917,31.3732,0,1,4.60285,20.3783,6.54084,1
1.5,2,0.529966,31.773,0,1,4.60285,31.331,7.59191,1
1.5,3,0.579966,31.773,0,1,4.60285,31.331,7.59191,1
1.5,4,0.330854,31.3922,0,1,4.60285,20.3783,6.54084,1
1.5,5,0.260854,31.3922,0,1,4.60285,20.3783,6.54084,1
1.5,6,0.794493,31.9705,0,1,4.60285,31.331,7.59191,1
1.5,7,0.9,31.3922,0,1,4.60285,20.3783,6.54084,1
1.6,0,0.279769,31.7009,0,1,4.49174,13.1405,5.78459,1
1.6,1,0.229769,31.7009,0,1,4.49174,13.1405,5.78459,1
1.6,2,0.528544,32.1975,0,1,4.49174,27.5564,7.16427,1
1.6,3,0.578544,32.1975,0,1,4.49174,27.5564,7.16427,1
1.6,4,0.329706,31.7195,0,1,4.49174,13.1405,5.78459,1
1.6,5,0.259706,31.7195,0,1,4.49174,13.1405,5.78459,1
1.6,6,0.794114,32.3916,0,1,4.49174,27.5564,7.16427,1
1.6,7,0.9,31.7195,0,1,4.49174,13.1405,5.78459,1
1.7,0,0.278517,32.0626,0,1,4.00602,21.6026,6.31229,1
1.7,1,0.228517,32.0626,0,1,4.00602,21.6026,6.31229,1
1.7,2,0.52721,32.582,0,1,4.00602,25.924,6.72695,1
1.7,3,0.57721,32.582,0,1,4.00602,25.924,6.72695,1
1.7,4,0.328453,32.0809,0,1,4.00602,21.6026,6.31229,1
1.7,5,0.258453,32.0809,0,1,4.00602,21.6026,6.31229,1
1.7,6,0.793758,32.7729,0,1,4.00602,25.924,6.72695,1
1.7,7,0.9,32.0809,0,1,4.00602,21.6026,6.31229,1
1.8,0,0.277403,32.3659,0,1,3.74125,15.8728,5.61334,1
1.8,1,0.227403,32.3659,0,1,3.74125,15.8728,5.61334,1
1.8,2,0.52574,33.0111,0,1,3.74125,34.5428,7.40523,1
1.8,3,0.57574,33.0111,0,1,3.74125,34.5428,7.40523,1
1.8,4,0.32734,32.3839,0,1,3.74125,15.8728,5.61334,1
1.8,5,0.25734,32.3839,0,1,3.74125,15.8728,5.61334,1
1.8,6,0.793366,33.1988,0,1,3.74125,34.5428,7.40523,1
1.8,7,0.9,32.3839,0,1,3.74125,15.8728,5.61334,1
1.9,0,0.27609,32.7395,0,1,4.7855,20.0679,6.61877,1
1.9,1,0.22609,32.7395,0,1,4.7855,20.0679,6.61877,1
1.9,2,0.524255,33.4389,0,1,4.7855,29.093,7.48439,1
1.9,3,0.574255,33.4389,0,1,4.7855,29.093,7.48439,1
1.9,4,0.326026,32.7572,0,1,4.7855,20.0679,6.61877,1
1.9,5,0.256026,32.7572,0,1,4.7855,20.0679,6.61877,1
1.9,6,0.79297,33.6235,0,1,4.7855,29.093,7.48439,1
1.9,7,0.9,32.7572,0,1,4.7855,20.0679,6.61877,1
2,0,0.274892,33.0632,0,1,4.23481,17.3361,6.03531,1
2,1,0.224892,33.0632,0,1,4.23481,17.3361,6.03531,1
2,2,0.522793,33.8511,0,1,4.23481,31.2716,7.3721,1
2,3,0.572793,33.8511,0,1,4.23481,31.2716,7.3721,1
2,4,0.324829,33.0806,0,1,4.23481,17.3361,6.03531,1
2,5,0.254829,33.0806,0,1,4.23481,17.3361,6.03531,1
2,6,0.79258,34.0326,0,1,4.23481,31.2716,7.3721,1
2,7,0.9,33.0806,0,1,4.23481,17.3361,6.03531,1
2.1,0,0.273699,33.3797,0,1,4.4383,15.8617,6.01266,1
2.1,1,0.223699,33.3797,0,1,4.4383,15.8617,6.01266,1
2.1,2,0.521404,34.2284,0,1,4.4383,26.1414,6.99724,1
2.1,3,0.571404,34.2284,0,1,4.4383,26.1414,6.99724,1
2.1,4,0.323636,33.3969,0,1,4.4383,15.8617,6.01266,1
2.1,5,0.253636,33.3969,0,1,4.4383,15.8617,6.01266,1
2.1,6,0.79221,34.4069,0,1,4.4383,26.1414,6.99724,1
2.1,7,0.9,33.3969,0,1,4.4383,15.8617,6.01266,1
2.2,0,0.272642,33.6399,0,1,3.82246,12.4275,5.33083,1
2.2,1,0.222642,33.6399,0,1,3.82246,12.4275,5.33083,1
2.2,2,0.520055,34.5849,0,1,3.82246,27.8084,6.80359,1
2.2,3,0.570055,34.5849,0,1,3.82246,27.8084,6.80359,1
2.2,4,0.322578,33.6567,0,1,3.82246,12.4275,5.33083,1
2.2,5,0.252578,33.6567,0,1,3.82246,12.4275,5.33083,1
2.2,6,0.79185,34.7604,0,1,3.82246,27.8084,6.80359,1
2.2,7,0.9,33.6567,0,1,3.82246,12.4275,5.33083,1
2.3,0,0.27138,33.9728,0,1,3.95386,22.3992,6.35891,1
2.3,1,0.22138,33.9728,0,1,3.95386,22.3992,6.35891,1
2.3,2,0.518574,34.9848,0,1,3.95386,33.8796,7.46183,1
2.3,3,0.568574,34.9848,0,1,3.95386,33.8796,7.46183,1
2.3,4,0.321316,33.9894,0,1,3.95386,22.3992,6.35891,1
2.3,5,0.251316,33.9894,0,1,3.95386,22.3992,6.35891,1
2.3,6,0.791455,35.1573,0,1,3.95386,33.8796,7.46183,1
2.3,7,0.9,33.9894,0,1,3.95386,22.3992,6.35891,1
2.4,0,0.270073,34.3173,0,1,4.72918,20.0891,6.58752,1
2.4,1,0.220073,34.3173,0,1,4.72918,20.0891,6.58752,1
2.4,2,0.517205,35.3358,0,1,4.72918,23.3443,6.8994,1
2.4,3,0.567205,35.3358,0,1,4.72918,23.3443,6.8994,1
2.4,4,0.320009,34.3336,0,1,4.72918,20.0891,6.58752,1
2.4,5,0.250009,34.3336,0,1,4.72918,20.0891,6.58752,1
2.4,6,0.79109,35.5055,0,1,4.72918,23.3443,6.8994,1
2.4,7,0.9,34.3336,0,1,4.72918,20.0891,6.58752,1
2.5,0,0.268845,34.6261,0,1,3.50918,23.2293,6.18789,1
2.5,1,0.218845,34.6261,0,1,3.50918,23.2293,6.18789,1
2.5,2,0.516035,35.6059,0,1,3.50918,20.2151,5.89875,1
2.5,3,0.566035,35.6059,0,1,3.50918,20.2151,5.89875,1
2.5,4,0.318782,34.6421,0,1,3.50918,23.2293,6.18789,1
2.5,5,0.248782,34.6421,0,1,3.50918,23.2293,6.18789,1
2.5,6,0.790778,35.7728,0,1,3.50918,20.2151,5.89875,1
2.5,7,0.9,34.6421,0,1,3.50918,23.2293,6.18789,1
2.6,0,0.26768,34.9063,0,1,3.34231,20.9267,5.87439,1
2.6,1,0.21768,34.9063,0,1,3.34231,20.9267,5.87439,1
2.6,2,0.514778,35.9043,0,1,3.34231,25.7184,6.33439,1
2.6,3,0.564778,35.9043,0,1,3.34231,25.7184,6.33439,1
2.6,4,0.317616,34.922,0,1,3.34231,20.9267,5.87439,1
2.6,5,0.247616,34.922,0,1,3.34231,20.9267,5.87439,1
2.6,6,0.790443,36.0684,0,1,3.34231,25.7184,6.33439,1
2.6,7,0.9,34.922,0,1,3.34231,20.9267,5.87439,1
2.7,0,0.266581,35.1565,0,1,3.63258,15.7223,5.53775,1
2.7,1,0.216581,35.1565,0,1,3.63258,15.7223,5.53775,1
2.7,2,0.513592,36.1707,0,1,3.63258,20.3057,5.97645,1
2.7,3,0.563592,36.1707,0,1,3.63258,20.3057,5.97645,1
2.7,4,0.316517,35.172,0,1,3.63258,15.7223,5.53775,1
2.7,5,0.246517,35.172,0,1,3.63258,15.7223,5.53775,1
2.7,6,0.790126,36.3321,0,1,3.63258,20.3057,5.97645,1
2.7,7,0.9,35.172,0,1,3.63258,15.7223,5.53775,1
2.8,0,0.265409,35.4303,0,1,2.99228,23.2646,5.90753,1
2.8,1,0.215409,35.4303,0,1,2.99228,23.2646,5.90753,1
2.8,2,0.512224,36.5016,0,1,2.99228,33.5195,6.89351,1
2.8,3,0.562224,36.5016,0,1,2.99228,33.5195,6.89351,1
2.8,4,0.315345,35.4455,0,1,2.99228,23.2646,5.90753,1
2.8,5,0.245345,35.4455,0,1,2.99228,23.2646,5.90753,1
2.8,6,0.789762,36.6603,0,1,2.99228,33.5195,6.89351,1
2.8,7,0.9,35.4455,0,1,2.99228,23.2646,5.90753,1
2.9,0,0.264269,35.6874,0,1,4.56398,12.2867,5.74579,1
2.9,1,0.214269,35.6874,0,1,4.56398,12.2867,5.74579,1
2.9,2,0.510674,36.8958,0,1,4.56398,33.8622,7.81246,1
2.9,3,0.560674,36.8958,0,1,4.56398,33.8622,7.81246,1
2.9,4,0.314205,35.7024,0,1,4.56398,12.2867,5.74579,1
2.9,5,0.244205,35.7024,0,1,4.56398,12.2867,5.74579,1
2.9,6,0.789348,37.0519,0,1,4.56398,33.8622,7.81246,1
2.9,7,0.9,35.7024,0,1,4.56398,12.2867,5.74579,1
3,0,0.263012,35.9842,0,1,4.80328,16.9699,6.33305,1
3,1,0.213012,35.9842,0,1,4.80328,16.9699,6.33305,1
3,2,0.50916,37.2698,0,1,4.80328,30.4995,7.63001,1
3,3,0.55916,37.2698,0,1,4.80328,30.4995,7.63001,1
3,4,0.312949,35.999,0,1,4.80328,16.9699,6.33305,1
3,5,0.242949,35.999,0,1,4.80328,16.9699,6.33305,1
3,6,0.788945,37.4232,0,1,4.80328,30.4995,7.63001,1
3,7,0.9,35.999,0,1,4.80328,16.9699,6.33305,1
3.1,0,0.262306,36.0679,0,1,2.29661,2.29661,3.55608,1
3.1,1,0.212306,36.0679,0,1,2.29661,2.29661,3.55608,1
3.1,2,0.507532,37.6809,0,1,5.88379,29.7335,8.20833,1
3.1,3,0.557532,37.6809,0,1,5.88379,29.7335,8.20833,1
3.1,4,0.312243,36.0824,0,1,2.29661,2.29661,3.55608,1
3.1,5,0.242243,36.0824,0,1,2.29661,2.29661,3.55608,1
3.1,6,0.788334,38.0821,0,1,11.7676,23.8497,11.5452,1
3.1,7,0.9,36.0824,0,1,2.29661,2.29661,3.55608,1
3.2,0,0.261108,36.3364,0,1,4.45216,16.0569,6.03939,1
3.2,1,0.211108,36.3364,0,1,4.45216,16.0569,6.03939,1
3.2,2,0.506133,37.9983,0,1,4.45216,26.6028,7.04961,1
3.2,3,0.556133,37.9983,0,1,4.45216,26.6028,7.04961,1
3.2,4,0.311045,36.3506,0,1,4.45216,16.0569,6.03939,1
3.2,5,0.241045,36.3506,0,1,4.45216,16.0569,6.03939,1
3.2,6,0.787961,38.3928,0,1,4.45216,26.6028,7.04961,1
3.2,7,0.9,36.3506,0,1,4.45216,16.0569,6.03939,1
3.3,0,0.259915,36.5983,0,1,3.88187,19.2085,6.01212,1
3.3,1,0.209915,36.5983,0,1,3.88187,19.2085,6.01212,1
3.3,2,0.504644,38.3444,0,1,3.88187,34.7292,7.50264,1
3.3,3,0.554644,38.3444,0,1,3.88187,34.7292,7.50264,1
3.3,4,0.309852,36.6123,0,1,3.88187,19.2085,6.01212,1
3.3,5,0.239852,36.6123,0,1,3.88187,19.2085,6.01212,1
3.3,6,0.787564,38.7323,0,1,3.88187,34.7292,7.50264,1
3.3,7,0.9,36.6123,0,1,3.88187,19.2085,6.01212,1
3.4,0,0.258458,36.9559,0,1,4.82638,27.3935,7.34536,1
3.4,1,0.208458,36.9559,0,1,4.82638,27.3935,7.34536,1
3.4,2,0.503228,38.6573,0,1,4.82638,25.2287,7.13759,1
3.4,3,0.553228,38.6573,0,1,4.82638,25.2287,7.13759,1
3.4,4,0.308394,36.9697,0,1,4.82638,27.3935,7.34536,1
3.4,5,0.238394,36.9697,0,1,4.82638,27.3935,7.34536,1
3.4,6,0.787186,39.0387,0,1,4.82638,25.2287,7.13759,1
3.4,7,0.9,36.9697,0,1,4.82638,27.3935,7.34536,1
3.5,0,0.257217,37.2255,0,1,4.02748,20.8415,6.25162,1
3.5,1,0.207217,37.2255,0,1,4.02748,20.8415,6.25162,1
3.5,2,0.501705,39.0055,0,1,4.02748,35.6927,7.67822,1
3.5,3,0.551705,39.0055,0,1,4.02748,35.6927,7.67822,1
3.5,4,0.307154,37.2391,0,1,4.02748,20.8415,6.25162,1
3.5,5,0.237154,37.2391,0,1,4.02748,20.8415,6.25162,1
3.5,6,0.78678,39.3806,0,1,4.02748,35.6927,7.67822,1
3.5,7,0.9,37.2391,0,1,4.02748,20.8415,6.25162,1
3.6,0,0.255745,37.5783,0,1,4.96502,27.3212,7.42071,1
3.6,1,0.205745,37.5783,0,1,4.96502,27.3212,7.42071,1
3.6,2,0.500147,39.3609,0,1,4.96502,31.8018,7.85107,1
3.6,3,0.550147,39.3609,0,1,4.96502,31.8018,7.85107,1
3.6,4,0.305682,37.5916,0,1,4.96502,27.3212,7.42071,1
3.6,5,0.235682,37.5916,0,1,4.96502,27.3212,7.42071,1
3.6,6,0.786365,39.7297,0,1,4.96502,31.8018,7.85107,1
3.6,7,0.9,37.5916,0,1,4.96502,27.3212,7.42071,1
3.7,0,0.254289,37.9192,0,1,4.59585,28.7553,7.34032,1
3.7,1,0.204289,37.9192,0,1,4.59585,28.7553,7.34032,1
3.7,2,0.4987,39.6686,0,1,4.59585,28.2706,7.29377,1
3.7,3,0.5487,39.6686,0,1,4.59585,28.2706,7.29377,1
3.7,4,0.304225,37.9323,0,1,4.59585,28.7553,7.34032,1
3.7,5,0.234225,37.9323,0,1,4.59585,28.7553,7.34032,1
3.7,6,0.785979,40.0313,0,1,4.59585,28.2706,7.29377,1
3.7,7,0.9,37.9323,0,1,4.59585,28.7553,7.34032,1
3.8,0,0.252823,38.2579,0,1,4.16889,31.8222,7.38705,1
3.8,1,0.202823,38.2579,0,1,4.16889,31.8222,7.38705,1
3.8,2,0.497217,39.9846,0,1,4.16889,32.7096,7.47238,1
3.8,3,0.547217,39.9846,0,1,4.16889,32.7096,7.47238,1
3.8,4,0.30276,38.2708,0,1,4.16889,31.8222,7.38705,1
3.8,5,0.23276,38.2708,0,1,4.16889,31.8222,7.38705,1
3.8,6,0.785583,40.3412,0,1,4.16889,32.7096,7.47238,1
3.8,7,0.9,38.2708,0,1,4.16889,31.8222,7.38705,1
3.9,0,0.251479,38.545,0,1,4.60982,22.7715,6.77424,1
3.9,1,0.201479,38.545,0,1,4.60982,22.7715,6.77424,1
3.9,2,0.495703,40.307,0,1,4.60982,31.6804,7.62957,1
3.9,3,0.545703,40.307,0,1,4.60982,31.6804,7.62957,1
3.9,4,0.301416,38.5577,0,1,4.60982,22.7715,6.77424,1
3.9,5,0.231416,38.5577,0,1,4.60982,22.7715,6.77424,1
3.9,6,0.78518,40.6577,0,1,4.60981,31.6804,7.62957,1
3.9,7,0.9,38.5577,0,1,4.60981,22.7715,6.77424,1
4,0,0.250053,38.8583,0,1,4.53627,27.5264,7.18741,1
4,1,0.200053,38.8583,0,1,4.53627,27.5264,7.18741,1
4,2,0.494184,40.6262,0,1,4.53627,32.4078,7.65643,1
4,3,0.544184,40.6262,0,1,4.53627,32.4078,7.65643,1
4,4,0.299989,38.8708,0,1,4.53627,27.5264,7.18741,1
4,5,0.229989,38.8708,0,1,4.53627,27.5264,7.18741,1
4,6,0.784774,40.971,0,1,4.53627,32.4078,7.65643,1
4,7,0.9,38.8708,0,1,4.53627,27.5264,7.18741,1
4.1,0,0.248683,39.1452,0,1,4.61801,24.0768,6.90423,1
4.1,1,0.198683,39.1452,0,1,4.61801,24.0768,6.90423,1
4.1,2,0.492672,40.9373,0,1,4.61801,31.5481,7.62167,1
4.1,3,0.542672,40.9373,0,1,4.61801,31.5481,7.62167,1
4.1,4,0.29862,39.1574,0,1,4.61801,24.0768,6.90423,1
4.1,5,0.22862,39.1574,0,1,4.61801,24.0768,6.90423,1
4.1,6,0.784371,41.2764,1,1,4.61801,31.5481,7.62167,1
4.1,7,0.9,39.1574,0,1,4.61801,24.0768,6.90423,1
4.2,0,0.247094,39.51,0,1,4.52077,36.159,8.00808,1
4.2,1,0.197094,39.51,0,1,4.52077,36.159,8.00808,1
4.2,2,0.491206,41.2258,1,1,4.52077,29.699,7.38703,1
4.2,3,0.541206,41.2258,1,1,4.52077,29.699,7.38703,1
4.2,4,0.297031,39.5221,0,1,4.52077,36.159,8.00808,1
4.2,5,0.227031,39.5221,0,1,4.52077,36.159,8.00808,1
4.2,6,0.78398,41.5592,1,1,4.52077,29.699,7.38703,1
4.2,7,0.9,39.5221,0,1,4.52077,36.159,8.00808,1
4.3,0,0.24552,39.8631,0,1,5.08498,31.8967,7.93172,1
4.3,1,0.19552,39.8631,0,1,5.08498,31.8967,7.93172,1
4.3,2,0.489626,41.5526,1,1,5.08498,32.2249,7.96326,1
4.3,3,0.539626,41.5526,1,1,5.08498,32.2249,7.96326,1
4.3,4,0.295457,39.8749,0,1,5.08498,31.8967,7.93172,1
4.3,5,0.225457,39.8749,0,1,5.08498,31.8967,7.93172,1
4.3,6,0.783559,41.8804,1,1,5.08498,32.2249,7.96326,1
4.3,7,0.9,39.8749,0,1,5.08498,31.8967,7.93172,1
4.4,0,0.243956,40.2066,0,1,4.66374,33.9848,7.88275,1
4.4,1,0.193956,40.2066,0,1,4.66374,33.9848,7.88275,1
4.4,2,0.488123,41.8449,1,1,4.66374,30.8007,7.5767,1
4.4,3,0.538123,41.8449,1,1,4.66374,30.8007,7.5767,1
4.4,4,0.293893,40.2182,0,1,4.66374,33.9848,7.88275,1
4.4,5,0.223893,40.2182,0,1,4.66374,33.9848,7.88275,1
4.4,6,0.783158,42.1674,1,1,4.66374,30.8007,7.5767,1
4.4,7,0.9,40.2182,0,1,4.66374,33.9848,7.88275,1
4.5,0,0.242431,40.5298,0,1,4.83107,30.9432,7.68908,1
4.5,1,0.192431,40.5298,0,1,4.83107,30.9432,7.68908,1
4.5,2,0.486472,42.1882,1,1,4.83107,37.5,8.31946,1
4.5,3,0.536472,42.1882,1,1,4.83107,37.5,8.31946,1
4.5,4,0.292367,40.5412,0,1,4.83107,30.9432,7.68908,1
4.5,5,0.222367,40.5412,0,1,4.83107,30.9432,7.68908,1
4.5,6,0.782718,42.5052,1,1,4.83107,37.5,8.31946,1
4.5,7,0.9,40.5412,0,1,4.83107,30.9432,7.68908,1
4.6,0,0.241201,40.7357,0,1,5.49119,11.1861,6.19584,1
4.6,1,0.191201,40.7357,0,1,5.49119,11.1861,6.19584,1
4.6,2,0.48492,42.4886,1,1,5.49119,28.2458,7.82571,1
4.6,3,0.53492,42.4886,1,1,5.49119,28.2458,7.82571,1
4.6,4,0.291138,40.7469,0,1,5.49119,11.1861,6.19584,1
4.6,5,0.221138,40.7469,0,1,5.49119,11.1861,6.19584,1
4.6,6,0.782304,42.8004,1,1,5.49119,28.2458,7.82571,1
4.6,7,0.9,40.7469,0,1,5.49119,11.1861,6.19584,1
4.7,0,0.23978,41.0105,1,1,4.21713,29.1865,7.1615,1
4.7,1,0.18978,41.0105,1,1,4.21713,29.1865,7.1615,1
4.7,2,0.483584,42.702,1,1,4.21713,24.7036,6.731,1
4.7,3,0.533584,42.702,1,1,4.21713,24.7036,6.731,1
4.7,4,0.289717,41.0216,1,1,4.21713,29.1865,7.1615,1
4.7,5,0.219717,41.0216,1,1,4.21713,29.1865,7.1615,1
4.7,6,0.781948,43.0085,1,1,4.21713,24.7036,6.731,1
4.7,7,0.9,41.0216,1,1,4.21713,29.1865,7.1615,1
4.8,0,0.238512,41.2233,1,1,4.17545,21.448,6.3947,1
4.8,1,0.188512,41.2233,1,1,4.17545,21.448,6.3947,1
4.8,2,0.482157,42.9465,1,1,4.17545,29.7729,7.19385,1
4.8,3,0.532157,42.9465,1,1,4.17545,29.7729,7.19385,1
4.8,4,0.288448,41.2342,1,1,4.17545,21.448,6.3947,1
4.8,5,0.218448,41.2342,1,1,4.17545,21.448,6.3947,1
4.8,6,0.781567,43.2479,1,1,4.17545,29.7729,7.19385,1
4.8,7,0.9,41.2342,1,1,4.17545,21.448,6.3947,1
4.9,0,0.237327,41.4007,1,1,4.24354,16.6099,5.97096,1
4.9,1,0.187327,41.4007,1,1,4.24354,16.6099,5.97096,1
4.9,2,0.480975,43.094,1,1,4.24354,16.4456,5.95526,1
4.9,3,0.530975,43.094,1,1,4.24354,16.4456,5.95526,1
4.9,4,0.287263,41.4114,1,1,4.24354,16.6099,5.97096,1
4.9,5,0.217263,41.4114,1,1,4.24354,16.6099,5.97096,1
4.9,6,0.781252,43.3904,1,1,4.24354,16.4456,5.95526,1
4.9,7,0.9,41.4114,1,1,4.24354,16.6099,5.97096,1
5,0,0.236011,41.6249,1,1,2.60668,32.9612,6.63437,1
5,1,0.186011,41.6249,1,1,2.60668,32.9612,6.63437,1
5,2,0.479767,43.2489,1,1,2.60668,27.2638,6.08624,1
5,3,0.529767,43.2489,1,1,2.60668,27.2638,6.08624,1
5,4,0.285947,41.6355,1,1,2.60668,32.9612,6.63437,1
5,5,0.215947,41.6355,1,1,2.60668,32.9612,6.63437,1
5,6,0.78093,43.5404,1,1,2.60668,27.2638,6.08624,1
5,7,0.9,41.6355,1,1,2.60668,32.9612,6.63437,1
5.1,0,0.23455,41.8999,1,1,4.44598,29.8819,7.36098,1
5.1,1,0.18455,41.8999,1,1,4.44598,29.8819,7.36098,1
5.1,2,0.478528,43.4134,1,1,4.44598,18.2768,6.24791,1
5.1,3,0.528528,43.4134,1,1,4.44598,18.2768,6.24791,1
5.1,4,0.284487,41.9103,1,1,4.44598,29.8819,7.36098,1
5.1,5,0.214487,41.9103,1,1,4.44598,29.8819,7.36098,1
5.1,6,0.780599,43.7,1,1,4.44598,18.2768,6.24791,1
5.1,7,0.9,41.9103,1,1,4.44598,29.8819,7.36098,1
5.2,0,0.233027,42.1939,1,1,4.29099,34.086,7.67515,1
5.2,1,0.183027,42.1939,1,1,4.29099,34.086,7.67515,1
5.2,2,0.477239,43.5937,1,1,4.29099,21.8075,6.49592,1
5.2,3,0.527239,43.5937,1,1,4.29099,21.8075,6.49592,1
5.2,4,0.282964,42.2041,1,1,4.29099,34.086,7.67515,1
5.2,5,0.212964,42.2041,1,1,4.29099,34.086,7.67515,1
5.2,6,0.780256,43.8755,1,1,4.29099,21.8075,6.49592,1
5.2,7,0.9,42.2041,1,1,4.29099,34.086,7.67515,1
5.3,0,0.231462,42.499,1,1,4.79712,33.2336,7.88914,1
5.3,1,0.181462,42.499,1,1,4.79712,33.2336,7.88914,1
5.3,2,0.475862,43.8043,1,1,4.79712,23.3582,6.94087,1
5.3,3,0.525862,43.8043,1,1,4.79712,23.3582,6.94087,1
5.3,4,0.281398,42.509,1,1,4.79712,33.2336,7.88914,1
5.3,5,0.211398,42.509,1,1,4.79712,33.2336,7.88914,1
5.3,6,0.779888,44.0815,1,1,4.79712,23.3582,6.94087,1
5.3,7,0.9,42.509,1,1,4.79712,33.2336,7.88914,1
5.4,0,0.230156,42.7011,1,1,4.75384,19.888,6.58284,1
5.4,1,0.180156,42.7011,1,1,4.75384,19.888,6.58284,1
5.4,2,0.474321,44.0734,1,1,4.75384,32.2263,7.76676,1
5.4,3,0.524321,44.0734,1,1,4.75384,32.2263,7.76676,1
5.4,4,0.280092,42.7109,1,1,4.75384,19.888,6.58284,1
5.4,5,0.210092,42.7109,1,1,4.75384,19.888,6.58284,1
5.4,6,0.779478,44.346,1,1,4.75384,32.2263,7.76676,1
5.4,7,0.9,42.7109,1,1,4.75384,19.888,6.58284,1
5.5,0,0.228771,42.9293,1,1,4.62252,24.8057,6.97679,1
5.5,1,0.178771,42.9293,1,1,4.62252,24.8057,6.97679,1
5.5,2,0.472752,44.3486,1,1,4.62252,34.4971,7.90781,1
5.5,3,0.522752,44.3486,1,1,4.62252,34.4971,7.90781,1
5.5,4,0.278708,42.939,1,1,4.62252,24.8057,6.97679,1
5.5,5,0.208708,42.939,1,1,4.62252,24.8057,6.97679,1
5.5,6,0.779059,44.6166,1,1,4.62252,34.4971,7.90781,1
5.5,7,0.9,42.939,1,1,4.62252,24.8057,6.97679,1
5.6,0,0.227579,43.0813,1,1,4.88995,13.0516,6.01109,1
5.6,1,0.177579,43.0813,1,1,4.88995,13.0516,6.01109,1
5.6,2,0.471245,44.5958,1,1,4.88995,29.608,7.5957,1
5.6,3,0.521245,44.5958,1,1,4.88995,29.608,7.5957,1
5.6,4,0.277515,43.0908,1,1,4.88995,13.0516,6.01109,1
5.6,5,0.207515,43.0908,1,1,4.88995,13.0516,6.01109,1
5.6,6,0.778657,44.8593,1,1,4.88995,29.608,7.5957,1
5.6,7,0.9,43.0908,1,1,4.88995,13.0516,6.01109,1
5.7,0,0.226447,43.2077,1,1,4.31224,13.3765,5.7024,1
5.7,1,0.176447,43.2077,1,1,4.31224,13.3765,5.7024,1
5.7,2,0.46984,44.8001,1,1,4.31224,27.7454,7.07804,1
5.7,3,0.51984,44.8001,1,1,4.31224,27.7454,7.07804,1
5.7,4,0.276384,43.217,1,1,4.31224,13.3765,5.7024,1
5.7,5,0.206384,43.217,1,1,4.31224,13.3765,5.7024,1
5.7,6,0.778283,45.0592,1,1,4.31224,27.7454,7.07804,1
5.7,7,0.9,43.217,1,1,4.31224,13.3765,5.7024,1
5.8,0,0.225419,43.2931,1,1,4.00721,9.77656,5.18485,1
5.8,1,0.175419,43.2931,1,1,4.00721,9.77656,5.18485,1
5.8,2,0.468414,45.0091,1,1,4.00721,30.7008,7.18659,1
5.8,3,0.518414,45.0091,1,1,4.00721,30.7008,7.18659,1
5.8,4,0.275355,43.3023,1,1,4.00721,9.77656,5.18485,1
5.8,5,0.205355,43.3023,1,1,4.00721,9.77656,5.18485,1
5.8,6,0.777903,45.2639,1,1,4.00721,30.7008,7.18659,1
5.8,7,0.9,43.3023,1,1,4.00721,9.77656,5.18485,1
5.9,0,0.224109,43.4832,1,1,4.3385,22.6106,6.60045,1
5.9,1,0.174109,43.4832,1,1,4.3385,22.6106,6.60045,1
5.9,2,0.467049,45.1918,1,1,4.3385,25.5517,6.88262,1
5.9,3,0.517049,45.1918,1,1,4.3385,25.5517,6.88262,1
5.9,4,0.274046,43.4923,1,1,4.3385,22.6106,6.60045,1
5.9,5,0.204046,43.4923,1,1,4.3385,22.6106,6.60045,1
5.9,6,0.777538,45.4423,1,1,4.3385,25.5517,6.88262,1
5.9,7,0.9,43.4923,1,1,4.3385,22.6106,6.60045,1
6,0,0.222908,43.629,1,1,3.73628,20.4745,6.05097,1
6,1,0.172908,43.629,1,1,3.73628,20.4745,6.05097,1
6,2,0.465576,45.4119,1,1,3.73628,34.7393,7.42133,1
6,3,0.515576,45.4119,1,1,3.73628,34.7393,7.42133,1
6,4,0.272845,43.6379,1,1,3.73628,20.4745,6.05097,1
6,5,0.202845,43.6379,1,1,3.73628,20.4745,6.05097,1
6,6,0.777146,45.6582,1,1,3.73628,34.7393,7.42133,1
6,7,0.9,43.6379,1,1,3.73628,20.4745,6.05097,1
6.1,0,0.221775,43.7468,1,1,4.80945,10.3843,5.7104,1
6.1,1,0.171775,43.7468,1,1,4.80945,10.3843,5.7104,1
6.1,2,0.464292,45.557,1,1,4.80945,18.3728,6.47077,1
6.1,3,0.514292,45.557,1,1,4.80945,18.3728,6.47077,1
6.1,4,0.271712,43.7555,1,1,4.80945,10.3843,5.7104,1
6.1,5,0.201712,43.7555,1,1,4.80945,10.3843,5.7104,1
6.1,6,0.776803,45.7992,1,1,4.80945,18.3728,6.47077,1
6.1,7,0.9,43.7555,1,1,4.80945,10.3843,5.7104,1
6.2,0,0.220837,43.789,1,1,2.89779,11.4831,4.72881,1
6.2,1,0.170837,43.789,1,1,2.89779,11.4831,4.72881,1
6.2,2,0.463114,45.6597,1,1,2.89779,24.1104,5.93787,1
6.2,3,0.513114,45.6597,1,1,2.89779,24.1104,5.93787,1
6.2,4,0.270774,43.7976,1,1,2.89779,11.4831,4.72881,1
6.2,5,0.200774,43.7976,1,1,2.89779,11.4831,4.72881,1
6.2,6,0.776489,45.8979,1,1,2.89779,24.1104,5.93787,1
6.2,7,0.9,43.7976,1,1,2.89779,11.4831,4.72881,1
6.3,0,0.219984,43.7984,1,1,3.48011,3.48011,4.30109,1
6.3,1,0.169984,43.7984,1,1,3.48011,3.48011,4.30109,1
6.3,2,0.461521,45.9177,1,1,4.50137,36.5227,8.03173,1
6.3,3,0.511521,45.9177,1,1,4.50137,36.5227,8.03173,1
6.3,4,0.26992,43.8069,1,1,3.48011,3.48011,4.30109,1
6.3,5,0.19992,43.8069,1,1,3.48011,3.48011,4.30109,1
6.3,6,0.775937,46.332,1,1,9.00273,32.0213,10.4319,1
6.3,7,0.9,43.8069,1,1,3.48011,3.48011,4.30109,1
6.4,0,0.218627,43.998,1,1,5.12801,20.2315,6.83838,1
6.4,1,0.168627,43.998,1,1,5.12801,20.2315,6.83838,1
6.4,2,0.459835,46.2063,1,1,5.12801,37.5,8.49614,1
6.4,3,0.509835,46.2063,1,1,5.12801,37.5,8.49614,1
6.4,4,0.268564,44.0063,1,1,5.12801,20.2315,6.83838,1
6.4,5,0.198564,44.0063,1,1,5.12801,20.2315,6.83838,1
6.4,6,0.775488,46.6137,1,1,5.12801,37.5,8.49614,1
6.4,7,0.9,44.0063,1,1,5.12801,20.2315,6.83838,1
6.5,0,0.21727,44.1944,1,1,5.73367,16.4181,6.84112,1
6.5,1,0.16727,44.1944,1,1,5.73367,16.4181,6.84112,1
6.5,2,0.458076,46.5176,1,1,5.73367,37.5,8.86256,1
6.5,3,0.508076,46.5176,1,1,5.73367,37.5,8.86256,1
6.5,4,0.267206,44.2026,1,1,5.73367,16.4181,6.84112,1
6.5,5,0.197206,44.2026,1,1,5.73367,16.4181,6.84112,1
6.5,6,0.775019,46.9182,1,1,5.73367,37.5,8.86256,1
6.5,7,0.9,44.2026,1,1,5.73367,16.4181,6.84112,1
6.6,0,0.21565,44.4868,1,1,5.6121,31.0003,8.16371,1
6.6,1,0.16565,44.4868,1,1,5.6121,31.0003,8.16371,1
6.6,2,0.45642,46.7852,1,1,5.6121,32.938,8.34987,1
6.6,3,0.50642,46.7852,1,1,5.6121,32.938,8.34987,1
6.6,4,0.265586,44.4949,1,1,5.6121,31.0003,8.16371,1
6.6,5,0.195586,44.4949,1,1,5.6121,31.0003,8.16371,1
6.6,6,0.774577,47.1791,1,1,5.6121,32.938,8.34987,1
6.6,7,0.9,44.4949,1,1,5.6121,31.0003,8.16371,1
6.7,0,0.214535,44.5835,1,1,4.81877,9.35877,5.61913,1
6.7,1,0.164535,44.5835,1,1,4.81877,9.35877,5.61913,1
6.7,2,0.454848,47.0163,1,1,4.81877,33.4427,7.92204,1
6.7,3,0.504848,47.0163,1,1,4.81877,33.4427,7.92204,1
6.7,4,0.264472,44.5914,1,1,4.81877,9.35877,5.61913,1
6.7,5,0.194472,44.5914,1,1,4.81877,9.35877,5.61913,1
6.7,6,0.774158,47.4036,1,1,4.81877,33.4427,7.92204,1
6.7,7,0.9,44.5914,1,1,4.81877,9.35877,5.61913,1
6.8,0,0.213142,44.7837,1,1,4.78269,24.2901,7.0217,1
6.8,1,0.163142,44.7837,1,1,4.78269,24.2901,7.0217,1
6.8,2,0.45325,47.2535,1,1,4.78269,35.0586,8.05607,1
6.8,3,0.50325,47.2535,1,1,4.78269,35.0586,8.05607,1
6.8,4,0.263078,44.7915,1,1,4.78269,24.2901,7.0217,1
6.8,5,0.193078,44.7915,1,1,4.78269,24.2901,7.0217,1
6.8,6,0.773732,47.6344,1,1,4.78269,35.0586,8.05607,1
6.8,7,0.9,44.7915,1,1,4.78269,24.2901,7.0217,1
6.9,0,0.211706,44.9967,1,1,4.98016,25.3048,7.23621,1
6.9,1,0.161706,44.9967,1,1,4.98016,25.3048,7.23621,1
6.9,2,0.451644,47.4894,1,1,4.98016,34.1961,8.09022,1
6.9,3,0.501644,47.4894,1,1,4.98016,34.1961,8.09022,1
6.9,4,0.261643,45.0043,1,1,4.98016,25.3048,7.23621,1
6.9,5,0.191643,45.0043,1,1,4.98016,25.3048,7.23621,1
6.9,6,0.773303,47.8639,1,1,4.98016,34.1961,8.09022,1
6.9,7,0.9,45.0043,1,1,4.98016,25.3048,7.23621,1
7,0,0.210228,45.2223,1,1,4.89704,28.0602,7.45126,1
7,1,0.160228,45.2223,1,1,4.89704,28.0602,7.45126,1
7,2,0.450028,47.7255,1,1,4.89704,35.2912,8.14611,1
7,3,0.500028,47.7255,1,1,4.89704,35.2912,8.14611,1
7,4,0.260164,45.2298,1,1,4.89704,28.0602,7.45126,1
7,5,0.190164,45.2298,1,1,4.89704,28.0602,7.45126,1
7,6,0.772872,48.0938,1,1,4.89704,35.2912,8.14611,1
7,7,0.9,45.2298,1,1,4.89704,28.0602,7.45126,1
7.1,0,0.209234,45.2609,1,1,4.15523,7,5.00905,1
7.1,1,0.159234,45.2609,1,1,4.15523,7,5.00905,1
7.1,2,0.448431,47.9505,1,1,5.31296,31.6978,8.04945,1
7.1,3,0.498431,47.9505,1,1,5.31296,31.6978,8.04945,1
7.1,4,0.25917,45.2683,1,1,4.15523,7,5.00905,1
7.1,5,0.18917,45.2683,1,1,4.15523,7,5.00905,1
7.1,6,0.772415,48.3577,1,1,6.47069,30.5401,8.64996,1
7.1,7,0.9,45.2683,1,1,4.15523,7,5.00905,1
7.2,0,0.207775,45.4746,1,1,4.62634,28.6939,7.35232,1
7.2,1,0.157775,45.4746,1,1,4.62634,28.6939,7.35232,1
7.2,2,0.446949,48.1283,1,1,4.62634,29.9254,7.47062,1
7.2,3,0.496949,48.1283,1,1,4.62634,29.9254,7.47062,1
7.2,4,0.257711,45.4819,1,1,4.62634,28.6939,7.35232,1
7.2,5,0.187711,45.4819,1,1,4.62634,28.6939,7.35232,1
7.2,6,0.77202,48.5287,1,1,4.62634,29.9254,7.47062,1
7.2,7,0.9,45.4819,1,1,4.62634,28.6939,7.35232,1
7.3,0,0.206505,45.6132,1,1,4.31897,20.6137,6.39773,1
7.3,1,0.156505,45.6132,1,1,4.31897,20.6137,6.39773,1
7.3,2,0.445403,48.327,1,1,4.31897,35.1092,7.78974,1
7.3,3,0.495403,48.327,1,1,4.31897,35.1092,7.78974,1
7.3,4,0.256442,45.6204,1,1,4.31897,20.6137,6.39773,1
7.3,5,0.186442,45.6204,1,1,4.31897,20.6137,6.39773,1
7.3,6,0.771607,48.7208,1,1,4.31897,35.1092,7.78974,1
7.3,7,0.9,45.6204,1,1,4.31897,20.6137,6.39773,1
7.4,0,0.205222,45.7547,1,1,4.92852,17.5989,6.46749,1
7.4,1,0.155222,45.7547,1,1,4.92852,17.5989,6.46749,1
7.4,2,0.443919,48.4993,1,1,4.92852,28.1766,7.48113,1
7.4,3,0.493919,48.4993,1,1,4.92852,28.1766,7.48113,1
7.4,4,0.255159,45.7618,1,1,4.92852,17.5989,6.46749,1
7.4,5,0.185159,45.7618,1,1,4.92852,17.5989,6.46749,1
7.4,6,0.771212,48.8865,1,1,4.92852,28.1766,7.48113,1
7.4,7,0.9,45.7618,1,1,4.92852,17.5989,6.46749,1
7.5,0,0.204028,45.8601,1,1,4.13814,17.729,6.01712,1
7.5,1,0.154028,45.8601,1,1,4.13814,17.729,6.01712,1
7.5,2,0.442534,48.6312,1,1,4.13814,27.7777,6.98069,1
7.5,3,0.492534,48.6312,1,1,4.13814,27.7777,6.98069,1
7.5,4,0.253965,45.867,1,1,4.13814,17.729,6.01712,1
7.5,5,0.183965,45.867,1,1,4.13814,17.729,6.01712,1
7.5,6,0.770842,49.012,1,1,4.13814,27.7777,6.98069,1
7.5,7,0.9,45.867,1,1,4.13814,17.729,6.01712,1
7.6,0,0.202879,45.9471,1,1,3.98948,16.2997,5.79521,1
7.6,1,0.152879,45.9471,1,1,3.98948,16.2997,5.79521,1
7.6,2,0.441387,48.6708,1,1,3.98948,16.1323,5.77921,1
7.6,3,0.491387,48.6708,1,1,3.98948,16.1323,5.77921,1
7.6,4,0.252815,45.9539,1,1,3.98948,16.2997,5.79521,1
7.6,5,0.182815,45.9539,1,1,3.98948,16.2997,5.79521,1
7.6,6,0.770536,49.0452,1,1,3.98948,16.1323,5.77921,1
7.6,7,0.9,45.9539,1,1,3.98948,16.2997,5.79521,1
7.7,0,0.201804,46.004,1,1,2.53615,20.6531,5.41397,1
7.7,1,0.151804,46.004,1,1,2.53615,20.6531,5.41397,1
7.7,2,0.439998,48.8014,1,1,2.53615,37.1597,7.00159,1
7.7,3,0.489998,48.8014,1,1,2.53615,37.1597,7.00159,1
7.7,4,0.251741,46.0107,1,1,2.53615,20.6531,5.41397,1
7.7,5,0.181741,46.0107,1,1,2.53615,20.6531,5.41397,1
7.7,6,0.770166,49.1696,1,1,2.53615,37.1597,7.00159,1
7.7,7,0.9,46.0107,1,1,2.53615,20.6531,5.41397,1
7.8,0,0.200472,46.1577,1,1,4.96198,19.9929,6.71634,1
7.8,1,0.150472,46.1577,1,1,4.96198,19.9929,6.71634,1
7.8,2,0.438394,49.0109,1,1,4.96198,34.2198,8.08167,1
7.8,3,0.488394,49.0109,1,1,4.96198,34.2198,8.08167,1
7.8,4,0.250408,46.1642,1,1,4.96198,19.9929,6.71634,1
7.8,5,0.180408,46.1642,1,1,4.96198,19.9929,6.71634,1
7.8,6,0.769738,49.3729,1,1,4.96198,34.2198,8.08167,1
7.8,7,0.9,46.1642,1,1,4.96198,19.9929,6.71634,1
7.9,0,0.199207,46.2832,1,1,4.89772,16.8268,6.37542,1
7.9,1,0.149207,46.2832,1,1,4.89772,16.8268,6.37542,1
7.9,2,0.436805,49.2114,1,1,4.89772,33.8688,8.00976,1
7.9,3,0.486805,49.2114,1,1,4.89772,33.8688,8.00976,1
7.9,4,0.249143,46.2897,1,1,4.89772,16.8268,6.37542,1
7.9,5,0.179143,46.2897,1,1,4.89772,16.8268,6.37542,1
7.9,6,0.769315,49.5674,1,1,4.89772,33.8688,8.00976,1
7.9,7,0.9,46.2897,1,1,4.89772,16.8268,6.37542,1
8,0,0.197668,46.5102,1,1,4.84582,31.5525,7.75636,1
8,1,0.147668,46.5102,1,1,4.84582,31.5525,7.75636,1
8,2,0.435153,49.4325,1,1,4.84582,37.5,8.32819,1
8,3,0.485153,49.4325,1,1,4.84582,37.5,8.32819,1
8,4,0.247604,46.5166,1,1,4.84582,31.5525,7.75636,1
8,5,0.177604,46.5166,1,1,4.84582,31.5525,7.75636,1
8,6,0.768874,49.7825,1,1,4.84582,37.5,8.32819,1
8,7,0.9,46.5166,1,1,4.84582,31.5525,7.75636,1
8.1,0,0.196326,46.659,1,1,5.62413,16.3171,6.76451,1
8.1,1,0.146326,46.659,1,1,5.62413,16.3171,6.76451,1
8.1,2,0.43356,49.6272,1,1,5.62413,29.4897,8.02597,1
8.1,3,0.48356,49.6272,1,1,5.62413,29.4897,8.02597,1
8.1,4,0.246262,46.6653,1,1,5.62413,16.3171,6.76451,1
8.1,5,0.176262,46.6653,1,1,5.62413,16.3171,6.76451,1
8.1,6,0.768449,49.9714,1,1,5.62413,29.4897,8.02597,1
8.1,7,0.9,46.6653,1,1,5.62413,16.3171,6.76451,1
8.2,0,0.194966,46.8121,1,1,4.38923,24.9451,6.85386,1
8.2,1,0.144966,46.8121,1,1,4.38923,24.9451,6.85386,1
8.2,2,0.431995,49.8084,1,1,4.38923,35.7128,7.88855,1
8.2,3,0.481995,49.8084,1,1,4.38923,35.7128,7.88855,1
8.2,4,0.244902,46.8182,1,1,4.38923,24.9451,6.85386,1
8.2,5,0.174902,46.8182,1,1,4.38923,24.9451,6.85386,1
8.2,6,0.768032,50.1469,1,1,4.38923,35.7128,7.88855,1
8.2,7,0.9,46.8182,1,1,4.38923,24.9451,6.85386,1
8.3,0,0.193547,46.9848,1,1,5.01276,24.1965,7.14934,1
8.3,1,0.143547,46.9848,1,1,5.01276,24.1965,7.14934,1
8.3,2,0.430323,50.027,1,1,5.01276,37.5,8.42732,1
8.3,3,0.480323,50.027,1,1,5.01276,37.5,8.42732,1
8.3,4,0.243484,46.9908,1,1,5.01276,24.1965,7.14934,1
8.3,5,0.173484,46.9908,1,1,5.01276,24.1965,7.14934,1
8.3,6,0.767586,50.3598,1,1,5.01276,37.5,8.42732,1
8.3,7,0.9,46.9908,1,1,5.01276,24.1965,7.14934,1
8.4,0,0.192286,47.095,1,1,5.87821,10.3626,6.35493,1
8.4,1,0.142286,47.095,1,1,5.87821,10.3626,6.35493,1
8.4,2,0.428578,50.2694,1,1,5.87821,35.8597,8.79346,1
8.4,3,0.478578,50.2694,1,1,5.87821,35.8597,8.79346,1
8.4,4,0.242223,47.1009,1,1,5.87821,10.3626,6.35493,1
8.4,5,0.172223,47.1009,1,1,5.87821,10.3626,6.35493,1
8.4,6,0.767121,50.5967,1,1,5.87821,35.8597,8.79346,1
8.4,7,0.9,47.1009,1,1,5.87821,10.3626,6.35493,1
8.5,0,0.190956,47.2294,1,1,5.21724,18.2513,6.70258,1
8.5,1,0.140956,47.2294,1,1,5.21724,18.2513,6.70258,1
8.5,2,0.426882,50.4895,1,1,5.21724,37.5,8.54962,1
8.5,3,0.476882,50.4895,1,1,5.21724,37.5,8.54962,1
8.5,4,0.240893,47.2353,1,1,5.21724,18.2513,6.70258,1
8.5,5,0.170893,47.2353,1,1,5.21724,18.2513,6.70258,1
8.5,6,0.766668,50.8113,1,1,5.21724,37.5,8.54962,1
8.5,7,0.9,47.2353,1,1,5.21724,18.2513,6.70258,1
8.6,0,0.189641,47.3562,1,1,5.40906,16.2816,6.63032,1
8.6,1,0.139641,47.3562,1,1,5.40906,16.2816,6.63032,1
8.6,2,0.425212,50.696,1,1,5.40906,34.9253,8.41764,1
8.6,3,0.475212,50.696,1,1,5.40906,34.9253,8.41764,1
8.6,4,0.239578,47.3619,1,1,5.40906,16.2816,6.63032,1
8.6,5,0.169578,47.3619,1,1,5.40906,16.2816,6.63032,1
8.6,6,0.766223,51.0124,1,1,5.40906,34.9253,8.41764,1
8.6,7,0.9,47.3619,1,1,5.40906,16.2816,6.63032,1
8.7,0,0.188455,47.4317,1,1,5.04179,11.721,5.97537,1
8.7,1,0.138455,47.4317,1,1,5.04179,11.721,5.97537,1
8.7,2,0.423538,50.9004,1,1,5.04179,37.4075,8.43573,1
8.7,3,0.473538,50.9004,1,1,5.04179,37.4075,8.43573,1
8.7,4,0.238392,47.4374,1,1,5.04179,11.721,5.97537,1
8.7,5,0.168392,47.4374,1,1,5.04179,11.721,5.97537,1
8.7,6,0.765777,51.2116,1,1,5.04179,37.4075,8.43573,1
8.7,7,0.9,47.4374,1,1,5.04179,11.721,5.97537,1
8.8,0,0.187229,47.5214,1,1,5.30616,12.2111,6.18079,1
8.8,1,0.137229,47.5214,1,1,5.30616,12.2111,6.18079,1
8.8,2,0.421903,51.0867,1,1,5.30616,33.7197,8.23965,1
8.8,3,0.471903,51.0867,1,1,5.30616,33.7197,8.23965,1
8.8,4,0.237166,47.527,1,1,5.30616,12.2111,6.18079,1
8.8,5,0.167166,47.527,1,1,5.30616,12.2111,6.18079,1
8.8,6,0.765341,51.3927,1,1,5.30616,33.7197,8.23965,1
8.8,7,0.9,47.527,1,1,5.30616,12.2111,6.18079,1
8.9,0,0.186315,47.4915,1,1,3.446,7,4.60609,1
8.9,1,0.136315,47.4915,1,1,3.446,7,4.60609,1
8.9,2,0.420247,51.278,1,1,5.35564,34.5324,8.3476,1
8.9,3,0.470247,51.278,1,1,5.35564,34.5324,8.3476,1
8.9,4,0.236252,47.497,1,1,3.446,7,4.60609,1
8.9,5,0.166252,47.497,1,1,3.446,7,4.60609,1
8.9,6,0.764846,51.6543,1,1,7.26528,32.6228,9.3531,1
8.9,7,0.9,47.497,1,1,3.446,7,4.60609,1
9,0,0.184915,47.6461,1,1,4.98601,23.4134,7.05831,1
9,1,0.134915,47.6461,1,1,4.98601,23.4134,7.05831,1
9,2,0.418617,51.4559,1,1,4.98601,35.4308,8.21241,1
9,3,0.468617,51.4559,1,1,4.98601,35.4308,8.21241,1
9,4,0.234851,47.6514,1,1,4.98601,23.4134,7.05831,1
9,5,0.164851,47.6514,1,1,4.98601,23.4134,7.05831,1
9,6,0.764411,51.826,1,1,4.98601,35.4308,8.21241,1
9,7,0.9,47.6514,1,1,4.98601,23.4134,7.05831,1
9.1,0,0.183466,47.8161,1,1,5.0521,25.523,7.30006,1
9.1,1,0.133466,47.8161,1,1,5.0521,25.523,7.30006,1
9.1,2,0.417089,51.5929,1,1,5.0521,29.7393,7.70481,1
9.1,3,0.467089,51.5929,1,1,5.0521,29.7393,7.70481,1
9.1,4,0.233403,47.8214,1,1,5.0521,25.523,7.30006,1
9.1,5,0.163403,47.8214,1,1,5.0521,25.523,7.30006,1
9.1,6,0.764004,51.9567,1,1,5.0521,29.7393,7.70481,1
9.1,7,0.9,47.8214,1,1,5.0521,25.523,7.30006,1
9.2,0,0.182199,47.9147,1,1,4.34892,20.298,6.38487,1
9.2,1,0.132199,47.9147,1,1,4.34892,20.298,6.38487,1
9.2,2,0.415654,51.6921,1,1,4.34892,29.1323,7.23253,1
9.2,3,0.465654,51.6921,1,1,4.34892,29.1323,7.23253,1
9.2,4,0.232136,47.9199,1,1,4.34892,20.298,6.38487,1
9.2,5,0.162136,47.9199,1,1,4.34892,20.298,6.38487,1
9.2,6,0.763621,52.0499,1,1,4.34892,29.1323,7.23253,1
9.2,7,0.9,47.9199,1,1,4.34892,20.298,6.38487,1
9.3,0,0.181,47.986,1,1,4.18515,17.7118,6.04256,1
9.3,1,0.131,47.986,1,1,4.18515,17.7118,6.04256,1
9.3,2,0.414356,51.7378,1,1,4.18515,22.9136,6.54082,1
9.3,3,0.464356,51.7378,1,1,4.18515,22.9136,6.54082,1
9.3,4,0.230937,47.9911,1,1,4.18515,17.7118,6.04256,1
9.3,5,0.160937,47.9911,1,1,4.18515,17.7118,6.04256,1
9.3,6,0.763275,52.0896,1,1,4.18515,22.9136,6.54082,1
9.3,7,0.9,47.9911,1,1,4.18515,17.7118,6.04256,1
9.4,0,0.179815,48.0511,1,1,3.38734,21.7212,5.9755,1
9.4,1,0.129815,48.0511,1,1,3.38734,21.7212,5.9755,1
9.4,2,0.413006,51.8024,1,1,3.38734,30.3363,6.80313,1
9.4,3,0.463006,51.8024,1,1,3.38734,30.3363,6.80313,1
9.4,4,0.229751,48.0561,1,1,3.38734,21.7212,5.9755,1
9.4,5,0.159751,48.0561,1,1,3.38734,21.7212,5.9755,1
9.4,6,0.762915,52.1484,1,1,3.38734,30.3363,6.80313,1
9.4,7,0.9,48.0561,1,1,3.38734,21.7212,5.9755,1
9.5,0,0.178568,48.1381,1,1,4.21545,20.0365,6.28254,1
9.5,1,0.128568,48.1381,1,1,4.21545,20.0365,6.28254,1
9.5,2,0.411554,51.9045,1,1,4.21545,30.8254,7.31805,1
9.5,3,0.461554,51.9045,1,1,4.21545,30.8254,7.31805,1
9.5,4,0.228505,48.143,1,1,4.21545,20.0365,6.28254,1
9.5,5,0.158505,48.143,1,1,4.21545,20.0365,6.28254,1
9.5,6,0.762528,52.2447,1,1,4.21545,30.8254,7.31805,1
9.5,7,0.9,48.143,1,1,4.21545,20.0365,6.28254,1
9.6,0,0.177301,48.2316,1,1,4.38011,20.1488,6.38871,1
9.6,1,0.127301,48.2316,1,1,4.38011,20.1488,6.38871,1
9.6,2,0.410218,51.9611,1,1,4.38011,23.738,6.73273,1
9.6,3,0.460218,51.9611,1,1,4.38011,23.738,6.73273,1
9.6,4,0.227237,48.2364,1,1,4.38011,20.1488,6.38871,1
9.6,5,0.157237,48.2364,1,1,4.38011,20.1488,6.38871,1
9.6,6,0.762172,52.2956,1,1,4.38011,23.738,6.73273,1
9.6,7,0.9,48.2364,1,1,4.38011,20.1488,6.38871,1
9.7,0,0.176103,48.2971,1,1,3.51476,21.6135,6.03595,1
9.7,1,0.126103,48.2971,1,1,3.51476,21.6135,6.03595,1
9.7,2,0.408746,52.0682,1,1,3.51476,36.0058,7.41918,1
9.7,3,0.458746,52.0682,1,1,3.51476,36.0058,7.41918,1
9.7,4,0.22604,48.3019,1,1,3.51476,21.6135,6.03595,1
9.7,5,0.15604,48.3019,1,1,3.51476,21.6135,6.03595,1
9.7,6,0.761779,52.3971,1,1,3.51476,36.0058,7.41918,1
9.7,7,0.9,48.3019,1,1,3.51476,21.6135,6.03595,1
9.8,0,0.17464,48.4619,1,1,4.94007,26.9891,7.37399,1
9.8,1,0.12464,48.4619,1,1,4.94007,26.9891,7.37399,1
9.8,2,0.407308,52.1606,1,1,4.94007,25.6696,7.24736,1
9.8,3,0.457308,52.1606,1,1,4.94007,25.6696,7.24736,1
9.8,4,0.224577,48.4666,1,1,4.94007,26.9891,7.37399,1
9.8,5,0.154577,48.4666,1,1,4.94007,26.9891,7.37399,1
9.8,6,0.761396,52.4841,1,1,4.94007,25.6696,7.24736,1
9.8,7,0.9,48.4666,1,1,4.94007,26.9891,7.37399,1
9.9,0,0.173207,48.6125,1,1,3.99115,31.1638,7.22193,1
9.9,1,0.123207,48.6125,1,1,3.99115,31.1638,7.22193,1
9.9,2,0.405768,52.29,1,1,3.99115,36.7745,7.76156,1
9.9,3,0.455768,52.29,1,1,3.99115,36.7745,7.76156,1
9.9,4,0.223144,48.6171,1,1,3.99115,31.1638,7.22193,1
9.9,5,0.153144,48.6171,1,1,3.99115,31.1638,7.22193,1
9.9,6,0.760985,52.6081,1,1,3.99115,36.7745,7.76156,1
9.9,7,0.9,48.6171,1,1,3.99115,31.1638,7.22193,1
10,0,0.171684,48.7948,1,1,5.0957,29.1873,7.67785,1
10,1,0.121684,48.7948,1,1,5.0957,29.1873,7.67785,1
10,2,0.404179,52.4358,1,1,5.0957,32.6267,8.00828,1
10,3,0.454179,52.4358,1,1,5.0957,32.6267,8.00828,1
10,4,0.22162,48.7993,1,1,5.0957,29.1873,7.67785,1
10,5,0.15162,48.7993,1,1,5.0957,29.1873,7.67785,1
10,6,0.760561,52.7486,1,1,5.0957,32.6267,8.00828,1
10,7,0.9,48.7993,1,1,5.0957,29.1873,7.67785,1
10.1,0,0.170197,48.9603,1,1,4.7153,29.6318,7.49473,1
10.1,1,0.120197,48.9603,1,1,4.7153,29.6318,7.49473,1
10.1,2,0.402901,52.4617,1,1,4.7153,18.6503,6.44165,1
10.1,3,0.452901,52.4617,1,1,4.7153,18.6503,6.44165,1
10.1,4,0.220133,48.9648,1,1,4.7153,29.6318,7.49473,1
10.1,5,0.150133,48.9648,1,1,4.7153,29.6318,7.49473,1
10.1,6,0.76022,52.7692,1,1,4.7153,18.6503,6.44165,1
10.1,7,0.9,48.9648,1,1,4.7153,29.6318,7.49473,1
10.2,0,0.16887,49.0623,1,1,4.29339,23.7599,6.68453,1
10.2,1,0.11887,49.0623,1,1,4.29339,23.7599,6.68453,1
10.2,2,0.40142,52.5639,1,1,4.29339,31.8883,7.46523,1
10.2,3,0.45142,52.5639,1,1,4.29339,31.8883,7.46523,1
10.2,4,0.218807,49.0667,1,1,4.29339,23.7599,6.68453,1
10.2,5,0.148807,49.0667,1,1,4.29339,23.7599,6.68453,1
10.2,6,0.759825,52.8663,1,1,4.29339,31.8883,7.46523,1
10.2,7,0.9,49.0667,1,1,4.29339,23.7599,6.68453,1
10.3,0,0.167388,49.2217,1,1,4.52271,30.5808,7.4729,1
10.3,1,0.117388,49.2217,1,1,4.52271,30.5808,7.4729,1
10.3,2,0.399899,52.6794,1,1,4.52271,32.5907,7.66608,1
10.3,3,0.449899,52.6794,1,1,4.52271,32.5907,7.66608,1
10.3,4,0.217324,49.226,1,1,4.52271,30.5808,7.4729,1
10.3,5,0.147324,49.226,1,1,4.52271,30.5808,7.4729,1
10.3,6,0.75942,52.9768,1,1,4.52271,32.5907,7.66608,1
10.3,7,0.9,49.226,1,1,4.52271,30.5808,7.4729,1
10.4,0,0.166224,49.258,1,1,4.63918,13.0829,5.86566,1
10.4,1,0.116224,49.258,1,1,4.63918,13.0829,5.86566,1
10.4,2,0.39832,52.815,1,1,4.63918,34.9187,7.95813,1
10.4,3,0.44832,52.815,1,1,4.63918,34.9187,7.95813,1
10.4,4,0.21616,49.2622,1,1,4.63918,13.0829,5.86566,1
10.4,5,0.14616,49.2622,1,1,4.63918,13.0829,5.86566,1
10.4,6,0.758999,53.1074,1,1,4.63918,34.9187,7.95813,1
10.4,7,0.9,49.2622,1,1,4.63918,13.0829,5.86566,1
10.5,0,0.164923,49.3455,1,1,4.94474,18.4448,6.55799,1
10.5,1,0.114923,49.3455,1,1,4.94474,18.4448,6.55799,1
10.5,2,0.39675,52.9446,1,1,4.94474,32.5372,7.90968,1
10.5,3,0.44675,52.9446,1,1,4.94474,32.5372,7.90968,1
10.5,4,0.214859,49.3497,1,1,4.94474,18.4448,6.55799,1
10.5,5,0.144859,49.3497,1,1,4.94474,18.4448,6.55799,1
10.5,6,0.75858,53.2322,1,1,4.94474,32.5372,7.90968,1
10.5,7,0.9,49.3497,1,1,4.94474,18.4448,6.55799,1
10.6,0,0.163534,49.4646,1,1,4.68524,24.6478,6.99853,1
10.6,1,0.113534,49.4646,1,1,4.68524,24.6478,6.99853,1
10.6,2,0.395368,53.0015,1,1,4.68524,24.3294,6.96798,1
10.6,3,0.445368,53.0015,1,1,4.68524,24.3294,6.96798,1
10.6,4,0.213471,49.4687,1,1,4.68524,24.6478,6.99853,1
10.6,5,0.143471,49.4687,1,1,4.68524,24.6478,6.99853,1
10.6,6,0.758211,53.2842,1,1,4.68524,24.3294,6.96798,1
10.6,7,0.9,49.4687,1,1,4.68524,24.6478,6.99853,1
10.7,0,0.162197,49.5624,1,1,3.66663,28.0565,6.73958,1
10.7,1,0.112197,49.5624,1,1,3.66663,28.0565,6.73958,1
10.7,2,0.393929,53.0785,1,1,3.66663,33.3673,7.2502,1
10.7,3,0.443929,53.0785,1,1,3.66663,33.3673,7.2502,1
10.7,4,0.212133,49.5664,1,1,3.66663,28.0565,6.73958,1
10.7,5,0.142133,49.5664,1,1,3.66663,28.0565,6.73958,1
10.7,6,0.757828,53.3566,1,1,3.66663,33.3673,7.2502,1
10.7,7,0.9,49.5664,1,1,3.66663,28.0565,6.73958,1
10.8,0,0.161148,49.5495,1,1,4.62924,7.00637,5.28633,1
10.8,1,0.111148,49.5495,1,1,4.62924,7.00637,5.28633,1
10.8,2,0.392386,53.194,1,1,4.62924,33.1154,7.77891,1
10.8,3,0.442386,53.194,1,1,4.62924,33.1154,7.77891,1
10.8,4,0.211085,49.5534,1,1,4.62924,7.00637,5.28633,1
10.8,5,0.141085,49.5534,1,1,4.62924,7.00637,5.28633,1
10.8,6,0.757416,53.4674,1,1,4.62924,33.1154,7.77891,1
10.8,7,0.9,49.5534,1,1,4.62924,7.00637,5.28633,1
10.9,0,0.159878,49.6203,1,1,4.71808,18.199,6.40014,1
10.9,1,0.109878,49.6203,1,1,4.71808,18.199,6.40014,1
10.9,2,0.390826,53.3136,1,1,4.71808,33.4218,7.8606,1
10.9,3,0.440826,53.3136,1,1,4.71808,33.4218,7.8606,1
10.9,4,0.209815,49.6242,1,1,4.71808,18.199,6.40014,1
10.9,5,0.139815,49.6242,1,1,4.71808,18.199,6.40014,1
10.9,6,0.757,53.5825,1,1,4.71808,33.4218,7.8606,1
10.9,7,0.9,49.6242,1,1,4.71808,18.199,6.40014,1
11,0,0.15857,49.7043,1,1,4.76749,19.8883,6.59092,1
11,1,0.10857,49.7043,1,1,4.76749,19.8883,6.59092,1
11,2,0.389183,53.4629,1,1,4.76749,37.5,8.2819,1
11,3,0.439183,53.4629,1,1,4.76749,37.5,8.2819,1
11,4,0.208507,49.7081,1,1,4.76749,19.8883,6.59092,1
11,5,0.138507,49.7081,1,1,4.76749,19.8883,6.59092,1
11,6,0.756562,53.7273,1,1,4.76749,37.5,8.2819,1
11,7,0.9,49.7081,1,1,4.76749,19.8883,6.59092,1
11.1,0,0.157198,49.8113,1,1,5.30595,19.9262,6.91618,1
11.1,1,0.107198,49.8113,1,1,5.30595,19.9262,6.91618,1
11.1,2,0.38777,53.5228,1,1,5.30595,22.0955,7.12385,1
11.1,3,0.43777,53.5228,1,1,5.30595,22.0955,7.12385,1
11.1,4,0.207135,49.815,1,1,5.30595,19.9262,6.91618,1
11.1,5,0.137135,49.815,1,1,5.30595,19.9262,6.91618,1
11.1,6,0.756185,53.7828,1,1,5.30595,22.0955,7.12385,1
11.1,7,0.9,49.815,1,1,5.30595,19.9262,6.91618,1
11.2,0,0.155876,49.8974,1,1,3.42518,28.6439,6.66136,1
11.2,1,0.105876,49.8974,1,1,3.42518,28.6439,6.66136,1
11.2,2,0.38635,53.584,1,1,3.42518,33.7718,7.15451,1
11.2,3,0.43635,53.584,1,1,3.42518,33.7718,7.15451,1
11.2,4,0.205813,49.9011,1,1,3.42518,28.6439,6.66136,1
11.2,5,0.135813,49.9011,1,1,3.42518,28.6439,6.66136,1
11.2,6,0.755807,53.8396,1,1,3.42518,33.7718,7.15451,1
11.2,7,0.9,49.9011,1,1,3.42518,28.6439,6.66136,1
11.3,0,0.154753,49.9068,1,1,4.64962,10.843,5.65928,1
11.3,1,0.104753,49.9068,1,1,4.64962,10.843,5.65928,1
11.3,2,0.384784,53.6995,1,1,4.64962,34.1735,7.8926,1
11.3,3,0.434784,53.6995,1,1,4.64962,34.1735,7.8926,1
11.3,4,0.20469,49.9105,1,1,4.64962,10.843,5.65928,1
11.3,5,0.13469,49.9105,1,1,4.64962,10.843,5.65928,1
11.3,6,0.755389,53.9509,1,1,4.64962,34.1735,7.8926,1
11.3,7,0.9,49.9105,1,1,4.64962,10.843,5.65928,1
11.4,0,0.153426,49.9936,1,1,4.85289,20.4188,6.69227,1
11.4,1,0.103426,49.9936,1,1,4.85289,20.4188,6.69227,1
11.4,2,0.383388,53.749,1,1,4.85289,24.0135,7.03673,1
11.4,3,0.433388,53.749,1,1,4.85289,24.0135,7.03673,1
11.4,4,0.203362,49.9972,1,1,4.85289,20.4188,6.69227,1
11.4,5,0.133362,49.9972,1,1,4.85289,20.4188,6.69227,1
11.4,6,0.755017,53.9962,1,1,4.85289,24.0135,7.03673,1
11.4,7,0.9,49.9972,1,1,4.85289,20.4188,6.69227,1
11.5,0,0.152087,50.0831,1,1,3.6083,28.4723,6.74684,1
11.5,1,0.102087,50.0831,1,1,3.6083,28.4723,6.74684,1
11.5,2,0.38221,53.715,1,1,3.6083,20.0307,5.93647,1
11.5,3,0.43221,53.715,1,1,3.6083,20.0307,5.93647,1
11.5,4,0.202024,50.0866,1,1,3.6083,28.4723,6.74684,1
11.5,5,0.132024,50.0866,1,1,3.6083,28.4723,6.74684,1
11.5,6,0.754703,53.9581,1,1,3.6083,20.0307,5.93647,1
11.5,7,0.9,50.0866,1,1,3.6083,28.4723,6.74684,1
11.6,0,0.150605,50.2251,1,1,4.01007,33.6054,7.4675,1
11.6,1,0.100605,50.2251,1,1,4.01007,33.6054,7.4675,1
11.6,2,0.380975,53.7032,1,1,4.01007,20.6486,6.22317,1
11.6,3,0.430975,53.7032,1,1,4.01007,20.6486,6.22317,1
11.6,4,0.200542,50.2286,1,1,4.01007,33.6054,7.4675,1
11.6,5,0.130542,50.2286,1,1,4.01007,33.6054,7.4675,1
11.6,6,0.754373,53.9422,1,1,4.01007,20.6486,6.22317,1
11.6,7,0.9,50.2286,1,1,4.01007,33.6054,7.4675,1
11.7,0,0.149143,50.3574,1,1,4.70193,28.4034,7.36886,1
11.7,1,0.0991433,50.3574,1,1,4.70193,28.4034,7.36886,1
11.7,2,0.379441,53.8049,1,1,4.70193,32.2088,7.73448,1
11.7,3,0.429441,53.8049,1,1,4.70193,32.2088,7.73448,1
11.7,4,0.19908,50.3608,1,1,4.70193,28.4034,7.36886,1
11.7,5,0.12908,50.3608,1,1,4.70193,28.4034,7.36886,1
11.7,6,0.753964,54.04,1,1,4.70193,32.2088,7.73448,1
11.7,7,0.9,50.3608,1,1,4.70193,28.4034,7.36886,1
11.8,0,0.148042,50.3509,1,1,4.61384,9.90288,5.54932,1
11.8,1,0.0980422,50.3509,1,1,4.61384,9.90288,5.54932,1
11.8,2,0.377876,53.9161,1,1,4.61384,34.3003,7.8838,1
11.8,3,0.427876,53.9161,1,1,4.61384,34.3003,7.8838,1
11.8,4,0.197979,50.3543,1,1,4.61384,9.90288,5.54932,1
11.8,5,0.127979,50.3543,1,1,4.61384,9.90288,5.54932,1
11.8,6,0.753547,54.1472,1,1,4.61384,34.3003,7.8838,1
11.8,7,0.9,50.3543,1,1,4.61384,9.90288,5.54932,1
11.9,0,0.146652,50.4537,1,1,4.86427,23.605,7.00431,1
11.9,1,0.0966525,50.4537,1,1,4.86427,23.605,7.00431,1
11.9,2,0.376312,54.0256,1,1,4.86427,32.7926,7.88648,1
11.9,3,0.426312,54.0256,1,1,4.86427,32.7926,7.88648,1
11.9,4,0.196589,50.457,1,1,4.86427,23.605,7.00431,1
11.9,5,0.126589,50.457,1,1,4.86427,23.605,7.00431,1
11.9,6,0.75313,54.2529,1,1,4.86427,32.7926,7.88648,1
11.9,7,0.9,50.457,1,1,4.86427,23.605,7.00431,1
12,0,0.145395,50.5048,1,1,4.70711,17.6105,6.33741,1
12,1,0.095395,50.5048,1,1,4.70711,17.6105,6.33741,1
12,2,0.374832,54.1011,1,1,4.70711,29.2759,7.45571,1
12,3,0.424832,54.1011,1,1,4.70711,29.2759,7.45571,1
12,4,0.195332,50.5081,1,1,4.70711,17.6105,6.33741,1
12,5,0.125332,50.5081,1,1,4.70711,17.6105,6.33741,1
12,6,0.752735,54.3246,1,1,4.70711,29.2759,7.45571,1
12,7,0.9,50.5081,1,1,4.70711,17.6105,6.33741,1
12.1,0,0.144197,50.5325,1,1,4.24788,17.2792,6.03743,1
12.1,1,0.0941971,50.5325,1,1,4.24788,17.2792,6.03743,1
12.1,2,0.373641,54.0664,1,1,4.24788,16.9346,6.0045,1
12.1,3,0.423641,54.0664,1,1,4.24788,16.9346,6.0045,1
12.1,4,0.194134,50.5357,1,1,4.24788,17.2792,6.03743,1
12.1,5,0.124134,50.5357,1,1,4.24788,17.2792,6.03743,1
12.1,6,0.752418,54.2862,1,1,4.24788,16.9346,6.0045,1
12.1,7,0.9,50.5357,1,1,4.24788,17.2792,6.03743,1
12.2,0,0.143294,50.4482,1,1,2.69089,10.7614,4.54937,1
12.2,1,0.0932945,50.4482,1,1,2.69089,10.7614,4.54937,1
12.2,2,0.372428,54.0405,1,1,2.69089,27.0969,6.11461,1
12.2,3,0.422428,54.0405,1,1,2.69089,27.0969,6.11461,1
12.2,4,0.193231,50.4513,1,1,2.69089,10.7614,4.54937,1
12.2,5,0.123231,50.4513,1,1,2.69089,10.7614,4.54937,1
12.2,6,0.752094,54.2567,1,1,2.69089,27.0969,6.11461,1
12.2,7,0.9,50.4513,1,1,2.69089,10.7614,4.54937,1
12.3,0,0.142706,50.2465,1,1,1.28306,1.28306,2.9663,1
12.3,1,0.0927059,50.2465,1,1,1.28306,1.28306,2.9663,1
12.3,2,0.370971,54.1072,1,1,4.96463,26.5045,7.34209,1
12.3,3,0.420971,54.1072,1,1,4.96463,26.5045,7.34209,1
12.3,4,0.192643,50.2496,1,1,1.28306,1.28306,2.9663,1
12.3,5,0.122643,50.2496,1,1,1.28306,1.28306,2.9663,1
12.3,6,0.751562,54.523,1,1,9.92926,21.5399,10.0526,1
12.3,7,0.9,50.2496,1,1,1.28306,1.28306,2.9663,1
12.4,0,0.141915,50.1248,1,1,2.99165,2.99165,3.98756,1
12.4,1,0.0919147,50.1248,1,1,2.99165,2.99165,3.98756,1
12.4,2,0.369541,54.1626,1,1,5.24486,23.3544,7.20766,1
12.4,3,0.419541,54.1626,1,1,5.24486,23.3544,7.20766,1
12.4,4,0.191851,50.1279,1,1,2.99165,2.99165,3.98756,1
12.4,5,0.121851,50.1279,1,1,2.99165,2.99165,3.98756,1
12.4,6,0.751027,54.7891,1,1,10.4897,18.1095,10.1087,1
12.4,7,0.9,50.1279,1,1,2.99165,2.99165,3.98756,1
12.5,0,0.141211,49.9723,1,1,1.41775,7,3.54929,1
12.5,1,0.0912105,49.9723,1,1,1.41775,7,3.54929,1
12.5,2,0.368051,54.2398,1,1,4.29395,32.3478,7.50973,1
12.5,3,0.418051,54.2398,1,1,4.29395,32.3478,7.50973,1
12.5,4,0.191147,49.9753,1,1,1.41775,7,3.54929,1
12.5,5,0.121147,49.9753,1,1,1.41775,7,3.54929,1
12.5,6,0.750552,54.9668,1,1,7.17016,29.4716,8.98982,1
12.5,7,0.9,49.9753,1,1,1.41775,7,3.54929,1
12.6,0,0.140614,49.7817,1,1,0.110752,7,3.00848,1
12.6,1,0.0906136,49.7817,1,1,0.110752,7,3.00848,1
12.6,2,0.366514,54.3334,1,1,6.07005,23.7127,7.74572,1
12.6,3,0.416514,54.3334,1,1,6.07005,23.7127,7.74572,1
12.6,4,0.19055,49.7846,1,1,0.110752,7,3.00848,1
12.6,5,0.12055,49.7846,1,1,0.110752,7,3.00848,1
12.6,6,0.749962,55.3035,1,1,12.0293,17.7534,11.148,1
12.6,7,0.9,49.7846,1,1,0.110752,7,3.00848,1
12.7,0,0.139965,49.6137,1,1,1.81126,1.81126,3.26689,1
12.7,1,0.0899654,49.6137,1,1,1.81126,1.81126,3.26689,1
12.7,2,0.364953,54.4347,1,1,4.96379,32.0009,7.86948,1
12.7,3,0.414953,54.4347,1,1,4.96379,32.0009,7.86948,1
12.7,4,0.189902,49.6166,1,1,1.81126,1.81126,3.26689,1
12.7,5,0.119902,49.6166,1,1,1.81126,1.81126,3.26689,1
12.7,6,0.749402,55.5917,1,1,9.92759,27.0371,10.5772,1
12.7,7,0.9,49.6166,1,1,1.81126,1.81126,3.26689,1
12.8,0,0.138899,49.6064,1,1,4.62059,7.98409,5.37269,1
12.8,1,0.0888994,49.6064,1,1,4.62059,7.98409,5.37269,1
12.8,2,0.363431,54.5195,1,1,4.62059,32.04,7.67045,1
12.8,3,0.413431,54.5195,1,1,4.62059,32.04,7.67045,1
12.8,4,0.188836,49.6093,1,1,4.62059,7.98409,5.37269,1
12.8,5,0.118836,49.6093,1,1,4.62059,7.98409,5.37269,1
12.8,6,0.748996,55.6571,1,1,4.62059,32.04,7.67045,1
12.8,7,0.9,49.6093,1,1,4.62059,7.98409,5.37269,1
12.9,0,0.138228,49.4499,1,1,2.00614,2.00614,3.38167,1
12.9,1,0.0882284,49.4499,1,1,2.00614,2.00614,3.38167,1
12.9,2,0.361786,54.6492,1,1,6.1101,29.1286,8.28991,1
12.9,3,0.411786,54.6492,1,1,6.1101,29.1286,8.28991,1
12.9,4,0.188165,49.4527,1,1,2.00614,2.00614,3.38167,1
12.9,5,0.118165,49.4527,1,1,2.00614,2.00614,3.38167,1
12.9,6,0.748373,56.0301,1,1,12.2202,23.0185,11.7851,1
12.9,7,0.9,49.4527,1,1,2.00614,2.00614,3.38167,1
13,0,0.137385,49.3613,1,1,2.79812,7,4.25114,1
13,1,0.0873849,49.3613,1,1,2.79812,7,4.25114,1
13,2,0.360367,54.6912,1,1,4.94041,24.6408,7.14886,1
13,3,0.410367,54.6912,1,1,4.94041,24.6408,7.14886,1
13,4,0.187322,49.364,1,1,2.79812,7,4.25114,1
13,5,0.117322,49.364,1,1,2.79812,7,4.25114,1
13,6,0.747935,56.1328,1,1,7.0827,22.4986,8.26578,1
13,7,0.9,49.364,1,1,2.79812,7,4.25114,1
13.1,0,0.136213,49.3982,1,1,3.69766,19.1911,5.90623,1
13.1,1,0.0862131,49.3982,1,1,3.69766,19.1911,5.90623,1
13.1,2,0.359105,54.6734,1,1,3.69766,23.9219,6.3599,1
13.1,3,0.409105,54.6734,1,1,3.69766,23.9219,6.3599,1
13.1,4,0.18615,49.4009,1,1,3.69766,19.1911,5.90623,1
13.1,5,0.11615,49.4009,1,1,3.69766,19.1911,5.90623,1
13.1,6,0.747599,56.091,1,1,3.69766,23.9219,6.3599,1
13.1,7,0.9,49.4009,1,1,3.69766,19.1911,5.90623,1
13.2,0,0.135237,49.3605,1,1,3.45245,10.28,4.91876,1
13.2,1,0.0852371,49.3605,1,1,3.45245,10.28,4.91876,1
13.2,2,0.357838,54.6581,1,1,3.45245,25.6665,6.39036,1
13.2,3,0.407838,54.6581,1,1,3.45245,25.6665,6.39036,1
13.2,4,0.185174,49.3631,1,1,3.45245,10.28,4.91876,1
13.2,5,0.115174,49.3631,1,1,3.45245,10.28,4.91876,1
13.2,6,0.747261,56.052,1,1,3.45245,25.6665,6.39036,1
13.2,7,0.9,49.3631,1,1,3.45245,10.28,4.91876,1
13.3,0,0.13452,49.2254,1,1,2.38916,2.38916,3.61244,1
13.3,1,0.0845204,49.2254,1,1,2.38916,2.38916,3.61244,1
13.3,2,0.356424,54.698,1,1,4.85315,24.9152,7.12337,1
13.3,3,0.406424,54.698,1,1,4.85315,24.9152,7.12337,1
13.3,4,0.184457,49.228,1,1,2.38916,2.38916,3.61244,1
13.3,5,0.114457,49.228,1,1,2.38916,2.38916,3.61244,1
13.3,6,0.746744,56.2665,1,1,9.7063,20.062,9.7601,1
13.3,7,0.9,49.228,1,1,2.38916,2.38916,3.61244,1
13.4,0,0.133271,49.2938,1,1,3.72104,23.1111,6.29526,1
13.4,1,0.0832713,49.2938,1,1,3.72104,23.1111,6.29526,1
13.4,2,0.355202,54.6652,1,1,3.72104,21.7208,6.16187,1
13.4,3,0.405202,54.6652,1,1,3.72104,21.7208,6.16187,1
13.4,4,0.183208,49.2964,1,1,3.72104,23.1111,6.29526,1
13.4,5,0.113208,49.2964,1,1,3.72104,23.1111,6.29526,1
13.4,6,0.746418,56.2076,1,1,3.72104,21.7208,6.16187,1
13.4,7,0.9,49.2964,1,1,3.72104,23.1111,6.29526,1
13.5,0,0.131932,49.3952,1,1,3.35402,29.985,6.75094,1
13.5,1,0.0819318,49.3952,1,1,3.35402,29.985,6.75094,1
13.5,2,0.354008,54.622,1,1,3.35402,22.3325,6.01574,1
13.5,3,0.404008,54.622,1,1,3.35402,22.3325,6.01574,1
13.5,4,0.181868,49.3978,1,1,3.35402,29.985,6.75094,1
13.5,5,0.111868,49.3978,1,1,3.35402,29.985,6.75094,1
13.5,6,0.7461,56.1386,1,1,3.35402,22.3325,6.01574,1
13.5,7,0.9,49.3978,1,1,3.35402,29.985,6.75094,1
13.6,0,0.130789,49.4207,1,1,4.16737,14.8712,5.76098,1
13.6,1,0.0807888,49.4207,1,1,4.16737,14.8712,5.76098,1
13.6,2,0.352597,54.6616,1,1,4.16737,28.9546,7.11057,1
13.6,3,0.402597,54.6616,1,1,4.16737,28.9546,7.11057,1
13.6,4,0.180725,49.4232,1,1,4.16737,14.8712,5.76098,1
13.6,5,0.110725,49.4232,1,1,4.16737,14.8712,5.76098,1
13.6,6,0.745724,56.1529,1,1,4.16737,28.9546,7.11057,1
13.6,7,0.9,49.4232,1,1,4.16737,14.8712,5.76098,1
13.7,0,0.130258,49.2144,1,1,0.736455,0.736455,2.67588,1
13.7,1,0.0802579,49.2144,1,1,0.736455,0.736455,2.67588,1
13.7,2,0.351179,54.7031,1,1,5.52033,20.9647,7.14538,1
13.7,3,0.401179,54.7031,1,1,5.52033,20.9647,7.14538,1
13.7,4,0.180194,49.2168,1,1,0.736455,0.736455,2.67588,1
13.7,5,0.110194,49.2168,1,1,0.736455,0.736455,2.67588,1
13.7,6,0.745182,56.4014,1,1,11.0407,15.4444,10.236,1
13.7,7,0.9,49.2168,1,1,0.736455,0.736455,2.67588,1
13.8,0,0.129773,48.9941,1,1,0.245424,0.245424,2.44347,1
13.8,1,0.0797731,48.9941,1,1,0.245424,0.245424,2.44347,1
13.8,2,0.349738,54.7529,1,1,4.41418,29.0726,7.2647,1
13.8,3,0.399738,54.7529,1,1,4.41418,29.0726,7.2647,1
13.8,4,0.17971,48.9965,1,1,0.245424,0.245424,2.44347,1
13.8,5,0.10971,48.9965,1,1,0.245424,0.245424,2.44347,1
13.8,6,0.744674,56.5988,1,1,8.82835,24.6584,9.61005,1
13.8,7,0.9,48.9965,1,1,0.245424,0.245424,2.44347,1
13.9,0,0.12851,49.0718,1,1,4.18584,21.1085,6.36816,1
13.9,1,0.0785095,49.0718,1,1,4.18584,21.1085,6.36816,1
13.9,2,0.348262,54.8148,1,1,4.18584,32.2427,7.43724,1
13.9,3,0.398262,54.8148,1,1,4.18584,32.2427,7.43724,1
13.9,4,0.178446,49.0742,1,1,4.18584,21.1085,6.36816,1
13.9,5,0.108446,49.0742,1,1,4.18584,21.1085,6.36816,1
13.9,6,0.74428,56.6299,1,1,4.18584,32.2427,7.43724,1
13.9,7,0.9,49.0742,1,1,4.18584,21.1085,6.36816,1
14,0,0.127243,49.1493,1,1,4.55357,19.0273,6.38262,1
14,1,0.0772431,49.1493,1,1,4.55357,19.0273,6.38262,1
14,2,0.347014,54.7898,1,1,4.55357,18.075,6.29153,1
14,3,0.397014,54.7898,1,1,4.55357,18.075,6.29153,1
14,4,0.17718,49.1516,1,1,4.55357,19.0273,6.38262,1
14,5,0.10718,49.1516,1,1,4.55357,19.0273,6.38262,1
14,6,0.743947,56.5746,1,1,4.55357,18.075,6.29153,1
14,7,0.9,49.1516,1,1,4.55357,19.0273,6.38262,1
14.1,0,0.126119,49.1718,1,1,2.94761,21.0041,5.6664,1
14.1,1,0.0761188,49.1718,1,1,2.94761,21.0041,5.6664,1
14.1,2,0.345766,54.765,1,1,2.94761,27.498,6.29023,1
14.1,3,0.395766,54.765,1,1,2.94761,27.498,6.29023,1
14.1,4,0.176055,49.1741,1,1,2.94761,21.0041,5.6664,1
14.1,5,0.106055,49.1741,1,1,2.94761,21.0041,5.6664,1
14.1,6,0.743615,56.5202,1,1,2.94761,27.498,6.29023,1
14.1,7,0.9,49.1741,1,1,2.94761,21.0041,5.6664,1
14.2,0,0.124824,49.2583,1,1,3.8057,25.0111,6.52543,1
14.2,1,0.0748241,49.2583,1,1,3.8057,25.0111,6.52543,1
14.2,2,0.34446,54.7627,1,1,3.8057,25.6184,6.58374,1
14.2,3,0.39446,54.7627,1,1,3.8057,25.6184,6.58374,1
14.2,4,0.174761,49.2606,1,1,3.8057,25.0111,6.52543,1
14.2,5,0.104761,49.2606,1,1,3.8057,25.0111,6.52543,1
14.2,6,0.743266,56.4886,1,1,3.8057,25.6184,6.58374,1
14.2,7,0.9,49.2606,1,1,3.8057,25.0111,6.52543,1
14.3,0,0.123716,49.2729,1,1,3.67801,15.9503,5.58508,1
14.3,1,0.073716,49.2729,1,1,3.67801,15.9503,5.58508,1
14.3,2,0.343186,54.7481,1,1,3.67801,24.6485,6.4186,1
14.3,3,0.393186,54.7481,1,1,3.67801,24.6485,6.4186,1
14.3,4,0.173653,49.2751,1,1,3.67801,15.9503,5.58508,1
14.3,5,0.103653,49.2751,1,1,3.67801,15.9503,5.58508,1
14.3,6,0.742927,56.4452,1,1,3.67801,24.6485,6.4186,1
14.3,7,0.9,49.2751,1,1,3.67801,15.9503,5.58508,1
14.4,0,0.122601,49.2899,1,1,3.54081,17.1234,5.62029,1
14.4,1,0.0726008,49.2899,1,1,3.54081,17.1234,5.62029,1
14.4,2,0.342087,54.6679,1,1,3.54081,16.3028,5.54181,1
14.4,3,0.392087,54.6679,1,1,3.54081,16.3028,5.54181,1
14.4,4,0.172537,49.292,1,1,3.54081,17.1234,5.62029,1
14.4,5,0.102537,49.292,1,1,3.54081,17.1234,5.62029,1
14.4,6,0.742633,56.3367,1,1,3.54081,16.3028,5.54181,1
14.4,7,0.9,49.292,1,1,3.54081,17.1234,5.62029,1
14.5,0,0.121616,49.2574,1,1,2.58302,15.7126,4.96488,1
14.5,1,0.0716157,49.2574,1,1,2.58302,15.7126,4.96488,1
14.5,2,0.340881,54.629,1,1,2.58302,27.2653,6.07395,1
14.5,3,0.390881,54.629,1,1,2.58302,27.2653,6.07395,1
14.5,4,0.171552,49.2595,1,1,2.58302,15.7126,4.96488,1
14.5,5,0.101552,49.2595,1,1,2.58302,15.7126,4.96488,1
14.5,6,0.742312,56.27,1,1,2.58302,27.2653,6.07395,1
14.5,7,0.9,49.2595,1,1,2.58302,15.7126,4.96488,1
14.6,0,0.120512,49.2704,1,1,3.73104,15.4151,5.56385,1
14.6,1,0.0705118,49.2704,1,1,3.73104,15.4151,5.56385,1
14.6,2,0.339688,54.5862,1,1,3.73104,20.1132,6.01339,1
14.6,3,0.389688,54.5862,1,1,3.73104,20.1132,6.01339,1
14.6,4,0.170448,49.2725,1,1,3.73104,15.4151,5.56385,1
14.6,5,0.100448,49.2725,1,1,3.73104,15.4151,5.56385,1
14.6,6,0.741994,56.1999,1,1,3.73104,20.1132,6.01339,1
14.6,7,0.9,49.2725,1,1,3.73104,15.4151,5.56385,1
14.7,0,0.119371,49.297,1,1,2.98053,21.6677,5.74786,1
14.7,1,0.0693714,49.297,1,1,2.98053,21.6677,5.74786,1
14.7,2,0.338581,54.5115,1,1,2.98053,19.906,5.57882,1
14.7,3,0.388581,54.5115,1,1,2.98053,19.906,5.57882,1
14.7,4,0.169308,49.2991,1,1,2.98053,21.6677,5.74786,1
14.7,5,0.099308,49.2991,1,1,2.98053,21.6677,5.74786,1
14.7,6,0.741699,56.0983,1,1,2.98053,19.906,5.57882,1
14.7,7,0.9,49.2991,1,1,2.98053,21.6677,5.74786,1
14.8,0,0.118313,49.292,1,1,3.08103,16.7653,5.33238,1
14.8,1,0.0683133,49.292,1,1,3.08103,16.7653,5.33238,1
14.8,2,0.337416,54.4601,1,1,3.08103,22.405,5.87309,1
14.8,3,0.387416,54.4601,1,1,3.08103,22.405,5.87309,1
14.8,4,0.16825,49.294,1,1,3.08103,16.7653,5.33238,1
14.8,5,0.09825,49.294,1,1,3.08103,16.7653,5.33238,1
14.8,6,0.741388,56.0204,1,1,3.08103,22.405,5.87309,1
14.8,7,0.9,49.294,1,1,3.08103,16.7653,5.33238,1
14.9,0,0.117629,49.1459,1,1,2.1223,2.1223,3.45096,1
14.9,1,0.0676286,49.1459,1,1,2.1223,2.1223,3.45096,1
14.9,2,0.336147,54.4489,1,1,4.24767,21.0408,6.39736,1
14.9,3,0.386147,54.4489,1,1,4.24767,21.0408,6.39736,1
14.9,4,0.167565,49.1479,1,1,2.1223,2.1223,3.45096,1
14.9,5,0.0975652,49.1479,1,1,2.1223,2.1223,3.45096,1
14.9,6,0.740931,56.1513,1,1,8.49535,16.7931,8.63823,1
14.9,7,0.9,49.1479,1,1,2.1223,2.1223,3.45096,1
15,0,0.116561,49.1469,1,1,3.16106,16.7968,5.37906,1
15,1,0.0665613,49.1469,1,1,3.16106,16.7968,5.37906,1
15,2,0.335053,54.3714,1,1,3.16106,18.1741,5.51094,1
15,3,0.385053,54.3714,1,1,3.16106,18.1741,5.51094,1
15,4,0.166498,49.1489,1,1,3.16106,16.7968,5.37906,1
15,5,0.096498,49.1489,1,1,3.16106,16.7968,5.37906,1
15,6,0.740639,56.0454,1,1,3.16106,18.1741,5.51094,1
15,7,0.9,49.1489,1,1,3.16106,16.7968,5.37906,1
15.1,0,0.115497,49.147,1,1,2.6669,19.4414,5.36652,1
15.1,1,0.0654966,49.147,1,1,2.6669,19.4414,5.36652,1
15.1,2,0.334008,54.2769,1,1,2.6669,18.4007,5.26671,1
15.1,3,0.384008,54.2769,1,1,2.6669,18.4007,5.26671,1
15.1,4,0.165433,49.1489,1,1,2.6669,19.4414,5.36652,1
15.1,5,0.0954332,49.1489,1,1,2.6669,19.4414,5.36652,1
15.1,6,0.740361,55.923,1,1,2.6669,18.4007,5.26671,1
15.1,7,0.9,49.1489,1,1,2.6669,19.4414,5.36652,1
15.2,0,0.114298,49.1977,1,1,2.76353,25.9447,6.04238,1
15.2,1,0.0642977,49.1977,1,1,2.76353,25.9447,6.04238,1
15.2,2,0.332792,54.2486,1,1,2.76353,26.846,6.12903,1
15.2,3,0.382792,54.2486,1,1,2.76353,26.846,6.12903,1
15.2,4,0.164234,49.1996,1,1,2.76353,25.9447,6.04238,1
15.2,5,0.0942343,49.1996,1,1,2.76353,25.9447,6.04238,1
15.2,6,0.740036,55.8673,1,1,2.76353,26.846,6.12903,1
15.2,7,0.9,49.1996,1,1,2.76353,25.9447,6.04238,1
15.3,0,0.113138,49.2328,1,1,3.70119,18.5368,5.84556,1
15.3,1,0.0631378,49.2328,1,1,3.70119,18.5368,5.84556,1
15.3,2,0.331471,54.2607,1,1,3.70119,27.0261,6.66,1
15.3,3,0.381471,54.2607,1,1,3.70119,27.0261,6.66,1
15.3,4,0.163074,49.2347,1,1,3.70119,18.5368,5.84556,1
15.3,5,0.0930745,49.2347,1,1,3.70119,18.5368,5.84556,1
15.3,6,0.739684,55.8524,1,1,3.70119,27.0261,6.66,1
15.3,7,0.9,49.2347,1,1,3.70119,18.5368,5.84556,1
15.4,0,0.111855,49.3137,1,1,3.84092,24.1631,6.46396,1
15.4,1,0.0618553,49.3137,1,1,3.84092,24.1631,6.46396,1
15.4,2,0.330228,54.2428,1,1,3.84092,22.0874,6.2648,1
15.4,3,0.380228,54.2428,1,1,3.84092,22.0874,6.2648,1
15.4,4,0.161792,49.3156,1,1,3.84092,24.1631,6.46396,1
15.4,5,0.0917919,49.3156,1,1,3.84092,24.1631,6.46396,1
15.4,6,0.739353,55.808,1,1,3.84092,22.0874,6.2648,1
15.4,7,0.9,49.3156,1,1,3.84092,24.1631,6.46396,1
15.5,0,0.110356,49.4751,1,1,3.5005,37.5,7.55505,1
15.5,1,0.0603563,49.4751,1,1,3.5005,37.5,7.55505,1
15.5,2,0.329083,54.1882,1,1,3.5005,18.921,5.7699,1
15.5,3,0.379083,54.1882,1,1,3.5005,18.921,5.7699,1
15.5,4,0.160293,49.4769,1,1,3.5005,37.5,7.55505,1
15.5,5,0.0902929,49.4769,1,1,3.5005,37.5,7.55505,1
15.5,6,0.739047,55.7273,1,1,3.5005,18.921,5.7699,1
15.5,7,0.9,49.4769,1,1,3.5005,37.5,7.55505,1
15.6,0,0.108916,49.6118,1,1,5.3138,23.4769,7.26094,1
15.6,1,0.0589156,49.6118,1,1,5.3138,23.4769,7.26094,1
15.6,2,0.327576,54.2715,1,1,5.3138,26.9796,7.59688,1
15.6,3,0.377576,54.2715,1,1,5.3138,26.9796,7.59688,1
15.6,4,0.158852,49.6136,1,1,5.3138,23.4769,7.26094,1
15.6,5,0.0888522,49.6136,1,1,5.3138,23.4769,7.26094,1
15.6,6,0.738645,55.7849,1,1,5.3138,26.9796,7.59688,1
15.6,7,0.9,49.6136,1,1,5.3138,23.4769,7.26094,1
15.7,0,0.107423,49.7659,1,1,4.03667,34.0384,7.52434,1
15.7,1,0.0574227,49.7659,1,1,4.03667,34.0384,7.52434,1
15.7,2,0.326515,54.1847,1,1,4.03667,11.316,5.34752,1
15.7,3,0.376515,54.1847,1,1,4.03667,11.316,5.34752,1
15.7,4,0.157359,49.7677,1,1,4.03667,34.0384,7.52434,1
15.7,5,0.0873593,49.7677,1,1,4.03667,34.0384,7.52434,1
15.7,6,0.738362,55.6729,1,1,4.03667,11.316,5.34752,1
15.7,7,0.9,49.7677,1,1,4.03667,34.0384,7.52434,1
15.8,0,0.105892,49.9317,1,1,4.75938,31.6425,7.71391,1
15.8,1,0.0558922,49.9317,1,1,4.75938,31.6425,7.71391,1
15.8,2,0.32509,54.2369,1,1,4.75938,26.1054,7.1821,1
15.8,3,0.37509,54.2369,1,1,4.75938,26.1054,7.1821,1
15.8,4,0.155829,49.9334,1,1,4.75938,31.6425,7.71391,1
15.8,5,0.0858288,49.9334,1,1,4.75938,31.6425,7.71391,1
15.8,6,0.737982,55.7004,1,1,4.75938,26.1054,7.1821,1
15.8,7,0.9,49.9334,1,1,4.75938,31.6425,7.71391,1
15.9,0,0.104648,49.9864,1,1,4.55023,17.8735,6.2703,1
15.9,1,0.0546481,49.9864,1,1,4.55023,17.8735,6.2703,1
15.9,2,0.323472,54.3612,1,1,4.55023,37.5,8.15428,1
15.9,3,0.373472,54.3612,1,1,4.55023,37.5,8.15428,1
15.9,4,0.154585,49.9881,1,1,4.55023,17.8735,6.2703,1
15.9,5,0.0845847,49.9881,1,1,4.55023,17.8735,6.2703,1
15.9,6,0.737551,55.8003,1,1,4.55023,37.5,8.15428,1
15.9,7,0.9,49.9881,1,1,4.55023,17.8735,6.2703,1
16,0,0.10396,49.8299,1,1,2.14679,2.14679,3.46564,1
16,1,0.0539604,49.8299,1,1,2.14679,2.14679,3.46564,1
16,2,0.321915,54.4603,1,1,7.01573,18.542,7.84495,1
16,3,0.371915,54.4603,1,1,7.01573,18.542,7.84495,1
16,4,0.153897,49.8316,1,1,2.14679,2.14679,3.46564,1
16,5,0.0838971,49.8316,1,1,2.14679,2.14679,3.46564,1
16,6,0.736916,56.1864,1,1,14.0315,11.5263,11.9927,1
16,7,0.9,49.8316,1,1,2.14679,2.14679,3.46564,1
16.1,0,0.103299,49.6663,1,1,0.951711,7,3.33564,1
16.1,1,0.0532986,49.6663,1,1,0.951711,7,3.33564,1
16.1,2,0.320496,54.5058,1,1,3.94239,30.7503,7.1544,1
16.1,3,0.370496,54.5058,1,1,3.94239,30.7503,7.1544,1
16.1,4,0.153235,49.6679,1,1,0.951711,7,3.33564,1
16.1,5,0.0832352,49.6679,1,1,0.951711,7,3.33564,1
16.1,6,0.736457,56.3172,1,1,6.93306,27.7597,8.67465,1
16.1,7,0.9,49.6679,1,1,0.951711,7,3.33564,1
16.2,0,0.101932,49.7716,1,1,4.33659,25.5943,6.8856,1
16.2,1,0.0519324,49.7716,1,1,4.33659,25.5943,6.8856,1
16.2,2,0.318902,54.6163,1,1,4.33659,37.5,8.02993,1
16.2,3,0.368902,54.6163,1,1,4.33659,37.5,8.02993,1
16.2,4,0.151869,49.7732,1,1,4.33659,25.5943,6.8856,1
16.2,5,0.081869,49.7732,1,1,4.33659,25.5943,6.8856,1
16.2,6,0.736033,56.3975,1,1,4.33659,37.5,8.02993,1
16.2,7,0.9,49.7732,1,1,4.33659,25.5943,6.8856,1
16.3,0,0.101168,49.6476,1,1,2.77687,2.77687,3.85226,1
16.3,1,0.0511681,49.6476,1,1,2.77687,2.77687,3.85226,1
16.3,2,0.317486,54.6582,1,1,6.9971,11.2519,7.14011,1
16.3,3,0.367486,54.6582,1,1,6.9971,11.2519,7.14011,1
16.3,4,0.151105,49.6492,1,1,2.77687,2.77687,3.85226,1
16.3,5,0.0811047,49.6492,1,1,2.77687,2.77687,3.85226,1
16.3,6,0.735525,56.593,1,1,11.249,7,9.58447,1
16.3,7,0.9,49.6492,1,1,2.77687,2.77687,3.85226,1
16.4,0,0.100268,49.5769,1,1,2.28113,12.8535,4.53423,1
16.4,1,0.0502684,49.5769,1,1,2.28113,12.8535,4.53423,1
16.4,2,0.316489,54.5407,1,1,2.28113,17.9671,5.02387,1
16.4,3,0.366489,54.5407,1,1,2.28113,17.9671,5.02387,1
16.4,4,0.150205,49.5785,1,1,2.28113,12.8535,4.53423,1
16.4,5,0.080205,49.5785,1,1,2.28113,12.8535,4.53423,1
16.4,6,0.73526,56.4433,1,1,2.28113,17.9671,5.02387,1
16.4,7,0.9,49.5785,1,1,2.28113,12.8535,4.53423,1
16.5,0,0.0990698,49.6204,1,1,2.53103,27.2091,6.0413,1
16.5,1,0.0490698,49.6204,1,1,2.53103,27.2091,6.0413,1
16.5,2,0.315509,54.4188,1,1,2.53103,15.7338,4.93959,1
16.5,3,0.365509,54.4188,1,1,2.53103,15.7338,4.93959,1
16.5,4,0.149006,49.6219,1,1,2.53103,27.2091,6.0413,1
16.5,5,0.0790064,49.6219,1,1,2.53103,27.2091,6.0413,1
16.5,6,0.734998,56.2897,1,1,2.53103,15.7338,4.93959,1
16.5,7,0.9,49.6219,1,1,2.53103,27.2091,6.0413,1
16.6,0,0.0978471,49.6722,1,1,3.71751,21.7452,6.16222,1
16.6,1,0.0478471,49.6722,1,1,3.71751,21.7452,6.16222,1
16.6,2,0.314292,54.3885,1,1,3.71751,21.4408,6.13303,1
16.6,3,0.364292,54.3885,1,1,3.71751,21.4408,6.13303,1
16.6,4,0.147784,49.6737,1,1,3.71751,21.7452,6.16222,1
16.6,5,0.0777837,49.6737,1,1,3.71751,21.7452,6.16222,1
16.6,6,0.734674,56.2282,1,1,3.71751,21.4408,6.13303,1
16.6,7,0.9,49.6737,1,1,3.71751,21.7452,6.16222,1
16.7,0,0.0966434,49.716,1,1,3.18283,23.8438,6.06674,1
16.7,1,0.0466434,49.716,1,1,3.18283,23.8438,6.06674,1
16.7,2,0.312916,54.419,1,1,3.18283,32.8985,6.93721,1
16.7,3,0.362916,54.419,1,1,3.18283,32.8985,6.93721,1
16.7,4,0.14658,49.7175,1,1,3.18283,23.8438,6.06674,1
16.7,5,0.07658,49.7175,1,1,3.18283,23.8438,6.06674,1
16.7,6,0.734307,56.228,1,1,3.18283,32.8985,6.93721,1
16.7,7,0.9,49.7175,1,1,3.18283,23.8438,6.06674,1
16.8,0,0.0953255,49.8023,1,1,4.51017,22.0029,6.64218,1
16.8,1,0.0453255,49.8023,1,1,4.51017,22.0029,6.64218,1
16.8,2,0.311394,54.5036,1,1,4.51017,32.6724,7.66661,1
16.8,3,0.361394,54.5036,1,1,4.51017,32.6724,7.66661,1
16.8,4,0.145262,49.8037,1,1,4.51017,22.0029,6.64218,1
16.8,5,0.0752621,49.8037,1,1,4.51017,22.0029,6.64218,1
16.8,6,0.733901,56.2825,1,1,4.51017,32.6724,7.66661,1
16.8,7,0.9,49.8037,1,1,4.51017,22.0029,6.64218,1
16.9,0,0.0940564,49.8686,1,1,4.64782,18.5914,6.39626,1
16.9,1,0.0440564,49.8686,1,1,4.64782,18.5914,6.39626,1
16.9,2,0.309846,54.5971,1,1,4.64782,33.2478,7.80254,1
16.9,3,0.359846,54.5971,1,1,4.64782,33.2478,7.80254,1
16.9,4,0.143993,49.87,1,1,4.64782,18.5914,6.39626,1
16.9,5,0.073993,49.87,1,1,4.64782,18.5914,6.39626,1
16.9,6,0.733488,56.3463,1,1,4.64782,33.2478,7.80254,1
16.9,7,0.9,49.87,1,1,4.64782,18.5914,6.39626,1
17,0,0.0927008,49.9666,1,1,4.73695,22.5971,6.83235,1
17,1,0.0427008,49.9666,1,1,4.73695,22.5971,6.83235,1
17,2,0.308641,54.5596,1,1,4.73695,14.6927,6.07656,1
17,3,0.358641,54.5596,1,1,4.73695,14.6927,6.07656,1
17,4,0.142637,49.968,1,1,4.73695,22.5971,6.83235,1
17,5,0.0726374,49.968,1,1,4.73695,22.5971,6.83235,1
17,6,0.733167,56.2796,1,1,4.73695,14.6927,6.07656,1
17,7,0.9,49.968,1,1,4.73695,22.5971,6.83235,1
17.1,0,0.0916715,49.9395,1,1,3.41675,13.3174,5.18765,1
17.1,1,0.0416715,49.9395,1,1,3.41675,13.3174,5.18765,1
17.1,2,0.307428,54.5252,1,1,3.41675,22.9586,6.11054,1
17.1,3,0.357428,54.5252,1,1,3.41675,22.9586,6.11054,1
17.1,4,0.141608,49.9409,1,1,3.41675,13.3174,5.18765,1
17.1,5,0.0716081,49.9409,1,1,3.41675,13.3174,5.18765,1
17.1,6,0.732843,56.2166,1,1,3.41675,22.9586,6.11054,1
17.1,7,0.9,49.9409,1,1,3.41675,13.3174,5.18765,1
17.2,0,0.0903695,50.016,1,1,3.29692,28.347,6.562,1
17.2,1,0.0403695,50.016,1,1,3.29692,28.347,6.562,1
17.2,2,0.306179,54.5053,1,1,3.29692,25.5747,6.29557,1
17.2,3,0.356179,54.5053,1,1,3.29692,25.5747,6.29557,1
17.2,4,0.140306,50.0174,1,1,3.29692,28.347,6.562,1
17.2,5,0.0703061,50.0174,1,1,3.29692,28.347,6.562,1
17.2,6,0.73251,56.1685,1,1,3.29692,25.5747,6.29557,1
17.2,7,0.9,50.0174,1,1,3.29692,28.347,6.562,1
17.3,0,0.0892729,50.0136,1,1,3.95549,13.692,5.52696,1
17.3,1,0.0392729,50.0136,1,1,3.95549,13.692,5.52696,1
17.3,2,0.304715,54.567,1,1,3.95549,33.0177,7.37987,1
17.3,3,0.354715,54.567,1,1,3.95549,33.0177,7.37987,1
17.3,4,0.139209,50.0149,1,1,3.95549,13.692,5.52696,1
17.3,5,0.0692095,50.0149,1,1,3.95549,13.692,5.52696,1
17.3,6,0.73212,56.2025,1,1,3.95549,33.0177,7.37987,1
17.3,7,0.9,50.0149,1,1,3.95549,13.692,5.52696,1
17.4,0,0.0880142,50.0725,1,1,4.62164,18.2028,6.3437,1
17.4,1,0.0380142,50.0725,1,1,4.62164,18.2028,6.3437,1
17.4,2,0.303278,54.6173,1,1,4.62164,27.5604,7.2407,1
17.4,3,0.353278,54.6173,1,1,4.62164,27.5604,7.2407,1
17.4,4,0.137951,50.0738,1,1,4.62164,18.2028,6.3437,1
17.4,5,0.0679508,50.0738,1,1,4.62164,18.2028,6.3437,1
17.4,6,0.731737,56.2255,1,1,4.62164,27.5604,7.2407,1
17.4,7,0.9,50.0738,1,1,4.62164,18.2028,6.3437,1
17.5,0,0.0869657,50.0509,1,1,4.02276,10.7352,5.28447,1
17.5,1,0.0369657,50.0509,1,1,4.02276,10.7352,5.28447,1
17.5,2,0.302152,54.5493,1,1,4.02276,14.8377,5.67467,1
17.5,3,0.352152,54.5493,1,1,4.02276,14.8377,5.67467,1
17.5,4,0.136902,50.0522,1,1,4.02276,10.7352,5.28447,1
17.5,5,0.0669023,50.0522,1,1,4.02276,10.7352,5.28447,1
17.5,6,0.731437,56.1307,1,1,4.02276,14.8377,5.67467,1
17.5,7,0.9,50.0522,1,1,4.02276,10.7352,5.28447,1
17.6,0,0.0860055,49.9964,1,1,2.35756,15.6304,4.83931,1
17.6,1,0.0360055,49.9964,1,1,2.35756,15.6304,4.83931,1
17.6,2,0.300984,54.4983,1,1,2.35756,26.5445,5.88726,1
17.6,3,0.350984,54.4983,1,1,2.35756,26.5445,5.88726,1
17.6,4,0.135942,49.9976,1,1,2.35756,15.6304,4.83931,1
17.6,5,0.0659421,49.9976,1,1,2.35756,15.6304,4.83931,1
17.6,6,0.731125,56.0534,1,1,2.35756,26.5445,5.88726,1
17.6,7,0.9,49.9976,1,1,2.35756,15.6304,4.83931,1
17.7,0,0.084739,50.0585,1,1,3.61276,24.6594,6.38304,1
17.7,1,0.034739,50.0585,1,1,3.61276,24.6594,6.38304,1
17.7,2,0.299807,54.4516,1,1,3.61276,19.9669,5.93286,1
17.7,3,0.349807,54.4516,1,1,3.61276,19.9669,5.93286,1
17.7,4,0.134676,50.0597,1,1,3.61276,24.6594,6.38304,1
17.7,5,0.0646756,50.0597,1,1,3.61276,24.6594,6.38304,1
17.7,6,0.730811,55.9808,1,1,3.61276,19.9669,5.93286,1
17.7,7,0.9,50.0597,1,1,3.61276,24.6594,6.38304,1
17.8,0,0.0834138,50.1418,1,1,3.53402,28.1993,6.67911,1
17.8,1,0.0334138,50.1418,1,1,3.53402,28.1993,6.67911,1
17.8,2,0.298408,54.4896,1,1,3.53402,32.0638,7.05067,1
17.8,3,0.348408,54.4896,1,1,3.53402,32.0638,7.05067,1
17.8,4,0.13335,50.143,1,1,3.53402,28.1993,6.67911,1
17.8,5,0.0633504,50.143,1,1,3.53402,28.1993,6.67911,1
17.8,6,0.730438,55.9932,1,1,3.53402,32.0638,7.05067,1
17.8,7,0.9,50.143,1,1,3.53402,28.1993,6.67911,1
17.9,0,0.0822489,50.1631,1,1,4.44973,14.3088,5.87125,1
17.9,1,0.0322489,50.1631,1,1,4.44973,14.3088,5.87125,1
17.9,2,0.296924,54.5592,1,1,4.44973,31.1151,7.48167,1
17.9,3,0.346924,54.5592,1,1,4.44973,31.1151,7.48167,1
17.9,4,0.132185,50.1643,1,1,4.44973,14.3088,5.87125,1
17.9,5,0.0621855,50.1643,1,1,4.44973,14.3088,5.87125,1
17.9,6,0.730042,56.0378,1,1,4.44973,31.1151,7.48167,1
17.9,7,0.9,50.1643,1,1,4.44973,14.3088,5.87125,1
18,0,0.0811023,50.1771,1,1,4.44561,13.3638,5.77886,1
18,1,0.0311023,50.1771,1,1,4.44561,13.3638,5.77886,1
18,2,0.295485,54.6105,1,1,4.44561,28.7548,7.25247,1
18,3,0.345485,54.6105,1,1,4.44561,28.7548,7.25247,1
18,4,0.131039,50.1783,1,1,4.44561,13.3638,5.77886,1
18,5,0.0610389,50.1783,1,1,4.44561,13.3638,5.77886,1
18,6,0.729659,56.0645,1,1,4.44561,28.7548,7.25247,1
18,7,0.9,50.1783,1,1,4.44561,13.3638,5.77886,1
18.1,0,0.0799341,50.1991,1,1,4.15005,16.3033,5.8877,1
18.1,1,0.0299341,50.1991,1,1,4.15005,16.3033,5.8877,1
18.1,2,0.293941,54.7004,1,1,4.15005,36.0024,7.77824,1
18.1,3,0.343941,54.7004,1,1,4.15005,36.0024,7.77824,1
18.1,4,0.129871,50.2003,1,1,4.15005,16.3033,5.8877,1
18.1,5,0.0598707,50.2003,1,1,4.15005,16.3033,5.8877,1
18.1,6,0.729247,56.1301,1,1,4.15005,36.0024,7.77824,1
18.1,7,0.9,50.2003,1,1,4.15005,16.3033,5.8877,1
18.2,0,0.0788309,50.1961,1,1,5.01906,7.45718,5.55998,1
18.2,1,0.0288309,50.1961,1,1,5.01906,7.45718,5.55998,1
18.2,2,0.29237,54.7992,1,1,5.01906,32.1619,7.91786,1
18.2,3,0.34237,54.7992,1,1,5.01906,32.1619,7.91786,1
18.2,4,0.128768,50.1972,1,1,5.01906,7.45718,5.55998,1
18.2,5,0.0587675,50.1972,1,1,5.01906,7.45718,5.55998,1
18.2,6,0.728828,56.2051,1,1,5.01906,32.1619,7.91786,1
18.2,7,0.9,50.1972,1,1,5.01906,7.45718,5.55998,1
18.3,0,0.0775303,50.2678,1,1,4.64762,20.2521,6.55507,1
18.3,1,0.0275303,50.2678,1,1,4.64762,20.2521,6.55507,1
18.3,2,0.290881,54.8655,1,1,4.64762,30.1651,7.50615,1
18.3,3,0.340881,54.8655,1,1,4.64762,30.1651,7.50615,1
18.3,4,0.127467,50.2689,1,1,4.64762,20.2521,6.55507,1
18.3,5,0.0574669,50.2689,1,1,4.64762,20.2521,6.55507,1
18.3,6,0.728431,56.248,1,1,4.64762,30.1651,7.50615,1
18.3,7,0.9,50.2689,1,1,4.64762,20.2521,6.55507,1
18.4,0,0.0764181,50.2671,1,1,4.3516,12.1158,5.60543,1
18.4,1,0.0264181,50.2671,1,1,4.3516,12.1158,5.60543,1
18.4,2,0.289347,54.9474,1,1,4.3516,34.2833,7.72922,1
18.4,3,0.339347,54.9474,1,1,4.3516,34.2833,7.72922,1
18.4,4,0.126355,50.2682,1,1,4.3516,12.1158,5.60543,1
18.4,5,0.0563547,50.2682,1,1,4.3516,12.1158,5.60543,1
18.4,6,0.728022,56.3069,1,1,4.3516,34.2833,7.72922,1
18.4,7,0.9,50.2682,1,1,4.3516,12.1158,5.60543,1
18.5,0,0.0752548,50.2857,1,1,4.82936,11.87,5.8629,1
18.5,1,0.0252548,50.2857,1,1,4.82936,11.87,5.8629,1
18.5,2,0.287815,55.0276,1,1,4.82936,31.313,7.7236,1
18.5,3,0.337815,55.0276,1,1,4.82936,31.313,7.7236,1
18.5,4,0.125191,50.2868,1,1,4.82936,11.87,5.8629,1
18.5,5,0.0551915,50.2868,1,1,4.82936,11.87,5.8629,1
18.5,6,0.727613,56.3643,1,1,4.82936,31.313,7.7236,1
18.5,7,0.9,50.2868,1,1,4.82936,11.87,5.8629,1
18.6,0,0.0740526,50.3187,1,1,4.51779,15.8654,6.05948,1
18.6,1,0.0240526,50.3187,1,1,4.51779,15.8654,6.05948,1
18.6,2,0.286463,55.0381,1,1,4.51779,23.7322,6.81245,1
18.6,3,0.336463,55.0381,1,1,4.51779,23.7322,6.81245,1
18.6,4,0.123989,50.3198,1,1,4.51779,15.8654,6.05948,1
18.6,5,0.0539892,50.3198,1,1,4.51779,15.8654,6.05948,1
18.6,6,0.727253,56.3525,1,1,4.51779,23.7322,6.81245,1
18.6,7,0.9,50.3198,1,1,4.51779,15.8654,6.05948,1
18.7,0,0.0729994,50.2948,1,1,3.53125,13.9097,5.30793,1
18.7,1,0.0229994,50.2948,1,1,3.53125,13.9097,5.30793,1
18.7,2,0.285135,55.0394,1,1,3.53125,28.355,6.69254,1
18.7,3,0.335135,55.0394,1,1,3.53125,28.355,6.69254,1
18.7,4,0.122936,50.2959,1,1,3.53125,13.9097,5.30793,1
18.7,5,0.052936,50.2959,1,1,3.53125,13.9097,5.30793,1
18.7,6,0.726899,56.3319,1,1,3.53125,28.355,6.69254,1
18.7,7,0.9,50.2959,1,1,3.53125,13.9097,5.30793,1
18.8,0,0.0719605,50.2659,1,1,3.98578,10.4462,5.23592,1
18.8,1,0.0219605,50.2659,1,1,3.98578,10.4462,5.23592,1
18.8,2,0.283889,55.01,1,1,3.98578,21.4216,6.28339,1
18.8,3,0.333889,55.01,1,1,3.98578,21.4216,6.28339,1
18.8,4,0.121897,50.267,1,1,3.98578,10.4462,5.23592,1
18.8,5,0.0518971,50.267,1,1,3.98578,10.4462,5.23592,1
18.8,6,0.726566,56.281,1,1,3.98578,21.4216,6.28339,1
18.8,7,0.9,50.267,1,1,3.98578,10.4462,5.23592,1
18.9,0,0.0709518,50.2261,1,1,3.17593,13.6241,5.08399,1
18.9,1,0.0209518,50.2261,1,1,3.17593,13.6241,5.08399,1
18.9,2,0.282739,54.9444,1,1,3.17593,21.0473,5.79452,1
18.9,3,0.332739,54.9444,1,1,3.17593,21.0473,5.79452,1
18.9,4,0.120888,50.2272,1,1,3.17593,13.6241,5.08399,1
18.9,5,0.0508884,50.2272,1,1,3.17593,13.6241,5.08399,1
18.9,6,0.72626,56.1942,1,1,3.17593,21.0473,5.79452,1
18.9,7,0.9,50.2272,1,1,3.17593,13.6241,5.08399,1
19,0,0.0700058,50.1633,1,1,3.0279,11.1552,4.76805,1
19,1,0.0200058,50.1633,1,1,3.0279,11.1552,4.76805,1
19,2,0.281555,54.893,1,1,3.0279,23.7031,5.96891,1
19,3,0.331555,54.893,1,1,3.0279,23.7031,5.96891,1
19,4,0.119942,50.1643,1,1,3.0279,11.1552,4.76805,1
19,5,0.0499424,50.1643,1,1,3.0279,11.1552,4.76805,1
19,6,0.725944,56.122,1,1,3.0279,23.7031,5.96891,1
19,7,0.9,50.1643,1,1,3.0279,11.1552,4.76805,1
19.1,0,0.0689426,50.1458,1,1,3.34137,15.5407,5.35808,1
19.1,1,0.0189426,50.1458,1,1,3.34137,15.5407,5.35808,1
19.1,2,0.280118,54.9377,1,1,3.34137,35.1402,7.23987,1
19.1,3,0.330118,54.9377,1,1,3.34137,35.1402,7.23987,1
19.1,4,0.118879,50.1468,1,1,3.34137,15.5407,5.35808,1
19.1,5,0.0488793,50.1468,1,1,3.34137,15.5407,5.35808,1
19.1,6,0.725561,56.1463,1,1,3.34137,35.1402,7.23987,1
19.1,7,0.9,50.1468,1,1,3.34137,15.5407,5.35808,1
19.2,0,0.0677226,50.1878,1,1,4.8102,14.9975,6.14896,1
19.2,1,0.0177226,50.1878,1,1,4.8102,14.9975,6.14896,1
19.2,2,0.278579,55.0207,1,1,4.8102,31.7973,7.75881,1
19.2,3,0.328579,55.0207,1,1,4.8102,31.7973,7.75881,1
19.2,4,0.117659,50.1888,1,1,4.8102,14.9975,6.14896,1
19.2,5,0.0476592,50.1888,1,1,4.8102,14.9975,6.14896,1
19.2,6,0.72515,56.2091,1,1,4.8102,31.7973,7.75881,1
19.2,7,0.9,50.1888,1,1,4.8102,14.9975,6.14896,1
19.3,0,0.066612,50.1879,1,1,4.57594,10.6493,5.59759,1
19.3,1,0.016612,50.1879,1,1,4.57594,10.6493,5.59759,1
19.3,2,0.277006,55.1147,1,1,4.57594,34.9592,7.92495,1
19.3,3,0.327006,55.1147,1,1,4.57594,34.9592,7.92495,1
19.3,4,0.116549,50.1888,1,1,4.57594,10.6493,5.59759,1
19.3,5,0.0465486,50.1888,1,1,4.57594,10.6493,5.59759,1
19.3,6,0.724731,56.2833,1,1,4.57594,34.9592,7.92495,1
19.3,7,0.9,50.1888,1,1,4.57594,10.6493,5.59759,1
19.4,0,0.0655022,50.1876,1,1,4.94189,8.30652,5.59344,1
19.4,1,0.0155022,50.1876,1,1,4.94189,8.30652,5.59344,1
19.4,2,0.275443,55.2037,1,1,4.94189,32.2272,7.8782,1
19.4,3,0.325443,55.2037,1,1,4.94189,32.2272,7.8782,1
19.4,4,0.115439,50.1885,1,1,4.94189,8.30652,5.59344,1
19.4,5,0.0454388,50.1885,1,1,4.94189,8.30652,5.59344,1
19.4,6,0.724314,56.3528,1,1,4.94189,32.2272,7.8782,1
19.4,7,0.9,50.1885,1,1,4.94189,8.30652,5.59344,1
19.5,0,0.0646719,50.0816,1,1,2.67373,7,4.18461,1
19.5,1,0.0146719,50.0816,1,1,2.67373,7,4.18461,1
19.5,2,0.274023,55.2372,1,1,5.3036,22.4754,7.15882,1
19.5,3,0.324023,55.2372,1,1,5.3036,22.4754,7.15882,1
19.5,4,0.114609,50.0826,1,1,2.67373,7,4.18461,1
19.5,5,0.0446085,50.0826,1,1,2.67373,7,4.18461,1
19.5,6,0.723861,56.4723,1,1,7.93347,19.8456,8.56066,1
19.5,7,0.9,50.0826,1,1,2.67373,7,4.18461,1
19.6,0,0.0636686,50.0429,1,1,3.47238,11.6174,5.0568,1
19.6,1,0.0136686,50.0429,1,1,3.47238,11.6174,5.0568,1
19.6,2,0.272566,55.2839,1,1,3.47238,35.4468,7.34184,1
19.6,3,0.322566,55.2839,1,1,3.47238,35.4468,7.34184,1
19.6,4,0.113605,50.0438,1,1,3.47238,11.6174,5.0568,1
19.6,5,0.0436052,50.0438,1,1,3.47238,11.6174,5.0568,1
19.6,6,0.723473,56.4984,1,1,3.47238,35.4468,7.34184,1
19.6,7,0.9,50.0438,1,1,3.47238,11.6174,5.0568,1
19.7,0,0.0625644,50.0429,1,1,4.8649,8.49276,5.56506,1
19.7,1,0.0125644,50.0429,1,1,4.8649,8.49276,5.56506,1
19.7,2,0.271342,55.2419,1,1,4.8649,14.878,6.17002,1
19.7,3,0.321342,55.2419,1,1,4.8649,14.878,6.17002,1
19.7,4,0.112501,50.0438,1,1,4.8649,8.49276,5.56506,1
19.7,5,0.042501,50.0438,1,1,4.8649,8.49276,5.56506,1
19.7,6,0.723146,56.4362,1,1,4.8649,14.878,6.17002,1
19.7,7,0.9,50.0438,1,1,4.8649,8.49276,5.56506,1
19.8,0,0.0614916,50.031,1,1,2.46786,20.9493,5.40672,1
19.8,1,0.0114916,50.031,1,1,2.46786,20.9493,5.40672,1
19.8,2,0.270207,55.167,1,1,2.46786,24.2291,5.72182,1
19.8,3,0.320207,55.167,1,1,2.46786,24.2291,5.72182,1
19.8,4,0.111428,50.0319,1,1,2.46786,20.9493,5.40672,1
19.8,5,0.0414282,50.0319,1,1,2.46786,20.9493,5.40672,1
19.8,6,0.722844,56.3414,1,1,2.46786,24.2291,5.72182,1
19.8,7,0.9,50.0319,1,1,2.46786,20.9493,5.40672,1
19.9,0,0.0603908,50.0299,1,1,3.33712,17.5544,5.54836,1
19.9,1,0.0103908,50.0299,1,1,3.33712,17.5544,5.54836,1
19.9,2,0.268958,55.1363,1,1,3.33712,25.3274,6.29397,1
19.9,3,0.318958,55.1363,1,1,3.33712,25.3274,6.29397,1
19.9,4,0.110327,50.0308,1,1,3.33712,17.5544,5.54836,1
19.9,5,0.0403274,50.0308,1,1,3.33712,17.5544,5.54836,1
19.9,6,0.722511,56.2911,1,1,3.33712,25.3274,6.29397,1
19.9,7,0.9,50.0308,1,1,3.33712,17.5544,5.54836,1
20,0,0.0591445,50.0839,1,1,3.58306,23.7713,6.28116,1
20,1,0.00914449,50.0839,1,1,3.58306,23.7713,6.28116,1
20,2,0.267545,55.1681,1,1,3.58306,32.5089,7.12085,1
20,3,0.317545,55.1681,1,1,3.58306,32.5089,7.12085,1
20,4,0.109081,50.0847,1,1,3.58306,23.7713,6.28116,1
20,5,0.0390811,50.0847,1,1,3.58306,23.7713,6.28116,1
20,6,0.722134,56.3036,1,1,3.58306,32.5089,7.12085,1
20,7,0.9,50.0847,1,1,3.58306,23.7713,6.28116,1
20.1,0,0.0576667,50.2244,1,1,4.5115,30.3932,7.44832,1
20.1,1,0.00766665,50.2244,1,1,4.5115,30.3932,7.44832,1
20.1,2,0.266127,55.2014,1,1,4.5115,27.2661,7.14792,1
20.1,3,0.316127,55.2014,1,1,4.5115,27.2661,7.14792,1
20.1,4,0.107603,50.2252,1,1,4.5115,30.3932,7.44832,1
20.1,5,0.0376033,50.2252,1,1,4.5115,30.3932,7.44832,1
20.1,6,0.721756,56.318,1,1,4.5115,27.2661,7.14792,1
20.1,7,0.9,50.2252,1,1,4.5115,30.3932,7.44832,1
20.2,0,0.0562614,50.3352,1,1,4.36308,27.4831,7.08232,1
20.2,1,0.00626143,50.3352,1,1,4.36308,27.4831,7.08232,1
20.2,2,0.26496,55.1389,1,1,4.36308,14.9152,5.87854,1
20.2,3,0.31496,55.1389,1,1,4.36308,14.9152,5.87854,1
20.2,4,0.106198,50.336,1,1,4.36308,27.4831,7.08232,1
20.2,5,0.036198,50.336,1,1,4.36308,27.4831,7.08232,1
20.2,6,0.721445,56.2369,1,1,4.36308,14.9152,5.87854,1
20.2,7,0.9,50.336,1,1,4.36308,27.4831,7.08232,1
20.3,0,0.0552385,50.2996,1,1,3.98077,9.62559,5.15543,1
20.3,1,0.00523853,50.2996,1,1,3.98077,9.62559,5.15543,1
20.3,2,0.263781,55.0825,1,1,3.98077,17.9214,5.94527,1
20.3,3,0.313781,55.0825,1,1,3.98077,17.9214,5.94527,1
20.3,4,0.105175,50.3004,1,1,3.98077,9.62559,5.15543,1
20.3,5,0.0351751,50.3004,1,1,3.98077,9.62559,5.15543,1
20.3,6,0.72113,56.1622,1,1,3.98077,17.9214,5.94527,1
20.3,7,0.9,50.3004,1,1,3.98077,9.62559,5.15543,1
20.4,0,0.0543618,50.2093,1,1,2.73777,9.12111,4.41873,1
20.4,1,0.00436179,50.2093,1,1,2.73777,9.12111,4.41873,1
20.4,2,0.262759,54.9674,1,1,2.73777,16.8012,5.15103,1
20.4,3,0.312759,54.9674,1,1,2.73777,16.8012,5.15103,1
20.4,4,0.104298,50.2101,1,1,2.73777,9.12111,4.41873,1
20.4,5,0.0342984,50.2101,1,1,2.73777,9.12111,4.41873,1
20.4,6,0.720857,56.0291,1,1,2.73777,16.8012,5.15103,1
20.4,7,0.9,50.2101,1,1,2.73777,9.12111,4.41873,1
20.5,0,0.0534911,50.1183,1,1,2.44237,10.4454,4.38832,1
20.5,1,0.0034911,50.1183,1,1,2.44237,10.4454,4.38832,1
20.5,2,0.261722,54.8599,1,1,2.44237,19.1964,5.22519,1
20.5,3,0.311722,54.8599,1,1,2.44237,19.1964,5.22519,1
20.5,4,0.103428,50.1191,1,1,2.44237,10.4454,4.38832,1
20.5,5,0.0334277,50.1191,1,1,2.44237,10.4454,4.38832,1
20.5,6,0.720581,55.9039,1,1,2.44237,19.1964,5.22519,1
20.5,7,0.9,50.1191,1,1,2.44237,10.4454,4.38832,1
20.6,0,0.0525811,50.0437,1,1,2.70485,11.0743,4.58656,1
20.6,1,0.00258106,50.0437,1,1,2.70485,11.0743,4.58656,1
20.6,2,0.2605,54.8241,1,1,2.70485,27.4853,6.15935,1
20.6,3,0.3105,54.8241,1,1,2.70485,27.4853,6.15935,1
20.6,4,0.102518,50.0444,1,1,2.70485,11.0743,4.58656,1
20.6,5,0.0325177,50.0444,1,1,2.70485,11.0743,4.58656,1
20.6,6,0.720255,55.8508,1,1,2.70485,27.4853,6.15935,1
20.6,7,0.9,50.0444,1,1,2.70485,11.0743,4.58656,1
20.7,0,0.0515518,50.0153,1,1,3.77377,11.2107,5.18762,1
20.7,1,0.00155177,50.0153,1,1,3.77377,11.2107,5.18762,1
20.7,2,0.259225,54.8091,1,1,3.77377,24.1717,6.42679,1
20.7,3,0.309225,54.8091,1,1,3.77377,24.1717,6.42679,1
20.7,4,0.101488,50.0161,1,1,3.77377,11.2107,5.18762,1
20.7,5,0.0314884,50.0161,1,1,3.77377,11.2107,5.18762,1
20.7,6,0.719915,55.8186,1,1,3.77377,24.1717,6.42679,1
20.7,7,0.9,50.0161,1,1,3.77377,11.2107,5.18762,1
20.8,0,0.0505595,49.9735,1,1,3.49319,10.9099,5.00122,1
20.8,1,0.000559468,49.9735,1,1,3.49319,10.9099,5.00122,1
20.8,2,0.257965,54.7884,1,1,3.49319,24.995,6.34852,1
20.8,3,0.307965,54.7884,1,1,3.49319,24.995,6.34852,1
20.8,4,0.100496,49.9742,1,1,3.49319,10.9099,5.00122,1
20.8,5,0.0304961,49.9742,1,1,3.49319,10.9099,5.00122,1
20.8,6,0.719579,55.7811,1,1,3.49319,24.995,6.34852,1
20.8,7,0.9,49.9742,1,1,3.49319,10.9099,5.00122,1
20.9,0,0.0496146,49.9144,1,1,3.56103,7.97581,4.76197,1
20.9,1,0,49.9144,1,0,3.56103,7.97581,4.76197,1
20.9,2,0.256845,54.7154,1,1,3.56103,17.2739,5.64599,1
20.9,3,0.306845,54.7154,1,1,3.56103,17.2739,5.64599,1
20.9,4,0.0995512,49.9151,1,1,3.56103,7.97581,4.76197,1
20.9,5,0.0295512,49.9151,1,1,3.56103,7.97581,4.76197,1
20.9,6,0.71928,55.6915,1,1,3.56103,17.2739,5.64599,1
20.9,7,0.9,49.9151,1,1,3.56103,7.97581,4.76197,1
21,0,0.0486289,49.8718,1,1,2.60436,15.6292,4.96815,1
21,1,0,49.5104,1,0,0.1,0.1,0.15,1
21,2,0.255854,54.5946,1,1,2.60436,15.8905,4.99316,1
21,3,0.305854,54.5946,1,1,2.60436,15.8905,4.99316,1
21,4,0.0985655,49.8725,1,1,2.60436,15.6292,4.96815,1
21,5,0.0285655,49.8725,1,1,2.60436,15.6292,4.96815,1
21,6,0.719016,55.5545,1,1,2.60436,15.8905,4.99316,1
21,7,0.9,49.8725,1,1,2.60436,15.6292,4.96815,1
21.1,0,0.0476395,49.8313,1,1,2.31186,17.4139,4.98662,1
21.1,1,0,49.1132,1,0,0.1,0.1,0.15,1
21.1,2,0.254811,54.4958,1,1,2.31186,20.2471,5.25849,1
21.1,3,0.304811,54.4958,1,1,2.31186,20.2471,5.25849,1
21.1,4,0.0975761,49.832,1,1,2.31186,17.4139,4.98662,1
21.1,5,0.0275761,49.832,1,1,2.31186,17.4139,4.98662,1
21.1,6,0.718738,55.4396,1,1,2.31186,20.2471,5.25849,1
21.1,7,0.9,49.832,1,1,2.31186,17.4139,4.98662,1
21.2,0,0.0466422,49.7944,1,1,2.81988,15.0397,5.02629,1
21.2,1,0,48.7225,1,0,0.1,0.1,0.15,1
21.2,2,0.25365,54.4431,1,1,2.81988,23.6589,5.85276,1
21.2,3,0.30365,54.4431,1,1,2.81988,23.6589,5.85276,1
21.2,4,0.0965788,49.7951,1,1,2.81988,15.0397,5.02629,1
21.2,5,0.0265788,49.7951,1,1,2.81988,15.0397,5.02629,1
21.2,6,0.718428,55.3713,1,1,2.81988,23.6589,5.85276,1
21.2,7,0.9,49.7951,1,1,2.81988,15.0397,5.02629,1
21.3,0,0.045587,49.78,1,1,3.30984,15.3045,5.31809,1
21.3,1,0,48.3384,1,0,0.1,0.1,0.15,1
21.3,2,0.252402,54.424,1,1,3.30984,25.4217,6.288,1
21.3,3,0.302402,54.424,1,1,3.30984,25.4217,6.288,1
21.3,4,0.0955236,49.7807,1,1,3.30984,15.3045,5.31809,1
21.3,5,0.0255236,49.7807,1,1,3.30984,15.3045,5.31809,1
21.3,6,0.718096,55.3367,1,1,3.30984,25.4217,6.288,1
21.3,7,0.9,49.7807,1,1,3.30984,15.3045,5.31809,1
21.4,0,0.0443397,49.8385,1,1,3.59145,23.7772,6.28642,1
21.4,1,0,47.9607,1,0,0.1,0.1,0.15,1
21.4,2,0.251225,54.3786,1,1,3.59145,20.1031,5.93398,1
21.4,3,0.301225,54.3786,1,1,3.59145,20.1031,5.93398,1
21.4,4,0.0942763,49.8391,1,1,3.59145,23.7772,6.28642,1
21.4,5,0.0242763,49.8391,1,1,3.59145,23.7772,6.28642,1
21.4,6,0.717782,55.2761,1,1,3.59145,20.1031,5.93398,1
21.4,7,0.9,49.8391,1,1,3.59145,23.7772,6.28642,1
21.5,0,0.0432974,49.8185,1,1,3.42109,13.9794,5.25318,1
21.5,1,0,47.5893,1,0,0.1,0.1,0.15,1
21.5,2,0.250106,54.3116,1,1,3.42109,17.9762,5.63524,1
21.5,3,0.300106,54.3116,1,1,3.42109,17.9762,5.63524,1
21.5,4,0.093234,49.8191,1,1,3.42109,13.9794,5.25318,1
21.5,5,0.023234,49.8191,1,1,3.42109,13.9794,5.25318,1
21.5,6,0.717483,55.1941,1,1,3.42109,17.9762,5.63524,1
21.5,7,0.9,49.8191,1,1,3.42109,13.9794,5.25318,1
21.6,0,0.042282,49.7887,1,1,2.67466,16.803,5.1177,1
21.6,1,0,47.224,1,0,0.1,0.1,0.15,1
21.6,2,0.248969,54.2529,1,1,2.67466,23.1878,5.7303,1
21.6,3,0.298969,54.2529,1,1,2.67466,23.1878,5.7303,1
21.6,4,0.0922186,49.7893,1,1,2.67466,16.803,5.1177,1
21.6,5,0.0222186,49.7893,1,1,2.67466,16.803,5.1177,1
21.6,6,0.71718,55.1207,1,1,2.67466,23.1878,5.7303,1
21.6,7,0.9,49.7893,1,1,2.67466,16.803,5.1177,1
21.7,0,0.0411642,49.798,1,1,3.2328,19.0431,5.63351,1
21.7,1,0,46.8649,1,0,0.1,0.1,0.15,1
21.7,2,0.247784,54.2135,1,1,3.2328,22.602,5.97488,1
21.7,3,0.297784,54.2135,1,1,3.2328,22.602,5.97488,1
21.7,4,0.0911009,49.7987,1,1,3.2328,19.0431,5.63351,1
21.7,5,0.0211009,49.7987,1,1,3.2328,19.0431,5.63351,1
21.7,6,0.716864,55.0668,1,1,3.2328,22.602,5.97488,1
21.7,7,0.9,49.7987,1,1,3.2328,19.0431,5.63351,1
21.8,0,0.0400875,49.7917,1,1,3.22935,16.9027,5.42662,1
21.8,1,0,46.5117,1,0,0.1,0.1,0.15,1
21.8,2,0.246702,54.1354,1,1,3.22935,17.1571,5.45097,1
21.8,3,0.296702,54.1354,1,1,3.22935,17.1571,5.45097,1
21.8,4,0.0900241,49.7924,1,1,3.22935,16.9027,5.42662,1
21.8,5,0.0200241,49.7924,1,1,3.22935,16.9027,5.42662,1
21.8,6,0.716576,54.9745,1,1,3.22935,17.1571,5.45097,1
21.8,7,0.9,49.7924,1,1,3.22935,16.9027,5.42662,1
21.9,0,0.0394509,49.6192,1,1,1.71069,1.71069,3.20842,1
21.9,1,0,46.1644,1,0,0.1,0.1,0.15,1
21.9,2,0.245416,54.1362,1,1,3.39774,26.9779,6.48604,1
21.9,3,0.295416,54.1362,1,1,3.39774,26.9779,6.48604,1
21.9,4,0.0893876,49.6198,1,1,1.71069,1.71069,3.20842,1
21.9,5,0.0193876,49.6198,1,1,1.71069,1.71069,3.20842,1
21.9,6,0.716143,55.0889,1,1,6.79547,23.5802,8.18693,1
21.9,7,0.9,49.6198,1,1,1.71069,1.71069,3.20842,1
22,0,0.0383939,49.6084,1,1,3.79695,12.5466,5.32769,1
22,1,0,45.8229,1,0,0.1,0.1,0.15,1
22,2,0.243996,54.1871,1,1,3.79695,31.5955,7.15318,1
22,3,0.293996,54.1871,1,1,3.79695,31.5955,7.15318,1
22,4,0.0883305,49.609,1,1,3.79695,12.5466,5.32769,1
22,5,0.0183305,49.609,1,1,3.79695,12.5466,5.32769,1
22,6,0.715764,55.1239,1,1,3.79695,31.5955,7.15318,1
22,7,0.9,49.609,1,1,3.79695,12.5466,5.32769,1
22.1,0,0.0375891,49.5025,1,1,3.09918,3.09918,4.0559,1
22.1,1,0,45.4871,1,0,0.1,0.1,0.15,1
22.1,2,0.242458,54.2822,1,1,5.89874,24.9037,7.75414,1
22.1,3,0.292458,54.2822,1,1,5.89874,24.9037,7.75414,1
22.1,4,0.0875257,49.5031,1,1,3.09918,3.09918,4.0559,1
22.1,5,0.0175257,49.5031,1,1,3.09918,3.09918,4.0559,1
22.1,6,0.715177,55.4547,1,1,11.7975,19.0049,11.1038,1
22.1,7,0.9,49.5031,1,1,3.09918,3.09918,4.0559,1
22.2,0,0.0364601,49.5209,1,1,3.8503,16.0325,5.69036,1
22.2,1,0,45.1569,1,0,0.1,0.1,0.15,1
22.2,2,0.24132,54.2243,1,1,3.8503,16.4964,5.73469,1
22.2,3,0.29132,54.2243,1,1,3.8503,16.4964,5.73469,1
22.2,4,0.0863967,49.5215,1,1,3.8503,16.0325,5.69036,1
22.2,5,0.0163967,49.5215,1,1,3.8503,16.0325,5.69036,1
22.2,6,0.714873,55.3772,1,1,3.8503,16.4964,5.73469,1
22.2,7,0.9,49.5215,1,1,3.8503,16.0325,5.69036,1
22.3,0,0.0358129,49.3568,1,1,1.80231,1.80231,3.26167,1
22.3,1,0,44.8322,1,0,0.1,0.1,0.15,1
22.3,2,0.240021,54.2284,1,1,3.39111,27.6671,6.5486,1
22.3,3,0.290021,54.2284,1,1,3.39111,27.6671,6.5486,1
22.3,4,0.0857495,49.3574,1,1,1.80231,1.80231,3.26167,1
22.3,5,0.0157495,49.3574,1,1,1.80231,1.80231,3.26167,1
22.3,6,0.714437,55.4893,1,1,6.78223,24.276,8.2452,1
22.3,7,0.9,49.3574,1,1,1.80231,1.80231,3.26167,1
22.4,0,0.0345958,49.4109,1,1,3.88227,20.4795,6.13411,1
22.4,1,0,44.5129,1,0,0.1,0.1,0.15,1
22.4,2,0.238966,54.14,1,1,3.88227,11.9195,5.31655,1
22.4,3,0.288966,54.14,1,1,3.88227,11.9195,5.31655,1
22.4,4,0.0845325,49.4115,1,1,3.88227,20.4795,6.13411,1
22.4,5,0.0145325,49.4115,1,1,3.88227,20.4795,6.13411,1
22.4,6,0.714156,55.3799,1,1,3.88227,11.9195,5.31655,1
22.4,7,0.9,49.4115,1,1,3.88227,20.4795,6.13411,1
22.5,0,0.0338049,49.3031,1,1,2.98996,2.98996,3.98648,1
22.5,1,0,44.199,1,0,0.1,0.1,0.15,1
22.5,2,0.2377,54.1328,1,1,4.06029,21.9804,6.37958,1
22.5,3,0.2877,54.1328,1,1,4.06029,21.9804,6.37958,1
22.5,4,0.0837415,49.3036,1,1,2.98996,2.98996,3.98648,1
22.5,5,0.0137415,49.3036,1,1,2.98996,2.98996,3.98648,1
22.5,6,0.713706,55.511,1,1,8.12058,17.9201,8.49916,1
22.5,7,0.9,49.3036,1,1,2.98996,2.98996,3.98648,1
22.6,0,0.0327375,49.3015,1,1,3.25509,16.2653,5.37978,1
22.6,1,0,43.8903,1,0,0.1,0.1,0.15,1
22.6,2,0.236603,54.0619,1,1,3.25509,17.8268,5.52923,1
22.6,3,0.286603,54.0619,1,1,3.25509,17.8268,5.52923,1
22.6,4,0.0826741,49.3021,1,1,3.25509,16.2653,5.37978,1
22.6,5,0.0126741,49.3021,1,1,3.25509,16.2653,5.37978,1
22.6,6,0.713413,55.4172,1,1,3.25509,17.8268,5.52923,1
22.6,7,0.9,49.3021,1,1,3.25509,16.2653,5.37978,1
22.7,0,0.032124,49.1284,1,1,1.50714,1.50714,3.09179,1
22.7,1,0,43.5867,1,0,0.1,0.1,0.15,1
22.7,2,0.235324,54.0611,1,1,3.51364,25.9082,6.44761,1
22.7,3,0.285324,54.0611,1,1,3.51364,25.9082,6.44761,1
22.7,4,0.0820606,49.1289,1,1,1.50714,1.50714,3.09179,1
22.7,5,0.0120606,49.1289,1,1,1.50714,1.50714,3.09179,1
22.7,6,0.712978,55.5267,1,1,7.02728,22.3946,8.22052,1
22.7,7,0.9,49.1289,1,1,1.50714,1.50714,3.09179,1
22.8,0,0.0309136,49.1838,1,1,3.67773,21.3337,6.10037,1
22.8,1,0,43.2881,1,0,0.1,0.1,0.15,1
22.8,2,0.23398,54.0846,1,1,3.67773,28.3109,6.77026,1
22.8,3,0.28398,54.0846,1,1,3.67773,28.3109,6.77026,1
22.8,4,0.0808502,49.1843,1,1,3.67773,21.3337,6.10037,1
22.8,5,0.0108502,49.1843,1,1,3.67773,21.3337,6.10037,1
22.8,6,0.71262,55.5257,1,1,3.67773,28.3109,6.77026,1
22.8,7,0.9,49.1843,1,1,3.67773,21.3337,6.10037,1
22.9,0,0.0299148,49.1582,1,1,3.99858,8.2275,5.03389,1
22.9,1,0,42.9946,1,0,0.1,0.1,0.15,1
22.9,2,0.2327,54.0838,1,1,3.99858,23.1102,6.45263,1
22.9,3,0.2827,54.0838,1,1,3.99858,23.1102,6.45263,1
22.9,4,0.0798514,49.1588,1,1,3.99858,8.2275,5.03389,1
22.9,5,0.00985144,49.1588,1,1,3.99858,8.2275,5.03389,1
22.9,6,0.712279,55.5009,1,1,3.99858,23.1102,6.45263,1
22.9,7,0.9,49.1588,1,1,3.99858,8.2275,5.03389,1
23,0,0.028895,49.1411,1,1,3.3886,12.9806,5.13991,1
23,1,0,42.7059,1,0,0.1,0.1,0.15,1
23,2,0.231474,54.0623,1,1,3.3886,23.8153,6.17719,1
23,3,0.281474,54.0623,1,1,3.3886,23.8153,6.17719,1
23,4,0.0788316,49.1416,1,1,3.3886,12.9806,5.13991,1
23,5,0.00883161,49.1416,1,1,3.3886,12.9806,5.13991,1
23,6,0.711952,55.4559,1,1,3.3886,23.8153,6.17719,1
23,7,0.9,49.1416,1,1,3.3886,12.9806,5.13991,1
23.1,0,0.0281627,49.0155,1,1,1.71092,7,3.69079,1
23.1,1,0,42.4221,1,0,0.1,0.1,0.15,1
23.1,2,0.230271,54.0329,1,1,3.96368,19.2794,6.06551,1
23.1,3,0.280271,54.0329,1,1,3.96368,19.2794,6.06551,1
23.1,4,0.0780993,49.0161,1,1,1.71092,7,3.69079,1
23.1,5,0.00809931,49.0161,1,1,1.71092,7,3.69079,1
23.1,6,0.711571,55.4881,1,1,6.21645,17.0266,7.19724,1
23.1,7,0.9,49.0161,1,1,1.71092,7,3.69079,1
23.2,0,0.0272309,48.9675,1,1,2.90538,11.0992,4.69639,1
23.2,1,0,42.143,1,0,0.1,0.1,0.15,1
23.2,2,0.22906,54.0067,1,1,2.90538,25.7906,6.1034,1
23.2,3,0.27906,54.0067,1,1,2.90538,25.7906,6.1034,1
23.2,4,0.0771675,48.968,1,1,2.90538,11.0992,4.69639,1
23.2,5,0.00716749,48.968,1,1,2.90538,11.0992,4.69639,1
23.2,6,0.711248,55.4377,1,1,2.90538,25.7906,6.1034,1
23.2,7,0.9,48.968,1,1,2.90538,11.0992,4.69639,1
23.3,0,0.0262239,48.9487,1,1,3.587,11.1332,5.07493,1
23.3,1,0,41.8685,1,0,0.1,0.1,0.15,1
23.3,2,0.227763,54.0135,1,1,3.587,26.3972,6.53553,1
23.3,3,0.277763,54.0135,1,1,3.587,26.3972,6.53553,1
23.3,4,0.0761606,48.9492,1,1,3.587,11.1332,5.07493,1
23.3,5,0.00616056,48.9492,1,1,3.587,11.1332,5.07493,1
23.3,6,0.710902,55.4206,1,1,3.587,26.3972,6.53553,1
23.3,7,0.9,48.9492,1,1,3.587,11.1332,5.07493,1
23.4,0,0.0256119,48.7809,1,1,0.337175,7,3.08475,1
23.4,1,0,41.5986,1,0,0.1,0.1,0.15,1
23.4,2,0.226341,54.0675,1,1,4.88497,25.1901,7.16862,1
23.4,3,0.276341,54.0675,1,1,4.88497,25.1901,7.16862,1
23.4,4,0.0755485,48.7814,1,1,0.337175,7,3.08475,1
23.4,5,0.00554851,48.7814,1,1,0.337175,7,3.08475,1
23.4,6,0.710393,55.6358,1,1,9.43277,20.6423,9.6307,1
23.4,7,0.9,48.7814,1,1,0.337175,7,3.08475,1
23.5,0,0.024944,48.637,1,1,1.02085,7,3.36633,1
23.5,1,0,41.3332,1,0,0.1,0.1,0.15,1
23.5,2,0.224754,54.1827,1,1,4.67223,35.1045,7.99541,1
23.5,3,0.274754,54.1827,1,1,4.67223,35.1045,7.99541,1
23.5,4,0.0748806,48.6375,1,1,1.02085,7,3.36633,1
23.5,5,0.00488058,48.6375,1,1,1.02085,7,3.36633,1
23.5,6,0.709868,55.8698,1,1,8.3236,31.4531,9.92755,1
23.5,7,0.9,48.6375,1,1,1.02085,7,3.36633,1
23.6,0,0.024446,48.4313,1,1,0.394072,0.394072,2.50971,1
23.6,1,0,41.0722,1,0,0.1,0.1,0.15,1
23.6,2,0.223131,54.3098,1,1,6.62946,24.5985,8.17975,1
23.6,3,0.273131,54.3098,1,1,6.62946,24.5985,8.17975,1
23.6,4,0.0743826,48.4318,1,1,0.394072,0.394072,2.50971,1
23.6,5,0.00438263,48.4318,1,1,0.394072,0.394072,2.50971,1
23.6,6,0.70923,56.2587,1,1,13.2589,17.9691,12.045,1
23.6,7,0.9,48.4318,1,1,0.394072,0.394072,2.50971,1
23.7,0,0.0234123,48.4315,1,1,3.9035,10.6668,5.20979,1
23.7,1,0,40.8156,1,0,0.1,0.1,0.15,1
23.7,2,0.221809,54.3211,1,1,3.9035,25.8759,6.66392,1
23.7,3,0.271809,54.3211,1,1,3.9035,25.8759,6.66392,1
23.7,4,0.0733489,48.432,1,1,3.9035,10.6668,5.20979,1
23.7,5,0.00334894,48.432,1,1,3.9035,10.6668,5.20979,1
23.7,6,0.708878,56.2375,1,1,3.9035,25.8759,6.66392,1
23.7,7,0.9,48.432,1,1,3.9035,10.6668,5.20979,1
23.8,0,0.022742,48.2944,1,1,1.04795,7,3.37846,1
23.8,1,0,40.5633,1,0,0.1,0.1,0.15,1
23.8,2,0.220412,54.3606,1,1,4.61392,25.5391,7.04213,1
23.8,3,0.270412,54.3606,1,1,4.61392,25.5391,7.04213,1
23.8,4,0.0726786,48.2948,1,1,1.04795,7,3.37846,1
23.8,5,0.00267861,48.2948,1,1,1.04795,7,3.37846,1
23.8,6,0.708406,56.3863,1,1,8.17989,21.9732,8.92501,1
23.8,7,0.9,48.2948,1,1,1.04795,7,3.37846,1
23.9,0,0.0217706,48.2733,1,1,3.76913,8.1484,4.8956,1
23.9,1,0,40.3151,1,0,0.1,0.1,0.15,1
23.9,2,0.219201,54.329,1,1,3.76913,20.8277,6.10337,1
23.9,3,0.269201,54.329,1,1,3.76913,20.8277,6.10337,1
23.9,4,0.0717073,48.2737,1,1,3.76913,8.1484,4.8956,1
23.9,5,0.00170726,48.2737,1,1,3.76913,8.1484,4.8956,1
23.9,6,0.708083,56.3209,1,1,3.76913,20.8277,6.10337,1
23.9,7,0.9,48.2737,1,1,3.76913,8.1484,4.8956,1
24,0,0.0211357,48.1254,1,1,0.633561,7,3.2001,1
24,1,0,40.0711,1,0,0.1,0.1,0.15,1
24,2,0.217734,54.3945,1,1,3.88828,33.5326,7.39118,1
24,3,0.267734,54.3945,1,1,3.88828,33.5326,7.39118,1
24,4,0.0710723,48.1259,1,1,0.633561,7,3.2001,1
24,5,0.00107232,48.1259,1,1,0.633561,7,3.2001,1
24,6,0.707604,56.4776,1,1,7.143,30.2779,9.04984,1
24,7,0.9,48.1259,1,1,0.633561,7,3.2001,1
24.1,0,0.0199021,48.2063,1,1,4.67761,16.5354,6.21732,1
24.1,1,0,39.8312,1,0,0.1,0.1,0.15,1
24.1,2,0.216252,54.4648,1,1,4.67761,29.5993,7.46942,1
24.1,3,0.266252,54.4648,1,1,4.67761,29.5993,7.46942,1
24.1,4,0.0698387,48.2067,1,1,4.67761,16.5354,6.21732,1
24.1,5,0,48.2067,1,0,4.67761,16.5354,6.21732,1
24.1,6,0.707209,56.5132,1,1,4.67761,29.5993,7.46942,1
24.1,7,0.9,48.2067,1,1,4.67761,16.5354,6.21732,1
24.2,0,0.0188877,48.203,1,1,4.28462,7.30694,5.1127,1
24.2,1,0,39.5953,1,0,0.1,0.1,0.15,1
24.2,2,0.214771,54.5339,1,1,4.28462,31.973,7.46829,1
24.2,3,0.264771,54.5339,1,1,4.28462,31.973,7.46829,1
24.2,4,0.0688243,48.2034,1,1,4.28462,7.30694,5.1127,1
24.2,5,0,47.8312,1,0,0.1,0.1,0.15,1
24.2,6,0.706813,56.5481,1,1,4.28462,31.973,7.46829,1
24.2,7,0.9,48.2034,1,1,4.28462,7.30694,5.1127,1
24.3,0,0.0176809,48.2724,1,1,4.5322,16.0137,6.08207,1
24.3,1,0,39.3633,1,0,0.1,0.1,0.15,1
24.3,2,0.213156,54.652,1,1,4.5322,37.4368,8.13766,1
24.3,3,0.263156,54.652,1,1,4.5322,37.4368,8.13766,1
24.3,4,0.0676175,48.2728,1,1,4.5322,16.0137,6.08207,1
24.3,5,0,47.4619,1,0,0.1,0.1,0.15,1
24.3,6,0.706383,56.6326,1,1,4.5322,37.4368,8.13766,1
24.3,7,0.9,48.2728,1,1,4.5322,16.0137,6.08207,1
24.4,0,0.0170419,48.1261,1,1,0.683726,7,3.22078,1
24.4,1,0,39.1351,1,0,0.1,0.1,0.15,1
24.4,2,0.211455,54.8007,1,1,6.76693,27.7939,8.57275,1
24.4,3,0.261455,54.8007,1,1,6.76693,27.7939,8.57275,1
24.4,4,0.0669785,48.1265,1,1,0.683726,7,3.22078,1
24.4,5,0,47.0988,1,0,0.1,0.1,0.15,1
24.4,6,0.705742,57.0136,1,1,12.8501,21.7107,12.1085,1
24.4,7,0.9,48.1265,1,1,0.683726,7,3.22078,1
24.5,0,0.0158947,48.1743,1,1,4.3201,14.1609,5.78166,1
24.5,1,0,38.9108,0,0,0.1,0.1,0.15,1
24.5,2,0.210283,54.7469,1,1,4.3201,15.4535,5.90492,1
24.5,3,0.260283,54.7469,1,1,4.3201,15.4535,5.90492,1
24.5,4,0.0658313,48.1747,1,1,4.3201,14.1609,5.78166,1
24.5,5,0,46.7417,1,0,0.1,0.1,0.15,1
24.5,6,0.70543,56.9229,1,1,4.3201,15.4535,5.90492,1
24.5,7,0.9,48.1747,1,1,4.3201,14.1609,5.78166,1
24.6,0,0.0150135,48.1211,1,1,2.47171,10.8411,4.4413,1
24.6,1,0,38.6902,0,0,0.1,0.1,0.15,1
24.6,2,0.209186,54.6658,1,1,2.47171,22.2025,5.52908,1
24.6,3,0.259186,54.6658,1,1,2.47171,22.2025,5.52908,1
24.6,4,0.0649501,48.1215,1,1,2.47171,10.8411,4.4413,1
24.6,5,0,46.3906,1,0,0.1,0.1,0.15,1
24.6,6,0.705137,56.8055,1,1,2.47171,22.2025,5.52908,1
24.6,7,0.9,48.1215,1,1,2.47171,10.8411,4.4413,1
24.7,0,0.0139064,48.1543,1,1,3.08427,19.3328,5.58011,1
24.7,1,0,38.4733,0,0,0.1,0.1,0.15,1
24.7,2,0.208208,54.5411,1,1,3.08427,12.5299,4.92957,1
24.7,3,0.258208,54.5411,1,1,3.08427,12.5299,4.92957,1
24.7,4,0.063843,48.1547,1,1,3.08427,19.3328,5.58011,1
24.7,5,0,46.0454,1,0,0.1,0.1,0.15,1
24.7,6,0.704876,56.6451,1,1,3.08427,12.5299,4.92957,1
24.7,7,0.9,48.1547,1,1,3.08427,19.3328,5.58011,1
24.8,0,0.0129155,48.1429,1,1,2.80213,14.7984,4.99372,1
24.8,1,0,38.26,0,0,0.1,0.1,0.15,1
24.8,2,0.2071,54.4678,1,1,2.80213,20.9892,5.58692,1
24.8,3,0.2571,54.4678,1,1,2.80213,20.9892,5.58692,1
24.8,4,0.0628521,48.1433,1,1,2.80213,14.7984,4.99372,1
24.8,5,0,45.7059,1,0,0.1,0.1,0.15,1
24.8,6,0.704581,56.5367,1,1,2.80213,20.9892,5.58692,1
24.8,7,0.9,48.1433,1,1,2.80213,14.7984,4.99372,1
24.9,0,0.0118443,48.1621,1,1,2.97391,18.065,5.39876,1
24.9,1,0,38.0502,0,0,0.1,0.1,0.15,1
24.9,2,0.206125,54.3451,1,1,2.97391,12.9767,4.91221,1
24.9,3,0.256125,54.3451,1,1,2.97391,12.9767,4.91221,1
24.9,4,0.061781,48.1625,1,1,2.97391,18.065,5.39876,1
24.9,5,0,45.372,1,0,0.1,0.1,0.15,1
24.9,6,0.704321,56.3795,1,1,2.97391,12.9767,4.91221,1
24.9,7,0.9,48.1625,1,1,2.97391,18.065,5.39876,1
25,0,0.0107578,48.1868,1,1,2.62987,20.7877,5.47616,1
25,1,0,37.844,0,0,0.1,0.1,0.15,1
25,2,0.205021,54.2733,1,1,2.62987,21.7061,5.56433,1
25,3,0.255021,54.2733,1,1,2.62987,21.7061,5.56433,1
25,4,0.0606944,48.1872,1,1,2.62987,20.7877,5.47616,1
25,5,0,45.0437,1,0,0.1,0.1,0.15,1
25,6,0.704026,56.2739,1,1,2.62987,21.7061,5.56433,1
25,7,0.9,48.1872,1,1,2.62987,20.7877,5.47616,1
25.1,0,0.0101608,48.026,1,1,0.111912,7,3.00883,1
25.1,1,0,37.6411,0,0,0.1,0.1,0.15,1
25.1,2,0.203707,54.2822,1,1,4.01869,24.7794,6.62431,1
25.1,3,0.253707,54.2822,1,1,4.01869,24.7794,6.62431,1
25.1,4,0.0600974,48.0264,1,1,0.111912,7,3.00883,1
25.1,5,0,44.7209,1,0,0.1,0.1,0.15,1
25.1,6,0.703569,56.4016,1,1,7.92547,20.8726,8.65356,1
25.1,7,0.9,48.0264,1,1,0.111912,7,3.00883,1
25.2,0,0.00912689,48.0331,1,1,3.59976,12.4894,5.211,1
25.2,1,0,37.4417,0,0,0.1,0.1,0.15,1
25.2,2,0.202339,54.3113,1,1,3.59976,30.0592,6.89462,1
25.2,3,0.252339,54.3113,1,1,3.59976,30.0592,6.89462,1
25.2,4,0.0590635,48.0334,1,1,3.59976,12.4894,5.211,1
25.2,5,0,44.4035,1,0,0.1,0.1,0.15,1
25.2,6,0.703204,56.3954,1,1,3.59976,30.0592,6.89462,1
25.2,7,0.9,48.0334,1,1,3.59976,12.4894,5.211,1
25.3,0,0.00827947,47.9695,1,1,3.43378,3.43378,4.27102,1
25.3,1,0,37.2456,0,0,0.1,0.1,0.15,1
25.3,2,0.200675,54.4518,1,1,5.60983,33.3335,8.38649,1
25.3,3,0.250675,54.4518,1,1,5.60983,33.3335,8.38649,1
25.3,4,0.0582161,47.9699,1,1,3.43378,3.43378,4.27102,1
25.3,5,0,44.0913,1,0,0.1,0.1,0.15,1
25.3,6,0.702594,56.7371,1,1,11.2197,27.7237,11.5325,1
25.3,7,0.9,47.9699,1,1,3.43378,3.43378,4.27102,1
25.4,0,0.00705372,48.05,1,1,4.86792,14.9402,6.17774,1
25.4,1,0,37.0528,0,0,0.1,0.1,0.15,1
25.4,2,0.199291,54.4841,1,1,4.86792,23.2908,6.97634,1
25.4,3,0.249291,54.4841,1,1,4.86792,23.2908,6.97634,1
25.4,4,0.0569903,48.0504,1,1,4.86792,14.9402,6.17774,1
25.4,5,0,43.7844,1,0,0.1,0.1,0.15,1
25.4,6,0.702224,56.7313,1,1,4.86792,23.2908,6.97634,1
25.4,7,0.9,48.0504,1,1,4.86792,14.9402,6.17774,1
25.5,0,0.00592031,48.0943,1,1,3.51984,18.208,5.71239,1
25.5,1,0,36.8631,0,0,0.1,0.1,0.15,1
25.5,2,0.197937,54.5043,1,1,3.51984,29.7648,6.8217,1
25.5,3,0.247937,54.5043,1,1,3.51984,29.7648,6.8217,1
25.5,4,0.0558569,48.0946,1,1,3.51984,18.208,5.71239,1
25.5,5,0,43.4826,1,0,0.1,0.1,0.15,1
25.5,6,0.701864,56.7141,1,1,3.51984,29.7648,6.8217,1
25.5,7,0.9,48.0946,1,1,3.51984,18.208,5.71239,1
25.6,0,0.00529416,47.9461,1,1,0.523569,7,3.15581,1
25.6,1,0,36.6767,0,0,0.1,0.1,0.15,1
25.6,2,0.196604,54.5167,1,1,5.37291,17.465,6.72137,1
25.6,3,0.246604,54.5167,1,1,5.37291,17.465,6.72137,1
25.6,4,0.0552308,47.9464,1,1,0.523569,7,3.15581,1
25.6,5,0,43.1858,1,0,0.1,0.1,0.15,1
25.6,6,0.701366,56.8908,1,1,10.2223,12.6156,9.40338,1
25.6,7,0.9,47.9464,1,1,0.523569,7,3.15581,1
25.7,0,0.00459451,47.8281,1,1,1.36896,7,3.52623,1
25.7,1,0,36.4933,0,0,0.1,0.1,0.15,1
25.7,2,0.195365,54.4929,1,1,3.34999,24.7072,6.2415,1
25.7,3,0.245365,54.4929,1,1,3.34999,24.7072,6.2415,1
25.7,4,0.0545311,47.8284,1,1,1.36896,7,3.52623,1
25.7,5,0,42.8939,1,0,0.1,0.1,0.15,1
25.7,6,0.700985,56.8992,1,1,5.33102,22.7262,7.19938,1
25.7,7,0.9,47.8284,1,1,1.36896,7,3.52623,1
25.8,0,0.00361864,47.8165,1,1,3.50715,9.95398,4.91842,1
25.8,1,0,36.313,0,0,0.1,0.1,0.15,1
25.8,2,0.194108,54.4764,1,1,3.50715,24.7696,6.33464,1
25.8,3,0.244108,54.4764,1,1,3.50715,24.7696,6.33464,1
25.8,4,0.0535552,47.8168,1,1,3.50715,9.95398,4.91842,1
25.8,5,0,42.607,1,0,0.1,0.1,0.15,1
25.8,6,0.70065,56.8427,1,1,3.50715,24.7696,6.33464,1
25.8,7,0.9,47.8168,1,1,3.50715,9.95398,4.91842,1
25.9,0,0.00228901,47.9388,1,1,3.53459,28.4268,6.7013,1
25.9,1,0,36.1357,0,0,0.1,0.1,0.15,1
25.9,2,0.193087,54.371,1,1,3.53459,12.1784,5.14489,1
25.9,3,0.243087,54.371,1,1,3.53459,12.1784,5.14489,1
25.9,4,0.0522256,47.9391,1,1,3.53459,28.4268,6.7013,1
25.9,5,0,42.3248,1,0,0.1,0.1,0.15,1
25.9,6,0.700378,56.6978,1,1,3.53459,12.1784,5.14489,1
25.9,7,0.9,47.9391,1,1,3.53459,28.4268,6.7013,1
26,0,0.00112735,47.9956,1,1,3.99518,16.8892,5.8548,1
26,1,0,35.9613,0,0,0.1,0.1,0.15,1
26,2,0.191835,54.3549,1,1,3.99518,21.6623,6.31182,1
26,3,0.241835,54.3549,1,1,3.99518,21.6623,6.31182,1
26,4,0.051064,47.9959,1,1,3.99518,16.8892,5.8548,1
26,5,0,42.0473,1,0,0.1,0.1,0.15,1
26,6,0.700044,56.6429,1,1,3.99518,21.6623,6.31182,1
26,7,0.9,47.9959,1,1,3.99518,16.8892,5.8548,1
26.1,0,0.000295944,47.9266,1,1,2.68434,7,4.19026,1
26.1,1,0,35.7899,0,0,0.1,0.1,0.15,1
26.1,2,0.190779,54.2649,1,1,3.38146,14.9388,5.32277,1
26.1,3,0.240779,54.2649,1,1,3.38146,14.9388,5.32277,1
26.1,4,0.0502326,47.9269,1,1,2.68434,7,4.19026,1
26.1,5,0,41.7744,1,0,0.1,0.1,0.15,1
26.1,6,0.699745,56.5393,1,1,4.07859,14.2417,5.64986,1
26.1,7,0.9,47.9269,1,1,2.68434,7,4.19026,1
26.2,0,0,47.903,1,0,2.29004,15.3779,4.78027,1
26.2,1,0,35.6213,0,0,0.1,0.1,0.15,1
26.2,2,0.189656,54.2016,1,1,2.29004,24.546,5.66033,1
26.2,3,0.239656,54.2016,1,1,2.29004,24.546,5.66033,1
26.2,4,0.0492841,47.9033,1,1,2.29004,15.3779,4.78027,1
26.2,5,0,41.5061,1,0,0.1,0.1,0.15,1
26.2,6,0.699445,56.4382,1,1,2.29004,24.546,5.66033,1
26.2,7,0.9,47.9033,1,1,2.29004,15.3779,4.78027,1
26.3,0,0,47.5326,1,0,0.1,0.1,0.15,1
26.3,1,0,35.4556,0,0,0.1,0.1,0.15,1
26.3,2,0.188359,54.2051,1,1,3.35451,27.7406,6.53545,1
26.3,3,0.238359,54.2051,1,1,3.35451,27.7406,6.53545,1
26.3,4,0.0482345,47.9184,1,1,3.35451,14.7509,5.28989,1
26.3,5,0,41.2422,1,0,0.1,0.1,0.15,1
26.3,6,0.6991,56.4043,1,1,3.35451,27.7406,6.53545,1
26.3,7,0.9,47.9184,1,1,3.35451,14.7509,5.28989,1
26.4,0,0,47.1683,1,0,0.1,0.1,0.15,1
26.4,1,0,35.2925,0,0,0.1,0.1,0.15,1
26.4,2,0.187276,54.1276,1,1,4.23571,11.265,5.45742,1
26.4,3,0.237276,54.1276,1,1,4.23571,11.265,5.45742,1
26.4,4,0.0473865,47.8569,1,1,2.84044,7,4.2739,1
26.4,5,0,40.9828,1,0,0.1,0.1,0.15,1
26.4,6,0.698774,56.3427,1,1,5.63097,9.86971,6.15671,1
26.4,7,0.9,47.8569,1,1,2.84044,7,4.2739,1
26.5,0,0,46.8101,1,0,0.1,0.1,0.15,1
26.5,1,0,35.1322,0,0,0.1,0.1,0.15,1
26.5,2,0.186172,54.0595,1,1,1.93759,25.3961,5.56396,1
26.5,3,0.236172,54.0595,1,1,1.93759,25.3961,5.56396,1
26.5,4,0.046426,47.8391,1,1,1.93759,17.8747,4.8411,1
26.5,5,0,40.7276,1,0,0.1,0.1,0.15,1
26.5,6,0.698479,56.2376,1,1,1.93759,25.3961,5.56396,1
26.5,7,0.9,47.8391,1,1,1.93759,17.8747,4.8411,1
26.6,0,0,46.4578,1,0,0.1,0.1,0.15,1
26.6,1,0,34.9746,0,0,0.1,0.1,0.15,1
26.6,2,0.184883,54.0625,1,1,4.55561,20.217,6.4977,1
26.6,3,0.234883,54.0625,1,1,4.55561,20.217,6.4977,1
26.6,4,0.0456021,47.7698,1,1,3.25001,3.25001,4.15242,1
26.6,5,0,40.4768,1,0,0.1,0.1,0.15,1
26.6,6,0.698006,56.3875,1,1,9.11123,15.6614,8.94011,1
26.6,7,0.9,47.7698,1,1,3.25001,3.25001,4.15242,1
26.7,0,0,46.1114,1,0,0.1,0.1,0.15,1
26.7,1,0,34.8196,0,0,0.1,0.1,0.15,1
26.7,2,0.183546,54.0836,1,1,3.09658,31.3377,6.74007,1
26.7,3,0.233546,54.0836,1,1,3.09658,31.3377,6.74007,1
26.7,4,0.044345,47.8655,1,1,3.09658,27.1326,6.33571,1
26.7,5,0,40.2301,1,0,0.1,0.1,0.15,1
26.7,6,0.69765,56.3699,1,1,3.09658,31.3377,6.74007,1
26.7,7,0.9,47.8655,1,1,3.09658,27.1326,6.33571,1
26.8,0,0,45.7708,1,0,0.1,0.1,0.15,1
26.8,1,0,34.6672,0,0,0.1,0.1,0.15,1
26.8,2,0.181979,54.1911,1,1,4.30428,36.2976,7.89556,1
26.8,3,0.231979,54.1911,1,1,4.30428,36.2976,7.89556,1
26.8,4,0.0432018,47.9166,1,1,4.30428,14.0477,5.76169,1
26.8,5,0,39.9875,1,0,0.1,0.1,0.15,1
26.8,6,0.697232,56.4392,1,1,4.30428,36.2976,7.89556,1
26.8,7,0.9,47.9166,1,1,4.30428,14.0477,5.76169,1
26.9,0,0,45.4359,1,0,0.1,0.1,0.15,1
26.9,1,0,34.5174,0,0,0.1,0.1,0.15,1
26.9,2,0.180495,54.2656,1,1,5.07524,27.2695,7.48149,1
26.9,3,0.230495,54.2656,1,1,5.07524,27.2695,7.48149,1
26.9,4,0.041939,48.012,1,1,5.07524,15.6047,6.36472,1
26.9,5,0,39.7489,1,0,0.1,0.1,0.15,1
26.9,6,0.696836,56.4763,1,1,5.07524,27.2695,7.48149,1
26.9,7,0.9,48.012,1,1,5.07524,15.6047,6.36472,1
27,0,0,45.1065,1,0,0.1,0.1,0.15,1
27,1,0,34.37,0,0,0.1,0.1,0.15,1
27,2,0.179094,54.3075,1,1,4.0431,29.1871,7.06161,1
27,3,0.229094,54.3075,1,1,4.0431,29.1871,7.06161,1
27,4,0.040687,48.1017,1,1,4.0431,21.3544,6.30972,1
27,5,0,39.5144,1,0,0.1,0.1,0.15,1
27,6,0.696463,56.4813,1,1,4.0431,29.1871,7.06161,1
27,7,0.9,48.1017,1,1,4.0431,21.3544,6.30972,1
27.1,0,0,44.7827,1,0,0.1,0.1,0.15,1
27.1,1,0,34.2251,0,0,0.1,0.1,0.15,1
27.1,2,0.177579,54.3917,1,1,5.53837,25.9691,7.6359,1
27.1,3,0.227579,54.3917,1,1,5.53837,25.9691,7.6359,1
27.1,4,0.0400511,47.957,1,1,1.70539,1.70539,3.20535,1
27.1,5,0,39.2837,1,0,0.1,0.1,0.15,1
27.1,6,0.695895,56.7618,1,1,11.0767,20.4308,10.7358,1
27.1,7,0.9,47.957,1,1,1.70539,1.70539,3.20535,1
27.2,0,0,44.4642,1,0,0.1,0.1,0.15,1
27.2,1,0,34.0826,0,0,0.1,0.1,0.15,1
27.2,2,0.176311,54.381,1,1,3.93844,22.7985,6.38842,1
27.2,3,0.226311,54.381,1,1,3.93844,22.7985,6.38842,1
27.2,4,0.0388648,48.0228,1,1,3.93844,18.5225,5.97865,1
27.2,5,0,39.0569,1,0,0.1,0.1,0.15,1
27.2,6,0.695556,56.7116,1,1,3.93844,22.7985,6.38842,1
27.2,7,0.9,48.0228,1,1,3.93844,18.5225,5.97865,1
27.3,0,0,44.1511,1,0,0.1,0.1,0.15,1
27.3,1,0,33.9424,0,0,0.1,0.1,0.15,1
27.3,2,0.174856,54.4415,1,1,3.34211,36.1326,7.33579,1
27.3,3,0.224856,54.4415,1,1,3.34211,36.1326,7.33579,1
27.3,4,0.0378532,48.0215,1,1,3.34211,12.8174,5.0986,1
27.3,5,0,38.8339,0,0,0.1,0.1,0.15,1
27.3,6,0.695168,56.7333,1,1,3.34211,36.1326,7.33579,1
27.3,7,0.9,48.0215,1,1,3.34211,12.8174,5.0986,1
27.4,0,0,43.8431,1,0,0.1,0.1,0.15,1
27.4,1,0,33.8046,0,0,0.1,0.1,0.15,1
27.4,2,0.173409,54.4978,1,1,4.93434,26.1788,7.29281,1
27.4,3,0.223409,54.4978,1,1,4.93434,26.1788,7.29281,1
27.4,4,0.036513,48.1444,1,1,4.93434,20.5634,6.7545,1
27.4,5,0,38.6146,0,0,0.1,0.1,0.15,1
27.4,6,0.694782,56.7513,1,1,4.93434,26.1788,7.29281,1
27.4,7,0.9,48.1444,1,1,4.93434,20.5634,6.7545,1
27.5,0,0,43.5403,1,0,0.1,0.1,0.15,1
27.5,1,0,33.6692,0,0,0.1,0.1,0.15,1
27.5,2,0.172002,54.5378,1,1,3.88914,30.3869,7.0892,1
27.5,3,0.222002,54.5378,1,1,3.88914,30.3869,7.0892,1
27.5,4,0.0352794,48.225,1,1,3.88914,21.3093,6.21756,1
27.5,5,0,38.3989,0,0,0.1,0.1,0.15,1
27.5,6,0.694407,56.7538,1,1,3.88914,30.3869,7.0892,1
27.5,7,0.9,48.225,1,1,3.88914,21.3093,6.21756,1
27.6,0,0,43.2426,1,0,0.1,0.1,0.15,1
27.6,1,0,33.5359,0,0,0.1,0.1,0.15,1
27.6,2,0.170339,54.6741,1,1,5.71268,32.6274,8.38139,1
27.6,3,0.220339,54.6741,1,1,5.71268,32.6274,8.38139,1
27.6,4,0.0346267,48.0846,1,1,1.85002,1.85002,3.28956,1
27.6,5,0,38.1868,0,0,0.1,0.1,0.15,1
27.6,6,0.693794,57.0945,1,1,11.4254,26.9148,11.5985,1
27.6,7,0.9,48.0846,1,1,1.85002,1.85002,3.28956,1
27.7,0,0,42.9498,1,0,0.1,0.1,0.15,1
27.7,1,0,33.4049,0,0,0.1,0.1,0.15,1
27.7,2,0.168756,54.7778,1,1,4.79251,34.1735,7.97677,1
27.7,3,0.218756,54.7778,1,1,4.79251,34.1735,7.97677,1
27.7,4,0.0333367,48.1875,1,1,4.79251,18.798,6.50141,1
27.7,5,0,37.9783,0,0,0.1,0.1,0.15,1
27.7,6,0.693372,57.1578,1,1,4.79251,34.1735,7.97677,1
27.7,7,0.9,48.1875,1,1,4.79251,18.798,6.50141,1
27.8,0,0,42.6619,1,0,0.1,0.1,0.15,1
27.8,1,0,33.2761,0,0,0.1,0.1,0.15,1
27.8,2,0.167294,54.8345,1,1,4.87075,27.4045,7.37271,1
27.8,3,0.217294,54.8345,1,1,4.87075,27.4045,7.37271,1
27.8,4,0.0321498,48.2497,1,1,4.87075,12.867,5.98213,1
27.8,5,0,37.7732,0,0,0.1,0.1,0.15,1
27.8,6,0.692982,57.1748,1,1,4.87075,27.4045,7.37271,1
27.8,7,0.9,48.2497,1,1,4.87075,12.867,5.98213,1
27.9,0,0,42.3788,1,0,0.1,0.1,0.15,1
27.9,1,0,33.1494,0,0,0.1,0.1,0.15,1
27.9,2,0.165927,54.8539,1,1,4.03441,27.4388,6.88867,1
27.9,3,0.215927,54.8539,1,1,4.03441,27.4388,6.88867,1
27.9,4,0.0311531,48.2389,1,1,4.03441,7.89441,5.02317,1
27.9,5,0,37.5716,0,0,0.1,0.1,0.15,1
27.9,6,0.692617,57.1552,1,1,4.03441,27.4388,6.88867,1
27.9,7,0.9,48.2389,1,1,4.03441,7.89441,5.02317,1
28,0,0,42.1004,1,0,0.1,0.1,0.15,1
28,1,0,33.0248,0,0,0.1,0.1,0.15,1
28,2,0.164694,54.8222,1,1,3.93416,20.9801,6.21162,1
28,3,0.214694,54.8222,1,1,3.93416,20.9801,6.21162,1
28,4,0.0301755,48.2211,1,1,3.93416,7.48241,4.92709,1
28,5,0,37.3733,0,0,0.1,0.1,0.15,1
28,6,0.692288,57.0852,1,1,3.93416,20.9801,6.21162,1
28,7,0.9,48.2211,1,1,3.93416,7.48241,4.92709,1
28.1,0,0,41.8266,1,0,0.1,0.1,0.15,1
28.1,1,0,32.9023,0,0,0.1,0.1,0.15,1
28.1,2,0.16343,54.8033,1,1,4.15238,21.3752,6.37445,1
28.1,3,0.21343,54.8033,1,1,4.15238,21.3752,6.37445,1
28.1,4,0.029516,48.0834,1,1,1.90874,1.90874,3.32406,1
28.1,5,0,37.1784,0,0,0.1,0.1,0.15,1
28.1,6,0.691836,57.192,1,1,8.30477,17.2228,8.55356,1
28.1,7,0.9,48.0834,1,1,1.90874,1.90874,3.32406,1
28.2,0,0,41.5574,1,0,0.1,0.1,0.15,1
28.2,1,0,32.7819,0,0,0.1,0.1,0.15,1
28.2,2,0.162449,54.6771,1,1,3.19095,12.0394,4.94122,1
28.2,3,0.212449,54.6771,1,1,3.19095,12.0394,4.94122,1
28.2,4,0.028529,48.0718,1,1,3.19095,12.3892,4.97452,1
28.2,5,0,36.9866,0,0,0.1,0.1,0.15,1
28.2,6,0.691574,57.026,1,1,3.19095,12.0394,4.94122,1
28.2,7,0.9,48.0718,1,1,3.19095,12.3892,4.97452,1
28.3,0,0,41.2927,1,0,0.1,0.1,0.15,1
28.3,1,0,32.6634,0,0,0.1,0.1,0.15,1
28.3,2,0.161386,54.5845,1,1,2.21704,21.8042,5.35944,1
28.3,3,0.211386,54.5845,1,1,2.21704,21.8042,5.35944,1
28.3,4,0.0278505,47.9437,1,1,1.13896,7,3.41961,1
28.3,5,0,36.7981,0,0,0.1,0.1,0.15,1
28.3,6,0.691266,56.9294,1,1,3.29512,20.7261,5.82913,1
28.3,7,0.9,47.9437,1,1,1.13896,7,3.41961,1
28.4,0,0,41.0324,1,0,0.1,0.1,0.15,1
28.4,1,0,32.5469,0,0,0.1,0.1,0.15,1
28.4,2,0.160189,54.5439,1,1,3.00265,24.5212,6.03384,1
28.4,3,0.210189,54.5439,1,1,3.00265,24.5212,6.03384,1
28.4,4,0.0267712,47.9693,1,1,3.00265,18.3288,5.43959,1
28.4,5,0,36.6127,0,0,0.1,0.1,0.15,1
28.4,6,0.690947,56.8498,1,1,3.00265,24.5212,6.03384,1
28.4,7,0.9,47.9693,1,1,3.00265,18.3288,5.43959,1
28.5,0,0,40.7765,1,0,0.1,0.1,0.15,1
28.5,1,0,32.4324,0,0,0.1,0.1,0.15,1
28.5,2,0.1589,54.5385,1,1,3.44048,26.7987,6.4925,1
28.5,3,0.2089,54.5385,1,1,3.44048,26.7987,6.4925,1
28.5,4,0.0257242,47.9822,1,1,3.44048,14.114,5.27681,1
28.5,5,0,36.4304,0,0,0.1,0.1,0.15,1
28.5,6,0.690603,56.8059,1,1,3.44048,26.7987,6.4925,1
28.5,7,0.9,47.9822,1,1,3.44048,14.114,5.27681,1
28.6,0,0,40.5248,1,0,0.1,0.1,0.15,1
28.6,1,0,32.3198,0,0,0.1,0.1,0.15,1
28.6,2,0.157536,54.5621,1,1,5.03987,21.2047,6.87881,1
28.6,3,0.207536,54.5621,1,1,5.03987,21.2047,6.87881,1
28.6,4,0.0250104,47.869,1,1,2.3646,2.3646,3.59744,1
28.6,5,0,36.2512,0,0,0.1,0.1,0.15,1
28.6,6,0.690093,56.999,1,1,10.0797,16.1648,9.64273,1
28.6,7,0.9,47.869,1,1,2.3646,2.3646,3.59744,1
28.7,0,0,40.2773,1,0,0.1,0.1,0.15,1
28.7,1,0,32.209,0,0,0.1,0.1,0.15,1
28.7,2,0.156277,54.5451,1,1,3.28057,26.169,6.34368,1
28.7,3,0.206277,54.5451,1,1,3.28057,26.169,6.34368,1
28.7,4,0.0239056,47.9055,1,1,3.28057,18.09,5.56846,1
28.7,5,0,36.0749,0,0,0.1,0.1,0.15,1
28.7,6,0.689757,56.9415,1,1,3.28057,26.169,6.34368,1
28.7,7,0.9,47.9055,1,1,3.28057,18.09,5.56846,1
28.8,0,0,40.0339,1,0,0.1,0.1,0.15,1
28.8,1,0,32.1001,0,0,0.1,0.1,0.15,1
28.8,2,0.155086,54.503,1,1,4.20813,17.1683,6.00385,1
28.8,3,0.205086,54.503,1,1,4.20813,17.1683,6.00385,1
28.8,4,0.0231346,47.8152,1,1,2.10038,7,3.88566,1
28.8,5,0,35.9016,0,0,0.1,0.1,0.15,1
28.8,6,0.689383,56.9395,1,1,6.31588,15.0605,7.07187,1
28.8,7,0.9,47.8152,1,1,2.10038,7,3.88566,1
28.9,0,0,39.7946,1,0,0.1,0.1,0.15,1
28.9,1,0,31.9931,0,0,0.1,0.1,0.15,1
28.9,2,0.153919,54.4523,1,1,2.67205,24.7542,5.87943,1
28.9,3,0.203919,54.4523,1,1,2.67205,24.7542,5.87943,1
28.9,4,0.022179,47.7961,1,1,2.67205,13.6675,4.81636,1
28.9,5,0,35.7311,0,0,0.1,0.1,0.15,1
28.9,6,0.689072,56.8481,1,1,2.67205,24.7542,5.87943,1
28.9,7,0.9,47.7961,1,1,2.67205,13.6675,4.81636,1
29,0,0,39.5593,1,0,0.1,0.1,0.15,1
29,1,0,31.8878,0,0,0.1,0.1,0.15,1
29,2,0.152716,54.416,1,1,3.42828,22.3855,6.06193,1
29,3,0.202716,54.416,1,1,3.42828,22.3855,6.06193,1
29,4,0.0209664,47.8746,1,1,3.42828,22.9017,6.11147,1
29,5,0,35.5635,0,0,0.1,0.1,0.15,1
29,6,0.688751,56.772,1,1,3.42828,22.3855,6.06193,1
29,7,0.9,47.8746,1,1,3.42828,22.9017,6.11147,1
29.1,0,0,39.3279,1,0,0.1,0.1,0.15,1
29.1,1,0,31.7842,0,0,0.1,0.1,0.15,1
29.1,2,0.151412,54.4188,1,1,4.30894,22.5182,6.57445,1
29.1,3,0.201412,54.4188,1,1,4.30894,22.5182,6.57445,1
29.1,4,0.0203613,47.722,1,1,0.238176,7,3.04965,1
29.1,5,0,35.3987,0,0,0.1,0.1,0.15,1
29.1,6,0.68829,56.8964,1,1,8.3797,18.4475,8.71961,1
29.1,7,0.9,47.722,1,1,0.238176,7,3.04965,1
29.2,0,0,39.1003,1,0,0.1,0.1,0.15,1
29.2,1,0,31.6824,0,0,0.1,0.1,0.15,1
29.2,2,0.150292,54.3519,1,1,3.3534,18.4717,5.64519,1
29.2,3,0.200292,54.3519,1,1,3.3534,18.4717,5.64519,1
29.2,4,0.0192243,47.7731,1,1,3.3534,19.3603,5.73034,1
29.2,5,0,35.2367,0,0,0.1,0.1,0.15,1
29.2,6,0.687991,56.7882,1,1,3.3534,18.4717,5.64519,1
29.2,7,0.9,47.7731,1,1,3.3534,19.3603,5.73034,1
29.3,0,0,38.8765,0,0,0.1,0.1,0.15,1
29.3,1,0,31.5823,0,0,0.1,0.1,0.15,1
29.3,2,0.149162,54.2899,1,1,2.83921,21.9174,5.69585,1
29.3,3,0.199162,54.2899,1,1,2.83921,21.9174,5.69585,1
29.3,4,0.0182199,47.7733,1,1,2.83921,15.3101,5.0625,1
29.3,5,0,35.0773,0,0,0.1,0.1,0.15,1
29.3,6,0.68769,56.6856,1,1,2.83921,21.9174,5.69585,1
29.3,7,0.9,47.7733,1,1,2.83921,15.3101,5.0625,1
29.4,0,0,38.6565,0,0,0.1,0.1,0.15,1
29.4,1,0,31.4838,0,0,0.1,0.1,0.15,1
29.4,2,0.148015,54.2351,1,1,3.09458,21.3362,5.77788,1
29.4,3,0.198015,54.2351,1,1,3.09458,21.3362,5.77788,1
29.4,4,0.0171874,47.784,1,1,3.09458,15.3433,5.20373,1
29.4,5,0,34.9206,0,0,0.1,0.1,0.15,1
29.4,6,0.687384,56.5908,1,1,3.09458,21.3362,5.77788,1
29.4,7,0.9,47.784,1,1,3.09458,15.3433,5.20373,1
29.5,0,0,38.4402,0,0,0.1,0.1,0.15,1
29.5,1,0,31.387,0,0,0.1,0.1,0.15,1
29.5,2,0.146865,54.1827,1,1,3.05385,21.7767,5.79801,1
29.5,3,0.196865,54.1827,1,1,3.05385,21.7767,5.79801,1
29.5,4,0.016151,47.796,1,1,3.05385,15.782,5.22352,1
29.5,5,0,34.7665,0,0,0.1,0.1,0.15,1
29.5,6,0.687078,56.4992,1,1,3.05385,21.7767,5.79801,1
29.5,7,0.9,47.796,1,1,3.05385,15.782,5.22352,1
29.6,0,0,38.2274,0,0,0.1,0.1,0.15,1
29.6,1,0,31.2918,0,0,0.1,0.1,0.15,1
29.6,2,0.145595,54.1762,1,1,4.13842,21.7147,6.39896,1
29.6,3,0.195595,54.1762,1,1,4.13842,21.7147,6.39896,1
29.6,4,0.0153197,47.7303,1,1,3.30766,3.30766,4.18951,1
29.6,5,0,34.615,0,0,0.1,0.1,0.15,1
29.6,6,0.686624,56.6169,1,1,8.27684,17.5763,8.56888,1
29.6,7,0.9,47.7303,1,1,3.30766,3.30766,4.18951,1
29.7,0,0,38.0182,0,0,0.1,0.1,0.15,1
29.7,1,0,31.1982,0,0,0.1,0.1,0.15,1
29.7,2,0.144428,54.1311,1,1,3.23164,21.6373,5.88165,1
29.7,3,0.194428,54.1311,1,1,3.23164,21.6373,5.88165,1
29.7,4,0.01434,47.7218,1,1,3.23164,11.7669,4.93764,1
29.7,5,0,34.466,0,0,0.1,0.1,0.15,1
29.7,6,0.686313,56.531,1,1,3.23164,21.6373,5.88165,1
29.7,7,0.9,47.7218,1,1,3.23164,11.7669,4.93764,1
29.8,0,0,37.8125,0,0,0.1,0.1,0.15,1
29.8,1,0,31.1061,0,0,0.1,0.1,0.15,1
29.8,2,0.143186,54.115,1,1,3.53452,23.8309,6.25976,1
29.8,3,0.193186,54.115,1,1,3.53452,23.8309,6.25976,1
29.8,4,0.013596,47.6243,1,1,1.83093,7,3.75005,1
29.8,5,0,34.3195,0,0,0.1,0.1,0.15,1
29.8,6,0.685938,56.537,1,1,5.23811,22.1273,7.08602,1
29.8,7,0.9,47.6243,1,1,1.83093,7,3.75005,1
29.9,0,0,37.6102,0,0,0.1,0.1,0.15,1
29.9,1,0,31.0156,0,0,0.1,0.1,0.15,1
29.9,2,0.142044,54.0614,1,1,3.42067,19.2307,5.75518,1
29.9,3,0.192044,54.0614,1,1,3.42067,19.2307,5.75518,1
29.9,4,0.0125596,47.639,1,1,3.42067,13.6684,5.22328,1
29.9,5,0,34.1754,0,0,0.1,0.1,0.15,1
29.9,6,0.685634,56.443,1,1,3.42067,19.2307,5.75518,1
29.9,7,0.9,47.639,1,1,3.42067,13.6684,5.22328,1
30,0,0,37.4113,0,0,0.1,0.1,0.15,1
30,1,0,30.9266,0,0,0.1,0.1,0.15,1
30,2,0.140929,53.9986,1,1,2.83142,21.1691,5.61985,1
30,3,0.190929,53.9986,1,1,2.83142,21.1691,5.61985,1
30,4,0.0115562,47.641,1,1,2.83142,15.2976,5.05713,1
30,5,0,34.0337,0,0,0.1,0.1,0.15,1
30,6,0.685336,56.3404,1,1,2.83142,21.1691,5.61985,1
30,7,0.9,47.641,1,1,2.83142,15.2976,5.05713,1
30.1,0,0,37.2157,0,0,0.1,0.1,0.15,1
30.1,1,0,30.8391,0,0,0.1,0.1,0.15,1
30.1,2,0.139744,53.9633,1,1,3.5401,20.8221,5.97419,1
30.1,3,0.189744,53.9633,1,1,3.5401,20.8221,5.97419,1
30.1,4,0.0108555,47.5285,1,1,1.37997,7,3.53142,1
30.1,5,0,33.8944,0,0,0.1,0.1,0.15,1
30.1,6,0.684964,56.3457,1,1,5.70023,18.662,7.03485,1
30.1,7,0.9,47.5285,1,1,1.37997,7,3.53142,1
30.2,0,0,37.0233,0,0,0.1,0.1,0.15,1
30.2,1,0,30.753,0,0,0.1,0.1,0.15,1
30.2,2,0.138687,53.8802,1,1,3.04528,16.9271,5.32843,1
30.2,3,0.188687,53.8802,1,1,3.04528,16.9271,5.32843,1
30.2,4,0.00973281,47.5774,1,1,3.04528,20.3711,5.6585,1
30.2,5,0,33.7574,0,0,0.1,0.1,0.15,1
30.2,6,0.684682,56.2229,1,1,3.04528,16.9271,5.32843,1
30.2,7,0.9,47.5774,1,1,3.04528,20.3711,5.6585,1
30.3,0,0,36.8342,0,0,0.1,0.1,0.15,1
30.3,1,0,30.6684,0,0,0.1,0.1,0.15,1
30.3,2,0.137536,53.8337,1,1,3.38101,19.9031,5.79764,1
30.3,3,0.187536,53.8337,1,1,3.38101,19.9031,5.79764,1
30.3,4,0.00901459,47.4726,1,1,1.56515,7,3.61983,1
30.3,5,0,33.6227,0,0,0.1,0.1,0.15,1
30.3,6,0.684329,56.2031,1,1,5.19688,18.0872,6.67466,1
30.3,7,0.9,47.4726,1,1,1.56515,7,3.61983,1
30.4,0,0,36.6482,0,0,0.1,0.1,0.15,1
30.4,1,0,30.5851,0,0,0.1,0.1,0.15,1
30.4,2,0.136323,53.8118,1,1,2.91051,25.8804,6.11478,1
30.4,3,0.186323,53.8118,1,1,2.91051,25.8804,6.11478,1
30.4,4,0.0080086,47.4783,1,1,2.91051,14.9897,5.07019,1
30.4,5,0,33.4902,0,0,0.1,0.1,0.15,1
30.4,6,0.684005,56.1417,1,1,2.91051,25.8804,6.11478,1
30.4,7,0.9,47.4783,1,1,2.91051,14.9897,5.07019,1
30.5,0,0,36.4653,0,0,0.1,0.1,0.15,1
30.5,1,0,30.5033,0,0,0.1,0.1,0.15,1
30.5,2,0.135129,53.7828,1,1,3.59887,20.9174,6.01619,1
30.5,3,0.185129,53.7828,1,1,3.59887,20.9174,6.01619,1
30.5,4,0.00668426,47.6043,1,1,3.59887,27.7762,6.67467,1
30.5,5,0,33.36,0,0,0.1,0.1,0.15,1
30.5,6,0.683687,56.0739,1,1,3.59887,20.9174,6.01619,1
30.5,7,0.9,47.6043,1,1,3.59887,27.7762,6.67467,1
30.6,0,0,36.2855,0,0,0.1,0.1,0.15,1
30.6,1,0,30.4228,0,0,0.1,0.1,0.15,1
30.6,2,0.133726,53.8334,1,1,5.22918,22.0277,7.0711,1
30.6,3,0.183726,53.8334,1,1,5.22918,22.0277,7.0711,1
30.6,4,0.00587709,47.5326,1,1,3.11838,3.11838,4.06814,1
30.6,5,0,33.2319,0,0,0.1,0.1,0.15,1
30.6,6,0.68316,56.3031,1,1,10.4584,16.7985,9.96233,1
30.6,7,0.9,47.5326,1,1,3.11838,3.11838,4.06814,1
30.7,0,0,36.1086,0,0,0.1,0.1,0.15,1
30.7,1,0,30.3437,0,0,0.1,0.1,0.15,1
30.7,2,0.132289,53.8963,1,1,3.4071,34.8242,7.24576,1
30.7,3,0.182289,53.8963,1,1,3.4071,34.8242,7.24576,1
30.7,4,0.00463221,47.6277,1,1,3.4071,24.7188,6.27419,1
30.7,5,0,33.106,0,0,0.1,0.1,0.15,1
30.7,6,0.682777,56.3249,1,1,3.4071,34.8242,7.24576,1
30.7,7,0.9,47.6277,1,1,3.4071,24.7188,6.27419,1
30.8,0,0,35.9347,0,0,0.1,0.1,0.15,1
30.8,1,0,30.2659,0,0,0.1,0.1,0.15,1
30.8,2,0.130874,53.9495,1,1,4.77892,25.4514,7.13088,1
30.8,3,0.180874,53.9495,1,1,4.77892,25.4514,7.13088,1
30.8,4,0.00337433,47.726,1,1,4.77892,17.1907,6.33972,1
30.8,5,0,32.9821,0,0,0.1,0.1,0.15,1
30.8,6,0.682399,56.3376,1,1,4.77892,25.4514,7.13088,1
30.8,7,0.9,47.726,1,1,4.77892,17.1907,6.33972,1
30.9,0,0,35.7637,0,0,0.1,0.1,0.15,1
30.9,1,0,30.1894,0,0,0.1,0.1,0.15,1
30.9,2,0.129715,53.9052,1,1,3.77879,18.0511,5.84287,1
30.9,3,0.179715,53.9052,1,1,3.77879,18.0511,5.84287,1
30.9,4,0.0021735,47.8012,1,1,3.77879,20.2366,6.05218,1
30.9,5,0,32.8603,0,0,0.1,0.1,0.15,1
30.9,6,0.68209,56.2535,1,1,3.77879,18.0511,5.84287,1
30.9,7,0.9,47.8012,1,1,3.77879,20.2366,6.05218,1
31,0,0,35.5956,0,0,0.1,0.1,0.15,1
31,1,0,30.1141,0,0,0.1,0.1,0.15,1
31,2,0.128604,53.8433,1,1,3.00193,19.9814,5.59763,1
31,3,0.178604,53.8433,1,1,3.00193,19.9814,5.59763,1
31,4,0.000873972,47.9124,1,1,3.00193,29.8909,6.54963,1
31,5,0,32.7406,0,0,0.1,0.1,0.15,1
31,6,0.681794,56.1524,1,1,3.00193,19.9814,5.59763,1
31,7,0.9,47.9124,1,1,3.00193,29.8909,6.54963,1
31.1,0,0,35.4303,0,0,0.1,0.1,0.15,1
31.1,1,0,30.0402,0,0,0.1,0.1,0.15,1
31.1,2,0.127265,53.8686,1,1,5.48214,17.0458,6.74757,1
31.1,3,0.177265,53.8686,1,1,5.48214,17.0458,6.74757,1
31.1,4,0.000205072,47.7833,1,1,1.98859,1.98859,3.37126,1
31.1,5,0,32.6228,0,0,0.1,0.1,0.15,1
31.1,6,0.681275,56.3694,1,1,10.9643,11.5636,9.81526,1
31.1,7,0.9,47.7833,1,1,1.98859,1.98859,3.37126,1
31.2,0,0,35.2677,0,0,0.1,0.1,0.15,1
31.2,1,0,29.9674,0,0,0.1,0.1,0.15,1
31.2,2,0.126065,53.8412,1,1,2.81599,25.7283,6.04953,1
31.2,3,0.176065,53.8412,1,1,2.81599,25.7283,6.04953,1
31.2,4,0,47.8432,1,0,2.81599,23.7727,5.86161,1
31.2,5,0,32.507,0,0,0.1,0.1,0.15,1
31.2,6,0.680955,56.3003,1,1,2.81599,25.7283,6.04953,1
31.2,7,0.9,47.8432,1,1,2.81599,23.7727,5.86161,1
31.3,0,0,35.1078,0,0,0.1,0.1,0.15,1
31.3,1,0,29.8959,0,0,0.1,0.1,0.15,1
31.3,2,0.124815,53.8331,1,1,4.60085,17.8816,6.30078,1
31.3,3,0.174815,53.8331,1,1,4.60085,17.8816,6.30078,1
31.3,4,0,47.4738,1,0,0.1,0.1,0.15,1
31.3,5,0,32.3931,0,0,0.1,0.1,0.15,1
31.3,6,0.680504,56.4165,1,1,8.73212,13.7504,8.50584,1
31.3,7,0.9,47.6976,1,1,0.469583,7,3.13466,1
31.4,0,0,34.9506,0,0,0.1,0.1,0.15,1
31.4,1,0,29.8255,0,0,0.1,0.1,0.15,1
31.4,2,0.123693,53.7765,1,1,2.81031,21.6317,5.65296,1
31.4,3,0.173693,53.7765,1,1,2.81031,21.6317,5.65296,1
31.4,4,0,47.1105,1,0,0.1,0.1,0.15,1
31.4,5,0,32.2812,0,0,0.1,0.1,0.15,1
31.4,6,0.680205,56.3169,1,1,2.81031,21.6317,5.65296,1
31.4,7,0.9,47.6586,1,1,2.81031,9.81684,4.52347,1
31.5,0,0,34.796,0,0,0.1,0.1,0.15,1
31.5,1,0,29.7563,0,0,0.1,0.1,0.15,1
31.5,2,0.122461,53.7625,1,1,3.05525,26.0396,6.20821,1
31.5,3,0.172461,53.7625,1,1,3.05525,26.0396,6.20821,1
31.5,4,0,46.7532,1,0,0.1,0.1,0.15,1
31.5,5,0,32.1711,0,0,0.1,0.1,0.15,1
31.5,6,0.679877,56.2606,1,1,3.05525,26.0396,6.20821,1
31.5,7,0.9,47.6888,1,1,3.05525,18.0106,5.43761,1
31.6,0,0,34.644,0,0,0.1,0.1,0.15,1
31.6,1,0,29.6883,0,0,0.1,0.1,0.15,1
31.6,2,0.121246,53.7425,1,1,4.73233,15.2317,6.12521,1
31.6,3,0.171246,53.7425,1,1,4.73233,15.2317,6.12521,1
31.6,4,0,46.4019,1,0,0.1,0.1,0.15,1
31.6,5,0,32.0628,0,0,0.1,0.1,0.15,1
31.6,6,0.679428,56.376,1,1,9.11425,10.8498,8.48625,1
31.6,7,0.9,47.5423,1,1,0.350415,7,3.0896,1
31.7,0,0,34.4945,0,0,0.1,0.1,0.15,1
31.7,1,0,29.6214,0,0,0.1,0.1,0.15,1
31.7,2,0.120013,53.7294,1,1,2.49551,29.1781,6.21214,1
31.7,3,0.170013,53.7294,1,1,2.49551,29.1781,6.21214,1
31.7,4,0,46.0564,1,0,0.1,0.1,0.15,1
31.7,5,0,31.9563,0,0,0.1,0.1,0.15,1
31.7,6,0.679099,56.319,1,1,2.49551,29.1781,6.21214,1
31.7,7,0.9,47.5933,1,1,2.49551,23.7418,5.6894,1
31.8,0,0,34.3475,0,0,0.1,0.1,0.15,1
31.8,1,0,29.5557,0,0,0.1,0.1,0.15,1
31.8,2,0.118582,53.7915,1,1,3.9592,31.2582,7.2128,1
31.8,3,0.168582,53.7915,1,1,3.9592,31.2582,7.2128,1
31.8,4,0,45.7168,1,0,0.1,0.1,0.15,1
31.8,5,0,31.8516,0,0,0.1,0.1,0.15,1
31.8,6,0.678718,56.338,1,1,3.9592,31.2582,7.2128,1
31.8,7,0.9,47.5923,1,1,3.9592,8.18328,5.00717,1
31.9,0,0,34.203,0,0,0.1,0.1,0.15,1
31.9,1,0,29.491,0,0,0.1,0.1,0.15,1
31.9,2,0.117122,53.8637,1,1,4.40218,30.1352,7.35983,1
31.9,3,0.167122,53.8637,1,1,4.40218,30.1352,7.35983,1
31.9,4,0,45.3827,1,0,0.1,0.1,0.15,1
31.9,5,0,31.7487,0,0,0.1,0.1,0.15,1
31.9,6,0.678328,56.3677,1,1,4.40218,30.1352,7.35983,1
31.9,7,0.9,47.6306,1,1,4.40218,11.0133,5.53032,1
32,0,0,34.0608,0,0,0.1,0.1,0.15,1
32,1,0,29.4274,0,0,0.1,0.1,0.15,1
32,2,0.115883,53.851,1,1,4.31717,19.03,6.24504,1
32,3,0.165883,53.851,1,1,4.31717,19.03,6.24504,1
32,4,0,45.0543,1,0,0.1,0.1,0.15,1
32,5,0,31.6475,0,0,0.1,0.1,0.15,1
32,6,0.677998,56.3133,1,1,4.31717,19.03,6.24504,1
32,7,0.9,47.6836,1,1,4.31717,13.7075,5.73678,1
32.1,0,0,33.9211,0,0,0.1,0.1,0.15,1
32.1,1,0,29.3648,0,0,0.1,0.1,0.15,1
32.1,2,0.114705,53.8153,1,1,3.89119,18.3533,5.93554,1
32.1,3,0.164705,53.8153,1,1,3.89119,18.3533,5.93554,1
32.1,4,0,44.7313,1,0,0.1,0.1,0.15,1
32.1,5,0,31.5479,0,0,0.1,0.1,0.15,1
32.1,6,0.677577,56.3876,1,1,7.78239,14.4621,7.94948,1
32.1,7,0.9,47.6184,1,1,3.27992,3.27992,4.17165,1
32.2,0,0,33.7836,0,0,0.1,0.1,0.15,1
32.2,1,0,29.3033,0,0,0.1,0.1,0.15,1
32.2,2,0.113608,53.7496,1,1,2.78056,20.4948,5.52796,1
32.2,3,0.163608,53.7496,1,1,2.78056,20.4948,5.52796,1
32.2,4,0,44.4137,1,0,0.1,0.1,0.15,1
32.2,5,0,31.4501,0,0,0.1,0.1,0.15,1
32.2,6,0.677285,56.2791,1,1,2.78056,20.4948,5.52796,1
32.2,7,0.9,47.641,1,1,2.78056,18.4055,5.32757,1
32.3,0,0,33.6485,0,0,0.1,0.1,0.15,1
32.3,1,0,29.2429,0,0,0.1,0.1,0.15,1
32.3,2,0.112534,53.6765,1,1,2.90942,18.5901,5.41431,1
32.3,3,0.162534,53.6765,1,1,2.90942,18.5901,5.41431,1
32.3,4,0,44.1014,1,0,0.1,0.1,0.15,1
32.3,5,0,31.3538,0,0,0.1,0.1,0.15,1
32.3,6,0.676998,56.1638,1,1,2.90942,18.5901,5.41431,1
32.3,7,0.9,47.633,1,1,2.90942,13.4698,4.92441,1
32.4,0,0,33.5156,0,0,0.1,0.1,0.15,1
32.4,1,0,29.1834,0,0,0.1,0.1,0.15,1
32.4,2,0.111411,53.623,1,1,2.68744,22.3784,5.65932,1
32.4,3,0.161411,53.623,1,1,2.68744,22.3784,5.65932,1
32.4,4,0,43.7943,1,0,0.1,0.1,0.15,1
32.4,5,0,31.2592,0,0,0.1,0.1,0.15,1
32.4,6,0.676699,56.0689,1,1,2.68744,22.3784,5.65932,1
32.4,7,0.9,47.6876,1,1,2.68744,23.395,5.75697,1
32.5,0,0,33.3849,0,0,0.1,0.1,0.15,1
32.5,1,0,29.1249,0,0,0.1,0.1,0.15,1
32.5,2,0.110329,53.5552,1,1,3.2603,17.0364,5.45643,1
32.5,3,0.160329,53.5552,1,1,3.2603,17.0364,5.45643,1
32.5,4,0,43.4923,1,0,0.1,0.1,0.15,1
32.5,5,0,31.1661,0,0,0.1,0.1,0.15,1
32.5,6,0.67641,55.9603,1,1,3.2603,17.0364,5.45643,1
32.5,7,0.9,47.7086,1,1,3.2603,15.6367,5.32254,1
32.6,0,0,33.2564,0,0,0.1,0.1,0.15,1
32.6,1,0,29.0674,0,0,0.1,0.1,0.15,1
32.6,2,0.109073,53.5539,1,1,2.53708,30.1521,6.32757,1
32.6,3,0.159073,53.5539,1,1,2.53708,30.1521,6.32757,1
32.6,4,0,43.1953,1,0,0.1,0.1,0.15,1
32.6,5,0,31.0746,0,0,0.1,0.1,0.15,1
32.6,6,0.676075,55.9188,1,1,2.53708,30.1521,6.32757,1
32.6,7,0.9,47.6451,1,1,2.53708,7.92657,4.19938,1
32.7,0,0,33.1301,0,0,0.1,0.1,0.15,1
32.7,1,0,29.0109,0,0,0.1,0.1,0.15,1
32.7,2,0.107812,53.5548,1,1,4.08615,21.6029,6.35821,1
32.7,3,0.157812,53.5548,1,1,4.08615,21.6029,6.35821,1
32.7,4,0,42.9033,1,0,0.1,0.1,0.15,1
32.7,5,0,30.9846,0,0,0.1,0.1,0.15,1
32.7,6,0.675739,55.8804,1,1,4.08615,21.6029,6.35821,1
32.7,7,0.9,47.8346,1,1,4.08615,34.1007,7.55865,1
32.8,0,0,33.0058,0,0,0.1,0.1,0.15,1
32.8,1,0,28.9553,0,0,0.1,0.1,0.15,1
32.8,2,0.106473,53.5849,1,1,4.77336,21.4686,6.74571,1
32.8,3,0.156473,53.5849,1,1,4.77336,21.4686,6.74571,1
32.8,4,0,42.6162,1,0,0.1,0.1,0.15,1
32.8,5,0,30.8961,0,0,0.1,0.1,0.15,1
32.8,6,0.675382,55.8716,1,1,4.77336,21.4686,6.74571,1
32.8,7,0.9,47.8967,1,1,4.77336,12.6403,5.90283,1
32.9,0,0,32.8836,0,0,0.1,0.1,0.15,1
32.9,1,0,28.9006,0,0,0.1,0.1,0.15,1
32.9,2,0.105289,53.5562,1,1,3.28024,22.2864,5.97064,1
32.9,3,0.155289,53.5562,1,1,3.28024,22.2864,5.97064,1
32.9,4,0,42.3338,1,0,0.1,0.1,0.15,1
32.9,5,0,30.8091,0,0,0.1,0.1,0.15,1
32.9,6,0.675066,55.8049,1,1,3.28024,22.2864,5.97064,1
32.9,7,0.9,47.9459,1,1,3.28024,19.9277,5.74438,1
33,0,0,32.7635,0,0,0.1,0.1,0.15,1
33,1,0,28.8469,0,0,0.1,0.1,0.15,1
33,2,0.103993,53.57,1,1,3.19583,28.5802,6.52898,1
33,3,0.153993,53.57,1,1,3.19583,28.5802,6.52898,1
33,4,0,42.0562,1,0,0.1,0.1,0.15,1
33,5,0,30.7235,0,0,0.1,0.1,0.15,1
33,6,0.674721,55.7812,1,1,3.19583,28.5802,6.52898,1
33,7,0.9,48.0089,1,1,3.19583,22.4306,5.93816,1
33.1,0,0,32.6453,0,0,0.1,0.1,0.15,1
33.1,1,0,28.794,0,0,0.1,0.1,0.15,1
33.1,2,0.102501,53.658,1,1,5.29601,26.3106,7.52196,1
33.1,3,0.152501,53.658,1,1,5.29601,26.3106,7.52196,1
33.1,4,0,41.7831,1,0,0.1,0.1,0.15,1
33.1,5,0,30.6394,0,0,0.1,0.1,0.15,1
33.1,6,0.674167,56.0524,1,1,10.592,21.0146,10.4562,1
33.1,7,0.9,47.8391,1,1,1.0693,1.0693,2.8498,1
33.2,0,0,32.5292,0,0,0.1,0.1,0.15,1
33.2,1,0,28.742,0,0,0.1,0.1,0.15,1
33.2,2,0.101312,53.6298,1,1,3.95083,18.5999,5.99312,1
33.2,3,0.151312,53.6298,1,1,3.95083,18.5999,5.99312,1
33.2,4,0,41.5147,1,0,0.1,0.1,0.15,1
33.2,5,0,30.5566,0,0,0.1,0.1,0.15,1
33.2,6,0.67385,55.9843,1,1,3.95083,18.5999,5.99312,1
33.2,7,0.9,47.8782,1,1,3.95083,14.4444,5.59602,1
33.3,0,0,32.4149,0,0,0.1,0.1,0.15,1
33.3,1,0,28.6909,0,0,0.1,0.1,0.15,1
33.3,2,0.100135,53.5972,1,1,2.81884,24.446,5.92783,1
33.3,3,0.150135,53.5972,1,1,2.81884,24.446,5.92783,1
33.3,4,0,41.2507,1,0,0.1,0.1,0.15,1
33.3,5,0,30.4753,0,0,0.1,0.1,0.15,1
33.3,6,0.673537,55.9125,1,1,2.81884,24.446,5.92783,1
33.3,7,0.9,47.842,1,1,2.81884,10.5937,4.60178,1
33.4,0,0,32.3026,0,0,0.1,0.1,0.15,1
33.4,1,0,28.6406,0,0,0.1,0.1,0.15,1
33.4,2,0.0987965,53.6267,1,1,3.4081,29.6411,6.74777,1
33.4,3,0.148797,53.6267,1,1,3.4081,29.6411,6.74777,1
33.4,4,0,40.9911,1,0,0.1,0.1,0.15,1
33.4,5,0,30.3953,0,0,0.1,0.1,0.15,1
33.4,6,0.67318,55.9034,1,1,3.4081,29.6411,6.74777,1
33.4,7,0.9,47.8798,1,1,3.4081,17.4769,5.58024,1
33.5,0,0,32.1921,0,0,0.1,0.1,0.15,1
33.5,1,0,28.5912,0,0,0.1,0.1,0.15,1
33.5,2,0.0973174,53.7087,1,1,4.13115,32.7528,7.45484,1
33.5,3,0.147317,53.7087,1,1,4.13115,32.7528,7.45484,1
33.5,4,0,40.7358,1,0,0.1,0.1,0.15,1
33.5,5,0,30.3166,0,0,0.1,0.1,0.15,1
33.5,6,0.672785,55.9474,1,1,4.13115,32.7528,7.45484,1
33.5,7,0.9,47.9665,1,1,4.13115,20.1028,6.24031,1
33.6,0,0,32.0835,0,0,0.1,0.1,0.15,1
33.6,1,0,28.5426,0,0,0.1,0.1,0.15,1
33.6,2,0.0958875,53.7707,1,1,6.14732,17.5761,7.2067,1
33.6,3,0.145887,53.7707,1,1,6.14732,17.5761,7.2067,1
33.6,4,0,40.4848,1,0,0.1,0.1,0.15,1
33.6,5,0,30.2392,0,0,0.1,0.1,0.15,1
33.6,6,0.672217,56.2368,1,1,12.2946,11.4287,10.7358,1
33.6,7,0.9,47.8875,1,1,3.08976,3.08976,4.0499,1
33.7,0,0,31.9767,0,0,0.1,0.1,0.15,1
33.7,1,0,28.4948,0,0,0.1,0.1,0.15,1
33.7,2,0.0946549,53.7571,1,1,2.96542,26.5848,6.21205,1
33.7,3,0.144655,53.7571,1,1,2.96542,26.5848,6.21205,1
33.7,4,0,40.238,1,0,0.1,0.1,0.15,1
33.7,5,0,30.1632,0,0,0.1,0.1,0.15,1
33.7,6,0.671888,56.1821,1,1,2.96542,26.5848,6.21205,1
33.7,7,0.9,47.8423,1,1,2.96542,8.50376,4.48292,1
33.8,0,0,31.8717,0,0,0.1,0.1,0.15,1
33.8,1,0,28.4478,0,0,0.1,0.1,0.15,1
33.8,2,0.0935669,53.6891,1,1,3.69378,14.7953,5.48366,1
33.8,3,0.143567,53.6891,1,1,3.69378,14.7953,5.48366,1
33.8,4,0,39.9953,1,0,0.1,0.1,0.15,1
33.8,5,0,30.0883,0,0,0.1,0.1,0.15,1
33.8,6,0.671598,56.0737,1,1,3.69378,14.7953,5.48366,1
33.8,7,0.9,47.8699,1,1,3.69378,14.3839,5.4444,1
33.9,0,0,31.7684,0,0,0.1,0.1,0.15,1
33.9,1,0,28.4016,0,0,0.1,0.1,0.15,1
33.9,2,0.0924239,53.643,1,1,2.31114,25.4787,5.76085,1
33.9,3,0.142424,53.643,1,1,2.31114,25.4787,5.76085,1
33.9,4,0,39.7566,1,0,0.1,0.1,0.15,1
33.9,5,0,30.0148,0,0,0.1,0.1,0.15,1
33.9,6,0.671293,55.9879,1,1,2.31114,25.4787,5.76085,1
33.9,7,0.9,47.9213,1,1,2.31114,25.5566,5.76835,1
34,0,0,31.6668,0,0,0.1,0.1,0.15,1
34,1,0,28.3562,0,0,0.1,0.1,0.15,1
34,2,0.0911393,53.6512,1,1,3.48347,26.3614,6.47436,1
34,3,0.141139,53.6512,1,1,3.48347,26.3614,6.47436,1
34,4,0,39.5219,1,0,0.1,0.1,0.15,1
34,5,0,29.9425,0,0,0.1,0.1,0.15,1
34,6,0.670951,55.957,1,1,3.48347,26.3614,6.47436,1
34,7,0.9,47.9899,1,1,3.48347,21.4977,6.00742,1
34.1,0,0,31.567,0,0,0.1,0.1,0.15,1
34.1,1,0,28.3115,0,0,0.1,0.1,0.15,1
34.1,2,0.0896364,53.7418,1,1,4.3071,32.9452,7.57477,1
34.1,3,0.139636,53.7418,1,1,4.3071,32.9452,7.57477,1
34.1,4,0,39.2911,1,0,0.1,0.1,0.15,1
34.1,5,0,29.8713,0,0,0.1,0.1,0.15,1
34.1,6,0.670488,56.0972,1,1,6.61308,30.6392,8.74881,1
34.1,7,0.9,47.8944,1,1,2.00113,7,3.83532,1
34.2,0,0,31.4688,0,0,0.1,0.1,0.15,1
34.2,1,0,28.2675,0,0,0.1,0.1,0.15,1
34.2,2,0.0880312,53.8695,1,1,5.27569,32.3557,8.09021,1
34.2,3,0.138031,53.8695,1,1,5.27569,32.3557,8.09021,1
34.2,4,0,39.0642,1,0,0.1,0.1,0.15,1
34.2,5,0,29.8014,0,0,0.1,0.1,0.15,1
34.2,6,0.66999,56.2842,1,1,7.7523,29.8791,9.40356,1
34.2,7,0.9,47.8317,1,1,2.79908,7,4.25165,1
34.3,0,0,31.3722,0,0,0.1,0.1,0.15,1
34.3,1,0,28.2243,0,0,0.1,0.1,0.15,1
34.3,2,0.0865992,53.9296,1,1,4.70392,26.8095,7.21699,1
34.3,3,0.136599,53.9296,1,1,4.70392,26.8095,7.21699,1
34.3,4,0,38.841,0,0,0.1,0.1,0.15,1
34.3,5,0,29.7326,0,0,0.1,0.1,0.15,1
34.3,6,0.669609,56.304,1,1,4.70392,26.8095,7.21699,1
34.3,7,0.9,47.8673,1,1,4.70392,9.32847,5.54826,1
34.4,0,0,31.2773,0,0,0.1,0.1,0.15,1
34.4,1,0,28.1818,0,0,0.1,0.1,0.15,1
34.4,2,0.0851837,53.9825,1,1,3.93918,30.5575,7.13404,1
34.4,3,0.135184,53.9825,1,1,3.93918,30.5575,7.13404,1
34.4,4,0,38.6216,0,0,0.1,0.1,0.15,1
34.4,5,0,29.665,0,0,0.1,0.1,0.15,1
34.4,6,0.669231,56.3173,1,1,3.93918,30.5575,7.13404,1
34.4,7,0.9,47.987,1,1,3.93918,25.8108,6.67797,1
34.5,0,0,31.1839,0,0,0.1,0.1,0.15,1
34.5,1,0,28.1401,0,0,0.1,0.1,0.15,1
34.5,2,0.0837006,54.0601,1,1,4.31209,31.8785,7.47511,1
34.5,3,0.133701,54.0601,1,1,4.31209,31.8785,7.47511,1
34.5,4,0,38.4058,0,0,0.1,0.1,0.15,1
34.5,5,0,29.5985,0,0,0.1,0.1,0.15,1
34.5,6,0.668836,56.356,1,1,4.31209,31.8785,7.47511,1
34.5,7,0.9,48.1167,1,1,4.31209,25.2412,6.8375,1
34.6,0,0,31.0921,0,0,0.1,0.1,0.15,1
34.6,1,0,28.099,0,0,0.1,0.1,0.15,1
34.6,2,0.0823972,54.0685,1,1,5.11496,17.4971,6.56911,1
34.6,3,0.132397,54.0685,1,1,5.11496,17.4971,6.56911,1
34.6,4,0,38.1936,0,0,0.1,0.1,0.15,1
34.6,5,0,29.5331,0,0,0.1,0.1,0.15,1
34.6,6,0.668422,56.4197,1,1,7.47952,15.1326,7.81721,1
34.6,7,0.9,48.0483,1,1,2.7504,7,4.22555,1
34.7,0,0,31.0018,0,0,0.1,0.1,0.15,1
34.7,1,0,28.0586,0,0,0.1,0.1,0.15,1
34.7,2,0.0813259,53.989,1,1,2.82651,18.899,5.39943,1
34.7,3,0.131326,53.989,1,1,2.82651,18.899,5.39943,1
34.7,4,0,37.985,0,0,0.1,0.1,0.15,1
34.7,5,0,29.4688,0,0,0.1,0.1,0.15,1
34.7,6,0.668136,56.301,1,1,2.82651,18.899,5.39943,1
34.7,7,0.9,48.0531,1,1,2.82651,16.6644,5.18531,1
34.8,0,0,30.913,0,0,0.1,0.1,0.15,1
34.8,1,0,28.0188,0,0,0.1,0.1,0.15,1
34.8,2,0.0802017,53.9307,1,1,2.71568,22.2897,5.66577,1
34.8,3,0.130202,53.9307,1,1,2.71568,22.2897,5.66577,1
34.8,4,0,37.7798,0,0,0.1,0.1,0.15,1
34.8,5,0,29.4056,0,0,0.1,0.1,0.15,1
34.8,6,0.667837,56.2043,1,1,2.71568,22.2897,5.66577,1
34.8,7,0.9,47.9848,1,1,2.71568,7.05982,4.2126,1
34.9,0,0,30.8257,0,0,0.1,0.1,0.15,1
34.9,1,0,27.9798,0,0,0.1,0.1,0.15,1
34.9,2,0.0793039,53.7879,1,1,3.12568,8.02113,4.52478,1
34.9,3,0.129304,53.7879,1,1,3.12568,8.02113,4.52478,1
34.9,4,0,37.5781,0,0,0.1,0.1,0.15,1
34.9,5,0,29.3434,0,0,0.1,0.1,0.15,1
34.9,6,0.667597,56.0235,1,1,3.12568,8.02113,4.52478,1
34.9,7,0.9,48.0969,1,1,3.12568,29.7388,6.60211,1
35,0,0,30.7399,0,0,0.1,0.1,0.15,1
35,1,0,27.9414,0,0,0.1,0.1,0.15,1
35,2,0.0782491,53.7068,1,1,4.10806,10.5517,5.31612,1
35,3,0.128249,53.7068,1,1,4.10806,10.5517,5.31612,1
35,4,0,37.3797,0,0,0.1,0.1,0.15,1
35,5,0,29.2823,0,0,0.1,0.1,0.15,1
35,6,0.667316,55.9052,1,1,4.10806,10.5517,5.31612,1
35,7,0.9,48.2645,1,1,4.10806,31.9888,7.36813,1
35.1,0,0,30.6555,0,0,0.1,0.1,0.15,1
35.1,1,0,27.9036,0,0,0.1,0.1,0.15,1
35.1,2,0.076773,53.7864,1,1,6.01614,20.8677,7.43999,1
35.1,3,0.126773,53.7864,1,1,6.01614,20.8677,7.43999,1
35.1,4,0,37.1846,0,0,0.1,0.1,0.15,1
35.1,5,0,29.2221,0,0,0.1,0.1,0.15,1
35.1,6,0.666741,56.2057,1,1,12.0323,14.8515,10.8742,1
35.1,7,0.9,48.1282,1,1,1.95507,1.95507,3.35141,1
35.2,0,0,30.5724,0,0,0.1,0.1,0.15,1
35.2,1,0,27.8664,0,0,0.1,0.1,0.15,1
35.2,2,0.0756983,53.7128,1,1,3.36047,16.0402,5.4164,1
35.2,3,0.125698,53.7128,1,1,3.36047,16.0402,5.4164,1
35.2,4,0,36.9928,0,0,0.1,0.1,0.15,1
35.2,5,0,29.163,0,0,0.1,0.1,0.15,1
35.2,6,0.666454,56.0918,1,1,3.36047,16.0402,5.4164,1
35.2,7,0.9,48.168,1,1,3.36047,18.7053,5.67149,1
35.3,0,0,30.4908,0,0,0.1,0.1,0.15,1
35.3,1,0,27.8299,0,0,0.1,0.1,0.15,1
35.3,2,0.0742794,53.7706,1,1,2.75822,37.5,7.15134,1
35.3,3,0.124279,53.7706,1,1,2.75822,37.5,7.15134,1
35.3,4,0,36.8042,0,0,0.1,0.1,0.15,1
35.3,5,0,29.1049,0,0,0.1,0.1,0.15,1
35.3,6,0.666076,56.11,1,1,2.75822,37.5,7.15134,1
35.3,7,0.9,48.1534,1,1,2.75822,14.6144,4.95268,1
35.4,0,0,30.4106,0,0,0.1,0.1,0.15,1
35.4,1,0,27.794,0,0,0.1,0.1,0.15,1
35.4,2,0.072614,53.9207,1,1,5.18006,36.1091,8.39356,1
35.4,3,0.122614,53.9207,1,1,5.18006,36.1091,8.39356,1
35.4,4,0,36.6187,0,0,0.1,0.1,0.15,1
35.4,5,0,29.0477,0,0,0.1,0.1,0.15,1
35.4,6,0.665631,56.221,1,1,5.18006,36.1091,8.39356,1
35.4,7,0.9,48.256,1,1,5.18006,16.503,6.51327,1
35.5,0,0,30.3316,0,0,0.1,0.1,0.15,1
35.5,1,0,27.7587,0,0,0.1,0.1,0.15,1
35.5,2,0.0711254,54.0013,1,1,5.16115,26.9505,7.5023,1
35.5,3,0.121125,54.0013,1,1,5.16115,26.9505,7.5023,1
35.5,4,0,36.4363,0,0,0.1,0.1,0.15,1
35.5,5,0,28.9915,0,0,0.1,0.1,0.15,1
35.5,6,0.665235,56.2633,1,1,5.16115,26.9505,7.5023,1
35.5,7,0.9,48.4009,1,1,5.16115,22.7601,7.10041,1
35.6,0,0,30.254,0,0,0.1,0.1,0.15,1
35.6,1,0,27.724,0,0,0.1,0.1,0.15,1
35.6,2,0.0695853,54.1001,1,1,5.35194,28.463,7.76228,1
35.6,3,0.119585,54.1001,1,1,5.35194,28.463,7.76228,1
35.6,4,0,36.2569,0,0,0.1,0.1,0.15,1
35.6,5,0,28.9362,0,0,0.1,0.1,0.15,1
35.6,6,0.664667,56.5473,1,1,10.7039,23.111,10.7336,1
35.6,7,0.9,48.2894,1,1,2.55395,2.55395,3.71365,1
35.7,0,0,30.1777,0,0,0.1,0.1,0.15,1
35.7,1,0,27.6898,0,0,0.1,0.1,0.15,1
35.7,2,0.0682009,54.1384,1,1,4.22687,27.2088,6.97713,1
35.7,3,0.118201,54.1384,1,1,4.22687,27.2088,6.97713,1
35.7,4,0,36.0806,0,0,0.1,0.1,0.15,1
35.7,5,0,28.8819,0,0,0.1,0.1,0.15,1
35.7,6,0.664297,56.5448,1,1,4.22687,27.2088,6.97713,1
35.7,7,0.9,48.341,1,1,4.22687,15.5846,5.86341,1
35.8,0,0,30.1027,0,0,0.1,0.1,0.15,1
35.8,1,0,27.6562,0,0,0.1,0.1,0.15,1
35.8,2,0.0667797,54.19,1,1,3.92945,30.9163,7.163,1
35.8,3,0.11678,54.19,1,1,3.92945,30.9163,7.163,1
35.8,4,0,35.9071,0,0,0.1,0.1,0.15,1
35.8,5,0,28.8284,0,0,0.1,0.1,0.15,1
35.8,6,0.663918,56.5562,1,1,3.92945,30.9163,7.163,1
35.8,7,0.9,48.3247,1,1,3.92945,7.96656,4.9698,1
35.9,0,0,30.0289,0,0,0.1,0.1,0.15,1
35.9,1,0,27.6232,0,0,0.1,0.1,0.15,1
35.9,2,0.0662359,53.909,1,1,0.862766,0.862766,2.74068,1
35.9,3,0.116236,53.909,1,1,0.862766,0.862766,2.74068,1
35.9,4,0,35.7366,0,0,0.1,0.1,0.15,1
35.9,5,0,28.7759,0,0,0.1,0.1,0.15,1
35.9,6,0.663773,56.2359,1,1,0.862766,0.862766,2.74068,1
35.9,7,0.9,48.5538,1,1,9.28204,7,8.23754,1
36,0,0,29.9563,0,0,0.1,0.1,0.15,1
36,1,0,27.5907,0,0,0.1,0.1,0.15,1
36,2,0.0650024,53.8935,1,1,2.03525,31.6746,6.21693,1
36,3,0.115002,53.8935,1,1,2.03525,31.6746,6.21693,1
36,4,0,35.5689,0,0,0.1,0.1,0.15,1
36,5,0,28.7242,0,0,0.1,0.1,0.15,1
36,6,0.663445,56.1815,1,1,2.03525,31.6746,6.21693,1
36,7,0.9,48.5769,1,1,2.03525,24.669,5.5428,1
36.1,0,0,29.8849,0,0,0.1,0.1,0.15,1
36.1,1,0,27.5588,0,0,0.1,0.1,0.15,1
36.1,2,0.0633074,54.0527,1,1,5.61831,34.9075,8.54292,1
36.1,3,0.113307,54.0527,1,1,5.61831,34.9075,8.54292,1
36.1,4,0,35.404,0,0,0.1,0.1,0.15,1
36.1,5,0,28.6734,0,0,0.1,0.1,0.15,1
36.1,6,0.662826,56.5389,1,1,11.2366,29.2892,11.6942,1
36.1,7,0.9,48.4537,1,1,2.36201,2.36201,3.59587,1
36.2,0,0,29.8148,0,0,0.1,0.1,0.15,1
36.2,1,0,27.5274,0,0,0.1,0.1,0.15,1
36.2,2,0.0619355,54.087,1,1,5.06572,21.4115,6.91407,1
36.2,3,0.111936,54.087,1,1,5.06572,21.4115,6.91407,1
36.2,4,0,35.2419,0,0,0.1,0.1,0.15,1
36.2,5,0,28.6234,0,0,0.1,0.1,0.15,1
36.2,6,0.66246,56.5318,1,1,5.06572,21.4115,6.91407,1
36.2,7,0.9,48.5664,1,1,5.06572,19.3296,6.7148,1
36.3,0,0,29.7458,0,0,0.1,0.1,0.15,1
36.3,1,0,27.4965,0,0,0.1,0.1,0.15,1
36.3,2,0.0605495,54.1261,1,1,3.30966,32.6792,6.98563,1
36.3,3,0.110549,54.1261,1,1,3.30966,32.6792,6.98563,1
36.3,4,0,35.0824,0,0,0.1,0.1,0.15,1
36.3,5,0,28.5743,0,0,0.1,0.1,0.15,1
36.3,6,0.66209,56.5302,1,1,3.30966,32.6792,6.98563,1
36.3,7,0.9,48.5743,1,1,3.30966,15.5618,5.34258,1
36.4,0,0,29.6779,0,0,0.1,0.1,0.15,1
36.4,1,0,27.4662,0,0,0.1,0.1,0.15,1
36.4,2,0.0591593,54.1662,1,1,4.49861,25.8703,7.00639,1
36.4,3,0.109159,54.1662,1,1,4.49861,25.8703,7.00639,1
36.4,4,0,34.9256,0,0,0.1,0.1,0.15,1
36.4,5,0,28.5259,0,0,0.1,0.1,0.15,1
36.4,6,0.66172,56.5302,1,1,4.49861,25.8703,7.00639,1
36.4,7,0.9,48.6716,1,1,4.49861,20.9588,6.53538,1
36.5,0,0,29.6112,0,0,0.1,0.1,0.15,1
36.5,1,0,27.4363,0,0,0.1,0.1,0.15,1
36.5,2,0.0576665,54.2444,1,1,3.79611,35.4527,7.52371,1
36.5,3,0.107667,54.2444,1,1,3.79611,35.4527,7.52371,1
36.5,4,0,34.7714,0,0,0.1,0.1,0.15,1
36.5,5,0,28.4784,0,0,0.1,0.1,0.15,1
36.5,6,0.661322,56.569,1,1,3.79611,35.4527,7.52371,1
36.5,7,0.9,48.8192,1,1,3.79611,32.3854,7.22867,1
36.6,0,0,29.5456,0,0,0.1,0.1,0.15,1
36.6,1,0,27.407,0,0,0.1,0.1,0.15,1
36.6,2,0.0561902,54.315,1,1,5.08388,26.7913,7.44074,1
36.6,3,0.10619,54.315,1,1,5.08388,26.7913,7.44074,1
36.6,4,0,34.6198,0,0,0.1,0.1,0.15,1
36.6,5,0,28.4317,0,0,0.1,0.1,0.15,1
36.6,6,0.660909,56.628,1,1,5.79497,26.0802,7.80322,1
36.6,7,0.9,48.8074,1,1,4.37278,7,5.13534,1
36.7,0,0,29.4811,0,0,0.1,0.1,0.15,1
36.7,1,0,27.3781,0,0,0.1,0.1,0.15,1
36.7,2,0.0549633,54.2902,1,1,3.98439,20.3896,6.18368,1
36.7,3,0.104963,54.2902,1,1,3.98439,20.3896,6.18368,1
36.7,4,0,34.4708,0,0,0.1,0.1,0.15,1
36.7,5,0,28.3858,0,0,0.1,0.1,0.15,1
36.7,6,0.660582,56.5647,1,1,3.98439,20.3896,6.18368,1
36.7,7,0.9,48.8868,1,1,3.98439,22.1205,6.3496,1
36.8,0,0,29.4177,0,0,0.1,0.1,0.15,1
36.8,1,0,27.3497,0,0,0.1,0.1,0.15,1
36.8,2,0.0535949,54.3193,1,1,3.26311,32.0214,6.89677,1
36.8,3,0.103595,54.3193,1,1,3.26311,32.0214,6.89677,1
36.8,4,0,34.3242,0,0,0.1,0.1,0.15,1
36.8,5,0,28.3406,0,0,0.1,0.1,0.15,1
36.8,6,0.660217,56.5559,1,1,3.26311,32.0214,6.89677,1
36.8,7,0.9,48.8738,1,1,3.26311,13.662,5.1355,1
36.9,0,0,29.3553,0,0,0.1,0.1,0.15,1
36.9,1,0,27.3218,0,0,0.1,0.1,0.15,1
36.9,2,0.052077,54.4044,1,1,4.41056,33.1014,7.64981,1
36.9,3,0.102077,54.4044,1,1,4.41056,33.1014,7.64981,1
36.9,4,0,34.18,0,0,0.1,0.1,0.15,1
36.9,5,0,28.2961,0,0,0.1,0.1,0.15,1
36.9,6,0.659812,56.6037,1,1,4.41056,33.1014,7.64981,1
36.9,7,0.9,48.9513,1,1,4.41056,19.4387,6.33844,1
37,0,0,29.294,0,0,0.1,0.1,0.15,1
37,1,0,27.2944,0,0,0.1,0.1,0.15,1
37,2,0.0505508,54.4912,1,1,4.689,31.8467,7.69207,1
37,3,0.100551,54.4912,1,1,4.689,31.8467,7.69207,1
37,4,0,34.0383,0,0,0.1,0.1,0.15,1
37,5,0,28.2525,0,0,0.1,0.1,0.15,1
37,6,0.659405,56.6538,1,1,4.689,31.8467,7.69207,1
37,7,0.9,49.0386,1,1,4.689,19.2752,6.48592,1
37.1,0,0,29.2336,0,0,0.1,0.1,0.15,1
37.1,1,0,27.2674,0,0,0.1,0.1,0.15,1
37.1,2,0.0490522,54.5662,1,1,6.08928,21.5792,7.55333,1
37.1,3,0.0990522,54.5662,1,1,6.08928,21.5792,7.55333,1
37.1,4,0,33.8989,0,0,0.1,0.1,0.15,1
37.1,5,0,28.2095,0,0,0.1,0.1,0.15,1
37.1,6,0.658821,56.9542,1,1,12.1786,15.4899,11.0382,1
37.1,7,0.9,48.9022,1,1,2.24326,2.24326,3.52376,1
37.2,0,0,29.1743,0,0,0.1,0.1,0.15,1
37.2,1,0,27.2408,0,0,0.1,0.1,0.15,1
37.2,2,0.0479925,54.474,1,1,3.45856,14.6781,5.3407,1
37.2,3,0.0979925,54.474,1,1,3.45856,14.6781,5.3407,1
37.2,4,0,33.7618,0,0,0.1,0.1,0.15,1
37.2,5,0,28.1673,0,0,0.1,0.1,0.15,1
37.2,6,0.658538,56.8221,1,1,3.45856,14.6781,5.3407,1
37.2,7,0.9,48.9313,1,1,3.45856,18.4264,5.69917,1
37.3,0,0,29.116,0,0,0.1,0.1,0.15,1
37.3,1,0,27.2147,0,0,0.1,0.1,0.15,1
37.3,2,0.0469063,54.3933,1,1,2.73562,20.1883,5.47463,1
37.3,3,0.0969063,54.3933,1,1,2.73562,20.1883,5.47463,1
37.3,4,0,33.627,0,0,0.1,0.1,0.15,1
37.3,5,0,28.1257,0,0,0.1,0.1,0.15,1
37.3,6,0.658249,56.7024,1,1,2.73562,20.1883,5.47463,1
37.3,7,0.9,48.8865,1,1,2.73562,12.3204,4.72161,1
37.4,0,0,29.0587,0,0,0.1,0.1,0.15,1
37.4,1,0,27.1891,0,0,0.1,0.1,0.15,1
37.4,2,0.0455502,54.416,1,1,2.86549,33.616,6.83466,1
37.4,3,0.0955502,54.416,1,1,2.86549,33.616,6.83466,1
37.4,4,0,33.4945,0,0,0.1,0.1,0.15,1
37.4,5,0,28.0849,0,0,0.1,0.1,0.15,1
37.4,6,0.657887,56.6866,1,1,2.86549,33.616,6.83466,1
37.4,7,0.9,48.8991,1,1,2.86549,19.4723,5.47529,1
37.5,0,0,29.0023,0,0,0.1,0.1,0.15,1
37.5,1,0,27.1638,0,0,0.1,0.1,0.15,1
37.5,2,0.0440387,54.4971,1,1,4.56018,31.8602,7.61777,1
37.5,3,0.0940387,54.4971,1,1,4.56018,31.8602,7.61777,1
37.5,4,0,33.3642,0,0,0.1,0.1,0.15,1
37.5,5,0,28.0447,0,0,0.1,0.1,0.15,1
37.5,6,0.657484,56.7298,1,1,4.56018,31.8602,7.61777,1
37.5,7,0.9,48.9467,1,1,4.56018,14.4063,5.94519,1
37.6,0,0,28.9468,0,0,0.1,0.1,0.15,1
37.6,1,0,27.139,0,0,0.1,0.1,0.15,1
37.6,2,0.0423566,54.6413,1,1,6.07006,31.347,8.47812,1
37.6,3,0.0923566,54.6413,1,1,6.07006,31.347,8.47812,1
37.6,4,0,33.236,0,0,0.1,0.1,0.15,1
37.6,5,0,28.0052,0,0,0.1,0.1,0.15,1
37.6,6,0.656852,57.0968,1,1,12.1401,25.2769,11.9443,1
37.6,7,0.9,48.8471,1,1,3.00254,3.00254,3.99446,1
37.7,0,0,28.8923,0,0,0.1,0.1,0.15,1
37.7,1,0,27.1146,0,0,0.1,0.1,0.15,1
37.7,2,0.0410206,54.6523,1,1,4.67713,21.9322,6.73337,1
37.7,3,0.0910206,54.6523,1,1,4.67713,21.9322,6.73337,1
37.7,4,0,33.11,0,0,0.1,0.1,0.15,1
37.7,5,0,27.9664,0,0,0.1,0.1,0.15,1
37.7,6,0.656496,57.0669,1,1,4.67713,21.9322,6.73337,1
37.7,7,0.9,48.9346,1,1,4.67713,19.1373,6.46573,1
37.8,0,0,28.8387,0,0,0.1,0.1,0.15,1
37.8,1,0,27.0906,0,0,0.1,0.1,0.15,1
37.8,2,0.0397697,54.6309,1,1,3.32617,25.4982,6.30433,1
37.8,3,0.0897697,54.6309,1,1,3.32617,25.4982,6.30433,1
37.8,4,0,32.9861,0,0,0.1,0.1,0.15,1
37.8,5,0,27.9282,0,0,0.1,0.1,0.15,1
37.8,6,0.656162,57.0052,1,1,3.32617,25.4982,6.30433,1
37.8,7,0.9,48.9248,1,1,3.32617,13.8491,5.18814,1
37.9,0,0,28.7859,0,0,0.1,0.1,0.15,1
37.9,1,0,27.067,0,0,0.1,0.1,0.15,1
37.9,2,0.0384037,54.6534,1,1,3.60304,29.9353,6.88454,1
37.9,3,0.0884037,54.6534,1,1,3.60304,29.9353,6.88454,1
37.9,4,0,32.8642,0,0,0.1,0.1,0.15,1
37.9,5,0,27.8906,0,0,0.1,0.1,0.15,1
37.9,6,0.655798,56.9882,1,1,3.60304,29.9353,6.88454,1
37.9,7,0.9,49.0583,1,1,3.60304,32.1438,7.0969,1
38,0,0,28.7341,0,0,0.1,0.1,0.15,1
38,1,0,27.0438,0,0,0.1,0.1,0.15,1
38,2,0.037061,54.6668,1,1,4.46836,23.5608,6.76713,1
38,3,0.087061,54.6668,1,1,4.46836,23.5608,6.76713,1
38,4,0,32.7444,0,0,0.1,0.1,0.15,1
38,5,0,27.8537,0,0,0.1,0.1,0.15,1
38,6,0.65544,56.9626,1,1,4.46836,23.5608,6.76713,1
38,7,0.9,49.1355,1,1,4.46836,19.4646,6.37462,1
38.1,0,0,28.6831,0,0,0.1,0.1,0.15,1
38.1,1,0,27.021,0,0,0.1,0.1,0.15,1
38.1,2,0.0356912,54.6901,1,1,3.77826,29.1153,6.90419,1
38.1,3,0.0856912,54.6901,1,1,3.77826,29.1153,6.90419,1
38.1,4,0,32.6266,0,0,0.1,0.1,0.15,1
38.1,5,0,27.8174,0,0,0.1,0.1,0.15,1
38.1,6,0.655046,56.9875,1,1,4.87671,28.0168,7.43503,1
38.1,7,0.9,49.0473,1,1,2.6798,7,4.18785,1
38.2,0,0,28.633,0,0,0.1,0.1,0.15,1
38.2,1,0,26.9986,0,0,0.1,0.1,0.15,1
38.2,2,0.0343558,54.7001,1,1,4.11169,25.3298,6.73042,1
38.2,3,0.0843558,54.7001,1,1,4.11169,25.3298,6.73042,1
38.2,4,0,32.5107,0,0,0.1,0.1,0.15,1
38.2,5,0,27.7817,0,0,0.1,0.1,0.15,1
38.2,6,0.65469,56.9591,1,1,4.11169,25.3298,6.73042,1
38.2,7,0.9,49.0859,1,1,4.11169,16.2351,5.85911,1
38.3,0,0,28.5837,0,0,0.1,0.1,0.15,1
38.3,1,0,26.9765,0,0,0.1,0.1,0.15,1
38.3,2,0.0331013,54.6793,1,1,3.68018,23.636,6.32263,1
38.3,3,0.0831013,54.6793,1,1,3.68018,23.636,6.32263,1
38.3,4,0,32.3968,0,0,0.1,0.1,0.15,1
38.3,5,0,27.7466,0,0,0.1,0.1,0.15,1
38.3,6,0.654356,56.9007,1,1,3.68018,23.636,6.32263,1
38.3,7,0.9,49.1164,1,1,3.68018,17.7472,5.75815,1
38.4,0,0,28.5352,0,0,0.1,0.1,0.15,1
38.4,1,0,26.9548,0,0,0.1,0.1,0.15,1
38.4,2,0.0320173,54.5943,1,1,3.41452,16.2151,5.46308,1
38.4,3,0.0820173,54.5943,1,1,3.41452,16.2151,5.46308,1
38.4,4,0,32.2848,0,0,0.1,0.1,0.15,1
38.4,5,0,27.7121,0,0,0.1,0.1,0.15,1
38.4,6,0.654067,56.7787,1,1,3.41452,16.2151,5.46308,1
38.4,7,0.9,49.2318,1,1,3.41452,31.1726,6.89859,1
38.5,0,0,28.4875,0,0,0.1,0.1,0.15,1
38.5,1,0,26.9335,0,0,0.1,0.1,0.15,1
38.5,2,0.0307793,54.5691,1,1,4.32339,18.9347,6.23953,1
38.5,3,0.0807793,54.5691,1,1,4.32339,18.9347,6.23953,1
38.5,4,0,32.1746,0,0,0.1,0.1,0.15,1
38.5,5,0,27.6781,0,0,0.1,0.1,0.15,1
38.5,6,0.653737,56.7171,1,1,4.32339,18.9347,6.23953,1
38.5,7,0.9,49.3035,1,1,4.32339,19.9921,6.34075,1
38.6,0,0,28.4406,0,0,0.1,0.1,0.15,1
38.6,1,0,26.9125,0,0,0.1,0.1,0.15,1
38.6,2,0.0294734,54.5699,1,1,4.05257,24.1335,6.5817,1
38.6,3,0.0794734,54.5699,1,1,4.05257,24.1335,6.5817,1
38.6,4,0,32.0663,0,0,0.1,0.1,0.15,1
38.6,5,0,27.6447,0,0,0.1,0.1,0.15,1
38.6,6,0.653277,56.8406,1,1,8.10515,20.0809,8.69525,1
38.6,7,0.9,49.1158,1,1,1.15877,1.15877,2.89815,1
38.7,0,0,28.3945,0,0,0.1,0.1,0.15,1
38.7,1,0,26.8919,0,0,0.1,0.1,0.15,1
38.7,2,0.0282541,54.538,1,1,3.52326,22.706,6.14551,1
38.7,3,0.0782541,54.538,1,1,3.52326,22.706,6.14551,1
38.7,4,0,31.9598,0,0,0.1,0.1,0.15,1
38.7,5,0,27.6119,0,0,0.1,0.1,0.15,1
38.7,6,0.652951,56.7708,1,1,3.52326,22.706,6.14551,1
38.7,7,0.9,49.1943,1,1,3.52326,25.4106,6.40517,1
38.8,0,0,28.3492,0,0,0.1,0.1,0.15,1
38.8,1,0,26.8716,0,0,0.1,0.1,0.15,1
38.8,2,0.0268643,54.571,1,1,3.61673,31.1046,7.00462,1
38.8,3,0.0768643,54.571,1,1,3.61673,31.1046,7.00462,1
38.8,4,0,31.855,0,0,0.1,0.1,0.15,1
38.8,5,0,27.5796,0,0,0.1,0.1,0.15,1
38.8,6,0.652581,56.7666,1,1,3.61673,31.1046,7.00462,1
38.8,7,0.9,49.2013,1,1,3.61673,15.1021,5.46961,1
38.9,0,0,28.3046,0,0,0.1,0.1,0.15,1
38.9,1,0,26.8517,0,0,0.1,0.1,0.15,1
38.9,2,0.0253428,54.6533,1,1,4.34016,33.7177,7.6682,1
38.9,3,0.0753428,54.6533,1,1,4.34016,33.7177,7.6682,1
38.9,4,0,31.752,0,0,0.1,0.1,0.15,1
38.9,5,0,27.5479,0,0,0.1,0.1,0.15,1
38.9,6,0.652175,56.8123,1,1,4.34016,33.7177,7.6682,1
38.9,7,0.9,49.3046,1,1,4.34016,24.2165,6.75545,1
39,0,0,28.2608,0,0,0.1,0.1,0.15,1
39,1,0,26.8321,0,0,0.1,0.1,0.15,1
39,2,0.0238457,54.725,1,1,4.75723,29.9026,7.54546,1
39,3,0.0738457,54.725,1,1,4.75723,29.9026,7.54546,1
39,4,0,31.6507,0,0,0.1,0.1,0.15,1
39,5,0,27.5167,0,0,0.1,0.1,0.15,1
39,6,0.651776,56.848,1,1,4.75723,29.9026,7.54546,1
39,7,0.9,49.3127,1,1,4.75723,8.58909,5.51021,1
39.1,0,0,28.2177,0,0,0.1,0.1,0.15,1
39.1,1,0,26.8128,0,0,0.1,0.1,0.15,1
39.1,2,0.0225137,54.733,1,1,5.77664,14.8006,6.71336,1
39.1,3,0.0725137,54.733,1,1,5.77664,14.8006,6.71336,1
39.1,4,0,31.5511,0,0,0.1,0.1,0.15,1
39.1,5,0,27.486,0,0,0.1,0.1,0.15,1
39.1,6,0.651247,57.0662,1,1,11.5533,9.02399,9.98665,1
39.1,7,0.9,49.1212,1,1,1.06784,1.06784,2.84901,1
39.2,0,0,28.1753,0,0,0.1,0.1,0.15,1
39.2,1,0,26.7938,0,0,0.1,0.1,0.15,1
39.2,2,0.0212881,54.7008,1,1,2.57216,28.397,6.17709,1
39.2,3,0.0712881,54.7008,1,1,2.57216,28.397,6.17709,1
39.2,4,0,31.4532,0,0,0.1,0.1,0.15,1
39.2,5,0,27.4558,0,0,0.1,0.1,0.15,1
39.2,6,0.650921,56.9951,1,1,2.57216,28.397,6.17709,1
39.2,7,0.9,49.1785,1,1,2.57216,27.8505,6.12453,1
39.3,0,0,28.1337,0,0,0.1,0.1,0.15,1
39.3,1,0,26.7752,0,0,0.1,0.1,0.15,1
39.3,2,0.020258,54.5951,1,1,3.87115,10.667,5.19137,1
39.3,3,0.070258,54.5951,1,1,3.87115,10.667,5.19137,1
39.3,4,0,31.3569,0,0,0.1,0.1,0.15,1
39.3,5,0,27.4261,0,0,0.1,0.1,0.15,1
39.3,6,0.650646,56.8512,1,1,3.87115,10.667,5.19137,1
39.3,7,0.9,49.1841,1,1,3.87115,13.3645,5.44769,1
39.4,0,0,28.0927,0,0,0.1,0.1,0.15,1
39.4,1,0,26.7568,0,0,0.1,0.1,0.15,1
39.4,2,0.0191814,54.5088,1,1,2.15446,22.8336,5.42651,1
39.4,3,0.0691814,54.5088,1,1,2.15446,22.8336,5.42651,1
39.4,4,0,31.2622,0,0,0.1,0.1,0.15,1
39.4,5,0,27.3969,0,0,0.1,0.1,0.15,1
39.4,6,0.650359,56.7273,1,1,2.15446,22.8336,5.42651,1
39.4,7,0.9,49.1953,1,1,2.15446,23.8334,5.52262,1
39.5,0,0,28.0524,0,0,0.1,0.1,0.15,1
39.5,1,0,26.7388,0,0,0.1,0.1,0.15,1
39.5,2,0.0180361,54.4499,1,1,3.24848,20.3965,5.77187,1
39.5,3,0.0680361,54.4499,1,1,3.24848,20.3965,5.77187,1
39.5,4,0,31.1691,0,0,0.1,0.1,0.15,1
39.5,5,0,27.3682,0,0,0.1,0.1,0.15,1
39.5,6,0.650053,56.6314,1,1,3.24848,20.3965,5.77187,1
39.5,7,0.9,49.2314,1,1,3.24848,21.2944,5.858,1
39.6,0,0,28.0128,0,0,0.1,0.1,0.15,1
39.6,1,0,26.7211,0,0,0.1,0.1,0.15,1
39.6,2,0.016784,54.4324,1,1,4.09048,21.0829,6.31086,1
39.6,3,0.066784,54.4324,1,1,4.09048,21.0829,6.31086,1
39.6,4,0,31.0775,0,0,0.1,0.1,0.15,1
39.6,5,0,27.34,0,0,0.1,0.1,0.15,1
39.6,6,0.649606,56.738,1,1,8.18096,16.9924,8.45032,1
39.6,7,0.9,49.048,1,1,1.2351,1.2351,2.93987,1
39.7,0,0,27.9738,0,0,0.1,0.1,0.15,1
39.7,1,0,26.7036,0,0,0.1,0.1,0.15,1
39.7,2,0.0155736,54.3994,1,1,3.14668,24.3978,6.1002,1
39.7,3,0.0655736,54.3994,1,1,3.14668,24.3978,6.1002,1
39.7,4,0,30.9875,0,0,0.1,0.1,0.15,1
39.7,5,0,27.3122,0,0,0.1,0.1,0.15,1
39.7,6,0.649284,56.6665,1,1,3.14668,24.3978,6.1002,1
39.7,7,0.9,49.0093,1,1,3.14668,11.1069,4.82827,1
39.8,0,0,27.9355,0,0,0.1,0.1,0.15,1
39.8,1,0,26.6865,0,0,0.1,0.1,0.15,1
39.8,2,0.0142795,54.3986,1,1,3.44306,27.0953,6.52243,1
39.8,3,0.0642795,54.3986,1,1,3.44306,27.0953,6.52243,1
39.8,4,0,30.8989,0,0,0.1,0.1,0.15,1
39.8,5,0,27.285,0,0,0.1,0.1,0.15,1
39.8,6,0.648938,56.6279,1,1,3.44306,27.0953,6.52243,1
39.8,7,0.9,48.9916,1,1,3.44306,12.2303,5.09875,1
39.9,0,0,27.8978,0,0,0.1,0.1,0.15,1
39.9,1,0,26.6696,0,0,0.1,0.1,0.15,1
39.9,2,0.0128185,54.4608,1,1,3.81729,33.6599,7.36322,1
39.9,3,0.0628185,54.4608,1,1,3.81729,33.6599,7.36322,1
39.9,4,0,30.8119,0,0,0.1,0.1,0.15,1
39.9,5,0,27.2581,0,0,0.1,0.1,0.15,1
39.9,6,0.648549,56.6531,1,1,3.81729,33.6599,7.36322,1
39.9,7,0.9,49.0418,1,1,3.81729,19.4824,6.00171,1
40,0,0,27.8608,0,0,0.1,0.1,0.15,1
40,1,0,26.6531,0,0,0.1,0.1,0.15,1
40,2,0.0120417,54.2635,1,1,2.87699,2.87699,3.91513,1
40,3,0.0620417,54.2635,1,1,2.87699,2.87699,3.91513,1
40,4,0,30.7262,0,0,0.1,0.1,0.15,1
40,5,0,27.2317,0,0,0.1,0.1,0.15,1
40,6,0.648342,56.4191,1,1,2.87699,2.87699,3.91513,1
40,7,0.9,49.5273,1,1,14.054,9.48177,11.8163,1
40.1,0,0,27.8243,0,0,0.1,0.1,0.15,1
40.1,1,0,26.6368,0,0,0.1,0.1,0.15,1
40.1,2,0.0111592,54.1093,1,1,3.16065,7,4.44808,1
40.1,3,0.0611592,54.1093,1,1,3.16065,7,4.44808,1
40.1,4,0,30.6421,0,0,0.1,0.1,0.15,1
40.1,5,0,27.2058,0,0,0.1,0.1,0.15,1
40.1,6,0.648106,56.2291,1,1,3.16065,7,4.44808,1
40.1,7,0.9,49.3621,1,1,1.77851,1.77851,3.24779,1
40.2,0,0,27.7885,0,0,0.1,0.1,0.15,1
40.2,1,0,26.6207,0,0,0.1,0.1,0.15,1
40.2,2,0.0103293,53.9379,1,1,1.27008,14.3548,4.18259,1
40.2,3,0.0603293,53.9379,1,1,1.27008,14.3548,4.18259,1
40.2,4,0,30.5593,0,0,0.1,0.1,0.15,1
40.2,5,0,27.1803,0,0,0.1,0.1,0.15,1
40.2,6,0.647885,56.0223,1,1,1.27008,14.3548,4.18259,1
40.2,7,0.9,49.237,1,1,1.27008,9.78837,3.7453,1
40.3,0,0,27.7533,0,0,0.1,0.1,0.15,1
40.3,1,0,26.605,0,0,0.1,0.1,0.15,1
40.3,2,0.00930987,53.8409,1,1,1.95311,20.8844,5.13789,1
40.3,3,0.0593099,53.8409,1,1,1.95311,20.8844,5.13789,1
40.3,4,0,30.4779,0,0,0.1,0.1,0.15,1
40.3,5,0,27.1552,0,0,0.1,0.1,0.15,1
40.3,6,0.647613,55.8906,1,1,1.95311,20.8844,5.13789,1
40.3,7,0.9,49.1602,1,1,1.95311,12.7905,4.36167,1
40.4,0,0,27.7187,0,0,0.1,0.1,0.15,1
40.4,1,0,26.5895,0,0,0.1,0.1,0.15,1
40.4,2,0.00798931,53.8594,1,1,2.85468,31.8153,6.65561,1
40.4,3,0.0579893,53.8594,1,1,2.85468,31.8153,6.65561,1
40.4,4,0,30.3978,0,0,0.1,0.1,0.15,1
40.4,5,0,27.1305,0,0,0.1,0.1,0.15,1
40.4,6,0.647261,55.8749,1,1,2.85468,31.8153,6.65561,1
40.4,7,0.9,49.0877,1,1,2.85468,8.2928,4.40317,1
40.5,0,0,27.6846,0,0,0.1,0.1,0.15,1
40.5,1,0,26.5742,0,0,0.1,0.1,0.15,1
40.5,2,0.00684571,53.8107,1,1,4.33375,13.8899,5.76377,1
40.5,3,0.0568457,53.8107,1,1,4.33375,13.8899,5.76377,1
40.5,4,0,30.3191,0,0,0.1,0.1,0.15,1
40.5,5,0,27.1063,0,0,0.1,0.1,0.15,1
40.5,6,0.646956,55.7926,1,1,4.33375,13.8899,5.76377,1
40.5,7,0.9,49.147,1,1,4.33375,17.8677,6.14347,1
40.6,0,0,27.6511,0,0,0.1,0.1,0.15,1
40.6,1,0,26.5592,0,0,0.1,0.1,0.15,1
40.6,2,0.00562326,53.7926,1,1,3.70025,21.8349,6.16111,1
40.6,3,0.0556233,53.7926,1,1,3.70025,21.8349,6.16111,1
40.6,4,0,30.2417,0,0,0.1,0.1,0.15,1
40.6,5,0,27.0824,0,0,0.1,0.1,0.15,1
40.6,6,0.64653,55.8833,1,1,7.4005,18.1347,8.05229,1
40.6,7,0.9,48.9715,1,1,1.38962,1.38962,3.02557,1
40.7,0,0,27.6182,0,0,0.1,0.1,0.15,1
40.7,1,0,26.5445,0,0,0.1,0.1,0.15,1
40.7,2,0.00457343,53.7096,1,1,3.1919,15.7016,5.29117,1
40.7,3,0.0545734,53.7096,1,1,3.1919,15.7016,5.29117,1
40.7,4,0,30.1656,0,0,0.1,0.1,0.15,1
40.7,5,0,27.059,0,0,0.1,0.1,0.15,1
40.7,6,0.64625,55.7655,1,1,3.1919,15.7016,5.29117,1
40.7,7,0.9,49.0062,1,1,3.1919,20.908,5.7899,1
40.8,0,0,27.5858,0,0,0.1,0.1,0.15,1
40.8,1,0,26.53,0,0,0.1,0.1,0.15,1
40.8,2,0.00348602,53.6421,1,1,3.01249,18.7006,5.48054,1
40.8,3,0.053486,53.6421,1,1,3.01249,18.7006,5.48054,1
40.8,4,0,30.0907,0,0,0.1,0.1,0.15,1
40.8,5,0,27.0359,0,0,0.1,0.1,0.15,1
40.8,6,0.64596,55.6637,1,1,3.01249,18.7006,5.48054,1
40.8,7,0.9,48.9684,1,1,3.01249,11.8935,4.82992,1
40.9,0,0,27.5539,0,0,0.1,0.1,0.15,1
40.9,1,0,26.5158,0,0,0.1,0.1,0.15,1
40.9,2,0.00235454,53.5924,1,1,2.71413,22.6823,5.70266,1
40.9,3,0.0523545,53.5924,1,1,2.71413,22.6823,5.70266,1
40.9,4,0,30.0172,0,0,0.1,0.1,0.15,1
40.9,5,0,27.0132,0,0,0.1,0.1,0.15,1
40.9,6,0.645658,55.5804,1,1,2.71413,22.6823,5.70266,1
40.9,7,0.9,48.9958,1,1,2.71413,22.5704,5.6919,1
41,0,0,27.5226,0,0,0.1,0.1,0.15,1
41,1,0,26.5018,0,0,0.1,0.1,0.15,1
41,2,0.00121702,53.5459,1,1,3.17456,20.4149,5.73312,1
41,3,0.051217,53.5459,1,1,3.17456,20.4149,5.73312,1
41,4,0,29.9448,0,0,0.1,0.1,0.15,1
41,5,0,26.9909,0,0,0.1,0.1,0.15,1
41,6,0.645355,55.5007,1,1,3.17456,20.4149,5.73312,1
41,7,0.9,49.015,1,1,3.17456,18.9063,5.58848,1
41.1,0,0,27.4918,0,0,0.1,0.1,0.15,1
41.1,1,0,26.488,0,0,0.1,0.1,0.15,1
41.1,2,0.000147594,53.4744,1,1,3.93157,12.3954,5.3899,1
41.1,3,0.0501476,53.4744,1,1,3.93157,12.3954,5.3899,1
41.1,4,0,29.8736,0,0,0.1,0.1,0.15,1
41.1,5,0,26.969,0,0,0.1,0.1,0.15,1
41.1,6,0.644962,55.55,1,1,7.86315,8.46386,7.43541,1
41.1,7,0.9,48.8812,1,1,2.29074,2.29074,3.55252,1
41.2,0,0,27.4616,0,0,0.1,0.1,0.15,1
41.2,1,0,26.4744,0,0,0.1,0.1,0.15,1
41.2,2,0,53.3961,1,0,2.04088,21.9459,5.28382,1
41.2,3,0.0490992,53.3961,1,1,2.04088,21.9459,5.28382,1
41.2,4,0,29.8036,0,0,0.1,0.1,0.15,1
41.2,5,0,26.9474,0,0,0.1,0.1,0.15,1
41.2,6,0.644682,55.4371,1,1,2.04088,21.9459,5.28382,1
41.2,7,0.9,48.879,1,1,2.04088,21.8799,5.27748,1
41.3,0,0,27.4318,0,0,0.1,0.1,0.15,1
41.3,1,0,26.4611,0,0,0.1,0.1,0.15,1
41.3,2,0,52.9341,1,0,0.1,0.1,0.15,1
41.3,3,0.0479273,53.3658,1,1,2.99834,23.2196,5.90649,1
41.3,4,0,29.7348,0,0,0.1,0.1,0.15,1
41.3,5,0,26.9262,0,0,0.1,0.1,0.15,1
41.3,6,0.64437,55.3728,1,1,2.99834,23.2196,5.90649,1
41.3,7,0.9,48.8364,1,1,2.99834,11.0218,4.73932,1
41.4,0,0,27.4025,0,0,0.1,0.1,0.15,1
41.4,1,0,26.448,0,0,0.1,0.1,0.15,1
41.4,2,0,52.4797,1,0,0.1,0.1,0.15,1
41.4,3,0.0466801,53.3645,1,1,3.27725,25.5842,6.28567,1
41.4,4,0,29.6672,0,0,0.1,0.1,0.15,1
41.4,5,0,26.9053,0,0,0.1,0.1,0.15,1
41.4,6,0.644037,55.338,1,1,3.27725,25.5842,6.28567,1
41.4,7,0.9,48.8092,1,1,3.27725,11.4655,4.93412,1
41.5,0,0,27.3737,0,0,0.1,0.1,0.15,1
41.5,1,0,26.4351,0,0,0.1,0.1,0.15,1
41.5,2,0,52.033,1,0,0.1,0.1,0.15,1
41.5,3,0.0454022,53.3748,1,1,3.60768,25.2882,6.44058,1
41.5,4,0,29.6006,0,0,0.1,0.1,0.15,1
41.5,5,0,26.8848,0,0,0.1,0.1,0.15,1
41.5,6,0.643696,55.3154,1,1,3.60768,25.2882,6.44058,1
41.5,7,0.9,48.8563,1,1,3.60768,19.8535,5.91914,1
41.6,0,0,27.3454,0,0,0.1,0.1,0.15,1
41.6,1,0,26.4224,0,0,0.1,0.1,0.15,1
41.6,2,0,51.5937,1,0,0.1,0.1,0.15,1
41.6,3,0.0440676,53.4064,1,1,4.75101,21.4071,6.72662,1
41.6,4,0,29.5352,0,0,0.1,0.1,0.15,1
41.6,5,0,26.8647,0,0,0.1,0.1,0.15,1
41.6,6,0.64321,55.499,1,1,9.30711,16.851,9.18466,1
41.6,7,0.9,48.6864,1,1,0.194904,7,3.03507,1
41.7,0,0,27.3176,0,0,0.1,0.1,0.15,1
41.7,1,0,26.41,0,0,0.1,0.1,0.15,1
41.7,2,0,51.1617,1,0,0.1,0.1,0.15,1
41.7,3,0.0428441,53.3954,1,1,3.26976,24.3844,6.16631,1
41.7,4,0,29.4709,0,0,0.1,0.1,0.15,1
41.7,5,0,26.8448,0,0,0.1,0.1,0.15,1
41.7,6,0.642884,55.4532,1,1,3.26976,24.3844,6.16631,1
41.7,7,0.9,48.8277,1,1,3.26976,34.5981,7.14833,1
41.8,0,0,27.2902,0,0,0.1,0.1,0.15,1
41.8,1,0,26.3977,0,0,0.1,0.1,0.15,1
41.8,2,0,50.7369,1,0,0.1,0.1,0.15,1
41.8,3,0.0415413,53.4146,1,1,4.73349,19.8415,6.56636,1
41.8,4,0,29.4076,0,0,0.1,0.1,0.15,1
41.8,5,0,26.8253,0,0,0.1,0.1,0.15,1
41.8,6,0.642537,55.4381,1,1,4.73349,19.8415,6.56636,1
41.8,7,0.9,48.9722,1,1,4.73349,26.6776,7.22175,1
41.9,0,0,27.2633,0,0,0.1,0.1,0.15,1
41.9,1,0,26.3857,0,0,0.1,0.1,0.15,1
41.9,2,0,50.3192,1,0,0.1,0.1,0.15,1
41.9,3,0.0402991,53.4106,1,1,3.92639,21.5366,6.26054,1
41.9,4,0,29.3454,0,0,0.1,0.1,0.15,1
41.9,5,0,26.8062,0,0,0.1,0.1,0.15,1
41.9,6,0.642205,55.4004,1,1,3.92639,21.5366,6.26054,1
41.9,7,0.9,49.0382,1,1,3.92639,20.9761,6.20681,1
42,0,0,27.2368,0,0,0.1,0.1,0.15,1
42,1,0,26.3738,0,0,0.1,0.1,0.15,1
42,2,0,49.9085,1,0,0.1,0.1,0.15,1
42,3,0.0391179,53.3836,1,1,3.18287,22.6634,5.95342,1
42,4,0,29.2842,0,0,0.1,0.1,0.15,1
42,5,0,26.7873,0,0,0.1,0.1,0.15,1
42,6,0.64189,55.3402,1,1,3.18287,22.6634,5.95342,1
42,7,0.9,49.1322,1,1,3.18287,29.3443,6.59536,1
42.1,0,0,27.2108,0,0,0.1,0.1,0.15,1
42.1,1,0,26.3622,0,0,0.1,0.1,0.15,1
42.1,2,0,49.5046,1,0,0.1,0.1,0.15,1
42.1,3,0.0379419,53.355,1,1,4.06589,17.2194,5.92687,1
42.1,4,0,29.2241,0,0,0.1,0.1,0.15,1
42.1,5,0,26.7688,0,0,0.1,0.1,0.15,1
42.1,6,0.641577,55.279,1,1,4.06589,17.2194,5.92687,1
42.1,7,0.9,49.2767,1,1,4.06589,31.4186,7.28915,1
42.2,0,0,27.1852,0,0,0.1,0.1,0.15,1
42.2,1,0,26.3507,0,0,0.1,0.1,0.15,1
42.2,2,0,49.1075,1,0,0.1,0.1,0.15,1
42.2,3,0.0366081,53.3866,1,1,4.43556,23.2924,6.72227,1
42.2,4,0,29.1649,0,0,0.1,0.1,0.15,1
42.2,5,0,26.7506,0,0,0.1,0.1,0.15,1
42.2,6,0.641221,55.2786,1,1,4.43556,23.2924,6.72227,1
42.2,7,0.9,49.4071,1,1,4.43556,27.5807,7.13385,1
42.3,0,0,27.16,0,0,0.1,0.1,0.15,1
42.3,1,0,26.3395,0,0,0.1,0.1,0.15,1
42.3,2,0,48.7169,1,0,0.1,0.1,0.15,1
42.3,3,0.0353069,53.4054,1,1,4.00204,24.1885,6.55807,1
42.3,4,0,29.1068,0,0,0.1,0.1,0.15,1
42.3,5,0,26.7326,0,0,0.1,0.1,0.15,1
42.3,6,0.640874,55.2658,1,1,4.00204,24.1885,6.55807,1
42.3,7,0.9,49.4888,1,1,4.00204,23.7185,6.51297,1
42.4,0,0,27.1352,0,0,0.1,0.1,0.15,1
42.4,1,0,26.3284,0,0,0.1,0.1,0.15,1
42.4,2,0,48.3329,1,0,0.1,0.1,0.15,1
42.4,3,0.0340009,53.4256,1,1,3.52381,27.2527,6.58246,1
42.4,4,0,29.0496,0,0,0.1,0.1,0.15,1
42.4,5,0,26.715,0,0,0.1,0.1,0.15,1
42.4,6,0.640526,55.255,1,1,3.52381,27.2527,6.58246,1
42.4,7,0.9,49.583,1,1,3.52381,28.4463,6.69717,1
42.5,0,0,27.1109,0,0,0.1,0.1,0.15,1
42.5,1,0,26.3175,0,0,0.1,0.1,0.15,1
42.5,2,0,47.9553,1,0,0.1,0.1,0.15,1
42.5,3,0.0329039,53.3665,1,1,3.99626,13.4634,5.5285,1
42.5,4,0,28.9933,0,0,0.1,0.1,0.15,1
42.5,5,0,26.6977,0,0,0.1,0.1,0.15,1
42.5,6,0.640233,55.1654,1,1,3.99626,13.4634,5.5285,1
42.5,7,0.9,49.709,1,1,3.99626,30.3157,7.14333,1
42.6,0,0,27.087,0,0,0.1,0.1,0.15,1
42.6,1,0,26.3068,0,0,0.1,0.1,0.15,1
42.6,2,0,47.5839,1,0,0.1,0.1,0.15,1
42.6,3,0.0316181,53.3798,1,1,4.289,21.6607,6.48069,1
42.6,4,0,28.938,0,0,0.1,0.1,0.15,1
42.6,5,0,26.6806,0,0,0.1,0.1,0.15,1
42.6,6,0.63989,55.1487,1,1,4.289,21.6607,6.48069,1
42.6,7,0.9,49.8566,1,1,4.289,31.8477,7.45879,1
42.7,0,0,27.0634,0,0,0.1,0.1,0.15,1
42.7,1,0,26.2963,0,0,0.1,0.1,0.15,1
42.7,2,0,47.2188,1,0,0.1,0.1,0.15,1
42.7,3,0.0302776,53.4135,1,1,4.51709,23.147,6.75592,1
42.7,4,0,28.8836,0,0,0.1,0.1,0.15,1
42.7,5,0,26.6639,0,0,0.1,0.1,0.15,1
42.7,6,0.639533,55.1529,1,1,4.51709,23.147,6.75592,1
42.7,7,0.9,50.0207,1,1,4.51709,33.0998,7.71175,1
42.8,0,0,27.0403,0,0,0.1,0.1,0.15,1
42.8,1,0,26.2859,0,0,0.1,0.1,0.15,1
42.8,2,0,46.8597,1,0,0.1,0.1,0.15,1
42.8,3,0.0289845,53.4287,1,1,4.70212,19.5247,6.51753,1
42.8,4,0,28.8301,0,0,0.1,0.1,0.15,1
42.8,5,0,26.6474,0,0,0.1,0.1,0.15,1
42.8,6,0.639188,55.1392,1,1,4.70212,19.5247,6.51753,1
42.8,7,0.9,50.1624,1,1,4.70212,29.2468,7.44997,1
42.9,0,0,27.0175,0,0,0.1,0.1,0.15,1
42.9,1,0,26.2757,0,0,0.1,0.1,0.15,1
42.9,2,0,46.5066,1,0,0.1,0.1,0.15,1
42.9,3,0.0277992,53.4029,1,1,4.24361,16.6396,5.97383,1
42.9,4,0,28.7776,0,0,0.1,0.1,0.15,1
42.9,5,0,26.6312,0,0,0.1,0.1,0.15,1
42.9,6,0.638872,55.0849,1,1,4.24361,16.6396,5.97383,1
42.9,7,0.9,50.2198,1,1,4.24361,20.6379,6.35641,1
43,0,0,26.9952,0,0,0.1,0.1,0.15,1
43,1,0,26.2657,0,0,0.1,0.1,0.15,1
43,2,0,46.1594,1,0,0.1,0.1,0.15,1
43,3,0.0267083,53.3419,1,1,3.11019,18.3313,5.49824,1
43,4,0,28.7259,0,0,0.1,0.1,0.15,1
43,5,0,26.6152,0,0,0.1,0.1,0.15,1
43,6,0.638581,54.9959,1,1,3.11019,18.3313,5.49824,1
43,7,0.9,50.3091,1,1,3.11019,31.8296,6.79478,1
43.1,0,0,26.9732,0,0,0.1,0.1,0.15,1
43.1,1,0,26.2559,0,0,0.1,0.1,0.15,1
43.1,2,0,45.818,1,0,0.1,0.1,0.15,1
43.1,3,0.0253209,53.394,1,1,4.36747,26.5215,6.99253,1
43.1,4,0,28.675,0,0,0.1,0.1,0.15,1
43.1,5,0,26.5996,0,0,0.1,0.1,0.15,1
43.1,6,0.638211,55.0204,1,1,4.36747,26.5215,6.99253,1
43.1,7,0.9,50.4218,1,1,4.36747,27.9299,7.12778,1
43.2,0,0,26.9515,0,0,0.1,0.1,0.15,1
43.2,1,0,26.2462,0,0,0.1,0.1,0.15,1
43.2,2,0,45.4823,1,0,0.1,0.1,0.15,1
43.2,3,0.023784,53.5017,1,1,4.03717,36.3395,7.74598,1
43.2,4,0,28.625,0,0,0.1,0.1,0.15,1
43.2,5,0,26.5842,0,0,0.1,0.1,0.15,1
43.2,6,0.637801,55.101,1,1,4.03717,36.3395,7.74598,1
43.2,7,0.9,50.4957,1,1,4.03717,24.7679,6.63377,1
43.3,0,0,26.9303,0,0,0.1,0.1,0.15,1
43.3,1,0,26.2367,0,0,0.1,0.1,0.15,1
43.3,2,0,45.1522,1,0,0.1,0.1,0.15,1
43.3,3,0.022257,53.6039,1,1,5.04708,29.6785,7.69598,1
43.3,4,0,28.5758,0,0,0.1,0.1,0.15,1
43.3,5,0,26.569,0,0,0.1,0.1,0.15,1
43.3,6,0.637394,55.1765,1,1,5.04708,29.6785,7.69598,1
43.3,7,0.9,50.6106,1,1,5.04708,24.4867,7.19765,1
43.4,0,0,26.9093,0,0,0.1,0.1,0.15,1
43.4,1,0,26.2273,0,0,0.1,0.1,0.15,1
43.4,2,0,44.8276,1,0,0.1,0.1,0.15,1
43.4,3,0.020914,53.6348,1,1,4.3407,24.353,6.76886,1
43.4,4,0,28.5275,0,0,0.1,0.1,0.15,1
43.4,5,0,26.5541,0,0,0.1,0.1,0.15,1
43.4,6,0.637036,55.1812,1,1,4.3407,24.353,6.76886,1
43.4,7,0.9,50.7326,1,1,4.3407,30.0788,7.31871,1
43.5,0,0,26.8888,0,0,0.1,0.1,0.15,1
43.5,1,0,26.2181,0,0,0.1,0.1,0.15,1
43.5,2,0,44.5084,1,0,0.1,0.1,0.15,1
43.5,3,0.0195179,53.6853,1,1,4.30244,27.3685,7.03617,1
43.5,4,0,28.4799,0,0,0.1,0.1,0.15,1
43.5,5,0,26.5395,0,0,0.1,0.1,0.15,1
43.5,6,0.636664,55.2059,1,1,4.30244,27.3685,7.03617,1
43.5,7,0.9,50.8694,1,1,4.30244,32.6388,7.54262,1
43.6,0,0,26.8685,0,0,0.1,0.1,0.15,1
43.6,1,0,26.2091,0,0,0.1,0.1,0.15,1
43.6,2,0,44.1945,1,0,0.1,0.1,0.15,1
43.6,3,0.0180007,53.7807,1,1,4.61766,31.8095,7.64658,1
43.6,4,0,28.4332,0,0,0.1,0.1,0.15,1
43.6,5,0,26.525,0,0,0.1,0.1,0.15,1
43.6,6,0.636259,55.276,1,1,4.61766,31.8095,7.64658,1
43.6,7,0.9,50.9795,1,1,4.61766,27.3258,7.21583,1
43.7,0,0,26.8486,0,0,0.1,0.1,0.15,1
43.7,1,0,26.2002,0,0,0.1,0.1,0.15,1
43.7,2,0,43.8858,1,0,0.1,0.1,0.15,1
43.7,3,0.0164261,53.8962,1,1,4.5534,35.2142,7.93627,1
43.7,4,0,28.3872,0,0,0.1,0.1,0.15,1
43.7,5,0,26.5109,0,0,0.1,0.1,0.15,1
43.7,6,0.635839,55.3666,1,1,4.5534,35.2142,7.93627,1
43.7,7,0.9,51.1401,1,1,4.5534,34.9898,7.9147,1
43.8,0,0,26.8291,0,0,0.1,0.1,0.15,1
43.8,1,0,26.1914,0,0,0.1,0.1,0.15,1
43.8,2,0,43.5823,1,0,0.1,0.1,0.15,1
43.8,3,0.0148312,54.0175,1,1,4.97094,33.7109,8.03809,1
43.8,4,0,28.342,0,0,0.1,0.1,0.15,1
43.8,5,0,26.4969,0,0,0.1,0.1,0.15,1
43.8,6,0.635414,55.4633,1,1,4.97094,33.7109,8.03809,1
43.8,7,0.9,51.2627,1,1,4.97094,27.5319,7.44446,1
43.9,0,0,26.8098,0,0,0.1,0.1,0.15,1
43.9,1,0,26.1828,0,0,0.1,0.1,0.15,1
43.9,2,0,43.2838,1,0,0.1,0.1,0.15,1
43.9,3,0.0133192,54.1054,1,1,4.83523,30.2028,7.62041,1
43.9,4,0,28.2976,0,0,0.1,0.1,0.15,1
43.9,5,0,26.4832,0,0,0.1,0.1,0.15,1
43.9,6,0.635011,55.5271,1,1,4.83523,30.2028,7.62041,1
43.9,7,0.9,51.347,1,1,4.83523,23.3117,6.95897,1
44,0,0,26.7909,0,0,0.1,0.1,0.15,1
44,1,0,26.1743,0,0,0.1,0.1,0.15,1
44,2,0,42.9904,1,0,0.1,0.1,0.15,1
44,3,0.0120555,54.098,1,1,4.37975,19.9484,6.36931,1
44,4,0,28.2539,0,0,0.1,0.1,0.15,1
44,5,0,26.4698,0,0,0.1,0.1,0.15,1
44,6,0.634674,55.4961,1,1,4.37975,19.9484,6.36931,1
44,7,0.9,51.4407,1,1,4.37975,27.621,7.10525,1
44.1,0,0,26.7723,0,0,0.1,0.1,0.15,1
44.1,1,0,26.166,0,0,0.1,0.1,0.15,1
44.1,2,0,42.7018,1,0,0.1,0.1,0.15,1
44.1,3,0.0106551,54.1424,1,1,4.00009,29.401,7.05759,1
44.1,4,0,28.2109,0,0,0.1,0.1,0.15,1
44.1,5,0,26.4565,0,0,0.1,0.1,0.15,1
44.1,6,0.6343,55.5171,1,1,4.00009,29.401,7.05759,1
44.1,7,0.9,51.4975,1,1,4.00009,24.9775,6.6327,1
44.2,0,0,26.754,0,0,0.1,0.1,0.15,1
44.2,1,0,26.1578,0,0,0.1,0.1,0.15,1
44.2,2,0,42.418,1,0,0.1,0.1,0.15,1
44.2,3,0.00928937,54.1729,1,1,4.17513,26.5441,6.88349,1
44.2,4,0,28.1686,0,0,0.1,0.1,0.15,1
44.2,5,0,26.4435,0,0,0.1,0.1,0.15,1
44.2,6,0.633936,55.5247,1,1,4.17513,26.5441,6.88349,1
44.2,7,0.9,51.5667,1,1,4.17513,25.7896,6.81104,1
44.3,0,0,26.7361,0,0,0.1,0.1,0.15,1
44.3,1,0,26.1498,0,0,0.1,0.1,0.15,1
44.3,2,0,42.1389,1,0,0.1,0.1,0.15,1
44.3,3,0.00815183,54.1167,1,1,3.83991,16.5425,5.7332,1
44.3,4,0,28.1271,0,0,0.1,0.1,0.15,1
44.3,5,0,26.4307,0,0,0.1,0.1,0.15,1
44.3,6,0.633633,55.446,1,1,3.83991,16.5425,5.7332,1
44.3,7,0.9,51.6135,1,1,3.83991,24.8256,6.52698,1
44.4,0,0,26.7184,0,0,0.1,0.1,0.15,1
44.4,1,0,26.1419,0,0,0.1,0.1,0.15,1
44.4,2,0,41.8645,1,0,0.1,0.1,0.15,1
44.4,3,0.00696877,54.0786,1,1,3.58319,20.4505,5.96265,1
44.4,4,0,28.0862,0,0,0.1,0.1,0.15,1
44.4,5,0,26.4181,0,0,0.1,0.1,0.15,1
44.4,6,0.633317,55.3858,1,1,3.58319,20.4505,5.96265,1
44.4,7,0.9,51.6686,1,1,3.58319,27.6017,6.64913,1
44.5,0,0,26.701,0,0,0.1,0.1,0.15,1
44.5,1,0,26.1341,0,0,0.1,0.1,0.15,1
44.5,2,0,41.5947,1,0,0.1,0.1,0.15,1
44.5,3,0.00567669,54.0824,1,1,3.89811,24.3261,6.51207,1
44.5,4,0,28.046,0,0,0.1,0.1,0.15,1
44.5,5,0,26.4057,0,0,0.1,0.1,0.15,1
44.5,6,0.632973,55.3677,1,1,3.89811,24.3261,6.51207,1
44.5,7,0.9,51.7082,1,1,3.89811,23.7308,6.45493,1
44.6,0,0,26.6839,0,0,0.1,0.1,0.15,1
44.6,1,0,26.1264,0,0,0.1,0.1,0.15,1
44.6,2,0,41.3294,1,0,0.1,0.1,0.15,1
44.6,3,0.00457318,54.0148,1,1,3.52803,16.5851,5.56166,1
44.6,4,0,28.0065,0,0,0.1,0.1,0.15,1
44.6,5,0,26.3935,0,0,0.1,0.1,0.15,1
44.6,6,0.632678,55.2787,1,1,3.52803,16.5851,5.56166,1
44.6,7,0.9,51.7325,1,1,3.52803,23.8608,6.25902,1
44.7,0,0,26.6671,0,0,0.1,0.1,0.15,1
44.7,1,0,26.1189,0,0,0.1,0.1,0.15,1
44.7,2,0,41.0685,1,0,0.1,0.1,0.15,1
44.7,3,0.00352444,53.9276,1,1,3.42361,14.3051,5.28565,1
44.7,4,0,27.9676,0,0,0.1,0.1,0.15,1
44.7,5,0,26.3816,0,0,0.1,0.1,0.15,1
44.7,6,0.632399,55.1705,1,1,3.42361,14.3051,5.28565,1
44.7,7,0.9,51.7832,1,1,3.42361,28.1901,6.61687,1
44.8,0,0,26.6505,0,0,0.1,0.1,0.15,1
44.8,1,0,26.1115,0,0,0.1,0.1,0.15,1
44.8,2,0,40.8119,1,0,0.1,0.1,0.15,1
44.8,3,0.00224325,53.9298,1,1,3.95172,23.4366,6.45721,1
44.8,4,0,27.9294,0,0,0.1,0.1,0.15,1
44.8,5,0,26.3698,0,0,0.1,0.1,0.15,1
44.8,6,0.632057,55.152,1,1,3.95172,23.4366,6.45721,1
44.8,7,0.9,51.8322,1,1,3.95172,24.9767,6.60502,1
44.9,0,0,26.6343,0,0,0.1,0.1,0.15,1
44.9,1,0,26.1042,0,0,0.1,0.1,0.15,1
44.9,2,0,40.5596,1,0,0.1,0.1,0.15,1
44.9,3,0.000990294,53.9213,1,1,3.61605,23.9305,6.3149,1
44.9,4,0,27.8918,0,0,0.1,0.1,0.15,1
44.9,5,0,26.3582,0,0,0.1,0.1,0.15,1
44.9,6,0.631723,55.123,1,1,3.61605,23.9305,6.3149,1
44.9,7,0.9,51.9182,1,1,3.61605,32.1892,7.10855,1
45,0,0,26.6183,0,0,0.1,0.1,0.15,1
45,1,0,26.0971,0,0,0.1,0.1,0.15,1
45,2,0,40.3116,1,0,0.1,0.1,0.15,1
45,3,0,53.8919,1,0,4.47566,15.876,6.03585,1
45,4,0,27.8549,0,0,0.1,0.1,0.15,1
45,5,0,26.3468,0,0,0.1,0.1,0.15,1
45,6,0.631404,55.0737,1,1,4.47566,15.876,6.03585,1
45,7,0.9,51.9883,1,1,4.47566,25.0848,6.91761,1
45.1,0,0,26.6026,0,0,0.1,0.1,0.15,1
45.1,1,0,26.0901,0,0,0.1,0.1,0.15,1
45.1,2,0,40.0676,1,0,0.1,0.1,0.15,1
45.1,3,0,53.4216,1,0,0.1,0.1,0.15,1
45.1,4,0,27.8186,0,0,0.1,0.1,0.15,1
45.1,5,0,26.3356,0,0,0.1,0.1,0.15,1
45.1,6,0.631081,55.0302,1,1,3.69506,21.2662,6.10365,1
45.1,7,0.9,52.0561,1,1,3.69506,29.5734,6.90135,1
45.2,0,0,26.5871,0,0,0.1,0.1,0.15,1
45.2,1,0,26.0831,0,0,0.1,0.1,0.15,1
45.2,2,0,39.8277,1,0,0.1,0.1,0.15,1
45.2,3,0,52.9592,1,0,0.1,0.1,0.15,1
45.2,4,0,27.7828,0,0,0.1,0.1,0.15,1
45.2,5,0,26.3246,0,0,0.1,0.1,0.15,1
45.2,6,0.630748,55.0007,1,1,4.15856,20.344,6.27919,1
45.2,7,0.9,52.0954,1,1,4.15856,23.0191,6.53563,1
45.3,0,0,26.5719,0,0,0.1,0.1,0.15,1
45.3,1,0,26.0763,0,0,0.1,0.1,0.15,1
45.3,2,0,39.5919,1,0,0.1,0.1,0.15,1
45.3,3,0,52.5045,1,0,0.1,0.1,0.15,1
45.3,4,0,27.7477,0,0,0.1,0.1,0.15,1
45.3,5,0,26.3138,0,0,0.1,0.1,0.15,1
45.3,6,0.630464,54.9036,1,1,3.39721,15.365,5.37221,1
45.3,7,0.9,52.1235,1,1,3.39721,26.0432,6.39593,1
45.4,0,0,26.557,0,0,0.1,0.1,0.15,1
45.4,1,0,26.0696,0,0,0.1,0.1,0.15,1
45.4,2,0,39.3599,1,0,0.1,0.1,0.15,1
45.4,3,0,52.0573,1,0,0.1,0.1,0.15,1
45.4,4,0,27.7132,0,0,0.1,0.1,0.15,1
45.4,5,0,26.3031,0,0,0.1,0.1,0.15,1
45.4,6,0.630168,54.8253,1,1,3.68005,16.1121,5.60169,1
45.4,7,0.9,52.1899,1,1,3.68005,29.7796,6.91274,1
45.5,0,0,26.5423,0,0,0.1,0.1,0.15,1
45.5,1,0,26.0631,0,0,0.1,0.1,0.15,1
45.5,2,0,39.1318,1,0,0.1,0.1,0.15,1
45.5,3,0,51.6176,1,0,0.1,0.1,0.15,1
45.5,4,0,27.6792,0,0,0.1,0.1,0.15,1
45.5,5,0,26.2927,0,0,0.1,0.1,0.15,1
45.5,6,0.629879,54.7372,1,1,4.18246,11.5444,5.45312,1
45.5,7,0.9,52.2765,1,1,4.18246,29.7708,7.19768,1
45.6,0,0,26.5278,0,0,0.1,0.1,0.15,1
45.6,1,0,26.0566,0,0,0.1,0.1,0.15,1
45.6,2,0,38.9076,0,0,0.1,0.1,0.15,1
45.6,3,0,51.1852,1,0,0.1,0.1,0.15,1
45.6,4,0,27.6458,0,0,0.1,0.1,0.15,1
45.6,5,0,26.2824,0,0,0.1,0.1,0.15,1
45.6,6,0.629563,54.6905,1,1,4.24415,16.7582,5.98548,1
45.6,7,0.9,52.3738,1,1,4.24415,31.0738,7.35848,1
45.7,0,0,26.5136,0,0,0.1,0.1,0.15,1
45.7,1,0,26.0502,0,0,0.1,0.1,0.15,1
45.7,2,0,38.687,0,0,0.1,0.1,0.15,1
45.7,3,0,50.76,1,0,0.1,0.1,0.15,1
45.7,4,0,27.6129,0,0,0.1,0.1,0.15,1
45.7,5,0,26.2723,0,0,0.1,0.1,0.15,1
45.7,6,0.629221,54.6803,1,1,4.41474,20.7009,6.46175,1
45.7,7,0.9,52.475,1,1,4.41474,30.8054,7.43153,1
45.8,0,0,26.4996,0,0,0.1,0.1,0.15,1
45.8,1,0,26.044,0,0,0.1,0.1,0.15,1
45.8,2,0,38.4701,0,0,0.1,0.1,0.15,1
45.8,3,0,50.342,1,0,0.1,0.1,0.15,1
45.8,4,0,27.5806,0,0,0.1,0.1,0.15,1
45.8,5,0,26.2623,0,0,0.1,0.1,0.15,1
45.8,6,0.628925,54.6042,1,1,4.40251,11.5441,5.58083,1
45.8,7,0.9,52.5055,1,1,4.40251,21.3077,6.51276,1
45.9,0,0,26.4859,0,0,0.1,0.1,0.15,1
45.9,1,0,26.0378,0,0,0.1,0.1,0.15,1
45.9,2,0,38.2569,0,0,0.1,0.1,0.15,1
45.9,3,0,49.9308,1,0,0.1,0.1,0.15,1
45.9,4,0,27.5489,0,0,0.1,0.1,0.15,1
45.9,5,0,26.2525,0,0,0.1,0.1,0.15,1
45.9,6,0.628636,54.5207,1,1,3.21378,17.4065,5.4663,1
45.9,7,0.9,52.4981,1,1,3.21378,23.1219,6.01436,1
46,0,0,26.4724,0,0,0.1,0.1,0.15,1
46,1,0,26.0318,0,0,0.1,0.1,0.15,1
46,2,0,38.0472,0,0,0.1,0.1,0.15,1
46,3,0,49.5266,1,0,0.1,0.1,0.15,1
46,4,0,27.5177,0,0,0.1,0.1,0.15,1
46,5,0,26.2429,0,0,0.1,0.1,0.15,1
46,6,0.628354,54.4288,1,1,3.29196,15.5725,5.33384,1
46,7,0.9,52.5357,1,1,3.29196,28.8912,6.61159,1
46.1,0,0,26.4591,0,0,0.1,0.1,0.15,1
46.1,1,0,26.0258,0,0,0.1,0.1,0.15,1
46.1,2,0,37.841,0,0,0.1,0.1,0.15,1
46.1,3,0,49.1291,1,0,0.1,0.1,0.15,1
46.1,4,0,27.4869,0,0,0.1,0.1,0.15,1
46.1,5,0,26.2334,0,0,0.1,0.1,0.15,1
46.1,6,0.628017,54.4158,1,1,4.02289,22.0682,6.36659,1
46.1,7,0.9,52.6227,1,1,4.02289,31.5743,7.27953,1
46.2,0,0,26.446,0,0,0.1,0.1,0.15,1
46.2,1,0,26.02,0,0,0.1,0.1,0.15,1
46.2,2,0,37.6382,0,0,0.1,0.1,0.15,1
46.2,3,0,48.7382,1,0,0.1,0.1,0.15,1
46.2,4,0,27.4567,0,0,0.1,0.1,0.15,1
46.2,5,0,26.2241,0,0,0.1,0.1,0.15,1
46.2,6,0.627722,54.3437,1,1,4.44965,11.2046,5.57616,1
46.2,7,0.9,52.6812,1,1,4.44965,25.2421,6.91754,1
46.3,0,0,26.4331,0,0,0.1,0.1,0.15,1
46.3,1,0,26.0142,0,0,0.1,0.1,0.15,1
46.3,2,0,37.4388,0,0,0.1,0.1,0.15,1
46.3,3,0,48.3538,1,0,0.1,0.1,0.15,1
46.3,4,0,27.427,0,0,0.1,0.1,0.15,1
46.3,5,0,26.215,0,0,0.1,0.1,0.15,1
46.3,6,0.627393,54.3216,1,1,3.71147,22.4486,6.22629,1
46.3,7,0.9,52.693,1,1,3.71147,23.3125,6.30918,1
46.4,0,0,26.4205,0,0,0.1,0.1,0.15,1
46.4,1,0,26.0086,0,0,0.1,0.1,0.15,1
46.4,2,0,37.2428,0,0,0.1,0.1,0.15,1
46.4,3,0,47.9758,1,0,0.1,0.1,0.15,1
46.4,4,0,27.3978,0,0,0.1,0.1,0.15,1
46.4,5,0,26.206,0,0,0.1,0.1,0.15,1
46.4,6,0.627081,54.2748,1,1,3.37799,20.8983,5.89139,1
46.4,7,0.9,52.7372,1,1,3.37799,29.7635,6.74288,1
46.5,0,0,26.4081,0,0,0.1,0.1,0.15,1
46.5,1,0,26.003,0,0,0.1,0.1,0.15,1
46.5,2,0,37.05,0,0,0.1,0.1,0.15,1
46.5,3,0,47.6041,1,0,0.1,0.1,0.15,1
46.5,4,0,27.3691,0,0,0.1,0.1,0.15,1
46.5,5,0,26.1971,0,0,0.1,0.1,0.15,1
46.5,6,0.626795,54.1925,1,1,4.14269,11.3171,5.40861,1
46.5,7,0.9,52.8284,1,1,4.14269,31.9032,7.37978,1
46.6,0,0,26.3959,0,0,0.1,0.1,0.15,1
46.6,1,0,25.9976,0,0,0.1,0.1,0.15,1
46.6,2,0,36.8604,0,0,0.1,0.1,0.15,1
46.6,3,0,47.2386,1,0,0.1,0.1,0.15,1
46.6,4,0,27.3409,0,0,0.1,0.1,0.15,1
46.6,5,0,26.1884,0,0,0.1,0.1,0.15,1
46.6,6,0.626547,54.0577,1,1,3.59562,7,4.68992,1
46.6,7,0.9,53.032,1,1,6.32597,34.0801,8.89955,1
46.7,0,0,26.3839,0,0,0.1,0.1,0.15,1
46.7,1,0,25.9922,0,0,0.1,0.1,0.15,1
46.7,2,0,36.674,0,0,0.1,0.1,0.15,1
46.7,3,0,46.8792,1,0,0.1,0.1,0.15,1
46.7,4,0,27.3131,0,0,0.1,0.1,0.15,1
46.7,5,0,26.1799,0,0,0.1,0.1,0.15,1
46.7,6,0.626231,54.0206,1,1,5.05076,11.5319,5.96282,1
46.7,7,0.9,53.1582,1,1,5.05076,31.8964,7.91126,1
46.8,0,0,26.372,0,0,0.1,0.1,0.15,1
46.8,1,0,25.9869,0,0,0.1,0.1,0.15,1
46.8,2,0,36.4907,0,0,0.1,0.1,0.15,1
46.8,3,0,46.5258,1,0,0.1,0.1,0.15,1
46.8,4,0,27.2858,0,0,0.1,0.1,0.15,1
46.8,5,0,26.1714,0,0,0.1,0.1,0.15,1
46.8,6,0.625877,54.0386,1,1,4.6184,21.8195,6.68803,1
46.8,7,0.9,53.2379,1,1,4.6184,28.4117,7.32055,1
46.9,0,0,26.3604,0,0,0.1,0.1,0.15,1
46.9,1,0,25.9817,0,0,0.1,0.1,0.15,1
46.9,2,0,36.3104,0,0,0.1,0.1,0.15,1
46.9,3,0,46.1783,1,0,0.1,0.1,0.15,1
46.9,4,0,27.259,0,0,0.1,0.1,0.15,1
46.9,5,0,26.1632,0,0,0.1,0.1,0.15,1
46.9,6,0.625608,53.9359,1,1,4.12877,7.96699,5.0843,1
46.9,7,0.9,53.2969,1,1,4.12877,28.6704,7.06107,1
47,0,0,26.349,0,0,0.1,0.1,0.15,1
47,1,0,25.9766,0,0,0.1,0.1,0.15,1
47,2,0,36.1331,0,0,0.1,0.1,0.15,1
47,3,0,45.8366,1,0,0.1,0.1,0.15,1
47,4,0,27.2326,0,0,0.1,0.1,0.15,1
47,5,0,26.155,0,0,0.1,0.1,0.15,1
47,6,0.625292,53.9013,1,1,4.09989,17.4466,5.96812,1
47,7,0.9,53.3517,1,1,4.09989,28.4117,7.01964,1
47.1,0,0,26.3378,0,0,0.1,0.1,0.15,1
47.1,1,0,25.9716,0,0,0.1,0.1,0.15,1
47.1,2,0,35.9588,0,0,0.1,0.1,0.15,1
47.1,3,0,45.5006,1,0,0.1,0.1,0.15,1
47.1,4,0,27.2066,0,0,0.1,0.1,0.15,1
47.1,5,0,26.147,0,0,0.1,0.1,0.15,1
47.1,6,0.625024,53.8005,1,1,4.06395,8.31197,5.07937,1
47.1,7,0.9,53.3491,1,1,4.06395,20.761,6.26479,1
47.2,0,0,26.3267,0,0,0.1,0.1,0.15,1
47.2,1,0,25.9666,0,0,0.1,0.1,0.15,1
47.2,2,0,35.7874,0,0,0.1,0.1,0.15,1
47.2,3,0,45.1701,1,0,0.1,0.1,0.15,1
47.2,4,0,27.1811,0,0,0.1,0.1,0.15,1
47.2,5,0,26.1392,0,0,0.1,0.1,0.15,1
47.2,6,0.624706,53.7704,1,1,3.10312,23.5904,5.99892,1
47.2,7,0.9,53.3395,1,1,3.10312,25.3945,6.17223,1
47.3,0,0,26.3159,0,0,0.1,0.1,0.15,1
47.3,1,0,25.9618,0,0,0.1,0.1,0.15,1
47.3,2,0,35.6189,0,0,0.1,0.1,0.15,1
47.3,3,0,44.8452,1,0,0.1,0.1,0.15,1
47.3,4,0,27.156,0,0,0.1,0.1,0.15,1
47.3,5,0,26.1314,0,0,0.1,0.1,0.15,1
47.3,6,0.624324,53.833,1,1,3.56221,33.7342,7.22706,1
47.3,7,0.9,53.3771,1,1,3.56221,29.2794,6.79866,1
47.4,0,0,26.3052,0,0,0.1,0.1,0.15,1
47.4,1,0,25.957,0,0,0.1,0.1,0.15,1
47.4,2,0,35.4532,0,0,0.1,0.1,0.15,1
47.4,3,0,44.5257,1,0,0.1,0.1,0.15,1
47.4,4,0,27.1313,0,0,0.1,0.1,0.15,1
47.4,5,0,26.1238,0,0,0.1,0.1,0.15,1
47.4,6,0.624017,53.7873,1,1,4.66205,12.2291,5.79802,1
47.4,7,0.9,53.4645,1,1,4.66205,29.7126,7.47115,1
47.5,0,0,26.2947,0,0,0.1,0.1,0.15,1
47.5,1,0,25.9523,0,0,0.1,0.1,0.15,1
47.5,2,0,35.2902,0,0,0.1,0.1,0.15,1
47.5,3,0,44.2115,1,0,0.1,0.1,0.15,1
47.5,4,0,27.107,0,0,0.1,0.1,0.15,1
47.5,5,0,26.1163,0,0,0.1,0.1,0.15,1
47.5,6,0.623716,53.7343,1,1,4.29683,13.348,5.69074,1
47.5,7,0.9,53.5655,1,1,4.29683,34.0316,7.6733,1
47.6,0,0,26.2843,0,0,0.1,0.1,0.15,1
47.6,1,0,25.9477,0,0,0.1,0.1,0.15,1
47.6,2,0,35.1299,0,0,0.1,0.1,0.15,1
47.6,3,0,43.9026,1,0,0.1,0.1,0.15,1
47.6,4,0,27.0832,0,0,0.1,0.1,0.15,1
47.6,5,0,26.109,0,0,0.1,0.1,0.15,1
47.6,6,0.623387,53.7219,1,1,4.79106,15.859,6.21978,1
47.6,7,0.9,53.65,1,1,4.79106,28.9483,7.47377,1
47.7,0,0,26.2742,0,0,0.1,0.1,0.15,1
47.7,1,0,25.9431,0,0,0.1,0.1,0.15,1
47.7,2,0,34.9724,0,0,0.1,0.1,0.15,1
47.7,3,0,43.5988,1,0,0.1,0.1,0.15,1
47.7,4,0,27.0597,0,0,0.1,0.1,0.15,1
47.7,5,0,26.1018,0,0,0.1,0.1,0.15,1
47.7,6,0.623031,53.7482,1,1,4.21742,24.734,6.73408,1
47.7,7,0.9,53.7696,1,1,4.21742,37.5,7.96107,1
47.8,0,0,26.2642,0,0,0.1,0.1,0.15,1
47.8,1,0,25.9386,0,0,0.1,0.1,0.15,1
47.8,2,0,34.8174,0,0,0.1,0.1,0.15,1
47.8,3,0,43.3001,1,0,0.1,0.1,0.15,1
47.8,4,0,27.0366,0,0,0.1,0.1,0.15,1
47.8,5,0,26.0946,0,0,0.1,0.1,0.15,1
47.8,6,0.622645,53.8165,1,1,5.46222,22.932,7.29849,1
47.8,7,0.9,53.8737,1,1,5.46222,27.9685,7.78152,1
47.9,0,0,26.2544,0,0,0.1,0.1,0.15,1
47.9,1,0,25.9343,0,0,0.1,0.1,0.15,1
47.9,2,0,34.665,0,0,0.1,0.1,0.15,1
47.9,3,0,43.0063,1,0,0.1,0.1,0.15,1
47.9,4,0,27.0139,0,0,0.1,0.1,0.15,1
47.9,5,0,26.0876,0,0,0.1,0.1,0.15,1
47.9,6,0.62228,53.8531,1,1,4.17883,26.6118,6.89212,1
47.9,7,0.9,53.9774,1,1,4.17883,36.0485,7.79922,1
48,0,0,26.2447,0,0,0.1,0.1,0.15,1
48,1,0,25.9299,0,0,0.1,0.1,0.15,1
48,2,0,34.5152,0,0,0.1,0.1,0.15,1
48,3,0,42.7175,1,0,0.1,0.1,0.15,1
48,4,0,26.9916,0,0,0.1,0.1,0.15,1
48,5,0,26.0808,0,0,0.1,0.1,0.15,1
48,6,0.62189,53.9242,1,1,5.02842,26.29,7.35952,1
48,7,0.9,54.0228,1,1,5.02842,23.0023,7.0442,1
48.1,0,0,26.2352,0,0,0.1,0.1,0.15,1
48.1,1,0,25.9257,0,0,0.1,0.1,0.15,1
48.1,2,0,34.3679,0,0,0.1,0.1,0.15,1
48.1,3,0,42.4334,1,0,0.1,0.1,0.15,1
48.1,4,0,26.9697,0,0,0.1,0.1,0.15,1
48.1,5,0,26.074,0,0,0.1,0.1,0.15,1
48.1,6,0.621599,53.8558,1,1,3.9148,13.8202,5.51595,1
48.1,7,0.9,54.0772,1,1,3.9148,31.1288,7.17509,1
48.2,0,0,26.2259,0,0,0.1,0.1,0.15,1
48.2,1,0,25.9215,0,0,0.1,0.1,0.15,1
48.2,2,0,34.223,0,0,0.1,0.1,0.15,1
48.2,3,0,42.1541,1,0,0.1,0.1,0.15,1
48.2,4,0,26.9481,0,0,0.1,0.1,0.15,1
48.2,5,0,26.0674,0,0,0.1,0.1,0.15,1
48.2,6,0.621285,53.8196,1,1,4.38045,15.3434,5.92949,1
48.2,7,0.9,54.148,1,1,4.38045,30.7436,7.40566,1
48.3,0,0,26.2167,0,0,0.1,0.1,0.15,1
48.3,1,0,25.9174,0,0,0.1,0.1,0.15,1
48.3,2,0,34.0805,0,0,0.1,0.1,0.15,1
48.3,3,0,41.8795,1,0,0.1,0.1,0.15,1
48.3,4,0,26.9269,0,0,0.1,0.1,0.15,1
48.3,5,0,26.0608,0,0,0.1,0.1,0.15,1
48.3,6,0.62093,53.8427,1,1,4.3905,23.4658,6.71267,1
48.3,7,0.9,54.1847,1,1,4.3905,26.1106,6.96647,1
48.4,0,0,26.2077,0,0,0.1,0.1,0.15,1
48.4,1,0,25.9134,0,0,0.1,0.1,0.15,1
48.4,2,0,33.9404,0,0,0.1,0.1,0.15,1
48.4,3,0,41.6094,1,0,0.1,0.1,0.15,1
48.4,4,0,26.906,0,0,0.1,0.1,0.15,1
48.4,5,0,26.0544,0,0,0.1,0.1,0.15,1
48.4,6,0.620602,53.8262,1,1,3.81264,21.4659,6.18917,1
48.4,7,0.9,54.2118,1,1,3.81264,28.3252,6.8477,1
48.5,0,0,26.1988,0,0,0.1,0.1,0.15,1
48.5,1,0,25.9094,0,0,0.1,0.1,0.15,1
48.5,2,0,33.8027,0,0,0.1,0.1,0.15,1
48.5,3,0,41.3438,1,0,0.1,0.1,0.15,1
48.5,4,0,26.8855,0,0,0.1,0.1,0.15,1
48.5,5,0,26.0481,0,0,0.1,0.1,0.15,1
48.5,6,0.620265,53.8232,1,1,4.01724,22.0957,6.36599,1
48.5,7,0.9,54.2374,1,1,4.01724,26.9568,6.83255,1
48.6,0,0,26.1901,0,0,0.1,0.1,0.15,1
48.6,1,0,25.9055,0,0,0.1,0.1,0.15,1
48.6,2,0,33.6672,0,0,0.1,0.1,0.15,1
48.6,3,0,41.0827,1,0,0.1,0.1,0.15,1
48.6,4,0,26.8653,0,0,0.1,0.1,0.15,1
48.6,5,0,26.0418,0,0,0.1,0.1,0.15,1
48.6,6,0.619922,53.829,1,1,3.87175,24.1686,6.48197,1
48.6,7,0.9,54.2856,1,1,3.87175,31.0111,7.13934,1
48.7,0,0,26.1815,0,0,0.1,0.1,0.15,1
48.7,1,0,25.9016,0,0,0.1,0.1,0.15,1
48.7,2,0,33.534,0,0,0.1,0.1,0.15,1
48.7,3,0,40.8259,1,0,0.1,0.1,0.15,1
48.7,4,0,26.8455,0,0,0.1,0.1,0.15,1
48.7,5,0,26.0357,0,0,0.1,0.1,0.15,1
48.7,6,0.619567,53.8517,1,1,4.36036,23.6148,6.70944,1
48.7,7,0.9,54.3779,1,1,4.36036,34.3319,7.73897,1
48.8,0,0,26.1731,0,0,0.1,0.1,0.15,1
48.8,1,0,25.8979,0,0,0.1,0.1,0.15,1
48.8,2,0,33.403,0,0,0.1,0.1,0.15,1
48.8,3,0,40.5734,1,0,0.1,0.1,0.15,1
48.8,4,0,26.826,0,0,0.1,0.1,0.15,1
48.8,5,0,26.0297,0,0,0.1,0.1,0.15,1
48.8,6,0.619242,53.8319,1,1,4.83653,14.8142,6.14711,1
48.8,7,0.9,54.4374,1,1,4.83653,27.0834,7.3216,1
48.9,0,0,26.1647,0,0,0.1,0.1,0.15,1
48.9,1,0,25.8941,0,0,0.1,0.1,0.15,1
48.9,2,0,33.2742,0,0,0.1,0.1,0.15,1
48.9,3,0,40.3251,1,0,0.1,0.1,0.15,1
48.9,4,0,26.8068,0,0,0.1,0.1,0.15,1
48.9,5,0,26.0238,0,0,0.1,0.1,0.15,1
48.9,6,0.618961,53.7503,1,1,3.98999,11.3045,5.31967,1
48.9,7,0.9,54.5144,1,1,3.98999,34.7777,7.56881,1
49,0,0,26.1566,0,0,0.1,0.1,0.15,1
49,1,0,25.8905,0,0,0.1,0.1,0.15,1
49,2,0,33.1476,0,0,0.1,0.1,0.15,1
49,3,0,40.0809,1,0,0.1,0.1,0.15,1
49,4,0,26.7879,0,0,0.1,0.1,0.15,1
49,5,0,26.018,0,0,0.1,0.1,0.15,1
49,6,0.618639,53.7268,1,1,4.84596,14.0113,6.07623,1
49,7,0.9,54.5869,1,1,4.84596,29.144,7.52505,1
49.1,0,0,26.1486,0,0,0.1,0.1,0.15,1
49.1,1,0,25.8869,0,0,0.1,0.1,0.15,1
49.1,2,0,33.023,0,0,0.1,0.1,0.15,1
49.1,3,0,39.8408,1,0,0.1,0.1,0.15,1
49.1,4,0,26.7694,0,0,0.1,0.1,0.15,1
49.1,5,0,26.0123,0,0,0.1,0.1,0.15,1
49.1,6,0.618309,53.7163,1,1,4.24875,19.4239,6.24311,1
49.1,7,0.9,54.6656,1,1,4.24875,33.8128,7.62447,1
49.2,0,0,26.1407,0,0,0.1,0.1,0.15,1
49.2,1,0,25.8834,0,0,0.1,0.1,0.15,1
49.2,2,0,32.9006,0,0,0.1,0.1,0.15,1
49.2,3,0,39.6047,1,0,0.1,0.1,0.15,1
49.2,4,0,26.7511,0,0,0.1,0.1,0.15,1
49.2,5,0,26.0067,0,0,0.1,0.1,0.15,1
49.2,6,0.617945,53.7541,1,1,4.7577,23.0275,6.88587,1
49.2,7,0.9,54.7454,1,1,4.7577,31.0514,7.65612,1
49.3,0,0,26.1329,0,0,0.1,0.1,0.15,1
49.3,1,0,25.8799,0,0,0.1,0.1,0.15,1
49.3,2,0,32.7801,0,0,0.1,0.1,0.15,1
49.3,3,0,39.3725,1,0,0.1,0.1,0.15,1
49.3,4,0,26.7332,0,0,0.1,0.1,0.15,1
49.3,5,0,26.0011,0,0,0.1,0.1,0.15,1
49.3,6,0.61758,53.7915,1,1,4.47614,24.7688,6.88757,1
49.3,7,0.9,54.7225,1,1,4.47614,18.6815,6.30423,1
49.4,0,0,26.1253,0,0,0.1,0.1,0.15,1
49.4,1,0,25.8765,0,0,0.1,0.1,0.15,1
49.4,2,0,32.6617,0,0,0.1,0.1,0.15,1
49.4,3,0,39.1442,1,0,0.1,0.1,0.15,1
49.4,4,0,26.7156,0,0,0.1,0.1,0.15,1
49.4,5,0,25.9957,0,0,0.1,0.1,0.15,1
49.4,6,0.61725,53.7794,1,1,3.65562,22.8909,6.23732,1
49.4,7,0.9,54.7131,1,1,3.65562,25.422,6.4803,1
49.5,0,0,26.1178,0,0,0.1,0.1,0.15,1
49.5,1,0,25.8731,0,0,0.1,0.1,0.15,1
49.5,2,0,32.5453,0,0,0.1,0.1,0.15,1
49.5,3,0,38.9198,0,0,0.1,0.1,0.15,1
49.5,4,0,26.6982,0,0,0.1,0.1,0.15,1
49.5,5,0,25.9903,0,0,0.1,0.1,0.15,1
49.5,6,0.616952,53.723,1,1,3.6347,16.8153,5.64342,1
49.5,7,0.9,54.7666,1,1,3.6347,34.2328,7.31555,1
49.6,0,0,26.1104,0,0,0.1,0.1,0.15,1
49.6,1,0,25.8698,0,0,0.1,0.1,0.15,1
49.6,2,0,32.4308,0,0,0.1,0.1,0.15,1
49.6,3,0,38.699,0,0,0.1,0.1,0.15,1
49.6,4,0,26.6812,0,0,0.1,0.1,0.15,1
49.6,5,0,25.9851,0,0,0.1,0.1,0.15,1
49.6,6,0.616556,53.8055,1,1,4.73343,29.4018,7.48332,1
49.6,7,0.9,54.8784,1,1,4.73343,35.8832,8.10632,1
49.7,0,0,26.1031,0,0,0.1,0.1,0.15,1
49.7,1,0,25.8666,0,0,0.1,0.1,0.15,1
49.7,2,0,32.3182,0,0,0.1,0.1,0.15,1
49.7,3,0,38.4819,0,0,0.1,0.1,0.15,1
49.7,4,0,26.6644,0,0,0.1,0.1,0.15,1
49.7,5,0,25.9799,0,0,0.1,0.1,0.15,1
49.7,6,0.616124,53.9376,1,1,5.07708,34.3416,8.16199,1
49.7,7,0.9,54.9872,1,1,5.07708,33.587,8.08946,1
49.8,0,0,26.096,0,0,0.1,0.1,0.15,1
49.8,1,0,25.8634,0,0,0.1,0.1,0.15,1
49.8,2,0,32.2074,0,0,0.1,0.1,0.15,1
49.8,3,0,38.2685,0,0,0.1,0.1,0.15,1
49.8,4,0,26.6479,0,0,0.1,0.1,0.15,1
49.8,5,0,25.9748,0,0,0.1,0.1,0.15,1
49.8,6,0.615732,54.0109,1,1,4.92733,27.4172,7.40751,1
49.8,7,0.9,55.0686,1,1,4.92733,30.9788,7.74958,1
49.9,0,0,26.089,0,0,0.1,0.1,0.15,1
49.9,1,0,25.8602,0,0,0.1,0.1,0.15,1
49.9,2,0,32.0986,0,0,0.1,0.1,0.15,1
49.9,3,0,38.0586,0,0,0.1,0.1,0.15,1
49.9,4,0,26.6317,0,0,0.1,0.1,0.15,1
49.9,5,0,25.9698,0,0,0.1,0.1,0.15,1
49.9,6,0.615364,54.0488,1,1,4.48826,25.3722,6.95255,1
49.9,7,0.9,55.1361,1,1,4.48826,31.923,7.58179,1
50,0,0,26.0821,0,0,0.1,0.1,0.15,1
50,1,0,25.8572,0,0,0.1,0.1,0.15,1
50,2,0,31.9915,0,0,0.1,0.1,0.15,1
50,3,0,37.8522,0,0,0.1,0.1,0.15,1
50,4,0,26.6158,0,0,0.1,0.1,0.15,1
50,5,0,25.9649,0,0,0.1,0.1,0.15,1
50,6,0.614995,54.0871,1,1,4.55141,25.1276,6.96599,1
50,7,0.9,55.2446,1,1,4.55141,37.3871,8.14411,1
50.1,0,0,26.0753,0,0,0.1,0.1,0.15,1
50.1,1,0,25.8541,0,0,0.1,0.1,0.15,1
50.1,2,0,31.8862,0,0,0.1,0.1,0.15,1
50.1,3,0,37.6493,0,0,0.1,0.1,0.15,1
50.1,4,0,26.6001,0,0,0.1,0.1,0.15,1
50.1,5,0,25.9601,0,0,0.1,0.1,0.15,1
50.1,6,0.61463,54.1196,1,1,5.24232,20.1349,6.8978,1
50.1,7,0.9,55.3697,1,1,5.24232,35.6717,8.38888,1
50.2,0,0,26.0686,0,0,0.1,0.1,0.15,1
50.2,1,0,25.8511,0,0,0.1,0.1,0.15,1
50.2,2,0,31.7827,0,0,0.1,0.1,0.15,1
50.2,3,0,37.4497,0,0,0.1,0.1,0.15,1
50.2,4,0,26.5847,0,0,0.1,0.1,0.15,1
50.2,5,0,25.9553,0,0,0.1,0.1,0.15,1
50.2,6,0.614103,54.3822,1,1,11.2458,11.1506,9.97201,1
50.2,7,0.9,55.1304,1,1,1.43534,7,3.55764,1
50.3,0,0,26.0621,0,0,0.1,0.1,0.15,1
50.3,1,0,25.8482,0,0,0.1,0.1,0.15,1
50.3,2,0,31.6809,0,0,0.1,0.1,0.15,1
50.3,3,0,37.2534,0,0,0.1,0.1,0.15,1
50.3,4,0,26.5695,0,0,0.1,0.1,0.15,1
50.3,5,0,25.9507,0,0,0.1,0.1,0.15,1
50.3,6,0.613804,54.3156,1,1,2.79954,21.5708,5.64137,1
50.3,7,0.9,55.1167,1,1,2.79954,30.6371,6.51281,1
50.4,0,0,26.0556,0,0,0.1,0.1,0.15,1
50.4,1,0,25.8453,0,0,0.1,0.1,0.15,1
50.4,2,0,31.5808,0,0,0.1,0.1,0.15,1
50.4,3,0,37.0605,0,0,0.1,0.1,0.15,1
50.4,4,0,26.5546,0,0,0.1,0.1,0.15,1
50.4,5,0,25.9461,0,0,0.1,0.1,0.15,1
50.4,6,0.613574,54.1538,1,1,2.99451,7,4.35728,1
50.4,7,0.9,55.2799,1,1,6.54971,32.3074,8.86919,1
50.5,0,0,26.0493,0,0,0.1,0.1,0.15,1
50.5,1,0,25.8425,0,0,0.1,0.1,0.15,1
50.5,2,0,31.4824,0,0,0.1,0.1,0.15,1
50.5,3,0,36.8707,0,0,0.1,0.1,0.15,1
50.5,4,0,26.5399,0,0,0.1,0.1,0.15,1
50.5,5,0,25.9416,0,0,0.1,0.1,0.15,1
50.5,6,0.613266,54.104,1,1,4.85714,11.187,5.81467,1
50.5,7,0.9,55.387,1,1,4.85714,35.6525,8.15721,1
50.6,0,0,26.043,0,0,0.1,0.1,0.15,1
50.6,1,0,25.8397,0,0,0.1,0.1,0.15,1
50.6,2,0,31.3856,0,0,0.1,0.1,0.15,1
50.6,3,0,36.6841,0,0,0.1,0.1,0.15,1
50.6,4,0,26.5255,0,0,0.1,0.1,0.15,1
50.6,5,0,25.9371,0,0,0.1,0.1,0.15,1
50.6,6,0.612925,54.1028,1,1,5.06371,16.5828,6.45112,1
50.6,7,0.9,55.4566,1,1,5.06371,29.4146,7.68056,1
50.7,0,0,26.0369,0,0,0.1,0.1,0.15,1
50.7,1,0,25.8369,0,0,0.1,0.1,0.15,1
50.7,2,0,31.2904,0,0,0.1,0.1,0.15,1
50.7,3,0,36.5006,0,0,0.1,0.1,0.15,1
50.7,4,0,26.5113,0,0,0.1,0.1,0.15,1
50.7,5,0,25.9327,0,0,0.1,0.1,0.15,1
50.7,6,0.612615,54.0564,1,1,4.30979,14.9328,5.84926,1
50.7,7,0.9,55.4384,1,1,4.30979,21.9986,6.52512,1
50.8,0,0,26.0309,0,0,0.1,0.1,0.15,1
50.8,1,0,25.8342,0,0,0.1,0.1,0.15,1
50.8,2,0,31.1968,0,0,0.1,0.1,0.15,1
50.8,3,0,36.3202,0,0,0.1,0.1,0.15,1
50.8,4,0,26.4974,0,0,0.1,0.1,0.15,1
50.8,5,0,25.9285,0,0,0.1,0.1,0.15,1
50.8,6,0.612282,54.0442,1,1,3.28855,25.6049,6.29387,1
50.8,7,0.9,55.4519,1,1,3.28855,32.3738,6.94465,1
50.9,0,0,26.0249,0,0,0.1,0.1,0.15,1
50.9,1,0,25.8316,0,0,0.1,0.1,0.15,1
50.9,2,0,31.1048,0,0,0.1,0.1,0.15,1
50.9,3,0,36.1428,0,0,0.1,0.1,0.15,1
50.9,4,0,26.4837,0,0,0.1,0.1,0.15,1
50.9,5,0,25.9242,0,0,0.1,0.1,0.15,1
50.9,6,0.611975,53.9952,1,1,4.4578,13.525,5.80132,1
50.9,7,0.9,55.5157,1,1,4.4578,32.4825,7.61781,1
51,0,0,26.0191,0,0,0.1,0.1,0.15,1
51,1,0,25.829,0,0,0.1,0.1,0.15,1
51,2,0,31.0143,0,0,0.1,0.1,0.15,1
51,3,0,35.9683,0,0,0.1,0.1,0.15,1
51,4,0,26.4702,0,0,0.1,0.1,0.15,1
51,5,0,25.9201,0,0,0.1,0.1,0.15,1
51,6,0.611674,53.939,1,1,4.61754,11.4077,5.69388,1
51,7,0.9,55.5935,1,1,4.61754,33.5962,7.81826,1
51.1,0,0,26.0134,0,0,0.1,0.1,0.15,1
51.1,1,0,25.8264,0,0,0.1,0.1,0.15,1
51.1,2,0,30.9253,0,0,0.1,0.1,0.15,1
51.1,3,0,35.7968,0,0,0.1,0.1,0.15,1
51.1,4,0,26.457,0,0,0.1,0.1,0.15,1
51.1,5,0,25.916,0,0,0.1,0.1,0.15,1
51.1,6,0.611335,53.9369,1,1,4.77672,17.8615,6.40252,1
51.1,7,0.9,55.692,1,1,4.77672,35.6731,8.11164,1
51.2,0,0,26.0077,0,0,0.1,0.1,0.15,1
51.2,1,0,25.8239,0,0,0.1,0.1,0.15,1
51.2,2,0,30.8378,0,0,0.1,0.1,0.15,1
51.2,3,0,35.6281,0,0,0.1,0.1,0.15,1
51.2,4,0,26.4439,0,0,0.1,0.1,0.15,1
51.2,5,0,25.912,0,0,0.1,0.1,0.15,1
51.2,6,0.610988,53.9469,1,1,5.05622,17.8081,6.56366,1
51.2,7,0.9,55.7093,1,1,5.05622,22.9062,7.05159,1
51.3,0,0,26.0022,0,0,0.1,0.1,0.15,1
51.3,1,0,25.8214,0,0,0.1,0.1,0.15,1
51.3,2,0,30.7518,0,0,0.1,0.1,0.15,1
51.3,3,0,35.4622,0,0,0.1,0.1,0.15,1
51.3,4,0,26.4311,0,0,0.1,0.1,0.15,1
51.3,5,0,25.908,0,0,0.1,0.1,0.15,1
51.3,6,0.610642,53.9554,1,1,3.4953,27.0424,6.54637,1
51.3,7,0.9,55.7433,1,1,3.4953,34.6418,7.27712,1
51.4,0,0,25.9967,0,0,0.1,0.1,0.15,1
51.4,1,0,25.819,0,0,0.1,0.1,0.15,1
51.4,2,0,30.6672,0,0,0.1,0.1,0.15,1
51.4,3,0,35.2991,0,0,0.1,0.1,0.15,1
51.4,4,0,26.4185,0,0,0.1,0.1,0.15,1
51.4,5,0,25.9041,0,0,0.1,0.1,0.15,1
51.4,6,0.610308,53.9452,1,1,4.76713,16.8271,6.29802,1
51.4,7,0.9,55.8229,1,1,4.76713,33.4541,7.89262,1
51.5,0,0,25.9914,0,0,0.1,0.1,0.15,1
51.5,1,0,25.8166,0,0,0.1,0.1,0.15,1
51.5,2,0,30.584,0,0,0.1,0.1,0.15,1
51.5,3,0,35.1387,0,0,0.1,0.1,0.15,1
51.5,4,0,26.4061,0,0,0.1,0.1,0.15,1
51.5,5,0,25.9003,0,0,0.1,0.1,0.15,1
51.5,6,0.609996,53.9054,1,1,4.77765,12.61,5.90249,1
51.5,7,0.9,55.9307,1,1,4.77765,37.5,8.2879,1
51.6,0,0,25.9861,0,0,0.1,0.1,0.15,1
51.6,1,0,25.8142,0,0,0.1,0.1,0.15,1
51.6,2,0,30.5021,0,0,0.1,0.1,0.15,1
51.6,3,0,34.9809,0,0,0.1,0.1,0.15,1
51.6,4,0,26.3939,0,0,0.1,0.1,0.15,1
51.6,5,0,25.8966,0,0,0.1,0.1,0.15,1
51.6,6,0.609615,53.9635,1,1,5.75695,19.9987,7.19737,1
51.6,7,0.9,56.0484,1,1,5.75695,32.9743,8.44179,1
51.7,0,0,25.9809,0,0,0.1,0.1,0.15,1
51.7,1,0,25.8119,0,0,0.1,0.1,0.15,1
51.7,2,0,30.4217,0,0,0.1,0.1,0.15,1
51.7,3,0,34.8258,0,0,0.1,0.1,0.15,1
51.7,4,0,26.3819,0,0,0.1,0.1,0.15,1
51.7,5,0,25.8929,0,0,0.1,0.1,0.15,1
51.7,6,0.609268,53.9735,1,1,4.8414,19.2079,6.56957,1
51.7,7,0.9,56.0772,1,1,4.8414,26.6632,7.28415,1
51.8,0,0,25.9758,0,0,0.1,0.1,0.15,1
51.8,1,0,25.8096,0,0,0.1,0.1,0.15,1
51.8,2,0,30.3426,0,0,0.1,0.1,0.15,1
51.8,3,0,34.6733,0,0,0.1,0.1,0.15,1
51.8,4,0,26.3702,0,0,0.1,0.1,0.15,1
51.8,5,0,25.8892,0,0,0.1,0.1,0.15,1
51.8,6,0.608943,53.9509,1,1,3.93808,20.1839,6.13755,1
51.8,7,0.9,56.1095,1,1,3.93808,32.6734,7.33685,1
51.9,0,0,25.9708,0,0,0.1,0.1,0.15,1
51.9,1,0,25.8074,0,0,0.1,0.1,0.15,1
51.9,2,0,30.2648,0,0,0.1,0.1,0.15,1
51.9,3,0,34.5233,0,0,0.1,0.1,0.15,1
51.9,4,0,26.3586,0,0,0.1,0.1,0.15,1
51.9,5,0,25.8857,0,0,0.1,0.1,0.15,1
51.9,6,0.608637,53.9019,1,1,4.57643,12.573,5.7803,1
51.9,7,0.9,56.1546,1,1,4.57643,30.6909,7.51491,1
52,0,0,25.9659,0,0,0.1,0.1,0.15,1
52,1,0,25.8052,0,0,0.1,0.1,0.15,1
52,2,0,30.1883,0,0,0.1,0.1,0.15,1
52,3,0,34.3759,0,0,0.1,0.1,0.15,1
52,4,0,26.3472,0,0,0.1,0.1,0.15,1
52,5,0,25.8822,0,0,0.1,0.1,0.15,1
52,6,0.608321,53.8678,1,1,4.40842,15.577,5.96807,1
52,7,0.9,56.2083,1,1,4.40842,33.0045,7.63925,1
52.1,0,0,25.961,0,0,0.1,0.1,0.15,1
52.1,1,0,25.803,0,0,0.1,0.1,0.15,1
52.1,2,0,30.1131,0,0,0.1,0.1,0.15,1
52.1,3,0,34.2309,0,0,0.1,0.1,0.15,1
52.1,4,0,26.336,0,0,0.1,0.1,0.15,1
52.1,5,0,25.8787,0,0,0.1,0.1,0.15,1
52.1,6,0.608073,53.7384,1,1,3.59423,7,4.68914,1
52.1,7,0.9,56.2684,1,1,6.84137,18.5615,7.73608,1
52.2,0,0,25.9563,0,0,0.1,0.1,0.15,1
52.2,1,0,25.8009,0,0,0.1,0.1,0.15,1
52.2,2,0,30.0391,0,0,0.1,0.1,0.15,1
52.2,3,0,34.0883,0,0,0.1,0.1,0.15,1
52.2,4,0,26.325,0,0,0.1,0.1,0.15,1
52.2,5,0,25.8753,0,0,0.1,0.1,0.15,1
52.2,6,0.607819,53.6198,1,1,3.17536,10.6922,4.80461,1
52.2,7,0.9,56.2275,1,1,3.17536,27.3842,6.40281,1
52.3,0,0,25.9516,0,0,0.1,0.1,0.15,1
52.3,1,0,25.7988,0,0,0.1,0.1,0.15,1
52.3,2,0,29.9664,0,0,0.1,0.1,0.15,1
52.3,3,0,33.948,0,0,0.1,0.1,0.15,1
52.3,4,0,26.3141,0,0,0.1,0.1,0.15,1
52.3,5,0,25.872,0,0,0.1,0.1,0.15,1
52.3,6,0.607554,53.5185,1,1,3.81994,9.05422,5.00975,1
52.3,7,0.9,56.2184,1,1,3.81994,27.9839,6.81903,1
52.4,0,0,25.947,0,0,0.1,0.1,0.15,1
52.4,1,0,25.7967,0,0,0.1,0.1,0.15,1
52.4,2,0,29.8948,0,0,0.1,0.1,0.15,1
52.4,3,0,33.8102,0,0,0.1,0.1,0.15,1
52.4,4,0,26.3035,0,0,0.1,0.1,0.15,1
52.4,5,0,25.8687,0,0,0.1,0.1,0.15,1
52.4,6,0.60727,53.4457,1,1,3.97549,11.8971,5.36763,1
52.4,7,0.9,56.2443,1,1,3.97549,31.888,7.28263,1
52.5,0,0,25.9424,0,0,0.1,0.1,0.15,1
52.5,1,0,25.7947,0,0,0.1,0.1,0.15,1
52.5,2,0,29.8245,0,0,0.1,0.1,0.15,1
52.5,3,0,33.6746,0,0,0.1,0.1,0.15,1
52.5,4,0,26.293,0,0,0.1,0.1,0.15,1
52.5,5,0,25.8655,0,0,0.1,0.1,0.15,1
52.5,6,0.606992,53.3656,1,1,4.48293,7.5589,5.25198,1
52.5,7,0.9,56.306,1,1,4.48293,33.8678,7.76564,1
52.6,0,0,25.938,0,0,0.1,0.1,0.15,1
52.6,1,0,25.7927,0,0,0.1,0.1,0.15,1
52.6,2,0,29.7553,0,0,0.1,0.1,0.15,1
52.6,3,0,33.5412,0,0,0.1,0.1,0.15,1
52.6,4,0,26.2827,0,0,0.1,0.1,0.15,1
52.6,5,0,25.8623,0,0,0.1,0.1,0.15,1
52.6,6,0.606683,53.3314,1,1,4.79384,11.9352,5.84802,1
52.6,7,0.9,56.3593,1,1,4.79384,30.9486,7.66758,1
52.7,0,0,25.9336,0,0,0.1,0.1,0.15,1
52.7,1,0,25.7907,0,0,0.1,0.1,0.15,1
52.7,2,0,29.6873,0,0,0.1,0.1,0.15,1
52.7,3,0,33.4101,0,0,0.1,0.1,0.15,1
52.7,4,0,26.2726,0,0,0.1,0.1,0.15,1
52.7,5,0,25.8592,0,0,0.1,0.1,0.15,1
52.7,6,0.606377,53.2926,1,1,4.4678,13.2294,5.77904,1
52.7,7,0.9,56.3132,1,1,4.4678,19.2572,6.35445,1
52.8,0,0,25.9293,0,0,0.1,0.1,0.15,1
52.8,1,0,25.7888,0,0,0.1,0.1,0.15,1
52.8,2,0,29.6205,0,0,0.1,0.1,0.15,1
52.8,3,0,33.2812,0,0,0.1,0.1,0.15,1
52.8,4,0,26.2626,0,0,0.1,0.1,0.15,1
52.8,5,0,25.8561,0,0,0.1,0.1,0.15,1
52.8,6,0.606104,53.2085,1,1,2.96563,15.678,5.16575,1
52.8,7,0.9,56.2611,1,1,2.96563,27.1099,6.26263,1
52.9,0,0,25.925,0,0,0.1,0.1,0.15,1
52.9,1,0,25.7869,0,0,0.1,0.1,0.15,1
52.9,2,0,29.5547,0,0,0.1,0.1,0.15,1
52.9,3,0,33.1545,0,0,0.1,0.1,0.15,1
52.9,4,0,26.2528,0,0,0.1,0.1,0.15,1
52.9,5,0,25.8531,0,0,0.1,0.1,0.15,1
52.9,6,0.605909,53.0137,1,1,1.67134,7,3.67141,1
52.9,7,0.9,56.3394,1,1,7.93563,13.8546,7.99153,1
53,0,0,25.9209,0,0,0.1,0.1,0.15,1
53,1,0,25.785,0,0,0.1,0.1,0.15,1
53,2,0,29.49,0,0,0.1,0.1,0.15,1
53,3,0,33.0298,0,0,0.1,0.1,0.15,1
53,4,0,26.2432,0,0,0.1,0.1,0.15,1
53,5,0,25.8501,0,0,0.1,0.1,0.15,1
53,6,0.605712,52.8262,1,1,1.77869,7,3.72417,1
53,7,0.9,56.3906,1,1,4.61394,31.8306,7.64642,1
53.1,0,0,25.9168,0,0,0.1,0.1,0.15,1
53.1,1,0,25.7832,0,0,0.1,0.1,0.15,1
53.1,2,0,29.4265,0,0,0.1,0.1,0.15,1
53.1,3,0,32.9072,0,0,0.1,0.1,0.15,1
53.1,4,0,26.2337,0,0,0.1,0.1,0.15,1
53.1,5,0,25.8472,0,0,0.1,0.1,0.15,1
53.1,6,0.605493,52.673,1,1,3.23351,3.23351,4.14183,1
53.1,7,0.9,56.8252,1,1,13.6667,22.5006,12.7712,1
53.2,0,0,25.9127,0,0,0.1,0.1,0.15,1
53.2,1,0,25.7814,0,0,0.1,0.1,0.15,1
53.2,2,0,29.3639,0,0,0.1,0.1,0.15,1
53.2,3,0,32.7867,0,0,0.1,0.1,0.15,1
53.2,4,0,26.2244,0,0,0.1,0.1,0.15,1
53.2,5,0,25.8443,0,0,0.1,0.1,0.15,1
53.2,6,0.605181,52.6545,1,1,4.5209,14.2026,5.90276,1
53.2,7,0.9,56.8463,1,1,4.5209,29.3435,7.35295,1
53.3,0,0,25.9088,0,0,0.1,0.1,0.15,1
53.3,1,0,25.7796,0,0,0.1,0.1,0.15,1
53.3,2,0,29.3025,0,0,0.1,0.1,0.15,1
53.3,3,0,32.6681,0,0,0.1,0.1,0.15,1
53.3,4,0,26.2153,0,0,0.1,0.1,0.15,1
53.3,5,0,25.8415,0,0,0.1,0.1,0.15,1
53.3,6,0.604878,52.6236,1,1,4.23304,14.1863,5.73361,1
53.3,7,0.9,56.873,1,1,4.23304,31.9202,7.43343,1
53.4,0,0,25.9049,0,0,0.1,0.1,0.15,1
53.4,1,0,25.7779,0,0,0.1,0.1,0.15,1
53.4,2,0,29.242,0,0,0.1,0.1,0.15,1
53.4,3,0,32.5516,0,0,0.1,0.1,0.15,1
53.4,4,0,26.2063,0,0,0.1,0.1,0.15,1
53.4,5,0,25.8387,0,0,0.1,0.1,0.15,1
53.4,6,0.604536,52.6476,1,1,4.51916,20.0309,6.45853,1
53.4,7,0.9,56.8942,1,1,4.51916,29.4878,7.3658,1
53.5,0,0,25.9011,0,0,0.1,0.1,0.15,1
53.5,1,0,25.7762,0,0,0.1,0.1,0.15,1
53.5,2,0,29.1825,0,0,0.1,0.1,0.15,1
53.5,3,0,32.437,0,0,0.1,0.1,0.15,1
53.5,4,0,26.1974,0,0,0.1,0.1,0.15,1
53.5,5,0,25.836,0,0,0.1,0.1,0.15,1
53.5,6,0.604164,52.7133,1,1,4.25087,27.5057,7.01952,1
53.5,7,0.9,56.8711,1,1,4.25087,25.0057,6.77948,1
53.6,0,0,25.8973,0,0,0.1,0.1,0.15,1
53.6,1,0,25.7745,0,0,0.1,0.1,0.15,1
53.6,2,0,29.1241,0,0,0.1,0.1,0.15,1
53.6,3,0,32.3243,0,0,0.1,0.1,0.15,1
53.6,4,0,26.1887,0,0,0.1,0.1,0.15,1
53.6,5,0,25.8333,0,0,0.1,0.1,0.15,1
53.6,6,0.603835,52.7179,1,1,3.96958,20.8618,6.22047,1
53.6,7,0.9,56.8642,1,1,3.96958,28.8868,6.99078,1
53.7,0,0,25.8936,0,0,0.1,0.1,0.15,1
53.7,1,0,25.7728,0,0,0.1,0.1,0.15,1
53.7,2,0,29.0666,0,0,0.1,0.1,0.15,1
53.7,3,0,32.2135,0,0,0.1,0.1,0.15,1
53.7,4,0,26.1801,0,0,0.1,0.1,0.15,1
53.7,5,0,25.8307,0,0,0.1,0.1,0.15,1
53.7,6,0.603499,52.7328,1,1,4.10705,21.4727,6.35773,1
53.7,7,0.9,56.8904,1,1,4.10705,32.6348,7.42966,1
53.8,0,0,25.8899,0,0,0.1,0.1,0.15,1
53.8,1,0,25.7712,0,0,0.1,0.1,0.15,1
53.8,2,0,29.0101,0,0,0.1,0.1,0.15,1
53.8,3,0,32.1045,0,0,0.1,0.1,0.15,1
53.8,4,0,26.1717,0,0,0.1,0.1,0.15,1
53.8,5,0,25.8281,0,0,0.1,0.1,0.15,1
53.8,6,0.603223,52.6616,1,1,4.50651,7,5.21357,1
53.8,7,0.9,56.9586,1,1,4.76517,34.5407,7.99593,1
53.9,0,0,25.8864,0,0,0.1,0.1,0.15,1
53.9,1,0,25.7696,0,0,0.1,0.1,0.15,1
53.9,2,0,28.9545,0,0,0.1,0.1,0.15,1
53.9,3,0,31.9973,0,0,0.1,0.1,0.15,1
53.9,4,0,26.1634,0,0,0.1,0.1,0.15,1
53.9,5,0,25.8255,0,0,0.1,0.1,0.15,1
53.9,6,0.602925,52.6223,1,1,4.91323,8.80682,5.62335,1
53.9,7,0.9,57.0456,1,1,4.91323,36.4043,8.26276,1
54,0,0,25.8828,0,0,0.1,0.1,0.15,1
54,1,0,25.768,0,0,0.1,0.1,0.15,1
54,2,0,28.8998,0,0,0.1,0.1,0.15,1
54,3,0,31.892,0,0,0.1,0.1,0.15,1
54,4,0,26.1553,0,0,0.1,0.1,0.15,1
54,5,0,25.823,0,0,0.1,0.1,0.15,1
54,6,0.602616,52.6012,1,1,5.16469,9.68118,5.85621,1
54,7,0.9,57.105,1,1,5.16469,31.2039,7.91287,1
54.1,0,0,25.8794,0,0,0.1,0.1,0.15,1
54.1,1,0,25.7664,0,0,0.1,0.1,0.15,1
54.1,2,0,28.8461,0,0,0.1,0.1,0.15,1
54.1,3,0,31.7883,0,0,0.1,0.1,0.15,1
54.1,4,0,26.1473,0,0,0.1,0.1,0.15,1
54.1,5,0,25.8206,0,0,0.1,0.1,0.15,1
54.1,6,0.602408,52.4349,1,1,2.16024,7,3.91624,1
54.1,7,0.9,57.3259,1,1,9.31776,26.1423,10.0793,1
54.2,0,0,25.876,0,0,0.1,0.1,0.15,1
54.2,1,0,25.7649,0,0,0.1,0.1,0.15,1
54.2,2,0,28.7932,0,0,0.1,0.1,0.15,1
54.2,3,0,31.6865,0,0,0.1,0.1,0.15,1
54.2,4,0,26.1394,0,0,0.1,0.1,0.15,1
54.2,5,0,25.8181,0,0,0.1,0.1,0.15,1
54.2,6,0.602242,52.213,1,1,1.58831,1.58831,3.13802,1
54.2,7,0.9,57.648,1,1,13.2975,11.6999,11.478,1
54.3,0,0,25.8726,0,0,0.1,0.1,0.15,1
54.3,1,0,25.7634,0,0,0.1,0.1,0.15,1
54.3,2,0,28.7413,0,0,0.1,0.1,0.15,1
54.3,3,0,31.5863,0,0,0.1,0.1,0.15,1
54.3,4,0,26.1317,0,0,0.1,0.1,0.15,1
54.3,5,0,25.8157,0,0,0.1,0.1,0.15,1
54.3,6,0.602115,51.9404,1,1,0.173226,0.173226,2.41323,1
54.3,7,0.9,57.859,1,1,9.37404,25.6365,10.0687,1
54.4,0,0,25.8693,0,0,0.1,0.1,0.15,1
54.4,1,0,25.762,0,0,0.1,0.1,0.15,1
54.4,2,0,28.6902,0,0,0.1,0.1,0.15,1
54.4,3,0,31.4877,0,0,0.1,0.1,0.15,1
54.4,4,0,26.1241,0,0,0.1,0.1,0.15,1
54.4,5,0,25.8134,0,0,0.1,0.1,0.15,1
54.4,6,0.601899,51.7975,1,1,2.47699,7,4.08056,1
54.4,7,0.9,57.9937,1,1,8.17499,23.8136,9.09785,1
54.5,0,0,25.8661,0,0,0.1,0.1,0.15,1
54.5,1,0,25.7605,0,0,0.1,0.1,0.15,1
54.5,2,0,28.6399,0,0,0.1,0.1,0.15,1
54.5,3,0,31.3909,0,0,0.1,0.1,0.15,1
54.5,4,0,26.1166,0,0,0.1,0.1,0.15,1
54.5,5,0,25.8111,0,0,0.1,0.1,0.15,1
54.5,6,0.601595,51.7815,1,1,3.99857,15.6866,5.74184,1
54.5,7,0.9,57.9632,1,1,3.99857,28.0408,6.92602,1
54.6,0,0,25.8629,0,0,0.1,0.1,0.15,1
54.6,1,0,25.7591,0,0,0.1,0.1,0.15,1
54.6,2,0,28.5905,0,0,0.1,0.1,0.15,1
54.6,3,0,31.2956,0,0,0.1,0.1,0.15,1
54.6,4,0,26.1092,0,0,0.1,0.1,0.15,1
54.6,5,0,25.8088,0,0,0.1,0.1,0.15,1
54.6,6,0.60127,51.7961,1,1,4.00492,19.8749,6.1461,1
54.6,7,0.9,58.0015,1,1,4.00492,37.4579,7.83517,1
54.7,0,0,25.8598,0,0,0.1,0.1,0.15,1
54.7,1,0,25.7577,0,0,0.1,0.1,0.15,1
54.7,2,0,28.5419,0,0,0.1,0.1,0.15,1
54.7,3,0,31.2019,0,0,0.1,0.1,0.15,1
54.7,4,0,26.102,0,0,0.1,0.1,0.15,1
54.7,5,0,25.8066,0,0,0.1,0.1,0.15,1
54.7,6,0.600965,51.7812,1,1,5.18285,8.50935,5.75687,1
54.7,7,0.9,58.0024,1,1,5.18285,25.1826,7.34569,1
54.8,0,0,25.8567,0,0,0.1,0.1,0.15,1
54.8,1,0,25.7563,0,0,0.1,0.1,0.15,1
54.8,2,0,28.4941,0,0,0.1,0.1,0.15,1
54.8,3,0,31.1098,0,0,0.1,0.1,0.15,1
54.8,4,0,26.0949,0,0,0.1,0.1,0.15,1
54.8,5,0,25.8044,0,0,0.1,0.1,0.15,1
54.8,6,0.600665,51.7598,1,1,3.79568,16.0942,5.66528,1
54.8,7,0.9,57.9742,1,1,3.79568,29.5771,6.95842,1
54.9,0,0,25.8537,0,0,0.1,0.1,0.15,1
54.9,1,0,25.7549,0,0,0.1,0.1,0.15,1
54.9,2,0,28.4471,0,0,0.1,0.1,0.15,1
54.9,3,0,31.0192,0,0,0.1,0.1,0.15,1
54.9,4,0,26.0879,0,0,0.1,0.1,0.15,1
54.9,5,0,25.8022,0,0,0.1,0.1,0.15,1
54.9,6,0.600368,51.7349,1,1,4.17159,13.3148,5.61511,1
54.9,7,0.9,58.0005,1,1,4.17159,34.8349,7.67831,1
55,0,0,25.8507,0,0,0.1,0.1,0.15,1
55,1,0,25.7536,0,0,0.1,0.1,0.15,1
55,2,0,28.4009,0,0,0.1,0.1,0.15,1
55,3,0,30.9302,0,0,0.1,0.1,0.15,1
55,4,0,26.081,0,0,0.1,0.1,0.15,1
55,5,0,25.8001,0,0,0.1,0.1,0.15,1
55,6,0.600092,51.6806,1,1,4.51231,7,5.21697,1
55,7,0.9,58.0449,1,1,5.6028,28.5681,7.9245,1
55.1,0,0,25.8478,0,0,0.1,0.1,0.15,1
55.1,1,0,25.7523,0,0,0.1,0.1,0.15,1
55.1,2,0,28.3555,0,0,0.1,0.1,0.15,1
55.1,3,0,30.8426,0,0,0.1,0.1,0.15,1
55.1,4,0,26.0742,0,0,0.1,0.1,0.15,1
55.1,5,0,25.798,0,0,0.1,0.1,0.15,1
55.1,6,0.599893,51.5188,1,1,1.87558,7,3.77229,1
55.1,7,0.9,58.2688,1,1,9.06293,30.5345,10.3294,1
55.2,0,0,25.8449,0,0,0.1,0.1,0.15,1
55.2,1,0,25.751,0,0,0.1,0.1,0.15,1
55.2,2,0,28.3108,0,0,0.1,0.1,0.15,1
55.2,3,0,30.7564,0,0,0.1,0.1,0.15,1
55.2,4,0,26.0676,0,0,0.1,0.1,0.15,1
55.2,5,0,25.796,0,0,0.1,0.1,0.15,1
55.2,6,0.599723,51.3169,1,1,1.69784,1.69784,3.20099,1
55.2,7,0.9,58.7539,1,1,14.849,24.8846,13.8615,1
55.3,0,0,25.842,0,0,0.1,0.1,0.15,1
55.3,1,0,25.7497,0,0,0.1,0.1,0.15,1
55.3,2,0,28.2669,0,0,0.1,0.1,0.15,1
55.3,3,0,30.6718,0,0,0.1,0.1,0.15,1
55.3,4,0,26.061,0,0,0.1,0.1,0.15,1
55.3,5,0,25.794,0,0,0.1,0.1,0.15,1
55.3,6,0.599524,51.1604,1,1,2.6309,2.6309,3.76129,1
55.3,7,0.9,59.256,1,1,14.9001,27.9729,14.1944,1
55.4,0,0,25.8393,0,0,0.1,0.1,0.15,1
55.4,1,0,25.7485,0,0,0.1,0.1,0.15,1
55.4,2,0,28.2237,0,0,0.1,0.1,0.15,1
55.4,3,0,30.5885,0,0,0.1,0.1,0.15,1
55.4,4,0,26.0546,0,0,0.1,0.1,0.15,1
55.4,5,0,25.792,0,0,0.1,0.1,0.15,1
55.4,6,0.5993,51.0424,1,1,3.38608,3.38608,4.24013,1
55.4,7,0.9,59.7962,1,1,16.0774,25.3398,14.8152,1
55.5,0,0,25.8365,0,0,0.1,0.1,0.15,1
55.5,1,0,25.7473,0,0,0.1,0.1,0.15,1
55.5,2,0,28.1812,0,0,0.1,0.1,0.15,1
55.5,3,0,30.5066,0,0,0.1,0.1,0.15,1
55.5,4,0,26.0483,0,0,0.1,0.1,0.15,1
55.5,5,0,25.79,0,0,0.1,0.1,0.15,1
55.5,6,0.599117,50.8681,1,1,2.14136,2.14136,3.46238,1
55.5,7,0.9,60.2924,1,1,15.5315,24.7158,14.3493,1
55.6,0,0,25.8338,0,0,0.1,0.1,0.15,1
55.6,1,0,25.7461,0,0,0.1,0.1,0.15,1
55.6,2,0,28.1394,0,0,0.1,0.1,0.15,1
55.6,3,0,30.4261,0,0,0.1,0.1,0.15,1
55.6,4,0,26.042,0,0,0.1,0.1,0.15,1
55.6,5,0,25.7881,0,0,0.1,0.1,0.15,1
55.6,6,0.598927,50.7056,1,1,1.48652,7,3.58204,1
55.6,7,0.9,60.5739,1,1,12.1197,21.78,11.5957,1
55.7,0,0,25.8312,0,0,0.1,0.1,0.15,1
55.7,1,0,25.7449,0,0,0.1,0.1,0.15,1
55.7,2,0,28.0984,0,0,0.1,0.1,0.15,1
55.7,3,0,30.3469,0,0,0.1,0.1,0.15,1
55.7,4,0,26.0359,0,0,0.1,0.1,0.15,1
55.7,5,0,25.7862,0,0,0.1,0.1,0.15,1
55.7,6,0.598655,50.6626,1,1,4.23746,7.87839,5.13885,1
55.7,7,0.9,60.5624,1,1,4.23746,35.2134,7.75266,1
55.8,0,0,25.8286,0,0,0.1,0.1,0.15,1
55.8,1,0,25.7437,0,0,0.1,0.1,0.15,1
55.8,2,0,28.058,0,0,0.1,0.1,0.15,1
55.8,3,0,30.269,0,0,0.1,0.1,0.15,1
55.8,4,0,26.0299,0,0,0.1,0.1,0.15,1
55.8,5,0,25.7844,0,0,0.1,0.1,0.15,1
55.8,6,0.598347,50.6713,1,1,4.93136,10.7755,5.81988,1
55.8,7,0.9,60.5913,1,1,4.93136,36.5459,8.28714,1
55.9,0,0,25.826,0,0,0.1,0.1,0.15,1
55.9,1,0,25.7426,0,0,0.1,0.1,0.15,1
55.9,2,0,28.0183,0,0,0.1,0.1,0.15,1
55.9,3,0,30.1924,0,0,0.1,0.1,0.15,1
55.9,4,0,26.024,0,0,0.1,0.1,0.15,1
55.9,5,0,25.7826,0,0,0.1,0.1,0.15,1
55.9,6,0.598031,50.6914,1,1,5.18465,10.7861,5.97257,1
55.9,7,0.9,60.6378,1,1,5.18465,37.5,8.53007,1
56,0,0,25.8235,0,0,0.1,0.1,0.15,1
56,1,0,25.7414,0,0,0.1,0.1,0.15,1
56,2,0,27.9792,0,0,0.1,0.1,0.15,1
56,3,0,30.1172,0,0,0.1,0.1,0.15,1
56,4,0,26.0182,0,0,0.1,0.1,0.15,1
56,5,0,25.7808,0,0,0.1,0.1,0.15,1
56,6,0.597712,50.7161,1,1,5.37239,10.287,6.03874,1
56,7,0.9,60.6921,1,1,5.37239,37.5,8.64304,1
56.1,0,0,25.821,0,0,0.1,0.1,0.15,1
56.1,1,0,25.7403,0,0,0.1,0.1,0.15,1
56.1,2,0,27.9408,0,0,0.1,0.1,0.15,1
56.1,3,0,30.0431,0,0,0.1,0.1,0.15,1
56.1,4,0,26.0125,0,0,0.1,0.1,0.15,1
56.1,5,0,25.779,0,0,0.1,0.1,0.15,1
56.1,6,0.597365,50.7788,1,1,5.39659,15.5134,6.54953,1
56.1,7,0.9,60.6958,1,1,5.39659,30.4615,7.98116,1
56.2,0,0,25.8186,0,0,0.1,0.1,0.15,1
56.2,1,0,25.7393,0,0,0.1,0.1,0.15,1
56.2,2,0,27.903,0,0,0.1,0.1,0.15,1
56.2,3,0,29.9703,0,0,0.1,0.1,0.15,1
56.2,4,0,26.0068,0,0,0.1,0.1,0.15,1
56.2,5,0,25.7773,0,0,0.1,0.1,0.15,1
56.2,6,0.597084,50.7481,1,1,4.48226,8.28374,5.31955,1
56.2,7,0.9,60.6189,1,1,4.48226,24.933,6.90689,1
56.3,0,0,25.8162,0,0,0.1,0.1,0.15,1
56.3,1,0,25.7382,0,0,0.1,0.1,0.15,1
56.3,2,0,27.8659,0,0,0.1,0.1,0.15,1
56.3,3,0,29.8987,0,0,0.1,0.1,0.15,1
56.3,4,0,26.0013,0,0,0.1,0.1,0.15,1
56.3,5,0,25.7756,0,0,0.1,0.1,0.15,1
56.3,6,0.59681,50.7076,1,1,3.6769,11.7276,5.18195,1
56.3,7,0.9,60.5566,1,1,3.6769,31.5822,7.08429,1
56.4,0,0,25.8138,0,0,0.1,0.1,0.15,1
56.4,1,0,25.7371,0,0,0.1,0.1,0.15,1
56.4,2,0,27.8294,0,0,0.1,0.1,0.15,1
56.4,3,0,29.8283,0,0,0.1,0.1,0.15,1
56.4,4,0,25.9959,0,0,0.1,0.1,0.15,1
56.4,5,0,25.7739,0,0,0.1,0.1,0.15,1
56.4,6,0.596518,50.6927,1,1,4.40739,10.8044,5.51357,1
56.4,7,0.9,60.5038,1,1,4.40739,28.4097,7.19708,1
56.5,0,0,25.8115,0,0,0.1,0.1,0.15,1
56.5,1,0,25.7361,0,0,0.1,0.1,0.15,1
56.5,2,0,27.7935,0,0,0.1,0.1,0.15,1
56.5,3,0,29.7591,0,0,0.1,0.1,0.15,1
56.5,4,0,25.9905,0,0,0.1,0.1,0.15,1
56.5,5,0,25.7722,0,0,0.1,0.1,0.15,1
56.5,6,0.596228,50.675,1,1,4.10214,12.2538,5.47418,1
56.5,7,0.9,60.379,1,1,4.10214,20.1243,6.2257,1
56.6,0,0,25.8093,0,0,0.1,0.1,0.15,1
56.6,1,0,25.7351,0,0,0.1,0.1,0.15,1
56.6,2,0,27.7582,0,0,0.1,0.1,0.15,1
56.6,3,0,29.691,0,0,0.1,0.1,0.15,1
56.6,4,0,25.9853,0,0,0.1,0.1,0.15,1
56.6,5,0,25.7706,0,0,0.1,0.1,0.15,1
56.6,6,0.59599,50.5857,1,1,3.0283,8.48575,4.51538,1
56.6,7,0.9,60.2607,1,1,3.0283,27.0002,6.28594,1
56.7,0,0,25.807,0,0,0.1,0.1,0.15,1
56.7,1,0,25.7341,0,0,0.1,0.1,0.15,1
56.7,2,0,27.7235,0,0,0.1,0.1,0.15,1
56.7,3,0,29.6241,0,0,0.1,0.1,0.15,1
56.7,4,0,25.9801,0,0,0.1,0.1,0.15,1
56.7,5,0,25.769,0,0,0.1,0.1,0.15,1
56.7,6,0.595719,50.5422,1,1,3.75356,10.4585,5.10484,1
56.7,7,0.9,60.1332,1,1,3.75356,21.2524,6.1353,1
56.8,0,0,25.8048,0,0,0.1,0.1,0.15,1
56.8,1,0,25.7331,0,0,0.1,0.1,0.15,1
56.8,2,0,27.6893,0,0,0.1,0.1,0.15,1
56.8,3,0,29.5583,0,0,0.1,0.1,0.15,1
56.8,4,0,25.975,0,0,0.1,0.1,0.15,1
56.8,5,0,25.7675,0,0,0.1,0.1,0.15,1
56.8,6,0.595458,50.4864,1,1,3.12575,12.3153,4.93177,1
56.8,7,0.9,60.0304,1,1,3.12575,28.0153,6.43643,1
56.9,0,0,25.8027,0,0,0.1,0.1,0.15,1
56.9,1,0,25.7321,0,0,0.1,0.1,0.15,1
56.9,2,0,27.6558,0,0,0.1,0.1,0.15,1
56.9,3,0,29.4936,0,0,0.1,0.1,0.15,1
56.9,4,0,25.97,0,0,0.1,0.1,0.15,1
56.9,5,0,25.7659,0,0,0.1,0.1,0.15,1
56.9,6,0.595168,50.474,1,1,3.89263,13.7746,5.49898,1
56.9,7,0.9,59.9789,1,1,3.89263,30.452,7.09744,1
57,0,0,25.8005,0,0,0.1,0.1,0.15,1
57,1,0,25.7312,0,0,0.1,0.1,0.15,1
57,2,0,27.6227,0,0,0.1,0.1,0.15,1
57,3,0,29.4299,0,0,0.1,0.1,0.15,1
57,4,0,25.9651,0,0,0.1,0.1,0.15,1
57,5,0,25.7644,0,0,0.1,0.1,0.15,1
57,6,0.594865,50.4786,1,1,4.29308,13.7026,5.72232,1
57,7,0.9,59.8656,1,1,4.29308,19.3606,6.26271,1
57.1,0,0,25.7984,0,0,0.1,0.1,0.15,1
57.1,1,0,25.7302,0,0,0.1,0.1,0.15,1
57.1,2,0,27.5903,0,0,0.1,0.1,0.15,1
57.1,3,0,29.3673,0,0,0.1,0.1,0.15,1
57.1,4,0,25.9603,0,0,0.1,0.1,0.15,1
57.1,5,0,25.7629,0,0,0.1,0.1,0.15,1
57.1,6,0.594611,50.4137,1,1,2.95671,11.8645,4.79692,1
57.1,7,0.9,59.7966,1,1,2.95671,33.0346,6.82767,1
57.2,0,0,25.7964,0,0,0.1,0.1,0.15,1
57.2,1,0,25.7293,0,0,0.1,0.1,0.15,1
57.2,2,0,27.5584,0,0,0.1,0.1,0.15,1
57.2,3,0,29.3058,0,0,0.1,0.1,0.15,1
57.2,4,0,25.9555,0,0,0.1,0.1,0.15,1
57.2,5,0,25.7614,0,0,0.1,0.1,0.15,1
57.2,6,0.594315,50.4097,1,1,4.49891,11.0913,5.59424,1
57.2,7,0.9,59.7056,1,1,4.49891,20.7929,6.51966,1
57.3,0,0,25.7944,0,0,0.1,0.1,0.15,1
57.3,1,0,25.7284,0,0,0.1,0.1,0.15,1
57.3,2,0,27.527,0,0,0.1,0.1,0.15,1
57.3,3,0,29.2453,0,0,0.1,0.1,0.15,1
57.3,4,0,25.9508,0,0,0.1,0.1,0.15,1
57.3,5,0,25.76,0,0,0.1,0.1,0.15,1
57.3,6,0.593991,50.4455,1,1,3.16148,24.56,6.12386,1
57.3,7,0.9,59.6024,1,1,3.16148,26.7662,6.33584,1
57.4,0,0,25.7924,0,0,0.1,0.1,0.15,1
57.4,1,0,25.7275,0,0,0.1,0.1,0.15,1
57.4,2,0,27.4961,0,0,0.1,0.1,0.15,1
57.4,3,0,29.1858,0,0,0.1,0.1,0.15,1
57.4,4,0,25.9462,0,0,0.1,0.1,0.15,1
57.4,5,0,25.7586,0,0,0.1,0.1,0.15,1
57.4,6,0.593677,50.4659,1,1,3.74096,19.15,5.9267,1
57.4,7,0.9,59.6024,1,1,3.74096,37.5,7.6896,1
57.5,0,0,25.7904,0,0,0.1,0.1,0.15,1
57.5,1,0,25.7266,0,0,0.1,0.1,0.15,1
57.5,2,0,27.4657,0,0,0.1,0.1,0.15,1
57.5,3,0,29.1273,0,0,0.1,0.1,0.15,1
57.5,4,0,25.9417,0,0,0.1,0.1,0.15,1
57.5,5,0,25.7572,0,0,0.1,0.1,0.15,1
57.5,6,0.593352,50.5034,1,1,5.24425,12.3674,6.15826,1
57.5,7,0.9,59.6524,1,1,5.24425,35.3251,8.35671,1
57.6,0,0,25.7885,0,0,0.1,0.1,0.15,1
57.6,1,0,25.7258,0,0,0.1,0.1,0.15,1
57.6,2,0,27.4359,0,0,0.1,0.1,0.15,1
57.6,3,0,29.0697,0,0,0.1,0.1,0.15,1
57.6,4,0,25.9373,0,0,0.1,0.1,0.15,1
57.6,5,0,25.7558,0,0,0.1,0.1,0.15,1
57.6,6,0.593037,50.524,1,1,5.07117,11.1808,5.94178,1
57.6,7,0.9,59.6239,1,1,5.07117,25.6114,7.31993,1
57.7,0,0,25.7866,0,0,0.1,0.1,0.15,1
57.7,1,0,25.7249,0,0,0.1,0.1,0.15,1
57.7,2,0,27.4066,0,0,0.1,0.1,0.15,1
57.7,3,0,29.0132,0,0,0.1,0.1,0.15,1
57.7,4,0,25.9329,0,0,0.1,0.1,0.15,1
57.7,5,0,25.7545,0,0,0.1,0.1,0.15,1
57.7,6,0.592712,50.5595,1,1,3.83532,20.8843,6.14626,1
57.7,7,0.9,59.5785,1,1,3.83532,30.6986,7.08865,1
57.8,0,0,25.7847,0,0,0.1,0.1,0.15,1
57.8,1,0,25.7241,0,0,0.1,0.1,0.15,1
57.8,2,0,27.3777,0,0,0.1,0.1,0.15,1
57.8,3,0,28.9575,0,0,0.1,0.1,0.15,1
57.8,4,0,25.9286,0,0,0.1,0.1,0.15,1
57.8,5,0,25.7532,0,0,0.1,0.1,0.15,1
57.8,6,0.59237,50.6182,1,1,4.31673,21.2959,6.4618,1
57.8,7,0.9,59.5556,1,1,4.31673,30.8515,7.37908,1
57.9,0,0,25.7829,0,0,0.1,0.1,0.15,1
57.9,1,0,25.7233,0,0,0.1,0.1,0.15,1
57.9,2,0,27.3493,0,0,0.1,0.1,0.15,1
57.9,3,0,28.9028,0,0,0.1,0.1,0.15,1
57.9,4,0,25.9244,0,0,0.1,0.1,0.15,1
57.9,5,0,25.7519,0,0,0.1,0.1,0.15,1
57.9,6,0.592025,50.6797,1,1,4.39603,21.3532,6.51335,1
57.9,7,0.9,59.5218,1,1,4.39603,28.8001,7.22797,1
58,0,0,25.7811,0,0,0.1,0.1,0.15,1
58,1,0,25.7225,0,0,0.1,0.1,0.15,1
58,2,0,27.3214,0,0,0.1,0.1,0.15,1
58,3,0,28.849,0,0,0.1,0.1,0.15,1
58,4,0,25.9202,0,0,0.1,0.1,0.15,1
58,5,0,25.7506,0,0,0.1,0.1,0.15,1
58,6,0.591709,50.6997,1,1,4.14951,17.1966,5.97275,1
58,7,0.9,59.5199,1,1,4.14951,34.6401,7.64688,1
58.1,0,0,25.7793,0,0,0.1,0.1,0.15,1
58.1,1,0,25.7217,0,0,0.1,0.1,0.15,1
58.1,2,0,27.294,0,0,0.1,0.1,0.15,1
58.1,3,0,28.7961,0,0,0.1,0.1,0.15,1
58.1,4,0,25.9161,0,0,0.1,0.1,0.15,1
58.1,5,0,25.7493,0,0,0.1,0.1,0.15,1
58.1,6,0.591371,50.7506,1,1,4.8487,17.2905,6.3906,1
58.1,7,0.9,59.513,1,1,4.8487,29.6951,7.5796,1
58.2,0,0,25.7776,0,0,0.1,0.1,0.15,1
58.2,1,0,25.7209,0,0,0.1,0.1,0.15,1
58.2,2,0,27.267,0,0,0.1,0.1,0.15,1
58.2,3,0,28.7441,0,0,0.1,0.1,0.15,1
58.2,4,0,25.9121,0,0,0.1,0.1,0.15,1
58.2,5,0,25.7481,0,0,0.1,0.1,0.15,1
58.2,6,0.59102,50.8192,1,1,4.31797,23.1162,6.63703,1
58.2,7,0.9,59.5112,1,1,4.31797,33.6059,7.6446,1
58.3,0,0,25.7759,0,0,0.1,0.1,0.15,1
58.3,1,0,25.7201,0,0,0.1,0.1,0.15,1
58.3,2,0,27.2405,0,0,0.1,0.1,0.15,1
58.3,3,0,28.6929,0,0,0.1,0.1,0.15,1
58.3,4,0,25.9082,0,0,0.1,0.1,0.15,1
58.3,5,0,25.7469,0,0,0.1,0.1,0.15,1
58.3,6,0.590606,50.9761,1,1,4.74048,32.9548,7.82891,1
58.3,7,0.9,59.4442,1,1,4.74048,21.9942,6.77666,1
58.4,0,0,25.7742,0,0,0.1,0.1,0.15,1
58.4,1,0,25.7194,0,0,0.1,0.1,0.15,1
58.4,2,0,27.2144,0,0,0.1,0.1,0.15,1
58.4,3,0,28.6426,0,0,0.1,0.1,0.15,1
58.4,4,0,25.9043,0,0,0.1,0.1,0.15,1
58.4,5,0,25.7457,0,0,0.1,0.1,0.15,1
58.4,6,0.590241,51.061,1,1,4.71191,23.5097,6.90508,1
58.4,7,0.9,59.4425,1,1,4.71191,31.0737,7.63127,1
58.5,0,0,25.7726,0,0,0.1,0.1,0.15,1
58.5,1,0,25.7187,0,0,0.1,0.1,0.15,1
58.5,2,0,27.1887,0,0,0.1,0.1,0.15,1
58.5,3,0,28.5932,0,0,0.1,0.1,0.15,1
58.5,4,0,25.9004,0,0,0.1,0.1,0.15,1
58.5,5,0,25.7445,0,0,0.1,0.1,0.15,1
58.5,6,0.589946,51.0446,1,1,4.4732,11.0143,5.5719,1
58.5,7,0.9,59.4767,1,1,4.4732,37.5,8.10931,1
58.6,0,0,25.7709,0,0,0.1,0.1,0.15,1
58.6,1,0,25.7179,0,0,0.1,0.1,0.15,1
58.6,2,0,27.1635,0,0,0.1,0.1,0.15,1
58.6,3,0,28.5445,0,0,0.1,0.1,0.15,1
58.6,4,0,25.8967,0,0,0.1,0.1,0.15,1
58.6,5,0,25.7433,0,0,0.1,0.1,0.15,1
58.6,6,0.589604,51.0944,1,1,5.53241,13.6177,6.45156,1
58.6,7,0.9,59.5456,1,1,5.53241,35.8436,8.58066,1
58.7,0,0,25.7693,0,0,0.1,0.1,0.15,1
58.7,1,0,25.7172,0,0,0.1,0.1,0.15,1
58.7,2,0,27.1387,0,0,0.1,0.1,0.15,1
58.7,3,0,28.4967,0,0,0.1,0.1,0.15,1
58.7,4,0,25.893,0,0,0.1,0.1,0.15,1
58.7,5,0,25.7422,0,0,0.1,0.1,0.15,1
58.7,6,0.58923,51.1903,1,1,5.172,22.4559,7.07778,1
58.7,7,0.9,59.5997,1,1,5.172,36.2121,8.39863,1
58.8,0,0,25.7678,0,0,0.1,0.1,0.15,1
58.8,1,0,25.7165,0,0,0.1,0.1,0.15,1
58.8,2,0,27.1143,0,0,0.1,0.1,0.15,1
58.8,3,0,28.4497,0,0,0.1,0.1,0.15,1
58.8,4,0,25.8894,0,0,0.1,0.1,0.15,1
58.8,5,0,25.7411,0,0,0.1,0.1,0.15,1
58.8,6,0.588895,51.2279,1,1,5.17302,14.5329,6.32123,1
58.8,7,0.9,59.6293,1,1,5.17302,32.9236,8.08311,1
58.9,0,0,25.7662,0,0,0.1,0.1,0.15,1
58.9,1,0,25.7158,0,0,0.1,0.1,0.15,1
58.9,2,0,27.0903,0,0,0.1,0.1,0.15,1
58.9,3,0,28.4034,0,0,0.1,0.1,0.15,1
58.9,4,0,25.8858,0,0,0.1,0.1,0.15,1
58.9,5,0,25.74,0,0,0.1,0.1,0.15,1
58.9,6,0.588551,51.2783,1,1,4.76207,18.9802,6.50083,1
58.9,7,0.9,59.6731,1,1,4.76207,37.5,8.2787,1
59,0,0,25.7647,0,0,0.1,0.1,0.15,1
59,1,0,25.7151,0,0,0.1,0.1,0.15,1
59,2,0,27.0667,0,0,0.1,0.1,0.15,1
59,3,0,28.358,0,0,0.1,0.1,0.15,1
59,4,0,25.8823,0,0,0.1,0.1,0.15,1
59,5,0,25.7389,0,0,0.1,0.1,0.15,1
59,6,0.588213,51.3195,1,1,5.36794,14.0099,6.38903,1
59,7,0.9,59.7273,1,1,5.36794,35.3006,8.42887,1
59.1,0,0,25.7632,0,0,0.1,0.1,0.15,1
59.1,1,0,25.7145,0,0,0.1,0.1,0.15,1
59.1,2,0,27.0435,0,0,0.1,0.1,0.15,1
59.1,3,0,28.3133,0,0,0.1,0.1,0.15,1
59.1,4,0,25.8788,0,0,0.1,0.1,0.15,1
59.1,5,0,25.7378,0,0,0.1,0.1,0.15,1
59.1,6,0.587903,51.321,1,1,5.08357,10.3349,5.86921,1
59.1,7,0.9,59.7491,1,1,5.08357,32.6852,8.00665,1
59.2,0,0,25.7617,0,0,0.1,0.1,0.15,1
59.2,1,0,25.7138,0,0,0.1,0.1,0.15,1
59.2,2,0,27.0207,0,0,0.1,0.1,0.15,1
59.2,3,0,28.2693,0,0,0.1,0.1,0.15,1
59.2,4,0,25.8754,0,0,0.1,0.1,0.15,1
59.2,5,0,25.7368,0,0,0.1,0.1,0.15,1
59.2,6,0.587577,51.3441,1,1,4.7211,15.6344,6.15698,1
59.2,7,0.9,59.7737,1,1,4.7211,35.3844,8.05108,1
59.3,0,0,25.7603,0,0,0.1,0.1,0.15,1
59.3,1,0,25.7132,0,0,0.1,0.1,0.15,1
59.3,2,0,26.9983,0,0,0.1,0.1,0.15,1
59.3,3,0,28.226,0,0,0.1,0.1,0.15,1
59.3,4,0,25.8721,0,0,0.1,0.1,0.15,1
59.3,5,0,25.7357,0,0,0.1,0.1,0.15,1
59.3,6,0.587207,51.4295,1,1,5.01319,22.5525,6.992,1
59.3,7,0.9,59.8214,1,1,5.01319,36.8242,8.36258,1
59.4,0,0,25.7589,0,0,0.1,0.1,0.15,1
59.4,1,0,25.7125,0,0,0.1,0.1,0.15,1
59.4,2,0,26.9762,0,0,0.1,0.1,0.15,1
59.4,3,0,28.1835,0,0,0.1,0.1,0.15,1
59.4,4,0,25.8688,0,0,0.1,0.1,0.15,1
59.4,5,0,25.7347,0,0,0.1,0.1,0.15,1
59.4,6,0.586853,51.4914,1,1,5.22968,18.1288,6.69836,1
59.4,7,0.9,59.8063,1,1,5.22968,26.8797,7.53665,1
59.5,0,0,25.7575,0,0,0.1,0.1,0.15,1
59.5,1,0,25.7119,0,0,0.1,0.1,0.15,1
59.5,2,0,26.9545,0,0,0.1,0.1,0.15,1
59.5,3,0,28.1417,0,0,0.1,0.1,0.15,1
59.5,4,0,25.8656,0,0,0.1,0.1,0.15,1
59.5,5,0,25.7337,0,0,0.1,0.1,0.15,1
59.5,6,0.586533,51.5026,1,1,4.01367,18.689,6.03755,1
59.5,7,0.9,59.7397,1,1,4.01367,27.134,6.84753,1
59.6,0,0,25.7561,0,0,0.1,0.1,0.15,1
59.6,1,0,25.7113,0,0,0.1,0.1,0.15,1
59.6,2,0,26.9332,0,0,0.1,0.1,0.15,1
59.6,3,0,28.1006,0,0,0.1,0.1,0.15,1
59.6,4,0,25.8624,0,0,0.1,0.1,0.15,1
59.6,5,0,25.7328,0,0,0.1,0.1,0.15,1
59.6,6,0.586264,51.4421,1,1,3.89345,9.38264,5.08259,1
59.6,7,0.9,59.5939,1,1,3.89345,16.6678,5.77561,1
59.7,0,0,25.7547,0,0,0.1,0.1,0.15,1
59.7,1,0,25.7107,0,0,0.1,0.1,0.15,1
59.7,2,0,26.9122,0,0,0.1,0.1,0.15,1
59.7,3,0,28.0602,0,0,0.1,0.1,0.15,1
59.7,4,0,25.8593,0,0,0.1,0.1,0.15,1
59.7,5,0,25.7318,0,0,0.1,0.1,0.15,1
59.7,6,0.585923,51.4856,1,1,2.57016,31.2991,6.45525,1
59.7,7,0.9,59.5083,1,1,2.57016,32.2484,6.5466,1
59.8,0,0,25.7534,0,0,0.1,0.1,0.15,1
59.8,1,0,25.7101,0,0,0.1,0.1,0.15,1
59.8,2,0,26.8916,0,0,0.1,0.1,0.15,1
59.8,3,0,28.0204,0,0,0.1,0.1,0.15,1
59.8,4,0,25.8562,0,0,0.1,0.1,0.15,1
59.8,5,0,25.7308,0,0,0.1,0.1,0.15,1
59.8,6,0.585566,51.5495,1,1,4.35232,23.9681,6.73867,1
59.8,7,0.9,59.4836,1,1,4.35232,30.2221,7.33921,1
59.9,0,0,25.7521,0,0,0.1,0.1,0.15,1
59.9,1,0,25.7095,0,0,0.1,0.1,0.15,1
59.9,2,0,26.8713,0,0,0.1,0.1,0.15,1
59.9,3,0,27.9813,0,0,0.1,0.1,0.15,1
59.9,4,0,25.8532,0,0,0.1,0.1,0.15,1
59.9,5,0,25.7299,0,0,0.1,0.1,0.15,1
59.9,6,0.585192,51.6379,1,1,4.3218,27.6938,7.07861,1
59.9,7,0.9,59.485,1,1,4.3218,33.9682,7.68165,1
60,0,0,25.7508,0,0,0.1,0.1,0.15,1
60,1,0,25.7089,0,0,0.1,0.1,0.15,1
60,2,0,26.8514,0,0,0.1,0.1,0.15,1
60,3,0,27.9429,0,0,0.1,0.1,0.15,1
60,4,0,25.8502,0,0,0.1,0.1,0.15,1
60,5,0,25.729,0,0,0.1,0.1,0.15,1
60,6,0.58481,51.7355,1,1,4.78624,26.3341,7.21993,1
60,7,0.9,59.4829,1,1,4.78624,30.6517,7.63457,1
60.1,0,0,25.7496,0,0,0.1,0.1,0.15,1
60.1,1,0,25.7084,0,0,0.1,0.1,0.15,1
60.1,2,0,26.8318,0,0,0.1,0.1,0.15,1
60.1,3,0,27.9051,0,0,0.1,0.1,0.15,1
60.1,4,0,25.8473,0,0,0.1,0.1,0.15,1
60.1,5,0,25.7281,0,0,0.1,0.1,0.15,1
60.1,6,0.584467,51.7756,1,1,4.42974,20.7579,6.47594,1
60.1,7,0.9,59.4174,1,1,4.42974,24.0379,6.79039,1
60.2,0,0,25.7483,0,0,0.1,0.1,0.15,1
60.2,1,0,25.7078,0,0,0.1,0.1,0.15,1
60.2,2,0,26.8125,0,0,0.1,0.1,0.15,1
60.2,3,0,27.8679,0,0,0.1,0.1,0.15,1
60.2,4,0,25.8444,0,0,0.1,0.1,0.15,1
60.2,5,0,25.7272,0,0,0.1,0.1,0.15,1
60.2,6,0.584125,51.8146,1,1,3.55846,25.8833,6.47021,1
60.2,7,0.9,59.396,1,1,3.55846,35.1605,7.3622,1
60.3,0,0,25.7471,0,0,0.1,0.1,0.15,1
60.3,1,0,25.7073,0,0,0.1,0.1,0.15,1
60.3,2,0,26.7936,0,0,0.1,0.1,0.15,1
60.3,3,0,27.8314,0,0,0.1,0.1,0.15,1
60.3,4,0,25.8416,0,0,0.1,0.1,0.15,1
60.3,5,0,25.7263,0,0,0.1,0.1,0.15,1
60.3,6,0.583958,51.6039,1,1,0.508282,7,3.14978,1
60.3,7,0.9,59.7669,1,1,13.5031,21.8352,12.5895,1
60.4,0,0,25.7459,0,0,0.1,0.1,0.15,1
60.4,1,0,25.7067,0,0,0.1,0.1,0.15,1
60.4,2,0,26.7749,0,0,0.1,0.1,0.15,1
60.4,3,0,27.7954,0,0,0.1,0.1,0.15,1
60.4,4,0,25.8388,0,0,0.1,0.1,0.15,1
60.4,5,0,25.7255,0,0,0.1,0.1,0.15,1
60.4,6,0.583547,51.7433,1,1,4.41729,34.3118,7.77011,1
60.4,7,0.9,59.7699,1,1,4.41729,34.2711,7.7662,1
60.5,0,0,25.7447,0,0,0.1,0.1,0.15,1
60.5,1,0,25.7062,0,0,0.1,0.1,0.15,1
60.5,2,0,26.7566,0,0,0.1,0.1,0.15,1
60.5,3,0,27.7601,0,0,0.1,0.1,0.15,1
60.5,4,0,25.8361,0,0,0.1,0.1,0.15,1
60.5,5,0,25.7246,0,0,0.1,0.1,0.15,1
60.5,6,0.583222,51.7576,1,1,4.84114,14.6548,6.13465,1
60.5,7,0.9,59.7873,1,1,4.84114,33.6751,7.95761,1
60.6,0,0,25.7435,0,0,0.1,0.1,0.15,1
60.6,1,0,25.7057,0,0,0.1,0.1,0.15,1
60.6,2,0,26.7385,0,0,0.1,0.1,0.15,1
60.6,3,0,27.7254,0,0,0.1,0.1,0.15,1
60.6,4,0,25.8334,0,0,0.1,0.1,0.15,1
60.6,5,0,25.7238,0,0,0.1,0.1,0.15,1
60.6,6,0.582888,51.7858,1,1,4.81453,16.786,6.32215,1
60.6,7,0.9,59.767,1,1,4.81453,28.6718,7.4611,1
60.7,0,0,25.7424,0,0,0.1,0.1,0.15,1
60.7,1,0,25.7052,0,0,0.1,0.1,0.15,1
60.7,2,0,26.7208,0,0,0.1,0.1,0.15,1
60.7,3,0,27.6912,0,0,0.1,0.1,0.15,1
60.7,4,0,25.8308,0,0,0.1,0.1,0.15,1
60.7,5,0,25.723,0,0,0.1,0.1,0.15,1
60.7,6,0.582544,51.8266,1,1,4.1858,22.4425,6.49602,1
60.7,7,0.9,59.7168,1,1,4.1858,28.2714,7.05554,1
60.8,0,0,25.7413,0,0,0.1,0.1,0.15,1
60.8,1,0,25.7047,0,0,0.1,0.1,0.15,1
60.8,2,0,26.7034,0,0,0.1,0.1,0.15,1
60.8,3,0,27.6576,0,0,0.1,0.1,0.15,1
60.8,4,0,25.8282,0,0,0.1,0.1,0.15,1
60.8,5,0,25.7222,0,0,0.1,0.1,0.15,1
60.8,6,0.582232,51.8214,1,1,4.05715,16.9089,5.89217,1
60.8,7,0.9,59.6843,1,1,4.05715,31.4008,7.28243,1
60.9,0,0,25.7402,0,0,0.1,0.1,0.15,1
60.9,1,0,25.7042,0,0,0.1,0.1,0.15,1
60.9,2,0,26.6863,0,0,0.1,0.1,0.15,1
60.9,3,0,27.6245,0,0,0.1,0.1,0.15,1
60.9,4,0,25.8256,0,0,0.1,0.1,0.15,1
60.9,5,0,25.7214,0,0,0.1,0.1,0.15,1
60.9,6,0.581915,51.8247,1,1,4.43224,15.809,6.0041,1
60.9,7,0.9,59.65,1,1,4.43224,28.8131,7.25028,1
61,0,0,25.7391,0,0,0.1,0.1,0.15,1
61,1,0,25.7037,0,0,0.1,0.1,0.15,1
61,2,0,26.6694,0,0,0.1,0.1,0.15,1
61,3,0,27.592,0,0,0.1,0.1,0.15,1
61,4,0,25.8231,0,0,0.1,0.1,0.15,1
61,5,0,25.7206,0,0,0.1,0.1,0.15,1
61,6,0.581584,51.8459,1,1,4.15567,19.9917,6.24377,1
61,7,0.9,59.5971,1,1,4.15567,27.8128,6.99414,1
61.1,0,0,25.738,0,0,0.1,0.1,0.15,1
61.1,1,0,25.7032,0,0,0.1,0.1,0.15,1
61.1,2,0,26.6528,0,0,0.1,0.1,0.15,1
61.1,3,0,27.5601,0,0,0.1,0.1,0.15,1
61.1,4,0,25.8206,0,0,0.1,0.1,0.15,1
61.1,5,0,25.7199,0,0,0.1,0.1,0.15,1
61.1,6,0.581259,51.8597,1,1,3.99606,19.9644,6.1496,1
61.1,7,0.9,59.4413,1,1,3.99606,14.3356,5.61149,1
61.2,0,0,25.737,0,0,0.1,0.1,0.15,1
61.2,1,0,25.7027,0,0,0.1,0.1,0.15,1
61.2,2,0,26.6365,0,0,0.1,0.1,0.15,1
61.2,3,0,27.5287,0,0,0.1,0.1,0.15,1
61.2,4,0,25.8182,0,0,0.1,0.1,0.15,1
61.2,5,0,25.7191,0,0,0.1,0.1,0.15,1
61.2,6,0.580925,51.8853,1,1,2.99505,27.4385,6.31009,1
61.2,7,0.9,59.3095,1,1,2.99505,23.1238,5.89551,1
61.3,0,0,25.7359,0,0,0.1,0.1,0.15,1
61.3,1,0,25.7023,0,0,0.1,0.1,0.15,1
61.3,2,0,26.6205,0,0,0.1,0.1,0.15,1
61.3,3,0,27.4978,0,0,0.1,0.1,0.15,1
61.3,4,0,25.8158,0,0,0.1,0.1,0.15,1
61.3,5,0,25.7184,0,0,0.1,0.1,0.15,1
61.3,6,0.580547,51.9736,1,1,3.80419,31.5466,7.15258,1
61.3,7,0.9,59.2141,1,1,3.80419,23.2242,6.35305,1
61.4,0,0,25.7349,0,0,0.1,0.1,0.15,1
61.4,1,0,25.7018,0,0,0.1,0.1,0.15,1
61.4,2,0,26.6047,0,0,0.1,0.1,0.15,1
61.4,3,0,27.4674,0,0,0.1,0.1,0.15,1
61.4,4,0,25.8135,0,0,0.1,0.1,0.15,1
61.4,5,0,25.7177,0,0,0.1,0.1,0.15,1
61.4,6,0.580166,52.0641,1,1,4.41885,28.3747,7.20038,1
61.4,7,0.9,59.143,1,1,4.41885,22.6864,6.65442,1
61.5,0,0,25.7339,0,0,0.1,0.1,0.15,1
61.5,1,0,25.7014,0,0,0.1,0.1,0.15,1
61.5,2,0,26.5892,0,0,0.1,0.1,0.15,1
61.5,3,0,27.4375,0,0,0.1,0.1,0.15,1
61.5,4,0,25.8112,0,0,0.1,0.1,0.15,1
61.5,5,0,25.717,0,0,0.1,0.1,0.15,1
61.5,6,0.579833,52.0847,1,1,4.09919,20.799,6.28865,1
61.5,7,0.9,59.0605,1,1,4.09919,22.8695,6.48716,1
61.6,0,0,25.7329,0,0,0.1,0.1,0.15,1
61.6,1,0,25.7009,0,0,0.1,0.1,0.15,1
61.6,2,0,26.574,0,0,0.1,0.1,0.15,1
61.6,3,0,27.4081,0,0,0.1,0.1,0.15,1
61.6,4,0,25.8089,0,0,0.1,0.1,0.15,1
61.6,5,0,25.7163,0,0,0.1,0.1,0.15,1
61.6,6,0.579527,52.0677,1,1,3.37109,19.9075,5.79257,1
61.6,7,0.9,58.891,1,1,3.37109,14.8577,5.30928,1
61.7,0,0,25.732,0,0,0.1,0.1,0.15,1
61.7,1,0,25.7005,0,0,0.1,0.1,0.15,1
61.7,2,0,26.559,0,0,0.1,0.1,0.15,1
61.7,3,0,27.3793,0,0,0.1,0.1,0.15,1
61.7,4,0,25.8067,0,0,0.1,0.1,0.15,1
61.7,5,0,25.7156,0,0,0.1,0.1,0.15,1
61.7,6,0.579206,52.0712,1,1,2.90982,25.3213,6.06068,1
61.7,7,0.9,58.7541,1,1,2.90982,21.6297,5.7061,1
61.8,0,0,25.731,0,0,0.1,0.1,0.15,1
61.8,1,0,25.7001,0,0,0.1,0.1,0.15,1
61.8,2,0,26.5443,0,0,0.1,0.1,0.15,1
61.8,3,0,27.3509,0,0,0.1,0.1,0.15,1
61.8,4,0,25.8045,0,0,0.1,0.1,0.15,1
61.8,5,0,25.7149,0,0,0.1,0.1,0.15,1
61.8,6,0.578912,52.0363,1,1,3.52889,16.4722,5.55134,1
61.8,7,0.9,58.6812,1,1,3.52889,26.6659,6.5289,1
61.9,0,0,25.7301,0,0,0.1,0.1,0.15,1
61.9,1,0,25.6997,0,0,0.1,0.1,0.15,1
61.9,2,0,26.5298,0,0,0.1,0.1,0.15,1
61.9,3,0,27.3229,0,0,0.1,0.1,0.15,1
61.9,4,0,25.8023,0,0,0.1,0.1,0.15,1
61.9,5,0,25.7142,0,0,0.1,0.1,0.15,1
61.9,6,0.578635,51.9781,1,1,3.77435,11.6726,5.23179,1
61.9,7,0.9,58.6285,1,1,3.77435,27.8712,6.78242,1
62,0,0,25.7292,0,0,0.1,0.1,0.15,1
62,1,0,25.6992,0,0,0.1,0.1,0.15,1
62,2,0,26.5156,0,0,0.1,0.1,0.15,1
62,3,0,27.2955,0,0,0.1,0.1,0.15,1
62,4,0,25.8002,0,0,0.1,0.1,0.15,1
62,5,0,25.7136,0,0,0.1,0.1,0.15,1
62,6,0.578338,51.9501,1,1,3.95569,14.6814,5.6214,1
62,7,0.9,58.6069,1,1,3.95569,30.9935,7.18535,1
