sim_t,client,soc,temp,throttled,alive,ul,dl,power_W,scale
0,0,0.299445,25.21,0,1,0.33116,4.03458,2.7994,0.576369
0,1,0.24945,25.2077,0,1,0.311627,3.79661,2.76962,0.542373
0,2,0.548269,25.6545,0,1,9.20422,12.7538,8.72652,0.767018
0,3,0.599404,25.2252,0,1,0.463357,5.64516,3.00286,0.806452
0,4,0.348559,25.5446,0,1,7.34507,10.1777,7.26133,0.612089
0,5,0.279447,25.209,0,1,0.323224,3.93789,2.78729,0.562556
0,6,0.799447,25.784,0,1,11.3208,15.6866,10.454,0.943396
0,7,0.9,25.2382,0,1,0.574563,7,3.17615,1
0.1,0,0.298846,25.4329,0,1,0.868207,4.03187,3.01902,0.575981
0.1,1,0.24886,25.4273,0,1,0.816999,3.79406,2.97454,0.542009
0.1,2,0.547406,25.9695,0,1,3.25198,5.3595,4.34572,0.765643
0.1,3,0.598744,25.4709,0,1,1.21491,5.64191,3.32614,0.805987
0.1,4,0.347787,25.8273,0,1,2.59531,4.27726,3.89021,0.611037
0.1,5,0.278852,25.4306,0,1,0.847401,3.93525,3.00092,0.562178
0.1,6,0.799188,26.1374,0,1,4.00572,6.6017,4.8858,0.943101
0.1,7,0.9,25.5036,0,1,1.50735,7,3.59202,1
0.2,0,0.298197,25.6707,0,1,0.809199,6.93181,3.26721,0.575564
0.2,1,0.248224,25.6608,0,1,0.761475,6.523,3.20797,0.541619
0.2,2,0.546562,26.2726,0,1,1.07547,16.0521,4.25732,0.764958
0.2,3,0.598015,25.7386,0,1,1.13243,9.70071,3.6739,0.805471
0.2,4,0.347023,26.1023,0,1,0.85828,12.8104,3.85089,0.610474
0.2,5,0.278208,25.6667,0,1,0.789808,6.76571,3.24311,0.561772
0.2,6,0.798938,26.4732,0,1,1.32573,19.7874,4.73023,0.942962
0.2,7,0.9,25.7971,0,1,1.40592,12.0435,4.02431,1
0.3,0,0.297255,26.0157,0,1,1.60962,18.5936,4.74953,0.575112
0.3,1,0.247311,25.9947,0,1,1.5147,17.4971,4.59882,0.541198
0.3,2,0.545581,26.622,0,1,2.13907,17.8625,4.94127,0.764287
0.3,3,0.596868,26.16,0,1,2.25275,26.0228,5.78322,0.804902
0.3,4,0.346154,26.4125,0,1,1.70703,14.2546,4.3803,0.609917
0.3,5,0.277278,26.0072,0,1,1.57105,18.1481,4.68823,0.561332
0.3,6,0.798642,26.8687,0,1,2.63877,22.0352,5.60063,0.942828
0.3,7,0.9,26.2844,0,1,2.79878,32.3303,6.67532,1
0.4,0,0.296259,26.3754,0,1,2.52252,16.6319,5.02114,0.574456
0.4,1,0.246349,26.3419,0,1,2.37383,15.6516,4.84976,0.540596
0.4,2,0.544598,26.9666,0,1,3.35267,11.2471,4.95506,0.763508
0.4,3,0.595637,26.606,0,1,3.5305,23.2779,6.20444,0.804005
0.4,4,0.345287,26.7168,0,1,2.67545,8.97522,4.37171,0.609284
0.4,5,0.276295,26.3618,0,1,2.4621,16.2336,4.9514,0.560698
0.4,6,0.798343,27.2614,0,1,4.13939,13.8862,5.65096,0.942669
0.4,7,0.9,26.806,0,1,4.39114,28.9524,7.23976,1
0.5,0,0.29532,26.7073,0,1,2.39142,14.3108,4.73056,0.573764
0.5,1,0.245441,26.6628,0,1,2.25053,13.4677,4.57719,0.539961
0.5,2,0.544124,27.113,0,1,0.111596,0.111596,2.38882,0.762726
0.5,3,0.594426,27.037,0,1,4.01644,19.36,6.10338,0.803042
0.5,4,0.344815,26.8667,0,1,0.0890534,0.0890534,2.38032,0.608652
0.5,5,0.275245,26.7361,0,1,3.73467,12.5677,5.29444,0.560029
0.5,6,0.798216,27.4036,0,1,0.137901,0.137901,2.39905,0.942508
0.5,7,0.9,27.6679,0,1,13.3374,15.7725,11.8926,1
0.6,0,0.294376,27.0355,0,1,2.0854,16.2124,4.75583,0.573112
0.6,1,0.244528,26.9803,0,1,1.9626,15.2577,4.60259,0.539363
0.6,2,0.543153,27.4448,0,1,2.77399,13.9075,4.89354,0.76235
0.6,3,0.593273,27.439,0,1,2.91861,22.6899,5.81262,0.802095
0.6,4,0.343955,27.1605,0,1,2.21347,11.0973,4.33191,0.608309
0.6,5,0.274314,27.0592,0,1,2.0352,15.8221,4.69309,0.559314
0.6,6,0.797921,27.7809,0,1,3.42929,17.1928,5.56481,0.94244
0.6,7,0.9,28.1294,0,1,3.63874,28.2883,6.74621,1
0.7,0,0.293447,27.3528,0,1,2.28461,14.3864,4.68258,0.572457
0.7,1,0.243628,27.2872,0,1,2.15014,13.5396,4.53274,0.538762
0.7,2,0.542149,27.7838,0,1,3.03937,14.1839,5.06291,0.761578
0.7,3,0.592138,27.8273,0,1,3.19746,20.1348,5.71879,0.801192
0.7,4,0.34307,27.4592,0,1,2.42519,11.3177,4.46238,0.607684
0.7,5,0.273397,27.3715,0,1,2.22963,14.0402,4.62122,0.558681
0.7,6,0.797615,28.1684,0,1,3.76054,17.5494,5.78453,0.942282
0.7,7,0.9,28.5754,0,1,3.99088,25.131,6.64218,1
0.8,0,0.292543,27.6555,0,1,2.08153,14.1763,4.55884,0.571813
0.8,1,0.242752,27.5804,0,1,1.95907,13.3422,4.41742,0.538171
0.8,2,0.541057,28.1502,0,1,2.76942,20.305,5.50382,0.760779
0.8,3,0.591039,28.1954,0,1,2.91329,19.841,5.53633,0.800303
0.8,4,0.342114,27.7795,0,1,2.20977,16.2018,4.81803,0.607041
0.8,5,0.272504,27.6695,0,1,2.03147,13.8353,4.50093,0.558058
0.8,6,0.797281,28.5902,0,1,3.42953,25.1449,6.32754,0.942117
0.8,7,0.9,28.9966,0,1,3.64024,24.7918,6.41116,1
0.9,0,0.291629,27.9568,0,1,2.16551,14.2438,4.60793,0.571186
0.9,1,0.241866,27.8722,0,1,2.03816,13.4062,4.46325,0.537595
0.9,2,0.540032,28.4848,0,1,2.88101,16.1093,5.16141,0.759911
0.9,3,0.589926,28.5628,0,1,3.03088,19.9359,5.60895,0.799442
0.9,4,0.341212,28.074,0,1,2.29881,12.8539,4.54338,0.606347
0.9,5,0.271601,27.9662,0,1,2.11344,13.9013,4.54869,0.557452
0.9,6,0.796968,28.9736,0,1,3.57112,19.9681,5.90966,0.941936
0.9,7,0.9,29.4183,0,1,3.79125,24.9373,6.51016,1
1,0,0.290643,28.28,0,1,2.0489,18.6005,4.96651,0.570553
1,1,0.240914,28.1844,0,1,1.92845,17.5071,4.80127,0.537014
1,2,0.539086,28.7846,0,1,2.72597,12.8976,4.77152,0.759097
1,3,0.588715,28.9614,0,1,2.86771,26.034,6.10658,0.798569
1,4,0.340372,28.3404,0,1,2.17508,10.2911,4.23549,0.605693
1,5,0.270629,28.2842,0,1,1.99965,18.1534,4.89887,0.55684
1,6,0.796681,29.3142,0,1,3.38195,16.0013,5.42457,0.941768
1,7,0.9,29.8797,0,1,3.59107,32.6008,7.13416,1
1.1,0,0.289669,28.5937,0,1,2.57809,15.1866,4.91195,0.569872
1.1,1,0.239972,28.4874,0,1,2.42661,14.2944,4.74728,0.536389
1.1,2,0.53797,29.1431,0,1,3.43073,17.7814,5.62194,0.758344
1.1,3,0.587514,29.3494,0,1,3.60841,21.2559,6.05399,0.797618
1.1,4,0.339399,28.6523,0,1,2.73739,14.1878,4.9008,0.605084
1.1,5,0.269668,28.5928,0,1,2.51616,14.8218,4.84451,0.556182
1.1,6,0.796337,29.7301,0,1,4.25984,22.0786,6.50387,0.941612
1.1,7,0.9,30.3306,0,1,4.52398,26.6492,7.096,1
1.2,0,0.288747,28.8821,0,1,2.21797,14.3319,4.64315,0.569199
1.2,1,0.23908,28.7665,0,1,2.08772,13.4903,4.49633,0.535772
1.2,2,0.53699,29.4447,0,1,2.95154,13.4111,4.94155,0.757457
1.2,3,0.58639,29.7015,0,1,3.10436,20.0595,5.66073,0.796675
1.2,4,0.338533,28.9189,0,1,2.35506,10.7008,4.36716,0.604379
1.2,5,0.268759,28.8766,0,1,2.16471,13.9878,4.58303,0.555532
1.2,6,0.796038,30.0749,0,1,3.66841,16.6684,5.64832,0.941426
1.2,7,0.9,30.7362,0,1,3.89665,25.1791,6.59312,1
1.3,0,0.287808,29.1724,0,1,2.06642,16.0751,4.73309,0.568563
1.3,1,0.238171,29.0473,0,1,1.94512,15.1315,4.58178,0.535189
1.3,2,0.536048,29.7265,0,1,2.75012,12.4864,4.74517,0.756677
1.3,3,0.585244,30.0567,0,1,2.89228,22.4997,5.7802,0.795792
1.3,4,0.337697,29.1697,0,1,2.19432,9.96287,4.21411,0.603752
1.3,5,0.267832,29.1623,0,1,2.01683,15.6893,4.67114,0.554917
1.3,6,0.795752,30.3954,0,1,3.42099,15.5323,5.40141,0.941264
1.3,7,0.9,31.1463,0,1,3.63447,28.2733,6.74237,1
1.4,0,0.2868,29.4839,0,1,2.26511,18.6471,5.08088,0.567915
1.4,1,0.237197,29.348,0,1,2.13221,17.5531,4.90811,0.534595
1.4,2,0.534985,30.0496,0,1,3.015,17.4042,5.35769,0.755928
1.4,3,0.583998,30.4431,0,1,3.1704,26.0997,6.27666,0.794891
1.4,4,0.336765,29.4525,0,1,2.40564,13.8867,4.69739,0.603148
1.4,5,0.266838,29.4687,0,1,2.21077,18.1998,5.01015,0.554291
1.4,6,0.795425,30.7686,0,1,3.75358,21.6678,6.17514,0.941109
1.4,7,0.9,31.5974,0,1,3.98847,32.8343,7.38103,1
1.5,0,0.285773,29.7974,0,1,2.61083,17.7716,5.17678,0.567221
1.5,1,0.236205,29.6502,0,1,2.45773,16.7295,4.99663,0.533959
1.5,2,0.53391,30.3717,0,1,3.47553,15.3873,5.41788,0.755083
1.5,3,0.582723,30.8344,0,1,3.65426,24.8741,6.42692,0.793912
1.5,4,0.335825,29.7336,0,1,2.7731,12.2774,4.73752,0.602474
1.5,5,0.265825,29.777,0,1,2.54823,17.3455,5.10301,0.553621
1.5,6,0.795094,31.1425,0,1,4.33097,19.1746,6.26688,0.940932
1.5,7,0.9,32.0569,0,1,4.60285,31.331,7.59191,1
1.6,0,0.284794,30.0876,0,1,2.54463,15.6111,4.93498,0.566514
1.6,1,0.235259,29.9305,0,1,2.3955,14.6962,4.76955,0.533312
1.6,2,0.532948,30.6458,0,1,3.38779,9.91095,4.84783,0.754228
1.6,3,0.581516,31.1935,0,1,3.56153,21.8497,6.08472,0.792908
1.6,4,0.334974,29.9761,0,1,2.70311,7.90792,4.28564,0.601796
1.6,5,0.26486,30.0624,0,1,2.48365,15.237,4.86723,0.552939
1.6,6,0.7948,31.4568,0,1,4.22561,12.362,5.5557,0.940752
1.6,7,0.9,32.4766,0,1,4.49174,27.5564,7.16427,1
1.7,0,0.283861,30.3553,0,1,2.26677,14.6689,4.70043,0.565841
1.7,1,0.234356,30.1896,0,1,2.13399,13.8096,4.55034,0.532696
1.7,2,0.531906,30.9456,0,1,3.01839,16.2767,5.25159,0.753463
1.7,3,0.580376,31.5211,0,1,3.1726,20.5307,5.74315,0.791958
1.7,4,0.334059,30.2392,0,1,2.40835,12.9871,4.61284,0.601183
1.7,5,0.263939,30.3259,0,1,2.21248,14.3175,4.63897,0.552289
1.7,6,0.79448,31.8032,0,1,3.76803,20.3192,6.05401,0.940592
1.7,7,0.9,32.8565,0,1,4.00602,25.924,6.72695,1
1.8,0,0.282852,30.6477,0,1,2.11456,19.5236,5.08829,0.565201
1.8,1,0.233381,30.4718,0,1,1.99075,18.3805,4.91621,0.532109
1.8,2,0.530968,31.2011,0,1,2.81579,11.9464,4.72883,0.752634
1.8,3,0.57913,31.8834,0,1,2.95955,27.3254,6.28007,0.79106
1.8,4,0.333226,30.4668,0,1,2.24671,9.53198,4.20007,0.600523
1.8,5,0.262944,30.6135,0,1,2.06393,19.0562,5.01784,0.55167
1.8,6,0.794194,32.0947,0,1,3.51833,14.9271,5.3978,0.940417
1.8,7,0.9,33.2809,0,1,3.74125,34.5428,7.40523,1
1.9,0,0.281841,30.9357,0,1,2.70146,16.4232,5.09554,0.564508
1.9,1,0.232404,30.7496,0,1,2.54337,15.4622,4.92007,0.531475
1.9,2,0.529885,31.5071,0,1,3.59816,15.0888,5.45792,0.751887
1.9,3,0.577877,32.2424,0,1,3.78092,22.9857,6.31701,0.790078
1.9,4,0.33228,30.7333,0,1,2.87093,12.0392,4.76728,0.599923
1.9,5,0.261947,30.8967,0,1,2.63682,16.0303,5.02367,0.551001
1.9,6,0.793859,32.4516,0,1,4.49962,18.8691,6.3359,0.940261
1.9,7,0.9,33.7042,0,1,4.7855,29.093,7.48439,1
2,0,0.280839,31.2153,0,1,2.38765,17.6314,5.04665,0.563816
2,1,0.231437,31.0195,0,1,2.24801,16.6002,4.8758,0.530841
2,2,0.528887,31.7758,0,1,3.18045,13.0198,5.02885,0.751026
2,3,0.57664,32.5893,0,1,3.34165,24.6761,6.23391,0.78909
2,4,0.3314,30.9702,0,1,2.53768,10.3885,4.43287,0.599242
2,5,0.260959,31.1717,0,1,2.33055,17.2098,4.97669,0.550332
2,6,0.793552,32.7617,0,1,3.98105,16.2973,5.79015,0.940078
2,7,0.9,34.1121,0,1,4.23481,31.2716,7.3721,1
2.1,0,0.279882,31.4737,0,1,2.49934,14.721,4.82606,0.56313
2.1,1,0.230511,31.2692,0,1,2.35325,13.8605,4.66771,0.530213
2.1,2,0.527895,32.0382,0,1,3.32976,11.8999,5.00444,0.750232
2.1,3,0.575463,32.9075,0,1,3.49789,20.6024,5.92959,0.788115
2.1,4,0.330525,31.2015,0,1,2.65681,9.49494,4.41103,0.59861
2.1,5,0.260015,31.4259,0,1,2.4396,14.3692,4.76121,0.549671
2.1,6,0.793247,33.0648,0,1,4.17161,14.9085,5.76699,0.939911
2.1,7,0.9,34.485,0,1,4.4383,26.1414,6.99724,1
2.2,0,0.278942,31.7208,0,1,2.15004,15.6415,4.7339,0.562475
2.2,1,0.229602,31.5084,0,1,2.02443,14.7277,4.58282,0.529613
2.2,2,0.527001,32.2588,0,1,2.86472,9.31368,4.50505,0.749442
2.2,3,0.574316,33.2096,0,1,3.00899,21.8904,5.78462,0.787187
2.2,4,0.329727,31.3998,0,1,2.28576,7.43139,4.02146,0.597981
2.2,5,0.259088,31.6692,0,1,2.09868,15.2679,4.67204,0.549038
2.2,6,0.792976,33.3152,0,1,3.59214,11.6786,5.12962,0.939744
2.2,7,0.9,34.8372,0,1,3.82246,27.8084,6.80359,1
2.3,0,0.277931,31.991,0,1,2.22141,19.0347,5.0957,0.561834
2.3,1,0.228625,31.7692,0,1,2.09169,17.9231,4.92309,0.529025
2.3,2,0.525956,32.5329,0,1,2.96038,16.771,5.2675,0.748731
2.3,3,0.573067,33.5448,0,1,3.10884,26.6389,6.29491,0.786281
2.3,4,0.328809,31.6401,0,1,2.36206,13.3814,4.62648,0.597408
2.3,5,0.258091,31.935,0,1,2.16837,18.5802,5.02503,0.548418
2.3,6,0.792653,33.6336,0,1,3.71502,21.0461,6.09379,0.939595
2.3,7,0.9,35.2329,0,1,3.95386,33.8796,7.46183,1
2.4,0,0.276988,32.2309,0,1,2.65375,13.0995,4.75242,0.561144
2.4,1,0.227713,32.0012,0,1,2.49887,12.335,4.59786,0.528393
2.4,2,0.524881,32.8137,0,1,3.53695,15.0247,5.41752,0.7479
2.4,3,0.571909,33.8399,0,1,3.7138,18.3321,5.83306,0.785294
2.4,4,0.32787,31.8846,0,1,2.82213,11.9882,4.73621,0.596749
2.4,5,0.25716,32.1711,0,1,2.59042,12.7869,4.68911,0.547752
2.4,6,0.79232,33.9624,0,1,4.44268,18.8721,6.30293,0.939418
2.4,7,0.9,35.5798,0,1,4.72918,23.3443,6.8994,1
2.5,0,0.276149,32.4276,0,1,1.9669,11.3306,4.22913,0.560501
2.5,1,0.226897,32.1927,0,1,1.85216,10.6696,4.10887,0.527804
2.5,2,0.52386,33.0691,0,1,2.62151,17.3533,5.14233,0.747045
2.5,3,0.570904,34.0727,0,1,2.75253,15.8563,5.06843,0.78438
2.5,4,0.32697,32.1098,0,1,2.09174,13.8464,4.53243,0.596076
2.5,5,0.256331,32.365,0,1,1.91998,11.0603,4.17987,0.547131
2.5,6,0.792006,34.2581,0,1,3.29594,21.8178,5.93431,0.939235
2.5,7,0.9,35.8459,0,1,3.50918,20.2151,5.89875,1
2.6,0,0.275261,32.6394,0,1,1.87146,14.4005,4.47509,0.559929
2.6,1,0.226036,32.3984,0,1,1.76233,13.5607,4.34087,0.527278
2.6,2,0.522886,33.3028,0,1,2.49414,15.6162,4.90901,0.746233
2.6,3,0.56983,34.3272,0,1,2.61898,20.1525,5.40945,0.783585
2.6,4,0.326108,32.3175,0,1,1.99012,12.4604,4.34867,0.595432
2.6,5,0.255454,32.5738,0,1,1.82683,14.0571,4.42013,0.546578
2.6,6,0.791707,34.5268,0,1,3.13864,19.6515,5.64029,0.939062
2.6,7,0.9,36.1402,0,1,3.34231,25.7184,6.33439,1
2.7,0,0.274415,32.8319,0,1,2.0318,11.3575,4.26432,0.559325
2.7,1,0.225214,32.5857,0,1,1.91337,10.6955,4.14178,0.526723
2.7,2,0.521964,33.5131,0,1,2.70794,11.7203,4.64969,0.745459
2.7,3,0.568814,34.5558,0,1,2.84336,15.894,5.12059,0.782737
2.7,4,0.325286,32.5059,0,1,2.16071,9.35185,4.13887,0.594814
2.7,5,0.254618,32.7636,0,1,1.98337,11.0868,4.21413,0.545994
2.7,6,0.791426,34.7672,0,1,3.41063,14.7616,5.32203,0.938898
2.7,7,0.9,36.4027,0,1,3.63258,20.3057,5.97645,1
2.8,0,0.273464,33.0608,0,1,1.67194,18.729,4.79262,0.55875
2.8,1,0.224293,32.8073,0,1,1.57452,17.6378,4.64088,0.526194
2.8,2,0.520985,33.7414,0,1,2.22843,17.3257,4.93533,0.744725
2.8,3,0.567655,34.835,0,1,2.33976,26.21,5.84591,0.781933
2.8,4,0.324419,32.7089,0,1,1.7781,13.8245,4.37386,0.594227
2.8,5,0.253679,32.989,0,1,1.6321,18.2828,4.7305,0.545437
2.8,6,0.791126,35.0298,0,1,2.80898,21.8395,5.67221,0.938743
2.8,7,0.9,36.7297,0,1,2.99228,33.5195,6.89351,1
2.9,0,0.272422,33.3203,0,1,2.54717,18.8987,5.25138,0.558104
2.9,1,0.223288,33.0573,0,1,2.39883,17.7981,5.06843,0.525602
2.9,2,0.520036,33.9542,0,1,3.39535,9.14066,4.77918,0.743946
2.9,3,0.566359,35.1606,0,1,3.56454,26.4469,6.52776,0.781016
2.9,4,0.323579,32.8977,0,1,2.70921,7.29349,4.23108,0.593607
2.9,5,0.252652,33.2441,0,1,2.48651,18.4486,5.17646,0.544813
2.9,6,0.790834,35.276,0,1,4.28364,11.532,5.51053,0.938577
2.9,7,0.9,37.1201,0,1,4.56398,33.8622,7.81246,1
3,0,0.271403,33.567,0,1,2.67733,17.0003,5.13802,0.557397
3,1,0.222303,33.2951,0,1,2.52151,16.0109,4.96113,0.524956
3,2,0.519003,34.1954,0,1,3.56976,12.6119,5.20582,0.743192
3,3,0.565095,35.4694,0,1,3.74651,23.7893,6.3747,0.779991
3,4,0.322673,33.1086,0,1,2.84838,10.0633,4.56729,0.593008
3,5,0.251647,33.4866,0,1,2.61361,16.5957,5.06557,0.544131
3,6,0.790514,35.5591,0,1,4.50747,15.9248,6.05911,0.938416
3,7,0.9,37.4904,0,1,4.80328,30.4995,7.63001,1
3.1,0,0.270399,33.8035,0,1,2.45666,17.3717,5.05762,0.556706
3.1,1,0.221334,33.5234,0,1,2.31376,16.3612,4.88669,0.524324
3.1,2,0.518367,34.2825,0,1,1.70494,1.70494,3.20509,0.74237
3.1,3,0.56379,35.788,0,1,4.12507,23.6204,6.57405,0.77899
3.1,4,0.322076,33.1992,0,1,1.36042,1.36042,3.00926,0.592362
3.1,5,0.250529,33.7677,0,1,3.83716,15.5195,5.6339,0.543464
3.1,6,0.79033,35.6434,0,1,2.15477,2.15477,3.47044,0.938239
3.1,7,0.9,38.2576,0,1,14.1211,21.4962,13.0052,1
3.2,0,0.269443,34.0183,0,1,2.47552,14.7919,4.82038,0.556027
3.2,1,0.220409,33.7311,0,1,2.33161,13.9319,4.66334,0.523702
3.2,2,0.517377,34.5021,0,1,3.3029,11.9121,4.99074,0.741865
3.2,3,0.562616,36.0521,0,1,3.46359,20.6958,5.91945,0.777957
3.2,4,0.321203,33.3926,0,1,2.63539,9.50466,4.40059,0.591936
3.2,5,0.249586,33.9783,0,1,2.41629,14.438,4.75565,0.542723
3.2,6,0.790024,35.8999,0,1,4.17673,15.0636,5.78473,0.938137
3.2,7,0.9,38.5654,0,1,4.45216,26.6028,7.04961,1
3.3,0,0.268434,34.2495,0,1,2.15591,19.2879,5.08663,0.55538
3.3,1,0.219433,33.9543,0,1,2.03064,18.1672,4.91574,0.52311
3.3,2,0.516389,34.7172,0,1,2.87676,14.235,4.9799,0.741077
3.3,3,0.56137,36.3388,0,1,3.01631,26.9855,6.27804,0.777026
3.3,4,0.32033,33.5826,0,1,2.2954,11.3582,4.39891,0.591314
3.3,5,0.24859,34.2048,0,1,2.10436,18.8266,5.01621,0.542099
3.3,6,0.789719,36.1504,0,1,3.64107,18.0169,5.76197,0.937968
3.3,7,0.9,38.902,0,1,3.88187,34.7292,7.50264,1
3.4,0,0.267471,34.4591,0,1,2.67718,13.9943,4.85031,0.554698
3.4,1,0.218503,34.1568,0,1,2.52172,13.1817,4.69065,0.522486
3.4,2,0.51521,35.0008,0,1,3.57293,20.2792,5.94048,0.740292
3.4,3,0.560185,36.5976,0,1,3.74546,19.5785,5.97029,0.776039
3.4,4,0.319308,33.826,0,1,2.85091,16.1811,5.15212,0.590693
3.4,5,0.247641,34.4103,0,1,2.6132,13.6599,4.78449,0.541441
3.4,6,0.789348,36.4899,0,1,4.52617,25.6896,7.00516,0.937799
3.4,7,0.9,39.2056,0,1,4.82638,25.2287,7.13759,1
3.5,0,0.266445,34.6894,0,1,2.23142,19.7755,5.17193,0.554048
3.5,1,0.217511,34.3789,0,1,2.10191,18.6277,4.99587,0.521891
3.5,2,0.514189,35.2201,0,1,2.97774,15.4093,5.1466,0.739354
3.5,3,0.558915,36.8843,0,1,3.1217,27.6654,6.40059,0.7751
3.5,4,0.318409,34.0186,0,1,2.37608,12.2958,4.53008,0.589966
3.5,5,0.246629,34.6359,0,1,2.17812,19.3031,5.09938,0.540814
3.5,6,0.789032,36.7472,0,1,3.77614,19.5409,5.98402,0.937593
3.5,7,0.9,39.5447,0,1,4.02748,35.6927,7.67822,1
3.6,0,0.265407,34.9203,0,1,2.74742,17.5977,5.23249,0.553356
3.6,1,0.216509,34.6013,0,1,2.58806,16.577,5.05031,0.521259
3.6,2,0.513002,35.4985,0,1,3.66688,20.1779,5.98346,0.738543
3.6,3,0.557624,37.1744,0,1,3.84339,24.6176,6.50898,0.774094
3.6,4,0.31738,34.2572,0,1,2.92602,16.1011,5.18485,0.589327
3.6,5,0.245606,34.8621,0,1,2.68184,17.1776,5.15739,0.540146
3.6,6,0.788658,37.0819,0,1,4.65429,25.6114,7.07277,0.937417
3.6,7,0.9,39.8911,0,1,4.96502,31.8018,7.85107,1
3.7,0,0.264428,35.125,0,1,2.53993,15.624,4.93375,0.552657
3.7,1,0.215563,34.7991,0,1,2.39269,14.7183,4.7702,0.52062
3.7,2,0.511826,35.7681,0,1,3.3899,21.2098,5.92786,0.737599
3.7,3,0.556418,37.4276,0,1,3.55291,21.8552,6.08043,0.773069
3.7,4,0.316359,34.4888,0,1,2.70511,16.9253,5.14556,0.588597
3.7,5,0.244641,35.0627,0,1,2.47933,15.2512,4.86633,0.539472
3.7,6,0.788287,37.4054,0,1,4.30727,26.9497,6.99874,0.937209
3.7,7,0.9,40.19,0,1,4.59585,28.2706,7.29377,1
3.8,0,0.263428,35.3345,0,1,2.30122,18.0557,5.04269,0.551999
3.8,1,0.214596,35.0013,0,1,2.16789,17.0096,4.87411,0.520017
3.8,2,0.510642,36.0362,0,1,3.07107,23.4422,5.96727,0.736664
3.8,3,0.555183,37.6871,0,1,3.21885,25.2555,6.22205,0.772112
3.8,4,0.315331,34.7194,0,1,2.45078,18.7074,5.18265,0.587873
3.8,5,0.243654,35.268,0,1,2.24635,17.6251,4.97322,0.538836
3.8,6,0.787915,37.727,0,1,3.90626,29.8174,7.04418,0.937002
3.8,7,0.9,40.4972,0,1,4.16889,32.7096,7.47238,1
3.9,0,0.262414,35.5456,0,1,2.54151,17.4662,5.11105,0.551326
3.9,1,0.213616,35.2049,0,1,2.39435,16.4549,4.93735,0.519402
3.9,2,0.50955,36.2649,0,1,3.39155,16.7535,5.50184,0.735723
3.9,3,0.553927,37.9503,0,1,3.55478,24.4298,6.32857,0.771133
3.9,4,0.314377,34.9179,0,1,2.70663,13.3702,4.80633,0.587145
3.9,5,0.242654,35.4748,0,1,2.48094,17.05,5.03945,0.538187
3.9,6,0.787572,37.9999,0,1,4.31845,21.3322,6.46627,0.936794
3.9,7,0.9,40.8112,0,1,4.60981,31.6804,7.62957,1
4,0,0.261397,35.7542,0,1,2.49788,17.8452,5.12453,0.550645
4,1,0.212634,35.4061,0,1,2.35333,16.8125,4.95037,0.51878
4,2,0.508399,36.5124,0,1,3.33351,20.2279,5.80252,0.734856
4,3,0.552668,38.2103,0,1,3.49355,24.9585,6.3452,0.770136
4,4,0.313376,35.1311,0,1,2.66039,16.1434,5.04697,0.58647
4,5,0.241651,35.6792,0,1,2.43839,17.4202,5.05275,0.53753
4,6,0.78721,38.2971,0,1,4.24869,25.7813,6.85267,0.936603
4,7,0.9,41.1219,1,1,4.53627,32.4078,7.65643,1
4.1,0,0.260385,35.9573,0,1,2.53974,17.3503,5.09901,0.549964
4.1,1,0.211656,35.6022,0,1,2.39285,16.3469,4.92623,0.518157
4.1,2,0.50729,36.7396,0,1,3.38935,17.6709,5.58841,0.733941
4.1,3,0.551416,38.4635,0,1,3.55189,24.2648,6.31112,0.769137
4.1,4,0.312408,35.3279,0,1,2.70505,14.1033,4.87552,0.585762
4.1,5,0.240654,35.8783,0,1,2.47929,16.9373,5.02779,0.536873
4.1,6,0.786861,38.5695,0,1,4.32431,22.5455,6.58597,0.9364
4.1,7,0.9,41.2153,1,1,2.30901,15.7741,4.82799,0.5
4.2,0,0.259399,36.1475,0,1,2.48319,16.3132,4.97004,0.549286
4.2,1,0.210703,35.7859,0,1,2.33967,15.3703,4.80515,0.517537
4.2,2,0.506021,37.0236,0,1,3.314,26.5068,6.39453,0.73306
4.2,3,0.5502,38.6987,0,1,3.4726,22.8131,6.12758,0.768143
4.2,4,0.311313,35.5697,0,1,2.645,21.1559,5.51949,0.585078
4.2,5,0.239681,36.0646,0,1,2.42412,15.9252,4.90207,0.536219
4.2,6,0.786458,38.9147,0,1,4.23237,33.8523,7.61881,0.936205
4.2,7,0.9,41.2986,1,1,2.26038,14.8495,4.71444,0.5
4.3,0,0.258355,36.3564,0,1,2.78975,17.6794,5.26288,0.548626
4.3,1,0.209695,35.987,0,1,2.62859,16.6582,5.07946,0.516934
4.3,2,0.504768,37.2971,0,1,3.72247,23.3501,6.31899,0.732053
4.3,3,0.5489,38.9617,0,1,3.90108,24.7222,6.55178,0.767177
4.3,4,0.310231,35.8025,0,1,2.97118,18.6374,5.45214,0.584305
4.3,5,0.238652,36.2693,0,1,2.72342,17.2591,5.18727,0.535582
4.3,6,0.786059,39.2485,0,1,4.75943,29.8547,7.54216,0.935979
4.3,7,0.9,41.4006,1,1,2.54249,16.1125,4.98186,0.5
4.4,0,0.25735,36.5468,0,1,2.55539,16.8766,5.06183,0.547928
4.4,1,0.208725,36.1708,0,1,2.40787,15.9023,4.89143,0.516296
4.4,2,0.50352,37.5637,0,1,3.40946,24.8448,6.2876,0.731057
4.4,3,0.547659,39.1985,0,1,3.5731,23.5978,6.25893,0.766145
4.4,4,0.309153,36.0299,0,1,2.72149,19.8316,5.43289,0.583543
4.4,5,0.237662,36.4558,0,1,2.49468,16.4756,4.99159,0.534909
4.4,6,0.785663,39.5733,0,1,4.36412,31.8014,7.49786,0.935755
4.4,7,0.9,41.4876,1,1,2.33187,15.4004,4.804,0.5
4.5,0,0.256267,36.7637,0,1,2.64384,20.5222,5.45804,0.547258
4.5,1,0.20768,36.3794,0,1,2.4913,19.3381,5.26429,0.515683
4.5,2,0.502303,37.8145,0,1,3.527,22.5906,6.13652,0.730066
4.5,3,0.546306,39.4731,0,1,3.69653,28.6934,6.8176,0.765158
4.5,4,0.3081,36.2444,0,1,2.81547,18.0332,5.31052,0.582783
4.5,5,0.236594,36.6682,0,1,2.58106,20.0348,5.37819,0.534262
4.5,6,0.785276,39.879,0,1,4.51962,28.9483,7.31424,0.935532
4.5,7,0.9,41.6004,1,1,2.41553,18.75,5.1684,0.5
4.6,0,0.255243,36.9548,0,1,3.00113,15.4373,5.16195,0.546536
4.6,1,0.206691,36.5635,0,1,2.8281,14.5473,4.98362,0.515024
4.6,2,0.501305,37.9782,0,1,4.00363,8.15581,5.03005,0.7291
4.6,3,0.545032,39.7134,0,1,4.19573,21.5822,6.41926,0.764083
4.6,4,0.307222,36.3886,0,1,3.1961,6.5108,4.42185,0.582042
4.6,5,0.235585,36.8554,0,1,2.92991,15.071,5.08842,0.533566
4.6,6,0.784963,40.0745,0,1,5.13599,10.4625,5.91272,0.935314
4.6,7,0.9,41.6911,1,1,2.74559,14.1229,4.89897,0.5
4.7,0,0.254329,37.1009,0,1,2.30193,13.4846,4.60525,0.545853
4.7,1,0.205806,36.7055,0,1,2.1693,12.7076,4.46297,0.514401
4.7,2,0.500162,38.1937,0,1,3.07137,21.2567,5.75763,0.728308
4.7,3,0.54392,39.8887,0,1,3.21797,18.8506,5.60692,0.763071
4.7,4,0.306227,36.575,0,1,2.45194,16.9697,5.01664,0.581425
4.7,5,0.234683,36.9988,0,1,2.24734,13.1648,4.5466,0.532908
4.7,6,0.784602,40.335,0,1,3.94359,27.2933,6.82287,0.935137
4.7,7,0.9,41.7428,1,1,2.10856,12.3518,4.39808,0.5
4.8,0,0.253366,37.2634,0,1,2.27664,16.2335,4.85535,0.545245
4.8,1,0.204874,36.8629,0,1,2.14553,15.2986,4.69875,0.513844
4.8,2,0.499131,38.3636,0,1,3.03723,15.6013,5.1972,0.727401
4.8,3,0.542738,40.0872,0,1,3.18247,22.6925,5.956,0.762187
4.8,4,0.30532,36.7249,0,1,2.42479,12.4554,4.57064,0.580726
4.8,5,0.233732,37.1581,0,1,2.22268,15.8487,4.79081,0.532321
4.8,6,0.784279,40.5373,0,1,3.90377,20.0524,6.10541,0.934934
4.8,7,0.9,41.811,1,1,2.08772,14.8864,4.62996,0.5
4.9,0,0.252537,37.3724,0,1,2.31105,8.95633,4.17867,0.544605
4.9,1,0.204068,36.9697,0,1,2.17803,8.44081,4.06135,0.513258
4.9,2,0.498162,38.5073,0,1,3.08329,12.0685,4.88509,0.726583
4.9,3,0.541744,40.2114,0,1,3.23039,12.5191,5.00856,0.761248
4.9,4,0.304463,36.8536,0,1,2.46164,9.63524,4.32143,0.58009
4.9,5,0.232913,37.2653,0,1,2.2563,8.74415,4.13029,0.531703
4.9,6,0.783977,40.7064,0,1,3.96666,15.5261,5.70827,0.934751
4.9,7,0.9,41.8317,1,1,2.12177,8.22278,4.01197,0.5
5,0,0.251684,37.4885,0,1,1.41818,14.833,4.29742,0.544054
5,1,0.203239,37.0836,0,1,1.33658,13.9796,4.17738,0.512752
5,2,0.49709,38.6871,0,1,1.89197,23.9237,5.3997,0.725815
5,3,0.540725,40.3432,0,1,1.98227,20.733,5.1379,0.760458
5,4,0.30352,37.0124,0,1,1.51054,19.1006,4.75091,0.579489
5,5,0.23207,37.3794,0,1,1.38459,14.4818,4.24796,0.531171
5,6,0.783641,40.92,0,1,2.43615,30.8048,6.33779,0.93458
5,7,0.9,41.8608,1,1,1.30334,13.6319,4.12861,0.5
5.1,0,0.250826,37.6048,0,1,2.41634,9.93325,4.32606,0.543489
5.1,1,0.202406,37.1971,0,1,2.27737,9.36197,4.19973,0.512231
5.1,2,0.495924,38.9,0,1,3.22318,21.6634,5.87951,0.724965
5.1,3,0.539689,40.479,0,1,3.37738,13.8839,5.21981,0.759647
5.1,4,0.302506,37.1955,0,1,2.57346,17.2965,5.11157,0.578829
5.1,5,0.231222,37.4937,0,1,2.35914,9.69812,4.27396,0.530624
5.1,6,0.783271,41.18,1,1,4.15428,27.9214,7.00377,0.93439
5.1,7,0.9,41.8911,1,1,2.22299,9.13842,4.15052,0.5
5.2,0,0.249941,37.7294,0,1,2.32966,11.8397,4.46252,0.54292
5.2,1,0.201547,37.3185,0,1,2.19574,11.1591,4.32871,0.511709
5.2,2,0.494712,39.1262,0,1,3.10685,24.6796,6.10557,0.72404
5.2,3,0.538616,40.6266,0,1,3.25611,16.5481,5.40739,0.758824
5.2,4,0.301456,37.3893,0,1,2.4807,19.7058,5.29404,0.578119
5.2,5,0.230347,37.616,0,1,2.27454,11.5596,4.40735,0.530074
5.2,6,0.783023,41.2618,1,1,2.00428,15.9212,4.68706,0.46709
5.2,7,0.9,41.9305,1,1,2.1455,10.9038,4.27872,0.5
5.3,0,0.249011,37.8685,0,1,2.60164,12.6679,4.68368,0.542334
5.3,1,0.200647,37.4534,0,1,2.45215,11.94,4.53575,0.511171
5.3,2,0.493474,39.359,0,1,3.4687,24.0306,6.24228,0.72308
5.3,3,0.537479,40.7958,0,1,3.63608,17.7048,5.72929,0.757971
5.3,4,0.300385,37.5876,0,1,2.76979,19.1886,5.39691,0.577385
5.3,5,0.22943,37.7524,0,1,2.54011,12.3683,4.62269,0.529507
5.3,6,0.78277,41.3484,1,1,2.24035,15.5208,4.76844,0.46702
5.3,7,0.9,41.9846,1,1,2.39856,11.6791,4.48294,0.5
5.4,0,0.247994,38.0386,0,1,2.57525,17.4576,5.12794,0.541719
5.4,1,0.199664,37.6174,0,1,2.42735,16.455,4.95451,0.510608
5.4,2,0.492423,39.5169,0,1,3.43274,14.3611,5.29608,0.722098
5.4,3,0.53622,41.0088,1,1,3.59898,24.3975,6.35017,0.757067
5.4,4,0.299463,37.7261,0,1,2.74124,11.4682,4.64343,0.576637
5.4,5,0.228427,37.9191,0,1,2.51437,17.0449,5.05645,0.528914
5.4,6,0.78255,41.3882,1,1,2.2198,9.28668,4.16295,0.466948
5.4,7,0.9,42.0686,1,1,2.37692,16.1132,4.89557,0.5
5.5,0,0.246961,38.2117,0,1,2.501,18.6645,5.20474,0.541047
5.5,1,0.198666,37.7842,0,1,2.35746,17.5933,5.02736,0.509994
5.5,2,0.491316,39.6933,0,1,3.33406,17.8915,5.57894,0.721266
5.5,3,0.53537,41.0633,1,1,1.74746,13.041,4.28384,0.378032
5.5,4,0.298497,37.8793,0,1,2.66255,14.2879,4.87061,0.575995
5.5,5,0.227409,38.0887,0,1,2.44192,18.2236,5.13163,0.528265
5.5,6,0.78232,41.4413,1,1,2.15819,11.5814,4.34979,0.466885
5.5,7,0.9,42.1569,1,1,2.31126,17.2486,4.97046,0.5
5.6,0,0.245964,38.3683,0,1,2.64236,15.9991,5.02362,0.540365
5.6,1,0.197703,37.9353,0,1,2.4908,15.0815,4.85608,0.509372
5.6,2,0.490349,39.8141,0,1,3.52267,9.40221,4.87492,0.720389
5.6,3,0.534545,41.1072,1,1,1.84691,11.1828,4.15522,0.377694
5.6,4,0.297642,37.9876,0,1,2.81329,7.50885,4.30707,0.575321
5.6,5,0.226426,38.2421,0,1,2.57998,15.6214,4.95455,0.527608
5.6,6,0.782114,41.4593,1,1,2.28273,6.09274,3.89424,0.46682
5.6,7,0.9,42.2314,1,1,2.44498,14.804,4.8056,0.5
5.7,0,0.24502,38.5025,0,1,2.32735,14.9744,4.76088,0.539708
5.7,1,0.196788,38.0655,0,1,2.19394,14.1161,4.61021,0.508771
5.7,2,0.489423,39.917,0,1,3.10319,9.626,4.66401,0.719623
5.7,3,0.533756,41.1372,1,1,1.62729,10.4702,3.97962,0.377366
5.7,4,0.29682,38.0821,0,1,2.47836,7.6878,4.14598,0.574726
5.7,5,0.225493,38.3738,0,1,2.27244,14.6211,4.69877,0.526974
5.7,6,0.781914,41.4678,1,1,2.01279,6.24361,3.77014,0.466761
5.7,7,0.9,42.2868,1,1,2.15612,13.8727,4.56764,0.5
5.8,0,0.244062,38.6394,0,1,2.16023,16.5504,4.82618,0.539086
5.8,1,0.195861,38.1982,0,1,2.03647,15.6022,4.67266,0.508201
5.8,2,0.488571,39.9907,0,1,2.88074,7.02827,4.29828,0.71889
5.8,3,0.532956,41.1705,1,1,1.51093,11.5758,4.02931,0.377052
5.8,4,0.296054,38.1535,0,1,2.30075,5.61325,3.85886,0.574154
5.8,5,0.224548,38.5081,0,1,2.10929,16.1601,4.76291,0.526374
5.8,6,0.781727,41.4589,1,1,1.87018,4.56276,3.54188,0.466704
5.8,7,0.9,42.3461,1,1,2.0036,15.3504,4.63202,0.5
5.9,0,0.24314,38.7608,0,1,2.33609,13.7585,4.64907,0.538456
5.9,1,0.194967,38.3161,0,1,2.20233,12.9707,4.50498,0.507625
5.9,2,0.487519,40.1385,0,1,3.11598,16.2393,5.30109,0.718215
5.9,3,0.532182,41.1937,1,1,1.63446,9.6262,3.90264,0.376734
5.9,4,0.295131,38.2833,0,1,2.48866,12.9699,4.65311,0.573622
5.9,5,0.223638,38.6272,0,1,2.28104,13.4342,4.58967,0.525766
5.9,6,0.781506,41.4984,1,1,2.02457,10.5512,4.18382,0.466651
5.9,7,0.9,42.3922,1,1,2.16925,12.7758,4.46947,0.5
6,0,0.242157,38.9031,0,1,2.00955,18.6845,4.95482,0.53785
6,1,0.194016,38.4538,0,1,1.89455,17.6152,4.79481,0.507069
6,2,0.486543,40.255,0,1,2.68034,14.688,4.91829,0.717383
6,3,0.531364,41.233,1,1,1.40643,13.0768,4.1235,0.376426
6,4,0.294267,38.3885,0,1,2.14081,11.7315,4.35525,0.57298
6,5,0.222668,38.7668,0,1,1.96222,18.2444,4.88888,0.52518
6,6,0.781297,41.5196,1,1,1.7433,9.55314,3.94879,0.466588
6,7,0.9,42.4592,1,1,1.86814,17.3697,4.75815,0.5
6.1,0,0.241282,39.0019,0,1,2.58366,9.86997,4.40786,0.537204
6.1,1,0.193167,38.5503,0,1,2.43588,9.30546,4.27668,0.506479
6.1,2,0.485621,40.3494,0,1,3.4465,7.44147,4.64771,0.716611
6.1,3,0.530623,41.2423,1,1,1.80884,6.91004,3.73061,0.376101
6.1,4,0.293448,38.475,0,1,2.75284,5.94375,4.12814,0.572381
6.1,5,0.221804,38.8639,0,1,2.52283,9.63761,4.35376,0.524558
6.1,6,0.781098,41.5261,1,1,2.24374,4.84455,3.75806,0.466528
6.1,7,0.9,42.4869,1,1,2.40472,9.18642,4.24914,0.5
6.2,0,0.240453,39.0821,0,1,1.55504,12.9384,4.18079,0.536631
6.2,1,0.19236,38.6295,0,1,1.46614,12.1987,4.0676,0.505953
6.2,2,0.48483,40.3926,0,1,2.07447,8.22057,3.9877,0.715882
6.2,3,0.52991,41.2411,1,1,1.08901,9.06085,3.59318,0.375807
6.2,4,0.292729,38.5222,0,1,1.65699,6.56621,3.6235,0.571813
6.2,5,0.220984,38.9429,0,1,1.51845,12.6339,4.13414,0.524004
6.2,6,0.78092,41.5029,1,1,1.35173,5.35656,3.36327,0.466471
6.2,7,0.9,42.4989,1,1,1.44889,12.0552,4.0457,0.5
6.3,0,0.239462,39.2218,0,1,1.80984,20.1033,4.99193,0.536087
6.3,1,0.191402,38.7647,0,1,1.70642,18.9545,4.83101,0.505453
6.3,2,0.484101,40.4116,0,1,2.48917,2.48917,3.67373,0.715256
6.3,3,0.529066,41.2895,1,1,1.52133,13.8842,4.25528,0.375523
6.3,4,0.29206,38.5496,0,1,1.98824,1.98824,3.37104,0.571315
6.3,5,0.219917,39.1137,0,1,2.82764,18.6476,5.37593,0.523478
6.3,6,0.780753,41.4647,1,1,1.62319,1.62319,3.158,0.46642
6.3,7,0.9,42.6958,1,1,5.40164,15.1104,6.51419,0.5
6.4,0,0.238377,39.395,0,1,2.74574,20.079,5.46952,0.535439
6.4,1,0.190355,38.931,0,1,2.58893,18.9323,5.27654,0.50486
6.4,2,0.483022,40.5624,0,1,3.66488,14.4591,5.43529,0.71468
6.4,3,0.528179,41.3532,1,1,1.92396,14.0695,4.4695,0.375187
6.4,4,0.291117,38.6801,0,1,2.92733,11.5492,4.75103,0.570852
6.4,5,0.218848,39.2827,0,1,2.6809,19.6048,5.38961,0.522795
6.4,6,0.780527,41.5103,1,1,2.39156,9.43542,4.26589,0.466373
6.4,7,0.9,42.7943,1,1,2.564,18.75,5.24595,0.5
6.5,0,0.237258,39.578,0,1,3.06596,20.0524,5.63915,0.534729
6.5,1,0.189276,39.1064,0,1,2.89099,18.908,5.43487,0.504213
6.5,2,0.481947,40.7094,0,1,4.09285,11.7197,5.41811,0.713827
6.5,3,0.52727,41.4243,1,1,2.14918,14.0563,4.58167,0.374834
6.5,4,0.290179,38.8069,0,1,3.26934,9.36161,4.73025,0.5702
6.5,5,0.217745,39.4612,0,1,2.99362,19.5792,5.55456,0.522112
6.5,6,0.780303,41.5536,1,1,2.67366,7.65591,4.24622,0.466308
6.5,7,0.9,42.9032,1,1,2.86684,18.75,5.40675,0.5
6.6,0,0.236193,39.7375,0,1,2.99685,17.5889,5.36555,0.533999
6.6,1,0.188249,39.2596,0,1,2.82596,16.5859,5.17749,0.503548
6.6,2,0.480686,40.9244,0,1,4.0013,22.1026,6.35754,0.712978
6.6,3,0.526399,41.48,1,1,2.10158,12.3344,4.39287,0.374473
6.6,4,0.289091,38.9878,0,1,3.19637,17.6563,5.48067,0.569551
6.6,5,0.216696,39.6168,0,1,2.92619,17.1742,5.28767,0.521408
6.6,6,0.780045,41.6423,1,1,2.6166,14.4537,4.86215,0.466244
6.6,7,0.9,42.9915,1,1,2.80605,16.469,5.15565,0.5
6.7,0,0.235169,39.879,0,1,2.56987,17.8352,5.16131,0.533305
6.7,1,0.187259,39.396,0,1,2.42343,16.8188,4.98733,0.502915
6.7,2,0.47978,41.0014,1,1,3.43087,6.66327,4.56618,0.711982
6.7,3,0.525553,41.5249,1,1,1.80283,12.5118,4.26041,0.374126
6.7,4,0.288285,39.0595,0,1,2.74092,5.32327,4.06414,0.5688
6.7,5,0.215686,39.7549,0,1,2.50932,17.4149,5.08927,0.520739
6.7,6,0.779849,41.6436,1,1,2.24636,4.36278,3.71507,0.46617
6.7,7,0.9,43.0645,1,1,2.40938,16.7214,4.97069,0.5
6.8,0,0.234132,40.0232,0,1,2.54744,18.6735,5.22992,0.532638
6.8,1,0.186257,39.535,0,1,2.40237,17.6101,5.05224,0.502305
6.8,2,0.479018,41.0228,1,1,1.70088,8.63835,3.84102,0.355633
6.8,3,0.524698,41.5727,1,1,1.78772,13.1046,4.30967,0.37379
6.8,4,0.287322,39.1892,0,1,2.71773,13.8027,4.85354,0.568244
6.8,5,0.214663,39.8957,0,1,2.48746,18.2338,5.15635,0.520096
6.8,6,0.779618,41.6933,1,1,2.22928,11.3219,4.36142,0.466114
6.8,7,0.9,43.1413,1,1,2.39134,17.5293,5.03877,0.5
6.9,0,0.233093,40.1656,0,1,2.64926,18.1911,5.23728,0.531963
6.9,1,0.185253,39.6722,0,1,2.49849,17.1558,5.05877,0.501689
6.9,2,0.478242,41.0489,1,1,1.76961,8.9916,3.90832,0.355332
6.9,3,0.523842,41.62,1,1,1.85984,12.7705,4.31333,0.37345
6.9,4,0.286337,39.3251,0,1,2.82664,14.3625,4.96518,0.56758
6.9,5,0.213639,40.0347,0,1,2.58692,17.763,5.16336,0.519445
6.9,6,0.779382,41.7491,1,1,2.32099,11.7932,4.4536,0.466047
6.9,7,0.9,43.2176,1,1,2.49008,17.0981,5.04883,0.5
7,0,0.232048,40.3078,0,1,2.60173,18.7498,5.26578,0.531287
7,1,0.184244,39.8091,0,1,2.45377,17.6834,5.086,0.501073
7,2,0.477451,41.0803,1,1,1.73858,9.96212,3.98542,0.355026
7,3,0.522982,41.6681,1,1,1.82713,13.1675,4.33512,0.37311
7,4,0.285328,39.4678,0,1,2.77614,15.9074,5.08592,0.566902
7,5,0.212609,40.1734,0,1,2.54055,18.3089,5.19134,0.518794
7,6,0.779141,41.8116,1,1,2.28192,13.0755,4.55585,0.46598
7,7,0.9,43.295,1,1,2.44852,17.6456,5.07964,0.5
7.1,0,0.23103,40.4373,0,1,2.66553,16.9727,5.12912,0.530609
7.1,1,0.183261,39.934,0,1,2.51404,16.0081,4.95696,0.500454
7.1,2,0.476825,41.0492,1,1,1.47392,2.483,3.15862,0.354714
7.1,3,0.522136,41.7102,1,1,1.93734,11.8591,4.26478,0.372767
7.1,4,0.284587,39.5067,0,1,2.35272,3.96346,3.73386,0.566208
7.1,5,0.211582,40.3087,0,1,2.87284,16.3039,5.17564,0.518141
7.1,6,0.778958,41.7907,1,1,1.93596,3.26137,3.45625,0.46591
7.1,7,0.9,43.3935,1,1,3.46689,15.0385,5.37975,0.5
7.2,0,0.230056,40.5483,0,1,2.45173,15.859,4.91011,0.52995
7.2,1,0.182318,40.0415,0,1,2.31248,14.9583,4.75166,0.499851
7.2,2,0.47604,41.0785,1,1,1.63989,10.1711,3.95719,0.354467
7.2,3,0.521324,41.7385,1,1,1.72299,11.1451,4.09062,0.372431
7.2,4,0.283588,39.6424,0,1,2.61712,16.2321,5.0326,0.565699
7.2,5,0.210621,40.4169,0,1,2.39409,15.4861,4.84442,0.51749
7.2,6,0.778719,41.8497,1,1,2.15522,13.3673,4.51884,0.465858
7.2,7,0.9,43.4434,1,1,2.31317,14.9627,4.75244,0.5
7.3,0,0.229047,40.6706,0,1,2.28611,18.584,5.08561,0.529319
7.3,1,0.181342,40.1597,0,1,2.15635,17.5291,4.91807,0.499275
7.3,2,0.475319,41.0829,1,1,1.52959,7.3005,3.63112,0.354157
7.3,3,0.520488,41.7758,1,1,1.60712,13.0644,4.21788,0.372108
7.3,4,0.282695,39.7359,0,1,2.44028,11.647,4.50162,0.565014
7.3,5,0.209626,40.5362,0,1,2.2324,18.1473,5.01616,0.516882
7.3,6,0.778503,41.8754,1,1,2.01173,9.60164,4.08698,0.465789
7.3,7,0.9,43.5052,1,1,2.15948,17.5546,4.92211,0.5
7.4,0,0.228075,40.7768,0,1,2.60554,14.896,4.89861,0.528666
7.4,1,0.180402,40.2625,0,1,2.45775,14.051,4.74025,0.498678
7.4,2,0.474598,41.0874,1,1,1.74407,6.2278,3.63439,0.353873
7.4,3,0.519678,41.8023,1,1,1.8323,10.4754,4.08051,0.371775
7.4,4,0.281798,39.8293,0,1,2.78166,9.93287,4.51912,0.564401
7.4,5,0.208667,40.6397,0,1,2.54436,14.5462,4.83295,0.516252
7.4,6,0.778286,41.9016,1,1,2.29534,8.1963,4.0986,0.465727
7.4,7,0.9,43.5528,1,1,2.46426,14.0883,4.74721,0.5
7.5,0,0.227151,40.8633,0,1,2.18509,14.6677,4.65849,0.528038
7.5,1,0.179505,40.3469,0,1,2.06122,13.8362,4.51603,0.498104
7.5,2,0.473903,41.0819,1,1,1.4632,6.26879,3.50189,0.353589
7.5,3,0.5189,41.8164,1,1,1.53713,10.3181,3.92168,0.371453
7.5,4,0.280948,39.9038,0,1,2.33303,9.99538,4.28866,0.563787
7.5,5,0.207754,40.724,0,1,2.13382,14.3235,4.59943,0.515647
7.5,6,0.778079,41.9136,1,1,1.92698,8.25576,3.91666,0.465664
7.5,7,0.9,43.5829,1,1,2.06907,13.8889,4.52503,0.5
7.6,0,0.226351,40.9011,0,1,2.10422,8.50882,4.03011,0.527442
7.6,1,0.178727,40.3854,0,1,1.985,8.02673,3.92411,0.497558
7.6,2,0.473223,41.071,1,1,1.40955,5.75895,3.42838,0.353315
7.6,3,0.518209,41.7974,1,1,1.48067,5.98739,3.48376,0.371144
7.6,4,0.280121,39.9679,0,1,2.24689,9.18009,4.16677,0.563204
7.6,5,0.206963,40.7609,0,1,2.05487,8.30925,3.98615,0.515071
7.6,6,0.777877,41.9181,1,1,1.85752,7.58923,3.8189,0.465604
7.6,7,0.9,43.5682,1,1,1.99474,8.06613,3.93275,0.5
7.7,0,0.225415,40.9898,0,1,1.33637,19.5804,4.71525,0.526926
7.7,1,0.177819,40.472,0,1,1.26068,18.4715,4.5737,0.497084
7.7,2,0.472561,41.0536,1,1,0.895382,7.29152,3.33869,0.353047
7.7,3,0.517419,41.8159,1,1,0.940581,13.7814,3.97969,0.370869
7.7,4,0.279328,40.018,0,1,1.42694,11.6202,3.9937,0.562639
7.7,5,0.206039,40.8475,0,1,1.30503,19.1213,4.6566,0.514572
7.7,6,0.777682,41.9127,1,1,1.1807,9.61497,3.68766,0.465546
7.7,7,0.9,43.6028,1,1,1.26808,18.5798,4.58751,0.5
7.8,0,0.224384,41.1133,1,1,2.61161,18.0107,5.20011,0.526324
7.8,1,0.176822,40.591,0,1,2.46378,16.9912,5.02486,0.496531
7.8,2,0.471823,41.0646,1,1,1.75052,7.05321,3.71528,0.352786
7.8,3,0.516567,41.8577,1,1,1.83869,12.6803,4.29422,0.370555
7.8,4,0.278406,40.1162,0,1,2.78911,11.2379,4.6471,0.562097
7.8,5,0.205022,40.9679,0,1,2.55041,17.5886,5.12745,0.513991
7.8,6,0.777459,41.9467,1,1,2.30975,9.30646,4.21119,0.46549
7.8,7,0.9,43.6711,1,1,2.48099,17.1099,5.04522,0.5
7.9,0,0.223656,41.1199,1,1,1.28727,8.90174,3.66869,0.26283
7.9,1,0.175833,40.7052,0,1,2.4289,16.7964,4.98803,0.495925
7.9,2,0.47111,41.0667,1,1,1.72643,5.93138,3.59788,0.352496
7.9,3,0.51572,41.8969,1,1,1.81322,12.5388,4.26811,0.370216
7.9,4,0.277522,40.1985,0,1,2.74991,9.44771,4.45615,0.561468
7.9,5,0.204012,41.0834,1,1,2.51425,17.3866,5.08913,0.513351
7.9,6,0.777244,41.9685,1,1,2.27952,7.83162,4.05598,0.465425
7.9,7,0.9,43.7358,1,1,2.44886,16.9344,5.01164,0.5
8,0,0.222911,41.1326,1,1,1.27249,9.84735,3.75205,0.262596
8,1,0.174812,40.8293,0,1,2.40025,18.5747,5.14365,0.495325
8,2,0.4703,41.1049,1,1,1.70677,11.1133,4.07965,0.352215
8,3,0.51485,41.9441,1,1,1.79237,13.8705,4.38529,0.36988
8,4,0.276485,40.3371,0,1,2.71785,17.6967,5.22624,0.560865
8,5,0.203275,41.0941,1,1,1.24227,9.61344,3.71576,0.256358
8,6,0.776996,42.0378,1,1,2.25506,14.6834,4.69581,0.465363
8,7,0.9,43.8115,1,1,2.42291,18.75,5.17224,0.5
8.1,0,0.222188,41.1372,1,1,1.47553,7.73682,3.64657,0.262357
8.1,1,0.173827,40.9377,0,1,2.78229,14.5887,4.96307,0.494706
8.1,2,0.469565,41.1145,1,1,1.97911,5.74194,3.70618,0.351896
8.1,3,0.514008,41.98,1,1,2.07831,10.8974,4.24397,0.369534
8.1,4,0.275564,40.4298,0,1,3.1504,9.14017,4.64389,0.560158
8.1,5,0.202558,41.0968,1,1,1.44049,7.5531,3.61247,0.256127
8.1,6,0.776773,42.0696,1,1,2.61686,7.59221,4.21005,0.465291
8.1,7,0.9,43.8725,1,1,2.81207,14.7448,4.99391,0.5
8.2,0,0.221464,41.142,1,1,1.15053,9.36122,3.64968,0.262125
8.2,1,0.172848,41.0422,1,1,2.16876,17.6461,4.9356,0.49411
8.2,2,0.468815,41.1292,1,1,1.54328,8.77089,3.77722,0.351607
8.2,3,0.513168,42.0147,1,1,1.6205,13.1852,4.2359,0.369199
8.2,4,0.274625,40.5274,0,1,2.45591,13.9576,4.73035,0.559531
8.2,5,0.201841,41.0997,1,1,1.12321,9.139,3.61608,0.255902
8.2,6,0.776546,42.1071,1,1,2.04198,11.6051,4.2931,0.465226
8.2,7,0.9,43.9306,1,1,2.19461,17.8564,4.96895,0.5
8.3,0,0.220716,41.1556,1,1,1.31281,9.82098,3.76825,0.261893
8.3,1,0.172118,41.0508,1,1,1.23694,9.25345,3.67895,0.246759
8.3,2,0.46805,41.1497,1,1,1.76104,8.50051,3.85746,0.351312
8.3,3,0.512293,42.0619,1,1,1.84903,13.8324,4.40959,0.368865
8.3,4,0.273659,40.634,0,1,2.80159,13.5232,4.8716,0.558893
8.3,5,0.2011,41.1112,1,1,1.28165,9.58791,3.73153,0.255678
8.3,6,0.776313,42.1526,1,1,2.33174,11.2552,4.40787,0.465161
8.3,7,0.9,44.0063,1,1,2.50638,18.75,5.21575,0.5
8.4,0,0.219955,41.1738,1,1,1.53805,9.38282,3.83295,0.261653
8.4,1,0.171376,41.0637,1,1,1.4492,8.8408,3.73894,0.246538
8.4,2,0.467345,41.1471,1,1,2.06332,3.63738,3.55484,0.351011
8.4,3,0.511398,42.1157,1,1,2.16622,13.2149,4.50989,0.368517
8.4,4,0.272785,40.7035,0,1,3.28143,5.78476,4.40138,0.558236
8.4,5,0.200347,41.1273,1,1,1.50157,9.16022,3.79428,0.255446
8.4,6,0.7761,42.1678,1,1,2.73391,4.81956,4.01389,0.465093
8.4,7,0.9,44.092,1,1,2.93911,17.9299,5.36702,0.5
8.5,0,0.219203,41.1885,1,1,1.36384,9.80287,3.79036,0.26141
8.5,1,0.170642,41.0734,1,1,1.28508,9.23679,3.69962,0.246314
8.5,2,0.466612,41.155,1,1,1.82986,6.40136,3.69317,0.350734
8.5,3,0.510516,42.1637,1,1,1.92079,13.8061,4.44269,0.368162
8.5,4,0.271871,40.7876,0,1,2.90936,10.1777,4.61101,0.557643
8.5,5,0.199603,41.14,1,1,1.3315,9.5704,3.75304,0.255211
8.5,6,0.775879,42.1962,1,1,2.42618,8.48744,4.19415,0.465031
8.5,7,0.9,44.169,1,1,2.60862,18.75,5.26943,0.5
8.6,0,0.21846,41.1998,1,1,1.41268,9.12142,3.74837,0.26117
8.6,1,0.169916,41.08,1,1,1.33113,8.59487,3.6599,0.246093
8.6,2,0.465885,41.1603,1,1,1.89558,5.70581,3.6608,0.350446
8.6,3,0.509646,42.2065,1,1,1.98952,12.8459,4.38521,0.367812
8.6,4,0.270965,40.8667,0,1,3.01297,9.06921,4.56215,0.557023
8.6,5,0.198866,41.1494,1,1,1.37919,8.90518,3.71198,0.254978
8.6,6,0.775659,42.2211,1,1,2.51503,7.57039,4.1542,0.464967
8.6,7,0.9,44.2393,1,1,2.70453,17.4626,5.19674,0.5
8.7,0,0.217713,41.2121,1,1,1.31557,9.76081,3.76379,0.260932
8.7,1,0.169187,41.0876,1,1,1.23965,9.19754,3.67486,0.245874
8.7,2,0.465201,41.1495,1,1,1.76544,4.10422,3.44747,0.35016
8.7,3,0.508773,42.25,1,1,1.85269,13.746,4.40312,0.367466
8.7,4,0.27013,40.918,0,1,2.8053,6.52166,4.21021,0.55641
8.7,5,0.198127,41.1598,1,1,1.28439,9.52949,3.72722,0.254748
8.7,6,0.775454,42.2241,1,1,2.34394,5.44911,3.86605,0.464903
8.7,7,0.9,44.3101,1,1,2.5209,18.7037,5.21891,0.5
8.8,0,0.216978,41.2196,1,1,1.38328,8.79052,3.70299,0.260694
8.8,1,0.168469,41.0908,1,1,1.30348,8.28342,3.61736,0.245655
8.8,2,0.464505,41.1435,1,1,1.85658,4.27255,3.50834,0.349892
8.8,3,0.507915,42.2865,1,1,1.94799,12.3791,4.31979,0.367119
8.8,4,0.269274,40.9761,0,1,2.9494,6.78746,4.31288,0.555844
8.8,5,0.197399,41.1655,1,1,1.35051,8.58226,3.66777,0.254518
8.8,6,0.775245,42.2334,1,1,2.46653,5.67624,3.95129,0.464843
8.8,7,0.9,44.3716,1,1,2.65308,16.8599,5.11172,0.5
8.9,0,0.216248,41.2254,1,1,1.27058,9.11864,3.68163,0.260459
8.9,1,0.167755,41.0925,1,1,1.19731,8.59278,3.59774,0.245439
8.9,2,0.463905,41.1015,1,1,1.20479,2.44733,3.02749,0.349618
8.9,3,0.507057,42.3229,1,1,1.89429,12.7358,4.32711,0.366778
8.9,4,0.268579,40.9725,0,1,1.91345,3.88686,3.50156,0.555266
8.9,5,0.196659,41.1757,1,1,1.45901,8.68415,3.72869,0.254291
8.9,6,0.775071,42.1928,1,1,1.60164,3.25348,3.28935,0.464782
8.9,7,0.9,44.4818,1,1,4.01457,15.9295,5.77419,0.5
9,0,0.215513,41.2328,1,1,1.29749,9.22004,3.70378,0.260227
9,1,0.167037,41.0956,1,1,1.22269,8.68851,3.61852,0.245225
9,2,0.463147,41.1195,1,1,1.74202,8.18023,3.81772,0.349382
9,3,0.5062,42.358,1,1,1.82706,12.9832,4.31745,0.366437
9,4,0.267627,41.0664,1,1,2.76622,12.9897,4.80177,0.554796
9,5,0.195931,41.1813,1,1,1.26675,9.00157,3.66869,0.254061
9,6,0.77484,42.2336,1,1,2.31716,10.8809,4.36468,0.464732
9,7,0.9,44.5404,1,1,2.493,17.7154,5.10954,0.5
9.1,0,0.214804,41.23,1,1,1.31351,7.732,3.56962,0.259993
9.1,1,0.166345,41.0893,1,1,1.23781,7.2864,3.49215,0.245009
9.1,2,0.462374,41.1431,1,1,1.76361,8.90969,3.89758,0.349085
9.1,3,0.505381,42.3783,1,1,1.84956,10.8875,4.12836,0.366097
9.1,4,0.266923,41.0647,1,1,1.39982,7.07182,3.54759,0.277076
9.1,5,0.195229,41.1769,1,1,1.2824,7.54884,3.53773,0.253834
9.1,6,0.774603,42.2819,1,1,2.34753,11.8596,4.47366,0.464664
9.1,7,0.9,44.5787,1,1,2.52605,14.8696,4.85428,0.5
9.2,0,0.214116,41.2197,1,1,1.12971,7.56762,3.46931,0.259768
9.2,1,0.16567,41.076,1,1,1.06462,7.13162,3.39845,0.244801
9.2,2,0.461659,41.1444,1,1,1.51682,7.07957,3.60408,0.348781
9.2,3,0.504592,42.3871,1,1,1.59071,10.6558,3.97966,0.365772
9.2,4,0.266264,41.0459,1,1,1.20395,5.61928,3.31895,0.276839
9.2,5,0.194547,41.1653,1,1,1.10296,7.38842,3.44014,0.253616
9.2,6,0.774388,42.2995,1,1,2.02049,9.43036,4.07512,0.464595
9.2,7,0.9,44.6007,1,1,2.17446,14.5661,4.64335,0.5
9.3,0,0.213462,41.1965,1,1,1.08625,5.94719,3.29602,0.259549
9.3,1,0.165028,41.0507,1,1,1.02369,5.60464,3.23549,0.244599
9.3,2,0.460966,41.1371,1,1,1.45853,6.17257,3.4906,0.348501
9.3,3,0.503851,42.3773,1,1,1.5295,8.37395,3.73287,0.365459
9.3,4,0.265623,41.0207,1,1,1.15768,4.89938,3.23009,0.276617
9.3,5,0.193898,41.1412,1,1,1.06053,5.80639,3.2711,0.253404
9.3,6,0.77418,42.3054,1,1,1.94414,8.22769,3.9226,0.464532
9.3,7,0.9,44.5968,1,1,2.09258,11.4568,4.30454,0.5
9.4,0,0.21279,41.1806,1,1,0.878476,7.86744,3.38622,0.259341
9.4,1,0.164369,41.0323,1,1,0.82789,7.4144,3.32119,0.244407
9.4,2,0.460273,41.13,1,1,1.17957,7.56394,3.4917,0.348229
9.4,3,0.503086,42.3767,1,1,1.23694,11.0777,3.85327,0.365165
9.4,4,0.264982,40.9963,1,1,0.936265,6.00376,3.23432,0.276401
9.4,5,0.193231,41.1242,1,1,0.857684,7.68123,3.35946,0.253203
9.4,6,0.773973,42.3108,1,1,1.57332,10.0889,3.91719,0.464472
9.4,7,0.9,44.6048,1,1,1.69367,15.1681,4.46137,0.5
9.5,0,0.212097,41.1728,1,1,1.09234,7.98773,3.49236,0.259128
9.5,1,0.163691,41.0216,1,1,1.02946,7.52788,3.42035,0.24421
9.5,2,0.459565,41.129,1,1,1.4668,6.97185,3.56996,0.347957
9.5,3,0.502291,42.3879,1,1,1.53805,11.247,4.01084,0.364861
9.5,4,0.264328,40.9766,1,1,1.16425,5.53379,3.29262,0.276185
9.5,5,0.192544,41.1151,1,1,1.06649,7.79871,3.46272,0.252996
9.5,6,0.77376,42.3246,1,1,1.9577,9.30517,4.03163,0.464411
9.5,7,0.9,44.6299,1,1,2.10772,15.4127,4.69049,0.5
9.6,0,0.211435,41.1535,1,1,1.13405,6.14595,3.33651,0.258908
9.6,1,0.163041,41.0001,1,1,1.06878,5.79223,3.27349,0.244007
9.6,2,0.458851,41.1301,1,1,1.52287,7.00533,3.59997,0.34768
9.6,3,0.501538,42.3825,1,1,1.59675,8.65356,3.79182,0.364545
9.6,4,0.263671,40.959,1,1,1.20876,5.56038,3.31563,0.275966
9.6,5,0.191887,41.0949,1,1,1.10722,6.00056,3.31057,0.252783
9.6,6,0.773544,42.3415,1,1,2.0339,9.35607,4.07483,0.464349
9.6,7,0.9,44.6322,1,1,2.19005,11.869,4.3935,0.5
9.7,0,0.210733,41.1496,1,1,0.909263,9.31464,3.53783,0.258699
9.7,1,0.162354,40.9933,1,1,0.856945,8.77868,3.46393,0.243813
9.7,2,0.458155,41.1242,1,1,1.22103,7.50851,3.50549,0.3474
9.7,3,0.500731,42.3979,1,1,1.28024,13.115,4.06835,0.364247
9.7,4,0.263027,40.9364,1,1,0.969176,5.9598,3.24472,0.275745
9.7,5,0.191191,41.0897,1,1,0.887758,9.09435,3.50742,0.25258
9.7,6,0.773336,42.348,1,1,1.63185,10.0348,3.94031,0.464286
9.7,7,0.9,44.6624,1,1,1.75738,18.0029,4.76446,0.5
9.8,0,0.210049,41.1391,1,1,1.27689,6.63499,3.44858,0.258476
9.8,1,0.161684,40.9801,1,1,1.20344,6.25333,3.37848,0.243608
9.8,2,0.457378,41.1493,1,1,1.71483,9.36866,3.91728,0.347127
9.8,3,0.499946,42.4046,1,1,1.79782,9.34185,3.95553,0.363926
9.8,4,0.26232,40.9381,1,1,1.36113,7.43627,3.56387,0.275528
9.8,5,0.190513,41.078,1,1,1.2467,6.47812,3.41972,0.252365
9.8,6,0.773097,42.3971,1,1,2.2933,12.529,4.50951,0.464224
9.8,7,0.9,44.6819,1,1,2.47003,12.8348,4.63047,0.5
9.9,0,0.209333,41.1408,1,1,1.03075,9.49738,3.6088,0.25826
9.9,1,0.160983,40.9785,1,1,0.971478,8.95122,3.53034,0.243408
9.9,2,0.456605,41.1723,1,1,1.38422,10.8083,3.89595,0.346823
9.9,3,0.499118,42.4275,1,1,1.45124,13.3718,4.17289,0.363615
9.9,4,0.261615,40.9388,1,1,1.09873,8.57911,3.55159,0.275291
9.9,5,0.189803,41.0783,1,1,1.00639,9.27289,3.57651,0.252155
9.9,6,0.77286,42.4425,1,1,1.85251,14.4648,4.47187,0.464155
9.9,7,0.9,44.7228,1,1,1.99557,18.3872,4.91927,0.5
10,0,0.208612,41.1444,1,1,1.31486,8.41879,3.63554,0.258034
10,1,0.160278,40.9788,1,1,1.23927,7.9348,3.55441,0.2432
10,2,0.455809,41.2038,1,1,1.76576,10.114,4.01324,0.34652
10,3,0.498281,42.4536,1,1,1.8512,11.8528,4.22133,0.363287
10,4,0.260893,40.9461,1,1,1.4016,8.0281,3.63912,0.275055
10,5,0.189088,41.0804,1,1,1.28379,8.21985,3.60215,0.251936
10,6,0.772615,42.5001,1,1,2.36484,13.5454,4.64359,0.464085
10,7,0.9,44.7694,1,1,2.54785,16.3133,5.00392,0.5
10.1,0,0.207967,41.119,1,1,1.21563,4.80816,3.24832,0.257806
10.1,1,0.159645,40.9518,1,1,1.14577,4.53183,3.1903,0.24299
10.1,2,0.455023,41.2309,1,1,1.63248,10.2588,3.96197,0.346209
10.1,3,0.497553,42.4379,1,1,1.71144,6.7692,3.66928,0.362954
10.1,4,0.260179,40.9504,1,1,1.29583,8.14322,3.60046,0.274813
10.1,5,0.188449,41.0543,1,1,1.18692,4.69457,3.22443,0.251716
10.1,6,0.772373,42.5513,1,1,2.18796,13.7496,4.5721,0.464013
10.1,7,0.9,44.7578,1,1,2.35765,9.32514,4.23779,0.5
10.2,0,0.207269,41.1143,1,1,1.10599,8.2145,3.52012,0.257603
10.2,1,0.158961,40.9444,1,1,1.04244,7.74252,3.44659,0.242802
10.2,2,0.454289,41.2376,1,1,1.48509,8.21857,3.69685,0.345901
10.2,3,0.496749,42.4511,1,1,1.55707,11.5648,4.05033,0.362666
10.2,4,0.259505,40.939,1,1,1.17885,6.52385,3.39274,0.274574
10.2,5,0.187756,41.0484,1,1,1.07987,8.02049,3.48986,0.251519
10.2,6,0.77215,42.5747,1,1,1.99188,11.0232,4.21235,0.463942
10.2,7,0.9,44.7856,1,1,2.1467,15.9441,4.76119,0.5
10.3,0,0.206562,41.113,1,1,1.16407,8.38828,3.56305,0.257382
10.3,1,0.158269,40.9402,1,1,1.0972,7.90646,3.48681,0.242598
10.3,2,0.453504,41.2638,1,1,1.56311,10.5691,3.95811,0.345614
10.3,3,0.495933,42.4687,1,1,1.63879,11.8092,4.11308,0.362347
10.3,4,0.258791,40.9432,1,1,1.2408,8.3898,3.59841,0.274349
10.3,5,0.187056,41.0458,1,1,1.13658,8.19023,3.53167,0.251306
10.3,6,0.771908,42.6244,1,1,2.09798,14.1857,4.56806,0.463876
10.3,7,0.9,44.8198,1,1,2.26135,16.2954,4.85342,0.5
10.4,0,0.205841,41.1169,1,1,1.19301,8.97969,3.63266,0.25716
10.4,1,0.157564,40.9409,1,1,1.1245,8.46405,3.55228,0.242393
10.4,2,0.452828,41.2482,1,1,1.60194,4.51763,3.40516,0.345307
10.4,3,0.495097,42.4935,1,1,1.67949,12.6414,4.21243,0.362024
10.4,4,0.258164,40.9146,1,1,1.27165,3.58616,3.16137,0.27411
10.4,5,0.186341,41.0484,1,1,1.16485,8.76774,3.59958,0.25109
10.4,6,0.771706,42.6175,1,1,2.15168,6.06794,3.82442,0.463805
10.4,7,0.9,44.8641,1,1,2.31959,17.4594,4.99496,0.5
10.5,0,0.205125,41.119,1,1,1.27047,8.35987,3.60929,0.256933
10.5,1,0.156864,40.94,1,1,1.19754,7.87998,3.52998,0.242184
10.5,2,0.452108,41.2495,1,1,1.70615,6.36425,3.62855,0.345043
10.5,3,0.494267,42.5156,1,1,1.78847,11.7684,4.18228,0.361692
10.5,4,0.257502,40.8995,1,1,1.35437,5.05204,3.33603,0.2739
10.5,5,0.185632,41.0492,1,1,1.24049,8.16261,3.57664,0.25087
10.5,6,0.771487,42.6337,1,1,2.2931,8.5537,4.13125,0.463746
10.5,7,0.9,44.905,1,1,2.47237,16.2686,4.96011,0.5
10.6,0,0.204455,41.1036,1,1,1.20274,6.24554,3.37742,0.256708
10.6,1,0.156207,40.9227,1,1,1.13372,5.88714,3.31193,0.241976
10.6,2,0.451357,41.2626,1,1,1.61529,8.49761,3.78598,0.344761
10.6,3,0.493503,42.5126,1,1,1.69307,8.79175,3.85178,0.361363
10.6,4,0.256815,40.8942,1,1,1.28225,6.74559,3.46154,0.27368
10.6,5,0.184967,41.0329,1,1,1.17437,6.09822,3.35046,0.250652
10.6,6,0.771258,42.6655,1,1,2.17246,11.4287,4.34251,0.463681
10.6,7,0.9,44.9108,1,1,2.34262,12.1647,4.50022,0.5
10.7,0,0.203765,41.0962,1,1,0.94048,8.55861,3.47922,0.256497
10.7,1,0.155531,40.913,1,1,0.886524,8.0676,3.40881,0.241782
10.7,2,0.450617,41.2713,1,1,1.26304,9.66456,3.73022,0.344468
10.7,3,0.492712,42.5197,1,1,1.32388,12.0476,3.98631,0.361061
10.7,4,0.256136,40.8859,1,1,1.00264,7.67206,3.42213,0.27345
10.7,5,0.184282,41.0245,1,1,0.918302,8.35678,3.45025,0.250449
10.7,6,0.771032,42.6904,1,1,1.6999,13.0074,4.25738,0.463613
10.7,7,0.9,44.9296,1,1,1.83331,16.6836,4.67512,0.5
10.8,0,0.203054,41.0966,1,1,1.18638,8.48684,3.58264,0.256281
10.8,1,0.154835,40.9107,1,1,1.11834,8.00008,3.50529,0.241582
10.8,2,0.44998,41.2409,1,1,1.59329,2.41145,3.2104,0.344179
10.8,3,0.49189,42.5383,1,1,1.66998,11.9463,4.14133,0.360747
10.8,4,0.255539,40.8469,1,1,1.26482,1.91431,3.00951,0.273224
10.8,5,0.183578,41.0237,1,1,1.15841,8.28676,3.5508,0.250239
10.8,6,0.770844,42.6627,1,1,2.14587,3.24778,3.562,0.463547
10.8,7,0.9,44.9654,1,1,2.31462,16.5577,4.90597,0.5
10.9,0,0.20234,41.0983,1,1,1.2081,8.55792,3.59937,0.256058
10.9,1,0.154136,40.9096,1,1,1.13883,8.06723,3.52099,0.241376
10.9,2,0.44927,41.2386,1,1,1.62269,6.2592,3.57788,0.34393
10.9,3,0.491064,42.5584,1,1,1.7005,12.046,4.16571,0.360422
10.9,4,0.254885,40.83,1,1,1.28816,4.9688,3.29711,0.273025
10.9,5,0.18287,41.0242,1,1,1.17963,8.35622,3.56711,0.250023
10.9,6,0.770629,42.6732,1,1,2.18679,8.4351,4.0653,0.463491
10.9,7,0.9,45.0034,1,1,2.35904,16.7109,4.94359,0.5
11,0,0.201605,41.1077,1,1,1.21969,9.59377,3.70349,0.255834
11,1,0.153418,40.9158,1,1,1.14977,9.04387,3.61905,0.24117
11,2,0.448548,41.2409,1,1,1.63836,6.83468,3.63972,0.343653
11,3,0.490208,42.5892,1,1,1.71675,13.5035,4.3131,0.360095
11,4,0.254221,40.8171,1,1,1.30061,5.42568,3.34572,0.272807
11,5,0.182142,41.0323,1,1,1.19095,9.36773,3.66874,0.249806
11,6,0.770409,42.69,1,1,2.20939,9.21679,4.15097,0.463428
11,7,0.9,45.0564,1,1,2.38374,18.75,5.15192,0.5
11.1,0,0.200932,41.0937,1,1,1.35622,5.6477,3.3927,0.255604
11.1,1,0.152758,40.9,1,1,1.27851,5.32409,3.32586,0.240958
11.1,2,0.447808,41.25,1,1,1.82191,6.84209,3.73069,0.343371
11.1,3,0.489439,42.587,1,1,1.90885,7.94899,3.87854,0.359756
11.1,4,0.253544,40.8097,1,1,1.44633,5.43162,3.4152,0.272587
11.1,5,0.181474,41.0175,1,1,1.32428,5.51468,3.36517,0.249584
11.1,6,0.770183,42.7163,1,1,2.45858,9.23307,4.28169,0.463363
11.1,7,0.9,45.0639,1,1,2.65298,11.0478,4.55647,0.5
11.2,0,0.200246,41.0848,1,1,0.874769,8.62509,3.45695,0.255393
11.2,1,0.152086,40.8891,1,1,0.824659,8.13102,3.38818,0.240763
11.2,2,0.447072,41.2571,1,1,1.17512,9.82723,3.70539,0.343083
11.2,3,0.488654,42.5903,1,1,1.23119,12.1393,3.95227,0.359451
11.2,4,0.252868,40.8014,1,1,0.932888,7.8015,3.40366,0.272361
11.2,5,0.180794,41.0077,1,1,0.854171,8.422,3.42865,0.24938
11.2,6,0.769959,42.7381,1,1,1.58687,13.2706,4.22788,0.463296
11.2,7,0.9,45.0771,1,1,1.71259,16.8859,4.63537,0.5
11.3,0,0.19953,41.0871,1,1,1.18649,8.72035,3.60494,0.255179
11.3,1,0.151387,40.8888,1,1,1.11854,8.22096,3.52642,0.240565
11.3,2,0.446412,41.2357,1,1,1.59387,3.71694,3.32762,0.342796
11.3,3,0.487826,42.61,1,1,1.66987,12.2731,4.17252,0.359141
11.3,4,0.252253,40.7706,1,1,1.26534,2.95079,3.10074,0.272137
11.3,5,0.180085,41.0088,1,1,1.15856,8.51507,3.57262,0.249172
11.3,6,0.769762,42.7221,1,1,2.15384,5.0228,3.72824,0.46323
11.3,7,0.9,45.1146,1,1,2.32481,17.0867,4.96193,0.5
11.4,0,0.198859,41.0726,1,1,1.23727,6.12236,3.38175,0.254955
11.4,1,0.150729,40.8727,1,1,1.16644,5.77187,3.31604,0.24036
11.4,2,0.445685,41.2401,1,1,1.6623,6.99424,3.66645,0.342539
11.4,3,0.487061,42.6059,1,1,1.74128,8.61635,3.85874,0.358813
11.4,4,0.251585,40.7603,1,1,1.31966,5.55256,3.36656,0.271933
11.4,5,0.17942,40.9936,1,1,1.20815,5.97829,3.3547,0.248956
11.4,6,0.76954,42.7412,1,1,2.24772,9.45742,4.19351,0.463171
11.4,7,0.9,45.1191,1,1,2.42644,12.0067,4.5287,0.5
11.5,0,0.198236,41.0403,1,1,0.919199,5.10274,3.14174,0.254746
11.5,1,0.150115,40.84,1,1,0.86659,4.81069,3.09119,0.240166
11.5,2,0.444946,41.2488,1,1,1.23496,9.74478,3.72493,0.342255
11.5,3,0.486365,42.5756,1,1,1.29361,7.18121,3.50808,0.35851
11.5,4,0.250907,40.754,1,1,0.980415,7.73624,3.41838,0.271711
11.5,5,0.1788,40.9611,1,1,0.897573,4.98269,3.12093,0.248753
11.5,6,0.769314,42.7651,1,1,1.67102,13.1857,4.26041,0.463105
11.5,7,0.9,45.0854,1,1,1.80415,10.0153,4.02275,0.5
11.6,0,0.197601,41.0131,1,1,1.02077,5.25613,3.20136,0.254552
11.6,1,0.149491,40.812,1,1,0.96236,4.95537,3.147,0.239986
11.6,2,0.444161,41.2747,1,1,1.37131,11.4919,3.95527,0.341967
11.6,3,0.485651,42.5524,1,1,1.43655,7.39705,3.5958,0.358235
11.6,4,0.250193,40.7614,1,1,1.08868,9.12341,3.599,0.271487
11.6,5,0.17817,40.9335,1,1,0.99676,5.1325,3.17898,0.248564
11.6,6,0.769072,42.8124,1,1,1.85682,15.5606,4.57902,0.463038
11.6,7,0.9,45.0621,1,1,2.00504,10.3243,4.15236,0.5
11.7,0,0.196895,41.0131,1,1,1.19595,8.19243,3.55899,0.254354
11.7,1,0.1488,40.8097,1,1,1.12753,7.72376,3.48317,0.239803
11.7,2,0.443388,41.2957,1,1,1.60647,9.70436,3.89653,0.341662
11.7,3,0.484836,42.5679,1,1,1.68307,11.5292,4.10783,0.357953
11.7,4,0.249489,40.7649,1,1,1.2754,7.70444,3.54925,0.27125
11.7,5,0.17747,40.9325,1,1,1.16783,7.99978,3.52778,0.248372
11.7,6,0.768833,42.8537,1,1,2.17684,13.1498,4.50908,0.462967
11.7,7,0.9,45.0938,1,1,2.35096,16.1044,4.8813,0.5
11.8,0,0.196181,41.0161,1,1,1.17253,8.71687,3.59823,0.254134
11.8,1,0.148101,40.8102,1,1,1.10548,8.21835,3.52026,0.2396
11.8,2,0.442735,41.2706,1,1,1.57499,3.38046,3.28782,0.341361
11.8,3,0.48401,42.5873,1,1,1.65005,12.2668,4.16231,0.357631
11.8,4,0.248879,40.7323,1,1,1.25043,2.68385,3.06985,0.271017
11.8,5,0.176762,40.9345,1,1,1.14497,8.51195,3.56614,0.248159
11.8,6,0.768639,42.832,1,1,2.13573,4.584,3.67842,0.462896
11.8,7,0.9,45.1309,1,1,2.30692,17.1502,4.95879,0.5
11.9,0,0.195469,41.0184,1,1,1.2351,8.32642,3.58975,0.253912
11.9,1,0.147404,40.8101,1,1,1.16448,7.85038,3.51204,0.239395
11.9,2,0.441988,41.2818,1,1,1.65924,8.05184,3.76503,0.341107
11.9,3,0.483187,42.6056,1,1,1.73802,11.7169,4.15259,0.357304
11.9,4,0.248196,40.7285,1,1,1.31732,6.39262,3.44456,0.270816
11.9,5,0.176056,40.9357,1,1,1.20607,8.13074,3.55776,0.247944
11.9,6,0.768409,42.86,1,1,2.25137,10.9253,4.33498,0.462838
11.9,7,0.9,45.1667,1,1,2.43213,16.3963,4.95137,0.5
12,0,0.194777,41.0128,1,1,1.19415,7.42701,3.48538,0.25369
12,1,0.146727,40.8027,1,1,1.1259,7.00253,3.41391,0.239191
12,2,0.441285,41.2763,1,1,1.60426,6.00194,3.54475,0.340816
12,3,0.482392,42.6125,1,1,1.68034,10.4509,4.00354,0.356979
12,4,0.247547,40.7117,1,1,1.2737,4.76522,3.27135,0.27059
12,5,0.175371,40.9293,1,1,1.16609,7.25252,3.45596,0.24773
12,6,0.768196,42.8648,1,1,2.17831,8.14959,4.03394,0.46277
12,7,0.9,45.1862,1,1,2.35355,14.638,4.74223,0.5
12.1,0,0.194155,40.9812,1,1,1.07673,4.29252,3.13647,0.253476
12.1,1,0.146115,40.7707,1,1,1.01521,4.04726,3.08583,0.238993
12.1,2,0.440599,41.2644,1,1,1.44658,5.88433,3.45779,0.340543
12.1,3,0.481697,42.5818,1,1,1.51507,6.03999,3.50521,0.356665
12.1,4,0.246911,40.6902,1,1,1.14852,4.67189,3.20463,0.270376
12.1,5,0.174752,40.8975,1,1,1.05144,4.1917,3.11562,0.247522
12.1,6,0.767989,42.8605,1,1,1.96552,7.99521,3.91133,0.462706
12.1,7,0.9,45.1525,1,1,2.12394,8.46732,4.03622,0.5
12.2,0,0.193518,40.9554,1,1,0.681556,6.86317,3.20683,0.253283
12.2,1,0.145489,40.7444,1,1,0.642622,6.47112,3.15338,0.238814
12.2,2,0.440003,41.2187,1,1,0.915646,3.66185,3.00561,0.340276
12.2,3,0.480984,42.5582,1,1,0.959006,9.65706,3.59233,0.35639
12.2,4,0.246345,40.6427,1,1,0.726987,2.90737,2.85388,0.270166
12.2,5,0.17412,40.8714,1,1,0.665551,6.70201,3.18484,0.247335
12.2,6,0.767816,42.8086,1,1,1.24493,4.9787,3.27786,0.462644
12.2,7,0.9,45.1272,1,1,1.34545,13.5484,4.14017,0.5
12.3,0,0.192857,40.9395,1,1,0.942356,7.02203,3.33362,0.253085
12.3,1,0.14484,40.7274,1,1,0.888537,6.62099,3.27193,0.238631
12.3,2,0.439501,41.1381,1,1,0.436298,0.436298,2.5293,0.340045
12.3,3,0.480214,42.5566,1,1,1.59115,9.61529,3.88064,0.356108
12.3,4,0.245851,40.5686,1,1,0.3464,0.3464,2.48798,0.269979
12.3,5,0.173424,40.8701,1,1,1.47237,6.30503,3.50968,0.247144
12.3,6,0.767678,42.7072,1,1,0.593535,0.593535,2.60464,0.462593
12.3,7,0.9,45.2679,1,1,5.95756,9.77703,6.34866,0.5
12.4,0,0.192206,40.92,1,1,0.994742,6.23744,3.28236,0.25288
12.4,1,0.1442,40.707,1,1,0.937946,5.8813,3.22348,0.238442
12.4,2,0.438941,41.0808,1,1,1.01671,1.01671,2.82167,0.33985
12.4,3,0.479457,42.5503,1,1,1.67953,8.4962,3.81709,0.355804
12.4,4,0.245313,40.5125,1,1,0.807197,0.807197,2.71198,0.269817
12.4,5,0.172735,40.8662,1,1,1.55415,5.50793,3.47415,0.246933
12.4,6,0.767518,42.6387,1,1,1.38379,1.38379,3.02231,0.462552
12.4,7,0.9,45.4094,1,1,6.29383,8.00578,6.39112,0.5
12.5,0,0.191522,40.9129,1,1,0.903302,8.3553,3.44356,0.252679
12.5,1,0.143531,40.6984,1,1,0.851739,7.87836,3.3757,0.238255
12.5,2,0.438405,41.0155,1,1,0.481513,2.37743,2.70306,0.339632
12.5,3,0.478665,42.5571,1,1,1.42427,11.6021,3.99071,0.355505
12.5,4,0.244793,40.4504,1,1,0.382281,1.88748,2.61908,0.269639
12.5,5,0.172035,40.8663,1,1,1.20135,7.83908,3.52785,0.246725
12.5,6,0.767367,42.5588,1,1,0.655714,3.23753,2.85395,0.462504
12.5,7,0.9,45.4959,1,1,4.16032,14.1606,5.68916,0.5
12.6,0,0.190854,40.9002,1,1,1.15636,6.36282,3.3672,0.252467
12.6,1,0.142875,40.6845,1,1,1.09037,5.99972,3.30284,0.23806
12.6,2,0.4379,40.9393,1,1,0.0375919,2.37597,2.54328,0.339424
12.6,3,0.477879,42.5616,1,1,1.94437,8.63426,3.96125,0.355193
12.6,4,0.244299,40.38,1,1,0.0298442,1.88628,2.49428,0.269468
12.6,5,0.171322,40.8714,1,1,1.79016,5.55169,3.59385,0.246513
12.6,6,0.767228,42.4634,1,1,0.0512182,3.23721,2.62962,0.462459
12.6,7,0.9,45.6747,1,1,7.20653,7.68485,6.93842,0.5
12.7,0,0.190167,40.8949,1,1,0.939128,8.38562,3.46211,0.252261
12.7,1,0.142202,40.6776,1,1,0.885551,7.90722,3.39309,0.237869
12.7,2,0.437381,40.8698,1,1,0.614429,0.614429,2.61491,0.339228
12.7,3,0.477073,42.5734,1,1,1.58541,11.5327,4.06088,0.354883
12.7,4,0.243792,40.3152,1,1,0.487782,0.487782,2.55358,0.269306
12.7,5,0.170601,40.8794,1,1,1.46709,7.63724,3.6331,0.246298
12.7,6,0.767083,42.3769,1,1,0.837557,0.837557,2.72762,0.462417
12.7,7,0.9,45.8257,1,1,5.95655,12.5258,6.60796,0.5
12.8,0,0.189466,40.895,1,1,1.16461,8.07565,3.53353,0.252049
12.8,1,0.141516,40.6757,1,1,1.09819,7.61506,3.45954,0.237674
12.8,2,0.436742,40.847,1,1,1.5665,2.70682,3.2233,0.339027
12.8,3,0.476266,42.5858,1,1,1.6383,11.3603,4.06994,0.354565
12.8,4,0.243193,40.2864,1,1,1.24358,2.14883,3.01961,0.269139
12.8,5,0.169906,40.8774,1,1,1.13704,7.88443,3.50277,0.246081
12.8,6,0.766893,42.357,1,1,2.13644,3.69164,3.59719,0.462374
12.8,7,0.9,45.8425,1,1,2.31029,16.02,4.85221,0.5
12.9,0,0.188773,40.8922,1,1,1.15404,7.7202,3.49489,0.251832
12.9,1,0.140836,40.6712,1,1,1.08824,7.28003,3.42319,0.237474
12.9,2,0.436216,40.7815,1,1,0.679639,0.679639,2.64728,0.338779
12.9,3,0.475443,42.6035,1,1,1.94803,10.5351,4.14383,0.354246
12.9,4,0.242681,40.225,1,1,0.539537,0.539537,2.57838,0.268942
12.9,5,0.169167,40.892,1,1,1.80276,6.86142,3.72301,0.245871
12.9,6,0.766746,42.2758,1,1,0.927475,0.927475,2.77447,0.462317
12.9,7,0.9,46.0399,1,1,7.33212,10.2872,7.26334,0.5
13,0,0.18811,40.878,1,1,1.10834,6.33486,3.34267,0.251619
13,1,0.140186,40.656,1,1,1.04517,5.97378,3.27999,0.237277
13,2,0.43564,40.7361,1,1,0.947372,2.37002,2.90249,0.338575
13,3,0.474681,42.5983,1,1,1.6727,8.79676,3.84231,0.353922
13,4,0.242131,40.1792,1,1,0.752062,1.88142,2.77307,0.268774
13,5,0.168492,40.8824,1,1,1.31886,5.94775,3.40333,0.245649
13,6,0.76658,42.2234,1,1,1.2935,3.23591,3.13975,0.462273
13,7,0.9,46.0839,1,1,3.96981,10.8208,5.26226,0.5
13.1,0,0.187468,40.8558,1,1,0.929644,6.01431,3.23241,0.251414
13.1,1,0.139555,40.6333,1,1,0.87667,5.6716,3.17677,0.237088
13.1,2,0.434961,40.7306,1,1,1.25111,6.49334,3.4232,0.338352
13.1,3,0.47396,42.5777,1,1,1.30757,8.45931,3.636,0.353622
13.1,4,0.2415,40.1647,1,1,0.993167,5.1546,3.17945,0.268594
13.1,5,0.167855,40.8584,1,1,0.907575,5.87154,3.20919,0.245446
13.1,6,0.766376,42.2264,1,1,1.70914,8.87058,3.86713,0.462224
13.1,7,0.9,46.0498,1,1,1.84883,11.961,4.23048,0.5
13.2,0,0.186824,40.835,1,1,0.867313,6.44785,3.24626,0.251217
13.2,1,0.138922,40.612,1,1,0.817903,6.08052,3.19004,0.236905
13.2,2,0.434346,40.7011,1,1,1.16723,3.47555,3.10258,0.338088
13.2,3,0.473235,42.5587,1,1,1.21988,9.06892,3.65349,0.353337
13.2,4,0.240919,40.1315,1,1,0.926591,2.75902,2.92794,0.268387
13.2,5,0.167216,40.8358,1,1,0.846728,6.29482,3.22281,0.245255
13.2,6,0.766194,42.196,1,1,1.59559,4.75103,3.4237,0.462163
13.2,7,0.9,46.018,1,1,1.72622,12.8332,4.25356,0.5
13.3,0,0.186174,40.8169,1,1,0.913674,6.55874,3.27701,0.251019
13.3,1,0.138284,40.5933,1,1,0.861635,6.18518,3.21886,0.236722
13.3,2,0.433808,40.6428,1,1,0.807179,0.807179,2.71197,0.33785
13.3,3,0.472482,42.5507,1,1,1.54207,8.96769,3.79536,0.353052
13.3,4,0.240398,40.0764,1,1,0.640765,0.640765,2.62792,0.268196
13.3,5,0.166532,40.8304,1,1,1.42719,5.86792,3.44701,0.245063
13.3,6,0.766043,42.1246,1,1,1.10405,1.10405,2.8685,0.462108
13.3,7,0.9,46.1326,1,1,5.82378,9.06039,6.19873,0.5
13.4,0,0.185543,40.7918,1,1,0.933308,5.44799,3.1805,0.250819
13.4,1,0.137663,40.568,1,1,0.880165,5.13778,3.1279,0.236537
13.4,2,0.433103,40.6484,1,1,1.25638,7.80328,3.54982,0.337641
13.4,3,0.471775,42.5254,1,1,1.31262,7.66212,3.56257,0.352755
13.4,4,0.239747,40.0711,1,1,0.997335,6.19438,3.27944,0.268026
13.4,5,0.165905,40.8035,1,1,0.911125,5.3185,3.15851,0.244858
13.4,6,0.765829,42.1425,1,1,1.71935,10.6788,4.04433,0.462063
13.4,7,0.9,46.0902,1,1,1.86052,10.8604,4.13121,0.5
13.5,0,0.184917,40.7652,1,1,0.840603,5.59709,3.15405,0.250625
13.5,1,0.137047,40.5412,1,1,0.792749,5.27846,3.1033,0.236358
13.5,2,0.432366,40.666,1,1,1.13154,10.116,3.71319,0.337369
13.5,3,0.471076,42.4975,1,1,1.18222,7.87169,3.52217,0.352477
13.5,4,0.23907,40.0757,1,1,0.89825,8.03035,3.41035,0.267813
13.5,5,0.165284,40.775,1,1,0.820628,5.46409,3.13284,0.24467
13.5,6,0.765603,42.1767,1,1,1.54955,13.853,4.26578,0.461999
13.5,7,0.9,46.044,1,1,1.67701,11.1663,4.0702,0.5
13.6,0,0.184242,40.7574,1,1,1.04365,7.25119,3.40039,0.250433
13.6,1,0.136386,40.5323,1,1,0.984249,6.83849,3.33469,0.23618
13.6,2,0.431701,40.6567,1,1,1.40475,5.01282,3.35624,0.337084
13.6,3,0.470307,42.4966,1,1,1.46776,10.1979,3.87711,0.352202
13.6,4,0.23845,40.0588,1,1,1.11515,3.97939,3.12496,0.267591
13.6,5,0.164614,40.7651,1,1,1.01885,7.07892,3.37293,0.244484
13.6,6,0.765403,42.1743,1,1,1.92504,6.86944,3.78473,0.461931
13.6,7,0.9,46.0374,1,1,2.08369,14.4773,4.58874,0.5
13.7,0,0.1836,40.7378,1,1,1.036,5.59126,3.23976,0.250226
13.7,1,0.135754,40.5122,1,1,0.977051,5.27313,3.18341,0.235989
13.7,2,0.431216,40.5791,1,1,0.248057,0.248057,2.4446,0.336826
13.7,3,0.46956,42.4873,1,1,1.74834,7.57173,3.7632,0.351899
13.7,4,0.23797,39.9896,1,1,0.19692,0.19692,2.42298,0.267389
13.7,5,0.163931,40.7606,1,1,1.61823,4.85163,3.44407,0.244283
13.7,6,0.765271,42.0744,1,1,0.340147,0.340147,2.48516,0.461871
13.7,7,0.9,46.172,1,1,6.62439,6.61814,6.46903,0.5
13.8,0,0.182938,40.7255,1,1,0.827756,7.54492,3.33358,0.250029
13.8,1,0.135105,40.4991,1,1,0.780669,7.11573,3.27255,0.235807
13.8,2,0.430744,40.4978,1,1,0.0826191,0.0826191,2.37794,0.336638
13.8,3,0.468794,42.4854,1,1,1.39684,10.3773,3.8607,0.351605
13.8,4,0.237499,39.9176,1,1,0.0655851,0.0655851,2.37178,0.267232
13.8,5,0.163241,40.7589,1,1,1.29289,6.88052,3.47926,0.244079
13.8,6,0.765145,41.9691,1,1,0.113344,0.113344,2.38949,0.461831
13.8,7,0.9,46.2768,1,1,5.29701,11.4464,6.10278,0.5
13.9,0,0.182248,40.7243,1,1,1.04574,8.0551,3.47783,0.249827
13.9,1,0.134429,40.4964,1,1,0.986266,7.59701,3.40771,0.235619
13.9,2,0.430038,40.506,1,1,1.40835,7.10208,3.5545,0.336456
13.9,3,0.468003,42.4929,1,1,1.4705,11.327,3.98628,0.351304
13.9,4,0.236848,39.9151,1,1,1.11795,5.63762,3.28122,0.267078
13.9,5,0.162556,40.7549,1,1,1.02081,7.86312,3.44841,0.243873
13.9,6,0.76493,41.9909,1,1,1.93299,9.74777,4.06133,0.461793
13.9,7,0.9,46.2785,1,1,2.09292,16.1214,4.75091,0.5
14,0,0.181616,40.701,1,1,1.13664,4.5118,3.18425,0.249616
14,1,0.133807,40.4729,1,1,1.07202,4.2553,3.13087,0.235425
14,2,0.429335,40.5136,1,1,1.53083,6.39666,3.54636,0.336183
14,3,0.467294,42.4694,1,1,1.59827,6.34419,3.57401,0.350993
14,4,0.236199,39.912,1,1,1.21519,5.07774,3.27332,0.266866
14,5,0.161929,40.7294,1,1,1.10956,4.4043,3.16184,0.243669
14,6,0.764715,42.0118,1,1,2.10251,8.78546,4.05546,0.461729
14,7,0.9,46.2365,1,1,2.27679,9.03749,4.16865,0.5
14.1,0,0.180976,40.6815,1,1,0.735201,6.85863,3.22882,0.249423
14.1,1,0.133178,40.4531,1,1,0.693414,6.4688,3.1742,0.235246
14.1,2,0.428669,40.5069,1,1,0.990136,7.0555,3.35792,0.335911
14.1,3,0.466575,42.4501,1,1,1.03377,9.64393,3.62415,0.350714
14.1,4,0.235577,39.8983,1,1,0.785992,5.60081,3.13089,0.266654
14.1,5,0.161293,40.7077,1,1,0.717688,6.69526,3.20591,0.243481
14.1,6,0.764515,42.0117,1,1,1.36081,9.69682,3.77882,0.461664
14.1,7,0.9,46.1991,1,1,1.47381,13.749,4.21973,0.5
14.2,0,0.180326,40.6658,1,1,0.948485,6.38479,3.27581,0.249227
14.2,1,0.132539,40.4369,1,1,0.894587,6.02198,3.21775,0.235065
14.2,2,0.427951,40.5196,1,1,1.2774,8.39509,3.61586,0.335654
14.2,3,0.465841,42.4365,1,1,1.33364,8.97747,3.69751,0.350431
14.2,4,0.234916,39.8998,1,1,1.01404,6.66426,3.33142,0.266452
14.2,5,0.160648,40.6898,1,1,0.925897,6.23274,3.25145,0.243292
14.2,6,0.764296,42.0391,1,1,1.75673,11.5452,4.14536,0.461604
14.2,7,0.9,46.1711,1,1,1.90285,12.8092,4.33838,0.5
14.3,0,0.179683,40.6476,1,1,0.91593,6.13819,3.23811,0.249029
14.3,1,0.131908,40.4183,1,1,0.863896,5.78947,3.18235,0.234882
14.3,2,0.427295,40.509,1,1,1.23352,5.34937,3.30728,0.335377
14.3,3,0.465118,42.4192,1,1,1.28783,8.63049,3.64311,0.350143
14.3,4,0.234304,39.8831,1,1,0.97922,4.24655,3.0882,0.266237
14.3,5,0.16001,40.6694,1,1,0.894123,5.99204,3.21471,0.2431
14.3,6,0.764099,42.034,1,1,1.69754,7.36167,3.71839,0.461538
14.3,7,0.9,46.1378,1,1,1.839,12.3242,4.26034,0.5
14.4,0,0.179083,40.6138,1,1,0.881071,4.05669,3.02698,0.248833
14.4,1,0.131316,40.3851,1,1,0.83103,3.82628,2.98364,0.2347
14.4,2,0.426636,40.4997,1,1,1.18661,5.73845,3.32217,0.335124
14.4,3,0.464455,42.3796,1,1,1.23878,5.7037,3.34301,0.349859
14.4,4,0.233688,39.8676,1,1,0.941988,4.55545,3.10046,0.266037
14.4,5,0.159413,40.6339,1,1,0.860099,3.96013,3.00879,0.24291
14.4,6,0.763902,42.0305,1,1,1.63401,7.90207,3.73855,0.461479
14.4,7,0.9,46.0727,1,1,1.77041,8.15142,3.82896,0.5
14.5,0,0.178451,40.5923,1,1,0.642269,6.77953,3.18263,0.24865
14.5,1,0.130695,40.3635,1,1,0.605798,6.39455,3.13102,0.234531
14.5,2,0.426014,40.4763,1,1,0.864975,5.26167,3.13295,0.334869
14.5,3,0.46375,42.3566,1,1,0.903021,9.53192,3.5559,0.349598
14.5,4,0.233102,39.8414,1,1,0.686664,4.17699,2.95452,0.265837
14.5,5,0.158786,40.6104,1,1,0.626984,6.61819,3.16098,0.242733
14.5,6,0.763718,42.0067,1,1,1.19186,7.25009,3.46753,0.461419
14.5,7,0.9,46.0307,1,1,1.29151,13.6327,4.1232,0.5
14.6,0,0.177829,40.5675,1,1,0.927007,4.99728,3.13527,0.248458
14.6,1,0.130082,40.3388,1,1,0.87438,4.71358,3.08548,0.234353
14.6,2,0.42536,40.4656,1,1,1.24852,5.15834,3.29634,0.33463
14.6,3,0.463056,42.3297,1,1,1.30333,7.02597,3.49791,0.349321
14.6,4,0.232491,39.825,1,1,0.99114,4.09496,3.07944,0.265647
14.6,5,0.158168,40.5838,1,1,0.904951,4.87838,3.11437,0.242546
14.6,6,0.763522,42.0012,1,1,1.72137,7.11195,3.70649,0.461364
14.6,7,0.9,45.9845,1,1,1.86552,10.0566,4.05709,0.5
14.7,0,0.177224,40.5368,1,1,0.739972,4.94203,3.04902,0.248269
14.7,1,0.129486,40.3085,1,1,0.697972,4.66152,3.00482,0.234177
14.7,2,0.42469,40.4613,1,1,0.996621,7.2452,3.37884,0.334377
14.7,3,0.462387,42.2936,1,1,1.04035,6.94816,3.37013,0.349049
14.7,4,0.231867,39.814,1,1,0.791177,5.75167,3.1474,0.265449
14.7,5,0.157567,40.5514,1,1,0.72237,4.82447,3.03047,0.242363
14.7,6,0.76332,42.0039,1,1,1.37493,9.99542,3.81394,0.461304
14.7,7,0.9,45.9246,1,1,1.49026,9.95299,3.86445,0.5
14.8,0,0.176606,40.5116,1,1,0.764357,5.55834,3.11764,0.248085
14.8,1,0.128877,40.2836,1,1,0.720982,5.24292,3.0694,0.234007
14.8,2,0.424047,40.4464,1,1,1.02943,5.60161,3.23779,0.334119
14.8,3,0.461699,42.2655,1,1,1.07462,7.81456,3.46789,0.348786
14.8,4,0.231264,39.7947,1,1,0.817231,4.44693,3.03559,0.265246
14.8,5,0.156952,40.5245,1,1,0.746179,5.42615,3.0974,0.242185
14.8,6,0.763129,41.9921,1,1,1.42111,7.73289,3.62032,0.461244
14.8,7,0.9,45.8764,1,1,1.54052,11.2025,4.00776,0.5
14.9,0,0.175986,40.4872,1,1,0.789739,5.47919,3.12099,0.247897
14.9,1,0.128267,40.2593,1,1,0.744933,5.16833,3.07249,0.233833
14.9,2,0.423519,40.3886,1,1,0.708577,0.708577,2.66181,0.333871
14.9,3,0.460994,42.2443,1,1,1.33235,7.4811,3.55462,0.348517
14.9,4,0.230751,39.7424,1,1,0.562518,0.562518,2.58951,0.265051
14.9,5,0.156304,40.5105,1,1,1.23354,4.88633,3.26393,0.242002
14.9,6,0.76298,41.919,1,1,0.978776,0.978776,2.80152,0.461186
14.9,7,0.9,45.9496,1,1,5.09721,7.54702,5.61521,0.5
15,0,0.175386,40.456,1,1,0.783022,4.50189,3.02598,0.247709
15,1,0.127676,40.2287,1,1,0.738607,4.24654,2.98303,0.233658
15,2,0.422874,40.3758,1,1,1.05474,5.60457,3.24946,0.333668
15,3,0.460331,42.2073,1,1,1.10081,6.32895,3.3387,0.34824
15,4,0.230147,39.725,1,1,0.837314,4.44922,3.04452,0.264884
15,5,0.155708,40.4776,1,1,0.764377,4.3947,3.00793,0.241811
15,6,0.762788,41.9099,1,1,1.45769,7.74571,3.63891,0.461141
15,7,0.9,45.8873,1,1,1.58053,9.08706,3.82522,0.5
15.1,0,0.174795,40.4218,1,1,0.660129,4.55467,2.97891,0.247527
15.1,1,0.127092,40.1953,1,1,0.622692,4.29637,2.93905,0.233489
15.1,2,0.422228,40.364,1,1,0.889196,6.48214,3.25903,0.33342
15.1,3,0.459683,42.1657,1,1,0.928027,6.40308,3.26853,0.34798
15.1,4,0.229541,39.7086,1,1,0.705898,5.14591,3.05388,0.264689
15.1,5,0.15512,40.4418,1,1,0.644413,4.44624,2.96215,0.241634
15.1,6,0.762595,41.9017,1,1,1.22966,8.96408,3.64799,0.461083
15.1,7,0.9,45.8181,1,1,1.33345,9.20035,3.71867,0.5
15.2,0,0.174163,40.4038,1,1,0.683554,6.6403,3.18642,0.247348
15.2,1,0.126471,40.1772,1,1,0.644796,6.26379,3.13453,0.233323
15.2,2,0.421538,40.3688,1,1,0.920729,8.64402,3.47873,0.333171
15.2,3,0.458976,42.1467,1,1,0.960952,9.33505,3.56239,0.347726
15.2,4,0.2289,39.7055,1,1,0.730934,6.86218,3.22737,0.264493
15.2,5,0.154492,40.4218,1,1,0.667284,6.48225,3.16462,0.24146
15.2,6,0.762386,41.9166,1,1,1.27406,11.9611,3.95494,0.461024
15.2,7,0.9,45.782,1,1,1.38177,13.423,4.14511,0.5
15.3,0,0.17351,40.3937,1,1,0.914773,6.67968,3.28897,0.247156
15.3,1,0.12583,40.1665,1,1,0.862917,6.30103,3.23041,0.233146
15.3,2,0.420866,40.3665,1,1,1.23215,6.17101,3.38397,0.332905
15.3,3,0.458239,42.1396,1,1,1.28597,9.3902,3.71467,0.347449
15.3,4,0.228276,39.6966,1,1,0.978172,4.89901,3.14875,0.264286
15.3,5,0.153844,40.4096,1,1,0.893005,6.52073,3.26436,0.241275
15.3,6,0.762183,41.9223,1,1,1.7061,8.54474,3.83469,0.460961
15.3,7,0.9,45.7641,1,1,1.8506,13.5131,4.37979,0.5
15.4,0,0.172878,40.3763,1,1,0.948548,5.45469,3.18787,0.246959
15.4,1,0.125208,40.1489,1,1,0.894792,5.14556,3.13504,0.232963
15.4,2,0.420155,40.379,1,1,1.27767,8.03779,3.58199,0.332647
15.4,3,0.45753,42.1219,1,1,1.33341,7.66788,3.57284,0.34716
15.4,4,0.22762,39.6995,1,1,1.01432,6.38108,3.3047,0.264084
15.4,5,0.153216,40.3902,1,1,0.925982,5.32492,3.16566,0.241084
15.4,6,0.761965,41.9487,1,1,1.77028,11.1368,4.113,0.460899
15.4,7,0.9,45.7315,1,1,1.92046,11.0437,4.17853,0.5
15.5,0,0.172267,40.3507,1,1,0.863811,4.6691,3.07668,0.246768
15.5,1,0.124606,40.1237,1,1,0.814869,4.40456,3.03059,0.232786
15.5,2,0.419371,40.4191,1,1,1.16348,12.464,3.95248,0.332374
15.5,3,0.456853,42.0925,1,1,1.21426,6.56337,3.41278,0.346882
15.5,4,0.226906,39.7245,1,1,0.923685,9.89521,3.59966,0.263872
15.5,5,0.15261,40.363,1,1,0.843265,4.55804,3.05731,0.240898
15.5,6,0.76172,42.0131,1,1,1.61315,17.2813,4.62519,0.460833
15.5,7,0.9,45.6817,1,1,1.75025,9.46051,3.94339,0.5
15.6,0,0.17158,40.3548,1,1,1.31029,6.65271,3.46584,0.246583
15.6,1,0.123933,40.1263,1,1,1.23607,6.27586,3.39569,0.232615
15.6,2,0.418619,40.4466,1,1,1.76457,7.79603,3.79242,0.332073
15.6,3,0.456063,42.1059,1,1,1.84186,9.35158,3.97825,0.346617
15.6,4,0.226218,39.739,1,1,1.40094,6.18949,3.4648,0.263642
15.6,5,0.151928,40.3647,1,1,1.27914,6.49451,3.43634,0.24072
15.6,6,0.761486,42.0616,1,1,2.44838,10.8172,4.42682,0.460759
15.6,7,0.9,45.6964,1,1,2.6569,13.4898,4.79136,0.5
15.7,0,0.170992,40.321,1,1,0.994538,2.78798,2.96111,0.246376
15.7,1,0.123353,40.0933,1,1,0.938219,2.6301,2.92156,0.232424
15.7,2,0.417841,40.4832,1,1,1.3393,11.2934,3.92131,0.331784
15.7,3,0.455418,42.0647,1,1,1.39793,3.91881,3.25161,0.346308
15.7,4,0.225509,39.7612,1,1,1.06334,8.9664,3.57263,0.26342
15.7,5,0.151344,40.3294,1,1,0.970895,2.7217,2.94447,0.240519
15.7,6,0.761243,42.1216,1,1,1.85965,15.6811,4.59197,0.460688
15.7,7,0.9,45.6303,1,1,2.01834,5.65798,3.71818,0.5
15.8,0,0.170321,40.3192,1,1,1.17175,6.42711,3.38034,0.246199
15.8,1,0.122695,40.0904,1,1,1.10541,6.06322,3.31566,0.232259
15.8,2,0.417055,40.522,1,1,1.57766,10.489,3.95746,0.331485
15.8,3,0.454654,42.0692,1,1,1.64701,9.03392,3.85235,0.346056
15.8,4,0.224795,39.7851,1,1,1.25263,8.32804,3.598,0.263192
15.8,5,0.150678,40.3254,1,1,1.1439,6.27435,3.35315,0.240347
15.8,6,0.760997,42.1852,1,1,2.19224,14.575,4.65326,0.460614
15.8,7,0.9,45.6318,1,1,2.37969,13.0527,4.60421,0.5
15.9,0,0.169603,40.3355,1,1,1.11934,9.22486,3.62252,0.245996
15.9,1,0.121992,40.1047,1,1,1.05598,8.70273,3.54417,0.232073
15.9,2,0.416363,40.5251,1,1,1.50696,5.91939,3.48998,0.331184
15.9,3,0.453822,42.0992,1,1,1.57327,12.9659,4.19216,0.345757
15.9,4,0.224155,39.7809,1,1,1.19654,4.70004,3.22939,0.262962
15.9,5,0.149966,40.3392,1,1,1.09274,9.00567,3.58959,0.240151
15.9,6,0.760785,42.1988,1,1,2.09556,8.23143,3.99944,0.460539
15.9,7,0.9,45.6701,1,1,2.27512,18.75,5.09589,0.5
16,0,0.168948,40.3275,1,1,1.29324,4.98834,3.30132,0.24578
16,1,0.121349,40.096,1,1,1.22007,4.70609,3.24085,0.231874
16,2,0.415835,40.466,1,1,0.710411,0.710411,2.66273,0.330918
16,3,0.453049,42.1062,1,1,2.18111,6.64734,3.8938,0.345431
16,4,0.223641,39.7288,1,1,0.564082,0.564082,2.59027,0.262756
16,5,0.149257,40.3518,1,1,2.02004,4.11233,3.57607,0.239942
16,6,0.760637,42.1226,1,1,0.988542,0.988542,2.8067,0.460475
16,7,0.9,45.882,1,1,8.41888,4.35999,7.41856,0.5
16.1,0,0.168286,40.3221,1,1,0.784568,7.73537,3.3333,0.245583
16.1,1,0.120699,40.0899,1,1,0.740189,7.29782,3.27279,0.231691
16.1,2,0.415313,40.4056,1,1,0.314746,2.31501,2.63184,0.330715
16.1,3,0.45229,42.1082,1,1,1.25742,10.7161,3.8281,0.345129
16.1,4,0.223132,39.6756,1,1,0.249911,1.83814,2.56372,0.262591
16.1,5,0.148578,40.3523,1,1,1.08852,7.2285,3.41842,0.239734
16.1,6,0.760491,42.0446,1,1,0.438196,3.22301,2.76391,0.46043
16.1,7,0.9,45.9502,1,1,4.06467,13.2817,5.55041,0.5
16.2,0,0.167573,40.3364,1,1,1.06413,9.2019,3.59547,0.245384
16.2,1,0.120001,40.1023,1,1,1.00395,8.68154,3.51895,0.231508
16.2,2,0.414579,40.426,1,1,1.43331,8.45932,3.69511,0.330515
16.2,3,0.451466,42.1344,1,1,1.4954,12.9312,4.15163,0.344832
16.2,4,0.222459,39.6854,1,1,1.13804,6.71667,3.39233,0.262428
16.2,5,0.147871,40.3637,1,1,1.03876,8.98256,3.56318,0.239535
16.2,6,0.760264,42.082,1,1,1.9965,11.7833,4.28719,0.460385
16.2,7,0.9,45.9792,1,1,2.1683,18.75,5.04129,0.5
16.3,0,0.166951,40.3157,1,1,1.28661,3.1875,3.13211,0.24517
16.3,1,0.11939,40.0817,1,1,1.21388,3.00731,3.08172,0.23131
16.3,2,0.41403,40.3766,1,1,0.917017,0.917017,2.76898,0.330234
16.3,3,0.450741,42.1228,1,1,2.16952,4.11746,3.65296,0.344511
16.3,4,0.221929,39.641,1,1,0.728127,0.728127,2.67167,0.262212
16.3,5,0.147194,40.3636,1,1,2.00952,2.35797,3.41362,0.239328
16.3,6,0.760107,42.0196,1,1,1.27824,1.27824,2.96363,0.460316
16.3,7,0.9,46.0466,1,1,5.6245,3.5,5.56171,0.5
16.4,0,0.166371,40.2796,1,1,0.558838,4.40165,2.92282,0.244983
16.4,1,0.118817,40.0469,1,1,0.527254,4.15289,2.88661,0.231138
16.4,2,0.413437,40.3444,1,1,0.752826,4.24196,2.98867,0.330024
16.4,3,0.450109,42.0764,1,1,0.785226,6.18479,3.18593,0.344228
16.4,4,0.221365,39.6102,1,1,0.59775,3.36815,2.84188,0.262042
16.4,5,0.146617,40.3256,1,1,0.545484,4.29647,2.9075,0.23913
16.4,6,0.759934,41.9817,1,1,1.04993,5.91605,3.27668,0.460268
16.4,7,0.9,45.9665,1,1,1.14056,8.98357,3.60911,0.5
16.5,0,0.165797,40.2422,1,1,0.619621,3.85177,2.89605,0.244809
16.5,1,0.118249,40.0107,1,1,0.584609,3.63412,2.86125,0.230976
16.5,2,0.412748,40.3492,1,1,0.834727,8.97347,3.47301,0.329797
16.5,3,0.449484,42.028,1,1,0.870627,5.41211,3.14961,0.343981
16.5,4,0.220725,39.6085,1,1,0.66278,7.125,3.22404,0.261861
16.5,5,0.146045,40.2863,1,1,0.604818,3.75975,2.88132,0.238961
16.5,6,0.759724,41.9956,1,1,1.16482,12.522,3.95866,0.460215
16.5,7,0.9,45.8841,1,1,1.26552,7.86688,3.5601,0.5
16.6,0,0.165172,40.2245,1,1,0.909442,5.24521,3.15087,0.244637
16.6,1,0.117634,39.993,1,1,0.858062,4.94887,3.10047,0.230816
16.6,2,0.412058,40.354,1,1,1.22504,7.16575,3.47481,0.329533
16.6,3,0.448786,42.0081,1,1,1.27785,7.36998,3.51864,0.343737
16.6,4,0.220086,39.6065,1,1,0.972711,5.68976,3.22077,0.261656
16.6,5,0.145424,40.2662,1,1,0.887719,5.11992,3.12953,0.238794
16.6,6,0.759514,42.0105,1,1,1.71062,10.0061,3.97591,0.460151
16.6,7,0.9,45.8448,1,1,1.85876,10.7204,4.11698,0.5
16.7,0,0.164505,40.2227,1,1,0.778044,8.04205,3.35982,0.24445
16.7,1,0.11698,39.9905,1,1,0.734098,7.58781,3.2979,0.230643
16.7,2,0.411372,40.3575,1,1,1.04801,7.85105,3.45941,0.32927
16.7,3,0.44803,42.0103,1,1,1.09319,11.2995,3.80916,0.343464
16.7,4,0.219449,39.6039,1,1,0.832158,6.23402,3.21074,0.261452
16.7,5,0.144763,40.2618,1,1,0.759464,7.85,3.33362,0.238612
16.7,6,0.759305,42.0232,1,1,1.46438,10.9702,3.94927,0.460087
16.7,7,0.9,45.8375,1,1,1.59142,16.4493,4.53487,0.5
16.8,0,0.163811,40.2312,1,1,1.10161,7.98024,3.49583,0.244251
16.8,1,0.1163,39.9975,1,1,1.03941,7.52963,3.42497,0.230459
16.8,2,0.410657,40.3718,1,1,1.48388,7.2391,3.6034,0.329007
16.8,3,0.447234,42.0277,1,1,1.54775,11.2122,4.01216,0.34317
16.8,4,0.218791,39.6095,1,1,1.17827,5.74821,3.31925,0.261248
16.8,5,0.144075,40.2674,1,1,1.07531,7.78972,3.46583,0.238419
16.8,6,0.759084,42.0521,1,1,2.07478,10.1218,4.16833,0.460023
16.8,7,0.9,45.8543,1,1,2.25509,16.3362,4.85412,0.5
16.9,0,0.163112,40.2416,1,1,1.13427,8.1139,3.52335,0.244043
16.9,1,0.115615,40.0064,1,1,1.07024,7.65588,3.45082,0.230267
16.9,2,0.409959,40.3795,1,1,1.52789,6.11162,3.51812,0.328734
16.9,3,0.44643,42.0479,1,1,1.59355,11.3993,4.05205,0.342859
16.9,4,0.218146,39.6098,1,1,1.21326,4.85306,3.25141,0.261038
16.9,5,0.143382,40.2749,1,1,1.1072,7.92025,3.49265,0.238219
16.9,6,0.75887,42.0717,1,1,2.13779,8.55123,4.05124,0.459956
16.9,7,0.9,45.8755,1,1,2.32391,16.6239,4.9171,0.5
17,0,0.162496,40.2206,1,1,1.15503,3.58258,3.10675,0.243834
17,1,0.115009,39.9857,1,1,1.08985,3.38042,3.05827,0.230075
17,2,0.409234,40.3973,1,1,1.55593,7.4224,3.65533,0.328467
17,3,0.445743,42.0235,1,1,1.62262,5.03291,3.46307,0.342546
17,4,0.217479,39.6183,1,1,1.23555,5.89404,3.35943,0.260832
17,5,0.14277,40.2518,1,1,1.12747,3.49711,3.08621,0.238017
17,6,0.758645,42.1057,1,1,2.17848,10.3922,4.24684,0.45989
17,7,0.9,45.8318,1,1,2.36848,7.34634,4.05638,0.5
17.1,0,0.161871,40.2031,1,1,0.832494,5.59388,3.15023,0.24365
17.1,1,0.114394,39.9684,1,1,0.785528,5.27829,3.10019,0.229905
17.1,2,0.408606,40.378,1,1,1.12134,4.37065,3.1641,0.32819
17.1,3,0.445046,42.0034,1,1,1.16948,7.85823,3.51507,0.342278
17.1,4,0.216888,39.5979,1,1,0.890471,3.47078,2.97683,0.260619
17.1,5,0.142149,40.2322,1,1,0.812636,5.46045,3.12905,0.237839
17.1,6,0.758458,42.0861,1,1,1.5711,6.12364,3.5401,0.459822
17.1,7,0.9,45.7932,1,1,1.70838,11.4793,4.11539,0.5
17.2,0,0.161236,40.1896,1,1,0.802682,6.22651,3.19736,0.243464
17.2,1,0.11377,39.9548,1,1,0.757409,5.87532,3.14472,0.229732
17.2,2,0.407889,40.3926,1,1,1.08123,9.29641,3.61217,0.327951
17.2,3,0.444335,41.9885,1,1,1.12757,8.74669,3.58062,0.342006
17.2,4,0.216227,39.6045,1,1,0.85862,7.38243,3.33139,0.260431
17.2,5,0.141519,40.2165,1,1,0.78354,6.07803,3.17508,0.237658
17.2,6,0.758237,42.1142,1,1,1.51581,13.0329,4.17109,0.459764
17.2,7,0.9,45.7625,1,1,1.64846,12.7873,4.21134,0.5
17.3,0,0.160554,40.1943,1,1,0.962272,8.03237,3.43859,0.243275
17.3,1,0.113101,39.9584,1,1,0.908011,7.57944,3.37162,0.229557
17.3,2,0.407243,40.3803,1,1,1.29612,4.48655,3.25592,0.327677
17.3,3,0.443556,41.9998,1,1,1.35171,11.2831,3.92612,0.34173
17.3,4,0.215623,39.5896,1,1,1.0293,3.56293,3.04744,0.26022
17.3,5,0.140843,40.2187,1,1,0.93933,7.84087,3.41024,0.237475
17.3,6,0.758043,42.1047,1,1,1.81832,6.29416,3.67737,0.459697
17.3,7,0.9,45.7713,1,1,1.97774,16.5088,4.73011,0.5
17.4,0,0.159883,40.1949,1,1,1.12339,6.69916,3.384,0.243072
17.4,1,0.112442,39.9581,1,1,1.06007,6.32152,3.31958,0.22937
17.4,2,0.406549,40.3862,1,1,1.51327,5.96015,3.49684,0.327431
17.4,3,0.442792,42.0056,1,1,1.57795,9.40985,3.85471,0.341426
17.4,4,0.214981,39.5891,1,1,1.20176,4.73323,3.2349,0.260028
17.4,5,0.140177,40.2168,1,1,1.09662,6.53949,3.35673,0.237279
17.4,6,0.75783,42.1217,1,1,2.12428,8.36667,4.02687,0.459637
17.4,7,0.9,45.7729,1,1,2.31082,13.7802,4.6381,0.5
17.5,0,0.159282,40.1687,1,1,0.977016,3.60367,3.02763,0.242872
17.5,1,0.11185,39.9326,1,1,0.921957,3.40059,2.98434,0.229186
17.5,2,0.405919,40.3679,1,1,1.31611,3.51218,3.17555,0.327166
17.5,3,0.442128,41.9731,1,1,1.37228,5.06158,3.34539,0.341129
17.5,4,0.214389,39.5697,1,1,1.04521,2.78925,2.98424,0.259824
17.5,5,0.13958,40.1889,1,1,0.953737,3.51781,3.00929,0.237085
17.5,6,0.757641,42.1037,1,1,1.84874,4.93357,3.56547,0.459572
17.5,7,0.9,45.7177,1,1,2.01138,7.41886,3.87998,0.5
17.6,0,0.158663,40.15,1,1,0.572165,6.44218,3.12194,0.242694
17.6,1,0.11124,39.9143,1,1,0.539928,6.07922,3.07442,0.22902
17.6,2,0.405309,40.3426,1,1,0.770748,5.10998,3.07797,0.326926
17.6,3,0.44144,41.9502,1,1,0.803623,9.04824,3.46687,0.340871
17.6,4,0.213811,39.5453,1,1,0.612106,4.0582,2.91229,0.259635
17.6,5,0.138964,40.1684,1,1,0.558535,6.28872,3.10183,0.236912
17.6,6,0.75746,42.0745,1,1,1.08333,7.18238,3.4117,0.459514
17.6,7,0.9,45.6752,1,1,1.17878,13.2723,4.03694,0.5
17.7,0,0.158048,40.1299,1,1,0.876129,4.84216,3.09832,0.24251
17.7,1,0.110634,39.8946,1,1,0.826778,4.56941,3.05121,0.22885
17.7,2,0.404607,40.3523,1,1,1.18026,8.05606,3.53882,0.326693
17.7,3,0.440757,41.9259,1,1,1.23052,6.80078,3.44275,0.340603
17.7,4,0.213162,39.5483,1,1,0.937337,6.39792,3.27214,0.259452
17.7,5,0.138353,40.1464,1,1,0.855263,4.72684,3.07837,0.236734
17.7,6,0.757245,42.0958,1,1,1.65991,11.33,4.07753,0.459458
17.7,7,0.9,45.6322,1,1,1.80638,9.98344,4.02082,0.5
17.8,0,0.15738,40.1303,1,1,0.856389,7.76993,3.36736,0.242327
17.8,1,0.109979,39.8942,1,1,0.808161,7.33236,3.30492,0.228681
17.8,2,0.403885,40.3692,1,1,1.1536,9.20499,3.63616,0.326426
17.8,3,0.439999,41.9305,1,1,1.20276,10.9125,3.82178,0.340338
17.8,4,0.212497,39.5571,1,1,0.916179,7.31055,3.34958,0.259246
17.8,5,0.13769,40.1446,1,1,0.835998,7.58493,3.34094,0.236557
17.8,6,0.757022,42.127,1,1,1.6235,12.9545,4.21527,0.459392
17.8,7,0.9,45.6318,1,1,1.76701,16.0319,4.58,0.5
17.9,0,0.156697,40.1363,1,1,1.07741,7.53388,3.44244,0.242129
17.9,1,0.109309,39.8991,1,1,1.01675,7.10973,3.37492,0.228498
17.9,2,0.403221,40.364,1,1,1.45129,4.66685,3.34623,0.326152
17.9,3,0.439218,41.9434,1,1,1.5131,10.5805,3.93523,0.340043
17.9,4,0.211879,39.5482,1,1,1.15263,3.70649,3.11702,0.259035
17.9,5,0.137013,40.1482,1,1,1.05176,7.35455,3.41385,0.236366
17.9,6,0.75682,42.1278,1,1,2.04386,6.57238,3.81673,0.459323
17.9,7,0.9,45.6452,1,1,2.22486,15.5576,4.76403,0.5
18,0,0.156025,40.138,1,1,1.07551,6.95656,3.38673,0.241927
18,1,0.10865,39.8999,1,1,1.01498,6.56504,3.32243,0.228311
18,2,0.402563,40.3566,1,1,1.44882,4.35525,3.31617,0.325899
18,3,0.438453,41.9503,1,1,1.51035,9.76915,3.8565,0.33974
18,4,0.211265,39.5378,1,1,1.1507,3.45907,3.09343,0.258839
18,5,0.136346,40.1477,1,1,1.04992,6.79102,3.35951,0.23617
18,6,0.75662,42.1255,1,1,2.0417,6.13748,3.77485,0.459261
18,7,0.9,45.6499,1,1,2.2228,14.3774,4.64998,0.5
18.1,0,0.155326,40.1498,1,1,1.00318,8.70279,3.52064,0.241728
18.1,1,0.107966,39.9103,1,1,0.946741,8.21314,3.449,0.228127
18.1,2,0.401897,40.3526,1,1,1.35146,5.30915,3.3587,0.325649
18.1,3,0.43765,41.971,1,1,1.4087,12.2208,4.04258,0.339443
18.1,4,0.210644,39.5301,1,1,1.07339,4.21676,3.12791,0.258645
18.1,5,0.135654,40.157,1,1,0.979319,8.49576,3.49032,0.235977
18.1,6,0.756417,42.1275,1,1,1.9057,7.48647,3.83324,0.4592
18.1,7,0.9,45.6749,1,1,2.07503,18.0012,4.92217,0.5
18.2,0,0.154627,40.1617,1,1,1.21221,7.76779,3.52606,0.241521
18.2,1,0.10728,39.9208,1,1,1.14403,7.33089,3.45333,0.227937
18.2,2,0.401256,40.3391,1,1,1.63318,2.42653,3.23129,0.325396
18.2,3,0.436845,41.9924,1,1,1.70212,10.9071,4.0577,0.339131
18.2,4,0.210044,39.5148,1,1,1.29717,1.9273,3.02592,0.258448
18.2,5,0.13496,40.1665,1,1,1.18338,7.58306,3.49527,0.235778
18.2,6,0.756224,42.1166,1,1,2.30444,3.42387,3.65984,0.459137
18.2,7,0.9,45.7024,1,1,2.50953,16.081,4.96157,0.5
18.3,0,0.153944,40.1669,1,1,1.12154,7.27929,3.4382,0.241315
18.3,1,0.106612,39.9249,1,1,1.05848,6.87001,3.37085,0.227747
18.3,2,0.40055,40.35,1,1,1.51118,6.585,3.55467,0.325152
18.3,3,0.436066,42.004,1,1,1.5747,10.2205,3.93041,0.338819
18.3,4,0.209393,39.519,1,1,1.20029,5.23027,3.28072,0.258258
18.3,5,0.134284,40.1695,1,1,1.09488,7.10624,3.40968,0.235578
18.3,6,0.756006,42.1403,1,1,2.13362,9.29727,4.11986,0.459078
18.3,7,0.9,45.7151,1,1,2.32381,15.0826,4.76941,0.5
18.4,0,0.15325,40.1766,1,1,1.04923,8.26614,3.49951,0.241113
18.4,1,0.105931,39.9333,1,1,0.990253,7.80153,3.42896,0.227561
18.4,2,0.399903,40.3387,1,1,1.41376,3.93624,3.26077,0.324884
18.4,3,0.435269,42.0217,1,1,1.47309,11.6054,4.01413,0.338516
18.4,4,0.208788,39.5058,1,1,1.12294,3.12652,3.05033,0.258053
18.4,5,0.133595,40.1769,1,1,1.02429,8.0697,3.46964,0.235383
18.4,6,0.75581,42.132,1,1,1.99743,5.5613,3.69858,0.45901
18.4,7,0.9,45.7366,1,1,2.1758,17.1416,4.8908,0.5
18.5,0,0.152559,40.1848,1,1,1.16343,7.54356,3.48239,0.240908
18.5,1,0.105254,39.9404,1,1,1.09806,7.1197,3.4124,0.227372
18.5,2,0.399243,40.3326,1,1,1.5678,3.85345,3.3274,0.324639
18.5,3,0.434477,42.0375,1,1,1.63333,10.5903,3.99401,0.338208
18.5,4,0.208172,39.4966,1,1,1.24531,3.06081,3.10125,0.257862
18.5,5,0.13291,40.1829,1,1,1.13579,7.36435,3.45276,0.235185
18.5,6,0.755609,42.1314,1,1,2.21643,5.44772,3.79986,0.45895
18.5,7,0.9,45.7564,1,1,2.41468,15.6565,4.87143,0.5
18.6,0,0.151909,40.1773,1,1,1.08745,5.71245,3.27441,0.240705
18.6,1,0.104616,39.9326,1,1,1.02637,5.39158,3.21662,0.227184
18.6,2,0.398569,40.3319,1,1,1.46552,5.14654,3.39772,0.324388
18.6,3,0.433743,42.0309,1,1,1.52657,8.01912,3.69777,0.337901
18.6,4,0.207546,39.4918,1,1,1.16409,4.08799,3.15751,0.257667
18.6,5,0.132266,40.1736,1,1,1.06163,5.57678,3.24994,0.234988
18.6,6,0.755403,42.1383,1,1,2.07316,7.28043,3.89823,0.458888
18.6,7,0.9,45.7426,1,1,2.2589,11.8661,4.42853,0.5
18.7,0,0.15126,40.1699,1,1,0.849312,6.81976,3.2738,0.240513
18.7,1,0.103978,39.925,1,1,0.80162,6.43681,3.21688,0.227008
18.7,2,0.397937,40.3155,1,1,1.14459,4.5086,3.1876,0.324133
18.7,3,0.433011,42.0237,1,1,1.19221,9.57312,3.68892,0.337616
18.7,4,0.206952,39.4749,1,1,0.909189,3.58134,2.99531,0.25747
18.7,5,0.131621,40.1644,1,1,0.829147,6.65784,3.24971,0.234803
18.7,6,0.755213,42.1218,1,1,1.62022,6.38212,3.58825,0.458824
18.7,7,0.9,45.727,1,1,1.76562,14.1775,4.40156,0.5
18.8,0,0.150632,40.1543,1,1,0.957872,5.14809,3.16312,0.240322
18.8,1,0.10336,39.9097,1,1,0.904099,4.85909,3.11218,0.226831
18.8,2,0.397311,40.2966,1,1,1.29097,3.38346,3.15196,0.323893
18.8,3,0.432309,42.0052,1,1,1.34454,7.22622,3.53617,0.337333
18.8,4,0.206363,39.4561,1,1,1.02547,2.68763,2.96613,0.257283
18.8,5,0.130997,40.1473,1,1,0.935136,5.0259,3.14155,0.234618
18.8,6,0.755025,42.1021,1,1,1.82854,4.79237,3.5423,0.458766
18.8,7,0.9,45.6953,1,1,1.99289,10.7108,4.18308,0.5
18.9,0,0.150023,40.1319,1,1,0.76266,5.05424,3.06926,0.240138
18.9,1,0.10276,39.888,1,1,0.719856,4.77058,3.02433,0.22666
18.9,2,0.396691,40.2761,1,1,1.02791,4.40951,3.12526,0.323656
18.9,3,0.431635,41.9766,1,1,1.07048,7.09422,3.39753,0.337061
18.9,4,0.205778,39.4362,1,1,0.816522,3.50271,2.94733,0.257097
18.9,5,0.130392,40.1236,1,1,0.744562,4.93431,3.05024,0.234439
18.9,6,0.75484,42.0793,1,1,1.45682,6.24946,3.49702,0.458708
18.9,7,0.9,45.6478,1,1,1.58796,10.5236,3.96572,0.5
19,0,0.149405,40.1133,1,1,0.726571,5.68776,3.11389,0.239959
19,1,0.102152,39.8699,1,1,0.685802,5.36861,3.06653,0.226494
19,2,0.39609,40.2486,1,1,0.979286,3.60783,3.02903,0.323421
19,3,0.430949,41.9531,1,1,1.0198,7.9832,3.4594,0.336801
19,4,0.205208,39.411,1,1,0.777907,2.86592,2.87208,0.256913
19,5,0.129778,40.1036,1,1,0.709333,5.55282,3.09384,0.234266
19,6,0.754663,42.0465,1,1,1.38875,5.11634,3.35831,0.45865
19,7,0.9,45.6079,1,1,1.51395,11.8515,4.05712,0.5
19.1,0,0.14873,40.1169,1,1,0.801185,8.42583,3.40632,0.239777
19.1,1,0.101489,39.8727,1,1,0.75624,7.95317,3.34211,0.226327
19.1,2,0.395454,40.2349,1,1,1.07991,5.02265,3.20612,0.323194
19.1,3,0.43018,41.9611,1,1,1.12449,11.8259,3.87368,0.336535
19.1,4,0.204611,39.3967,1,1,0.857843,3.98983,3.01057,0.256734
19.1,5,0.129108,40.1053,1,1,0.782182,8.22598,3.37914,0.23409
19.1,6,0.754471,42.0336,1,1,1.53234,7.1269,3.61601,0.458595
19.1,7,0.9,45.6155,1,1,1.67068,17.5701,4.6807,0.5
19.2,0,0.148038,40.1262,1,1,1.15242,7.61797,3.48443,0.239579
19.2,1,0.100811,39.8809,1,1,1.0878,7.19076,3.41451,0.226144
19.2,2,0.394777,40.2369,1,1,1.55347,4.84348,3.41184,0.322953
19.2,3,0.429387,41.9781,1,1,1.61737,10.6915,3.99594,0.336238
19.2,4,0.203983,39.3943,1,1,1.23404,3.84755,3.16777,0.256546
19.2,5,0.128422,40.1126,1,1,1.1251,7.43734,3.45483,0.233898
19.2,6,0.754263,42.0443,1,1,2.20565,6.87689,3.92797,0.458536
19.2,7,0.9,45.6387,1,1,2.4051,15.8987,4.88964,0.5
19.3,0,0.147338,40.1389,1,1,1.09537,8.36842,3.52999,0.239377
19.3,1,0.100125,39.8922,1,1,1.03396,7.89928,3.45772,0.225957
19.3,2,0.394133,40.2264,1,1,1.47664,3.43649,3.24525,0.322697
19.3,3,0.428582,41.9995,1,1,1.5372,11.7439,4.05794,0.335932
19.3,4,0.20338,39.3822,1,1,1.17304,2.72994,3.03778,0.256349
19.3,5,0.127728,40.1232,1,1,1.06941,8.17006,3.4994,0.233703
19.3,6,0.754068,42.0368,1,1,2.09794,4.8824,3.68662,0.458472
19.3,7,0.9,45.6682,1,1,2.28797,17.4796,4.98063,0.5
19.4,0,0.146642,40.1496,1,1,1.18196,7.70782,3.50647,0.239172
19.4,1,0.0994434,39.9017,1,1,1.11572,7.27586,3.43523,0.225768
19.4,2,0.393491,40.2151,1,1,1.59353,2.67846,3.23399,0.322453
19.4,3,0.427783,42.0182,1,1,1.6586,10.8161,4.02782,0.335621
19.4,4,0.202779,39.3696,1,1,1.26592,2.1278,3.02832,0.25616
19.4,5,0.127038,40.1319,1,1,1.15395,7.52519,3.47631,0.233504
19.4,6,0.753874,42.0284,1,1,2.26542,3.8078,3.67428,0.458411
19.4,7,0.9,45.6946,1,1,2.47095,16.1136,4.94452,0.5
19.5,0,0.145994,40.1421,1,1,1.11028,5.52802,3.26741,0.238968
19.5,1,0.0988065,39.894,1,1,1.04808,5.21833,3.21009,0.225581
19.5,2,0.392925,40.1756,1,1,0.861505,2.25548,2.85397,0.322211
19.5,3,0.427041,42.0151,1,1,1.69018,7.62446,3.73965,0.335312
19.5,4,0.202236,39.3353,1,1,0.684399,1.7918,2.73597,0.255972
19.5,5,0.126375,40.1306,1,1,1.36008,5.12098,3.34517,0.233308
19.5,6,0.75371,41.9775,1,1,1.22551,3.20846,3.10535,0.458351
19.5,7,0.9,45.757,1,1,4.49271,9.39681,5.43043,0.5
19.6,0,0.145315,40.1464,1,1,0.82913,8.46394,3.4219,0.238779
19.6,1,0.0981405,39.8976,1,1,0.782693,7.98991,3.35681,0.225405
19.6,2,0.392309,40.1555,1,1,1.1181,3.74076,3.10429,0.321997
19.6,3,0.426268,42.0237,1,1,1.16334,11.8756,3.89603,0.335026
19.6,4,0.201655,39.3162,1,1,0.888239,2.97175,2.93014,0.255801
19.6,5,0.125701,40.133,1,1,0.809476,8.26331,3.39432,0.233119
19.6,6,0.753526,41.9551,1,1,1.59139,5.32425,3.47503,0.4583
19.6,7,0.9,45.7656,1,1,1.73619,17.7234,4.72727,0.5
19.7,0,0.144698,40.1269,1,1,1.16067,3.5496,3.10633,0.23858
19.7,1,0.0975337,39.8786,1,1,1.09569,3.35086,3.05824,0.225223
19.7,2,0.391669,40.1448,1,1,1.56535,2.73267,3.22503,0.321764
19.7,3,0.425581,41.9995,1,1,1.62842,4.98007,3.46098,0.334727
19.7,4,0.201055,39.3042,1,1,1.24356,2.17091,3.02151,0.255619
19.7,5,0.125089,40.1122,1,1,1.13317,3.46548,3.08594,0.232927
19.7,6,0.753332,41.9473,1,1,2.22931,3.89175,3.66321,0.458243
19.7,7,0.9,45.7269,1,1,2.43245,7.439,4.09849,0.5
19.8,0,0.14409,40.1047,1,1,0.588339,5.77624,3.06506,0.238401
19.8,1,0.0969343,39.8572,1,1,0.555407,5.45291,3.02101,0.225056
19.8,2,0.391026,40.1355,1,1,0.793474,6.73568,3.24182,0.321523
19.8,3,0.42491,41.9702,1,1,0.825408,8.10374,3.3859,0.334463
19.8,4,0.200452,39.2939,1,1,0.63037,5.35112,3.04187,0.255432
19.8,5,0.124484,40.0888,1,1,0.574401,5.63939,3.0464,0.232753
19.8,6,0.753138,41.9396,1,1,1.13073,9.59861,3.66337,0.458183
19.8,7,0.9,45.6778,1,1,1.23393,12.1146,3.95116,0.5
19.9,0,0.14346,40.0911,1,1,0.79498,6.03357,3.17575,0.238223
19.9,1,0.0963143,39.844,1,1,0.750492,5.69592,3.12478,0.224892
19.9,2,0.390379,40.1278,1,1,1.07215,5.63987,3.26064,0.32128
19.9,3,0.424206,41.9534,1,1,1.11528,8.46451,3.54815,0.334204
19.9,4,0.199846,39.2847,1,1,0.851778,4.48063,3.05376,0.255243
19.9,5,0.123859,40.0739,1,1,0.776151,5.89066,3.15415,0.232581
19.9,6,0.752942,41.9348,1,1,1.52881,8.04205,3.70102,0.458122
19.9,7,0.9,45.6488,1,1,1.66856,12.6637,4.20925,0.5
20,0,0.142793,40.0918,1,1,0.852911,7.73841,3.36286,0.23804
20,1,0.0956593,39.8442,1,1,0.805193,7.30546,3.30109,0.224722
20,2,0.389688,40.137,1,1,1.15029,7.63145,3.48474,0.321036
20,3,0.423449,41.9569,1,1,1.1965,10.8558,3.81349,0.333932
20,4,0.199205,39.2889,1,1,0.913875,6.06296,3.23008,0.255054
20,5,0.123197,40.0729,1,1,0.832715,7.55516,3.33669,0.232403
20,6,0.752729,41.9546,1,1,1.64126,10.8887,4.02634,0.458062
20,7,0.9,45.6507,1,1,1.79153,16.2544,4.61338,0.5
20.1,0,0.14213,40.0909,1,1,1.07304,6.48511,3.34092,0.237845
20.1,1,0.0950086,39.8427,1,1,1.01302,6.12239,3.27963,0.224543
20.1,2,0.388929,40.1716,1,1,1.44718,9.74938,3.82455,0.320776
20.1,3,0.422697,41.9585,1,1,1.50522,9.09707,3.79002,0.333641
20.1,4,0.198511,39.3129,1,1,1.14977,7.74581,3.49538,0.254854
20.1,5,0.122539,40.0703,1,1,1.04764,6.33159,3.31494,0.232215
20.1,6,0.75249,42.0115,1,1,2.06624,13.9199,4.52657,0.457995
20.1,7,0.9,45.6512,1,1,2.25575,13.633,4.59567,0.5
20.2,0,0.141525,40.068,1,1,1.0369,3.54463,3.0492,0.237653
20.2,1,0.0944124,39.8207,1,1,0.978922,3.34644,3.00484,0.224365
20.2,2,0.388192,40.1971,1,1,1.39832,8.80804,3.71175,0.32049
20.2,3,0.422027,41.9291,1,1,1.45444,4.97199,3.37613,0.333352
20.2,4,0.197835,39.3299,1,1,1.111,6.99822,3.40674,0.254637
20.2,5,0.121938,40.0464,1,1,1.01236,3.46074,3.03039,0.232029
20.2,6,0.752259,42.0553,1,1,1.99795,12.5851,4.36451,0.457921
20.2,7,0.9,45.6048,1,1,2.18154,7.45758,3.97025,0.5
20.3,0,0.140915,40.0474,1,1,0.94534,4.25591,3.07396,0.237477
20.3,1,0.0938115,39.8008,1,1,0.892495,4.018,3.02841,0.224202
20.3,2,0.387574,40.1776,1,1,1.27469,3.08223,3.11699,0.320213
20.3,3,0.421351,41.9026,1,1,1.32597,5.96949,3.40872,0.333094
20.3,4,0.197252,39.3115,1,1,1.01281,2.44901,2.93909,0.254427
20.3,5,0.121332,40.0248,1,1,0.922974,4.15522,3.05465,0.231858
20.3,6,0.752073,42.0338,1,1,1.82259,4.40706,3.50374,0.457849
20.3,7,0.9,45.5625,1,1,1.99038,8.96068,4.01534,0.5
20.4,0,0.140336,40.0157,1,1,0.649671,3.98691,2.9212,0.2373
20.4,1,0.093239,39.7706,1,1,0.613363,3.7641,2.88526,0.224038
20.4,2,0.386995,40.1436,1,1,0.87603,2.91857,2.91989,0.31998
20.4,3,0.420719,41.8597,1,1,0.911221,5.59199,3.18437,0.332834
20.4,4,0.196699,39.282,1,1,0.696064,2.319,2.78737,0.254245
20.4,5,0.120755,39.9923,1,1,0.634304,3.89261,2.90597,0.231687
20.4,6,0.751904,41.9905,1,1,1.25333,4.17556,3.20705,0.457791
20.4,7,0.9,45.4942,1,1,1.36888,8.40059,3.65911,0.5
20.5,0,0.139751,39.9864,1,1,0.579162,4.55208,2.94528,0.237132
20.5,1,0.092662,39.7425,1,1,0.546801,4.29773,2.90815,0.223882
20.5,2,0.386416,40.11,1,1,0.780976,3.34004,2.91688,0.319762
20.5,3,0.420081,41.8199,1,1,0.812309,6.38455,3.2165,0.332591
20.5,4,0.196147,39.2529,1,1,0.62054,2.6539,2.78557,0.254073
20.5,5,0.120174,39.9621,1,1,0.565466,4.44442,2.92955,0.231524
20.5,6,0.751734,41.9474,1,1,1.11796,4.78126,3.20085,0.457738
20.5,7,0.9,45.4305,1,1,1.22118,9.59821,3.7046,0.5
20.6,0,0.139125,39.9734,1,1,0.640947,6.51297,3.15668,0.236962
20.6,1,0.0920455,39.7298,1,1,0.60514,6.14913,3.10737,0.223724
20.6,2,0.385826,40.081,1,1,0.864319,3.53874,2.97157,0.319544
20.6,3,0.419383,41.8033,1,1,0.898944,9.13461,3.51613,0.332345
20.6,4,0.195585,39.2274,1,1,0.686764,2.81179,2.82796,0.253901
20.6,5,0.119552,39.948,1,1,0.625792,6.35898,3.13579,0.231359
20.6,6,0.751561,41.9111,1,1,1.23797,5.06856,3.28303,0.457685
20.6,7,0.9,45.4021,1,1,1.35242,13.7426,4.16204,0.5
20.7,0,0.138492,39.963,1,1,0.893555,5.7234,3.18904,0.236781
20.7,1,0.091423,39.7196,1,1,0.84365,5.40374,3.13709,0.223556
20.7,2,0.385205,40.0644,1,1,1.20505,3.57985,3.12968,0.319323
20.7,3,0.418675,41.791,1,1,1.25318,8.02688,3.5696,0.332077
20.7,4,0.195,39.2115,1,1,0.957506,2.84447,2.94951,0.253727
20.7,5,0.118923,39.9363,1,1,0.872433,5.5881,3.16702,0.231183
20.7,6,0.751374,41.8935,1,1,1.72699,5.13039,3.52333,0.457631
20.7,7,0.9,45.3817,1,1,1.88688,12.0859,4.2613,0.5
20.8,0,0.137862,39.9519,1,1,0.826479,5.91377,3.17792,0.236597
20.8,1,0.0908026,39.7088,1,1,0.780332,5.58357,3.12684,0.223387
20.8,2,0.384594,40.0442,1,1,1.11464,3.48125,3.07886,0.319089
20.8,3,0.41797,41.7775,1,1,1.15906,8.29349,3.55174,0.331805
20.8,4,0.194423,39.1929,1,1,0.88568,2.76616,2.91036,0.253545
20.8,5,0.118297,39.9241,1,1,0.806948,5.77401,3.15628,0.231006
20.8,6,0.751192,41.8705,1,1,1.59839,4.99209,3.44746,0.457573
20.8,7,0.9,45.3594,1,1,1.74659,12.4975,4.23141,0.5
20.9,0,0.137264,39.9287,1,1,0.841881,4.08381,3.01235,0.236415
20.9,1,0.0902132,39.6865,1,1,0.794887,3.85585,2.9707,0.223218
20.9,2,0.383998,40.0188,1,1,1.13547,2.54317,3.00372,0.31886
20.9,3,0.417312,41.7468,1,1,1.1806,5.72689,3.31831,0.331535
20.9,4,0.193857,39.1703,1,1,0.902243,2.0208,2.85159,0.253366
20.9,5,0.117703,39.9,1,1,0.821991,3.98732,2.99469,0.23083
20.9,6,0.751015,41.8397,1,1,1.62923,3.64906,3.33871,0.457516
20.9,7,0.9,45.311,1,1,1.78051,8.63694,3.88,0.5
21,0,0.136691,39.8962,1,1,0.615261,3.75402,2.8851,0.236242
21,1,0.0896475,39.6555,1,1,0.580924,3.54451,2.85137,0.223058
21,2,0.383385,40.0003,1,1,0.829845,4.98004,3.09114,0.318636
21,3,0.41669,41.7026,1,1,0.862779,5.26425,3.13224,0.331282
21,4,0.193277,39.1533,1,1,0.659399,3.95717,2.92248,0.25319
21,5,0.117133,39.867,1,1,0.600728,3.66534,2.8708,0.230662
21,6,0.750832,41.8184,1,1,1.19139,7.14976,3.4578,0.457461
21,7,0.9,45.2414,1,1,1.30218,7.94526,3.5846,0.5
21.1,0,0.136106,39.8695,1,1,0.545778,4.77989,2.95329,0.236077
21.1,1,0.0890689,39.63,1,1,0.515324,4.51318,2.91585,0.222905
21.1,2,0.382769,39.9831,1,1,0.736111,5.54469,3.10436,0.318406
21.1,3,0.41605,41.6662,1,1,0.765327,6.70269,3.2267,0.331044
21.1,4,0.192695,39.1374,1,1,0.584925,4.4059,2.93384,0.25301
21.1,5,0.11655,39.8395,1,1,0.532888,4.667,2.93743,0.230502
21.1,6,0.750648,41.7987,1,1,1.05745,7.96518,3.47452,0.457403
21.1,7,0.9,45.1834,1,1,1.15593,10.1236,3.72498,0.5
21.2,0,0.135495,39.8525,1,1,0.665231,5.58132,3.07812,0.235908
21.2,1,0.0884671,39.6136,1,1,0.628121,5.26996,3.03325,0.222748
21.2,2,0.382154,39.9661,1,1,0.897215,4.78526,3.10222,0.318175
21.2,3,0.415374,41.6439,1,1,0.932809,7.82631,3.40599,0.330798
21.2,4,0.192114,39.1216,1,1,0.71295,3.80249,2.93061,0.25283
21.2,5,0.115943,39.8216,1,1,0.649524,5.44953,3.05911,0.230338
21.2,6,0.750464,41.7795,1,1,1.28966,6.87835,3.47755,0.457346
21.2,7,0.9,45.1474,1,1,1.40994,11.8294,4.00571,0.5
21.3,0,0.134867,39.8424,1,1,0.780236,5.99271,3.16557,0.235732
21.3,1,0.0878489,39.6037,1,1,0.73672,5.65848,3.1154,0.222584
21.3,2,0.381523,39.9551,1,1,1.05235,4.86597,3.17896,0.317945
21.3,3,0.414673,41.6314,1,1,1.09403,8.40288,3.53267,0.330539
21.3,4,0.19152,39.1105,1,1,0.836233,3.86668,2.98966,0.25265
21.3,5,0.115319,39.8104,1,1,0.761817,5.85125,3.14431,0.230167
21.3,6,0.750274,41.7695,1,1,1.51355,6.99856,3.59486,0.457288
21.3,7,0.9,45.1272,1,1,1.65492,12.7109,4.20715,0.5
21.4,0,0.134257,39.8256,1,1,0.845969,4.73531,3.07512,0.235551
21.4,1,0.0872478,39.5876,1,1,0.798799,4.47128,3.0299,0.222417
21.4,2,0.380834,39.9663,1,1,1.14103,7.55423,3.47318,0.317708
21.4,3,0.413997,41.6098,1,1,1.18615,6.63947,3.40704,0.33027
21.4,4,0.190881,39.1169,1,1,0.906721,6.00296,3.22126,0.252467
21.4,5,0.114713,39.7928,1,1,0.826004,4.62356,3.05596,0.229992
21.4,6,0.750061,41.7919,1,1,1.64211,10.8716,4.02512,0.457229
21.4,7,0.9,45.0934,1,1,1.79572,10.0516,4.02205,0.5
21.5,0,0.133659,39.8043,1,1,0.805239,4.23115,3.01019,0.235375
21.5,1,0.0866587,39.5671,1,1,0.760351,3.99529,2.96882,0.222254
21.5,2,0.380208,39.9534,1,1,1.08602,4.43775,3.15422,0.31745
21.5,3,0.41334,41.5815,1,1,1.129,5.93235,3.31404,0.330012
21.5,4,0.190292,39.1043,1,1,0.863035,3.52656,2.96989,0.252269
21.5,5,0.114119,39.7707,1,1,0.78624,4.13132,2.99266,0.229822
21.5,6,0.749873,41.7792,1,1,1.56399,6.39084,3.56181,0.457162
21.5,7,0.9,45.0494,1,1,1.71054,8.9881,3.87898,0.5
21.6,0,0.133054,39.7864,1,1,0.629089,5.45384,3.05109,0.235203
21.6,1,0.0860619,39.5499,1,1,0.594029,5.14989,3.0079,0.222095
21.6,2,0.379587,39.9391,1,1,0.848445,5.33018,3.13223,0.317216
21.6,3,0.412672,41.5576,1,1,0.881995,7.64639,3.36667,0.32976
21.6,4,0.189706,39.0909,1,1,0.674248,4.23582,2.95482,0.252087
21.6,5,0.113518,39.7519,1,1,0.61425,5.32519,3.03279,0.229655
21.6,6,0.749686,41.7637,1,1,1.2226,7.6807,3.52257,0.457103
21.6,7,0.9,45.0114,1,1,1.33733,11.5939,3.94914,0.5
21.7,0,0.13244,39.7719,1,1,0.759804,5.31214,3.0924,0.235029
21.7,1,0.0854575,39.5359,1,1,0.717468,5.01615,3.04649,0.221934
21.7,2,0.378936,39.9359,1,1,1.02475,6.03636,3.27674,0.316983
21.7,3,0.411991,41.5388,1,1,1.06522,7.44746,3.42873,0.329504
21.7,4,0.189097,39.0861,1,1,0.814363,4.79708,3.06723,0.251906
21.7,5,0.112908,39.7365,1,1,0.741885,5.18686,3.07295,0.229487
21.7,6,0.749489,41.7648,1,1,1.47754,8.70356,3.73936,0.457045
21.7,7,0.9,44.9819,1,1,1.6164,11.301,4.05369,0.5
21.8,0,0.131851,39.7485,1,1,0.758424,4.02939,2.97118,0.234853
21.8,1,0.0848757,39.5136,1,1,0.716176,3.80493,2.93221,0.221771
21.8,2,0.378299,39.9278,1,1,1.02287,5.35377,3.21149,0.31674
21.8,3,0.411345,41.5075,1,1,1.06324,5.64886,3.25747,0.329244
21.8,4,0.188499,39.0775,1,1,0.812888,4.25473,3.01571,0.251719
21.8,5,0.112322,39.7125,1,1,0.740542,3.93439,2.95466,0.229316
21.8,6,0.749296,41.7588,1,1,1.47576,7.72424,3.64548,0.456982
21.8,7,0.9,44.9334,1,1,1.61468,8.57853,3.79337,0.5
21.9,0,0.131228,39.7383,1,1,0.598046,6.53063,3.14084,0.234684
21.9,1,0.084262,39.5036,1,1,0.564739,6.16692,3.09271,0.221614
21.9,2,0.377787,39.8725,1,1,0.541438,0.541438,2.5793,0.316502
21.9,3,0.410641,41.4985,1,1,1.00606,8.98743,3.5491,0.328997
21.9,4,0.187997,39.0323,1,1,0.430298,0.430298,2.5265,0.251534
21.9,5,0.11168,39.71,1,1,0.934317,6.02632,3.2356,0.229152
21.9,6,0.749153,41.6819,1,1,0.781653,0.781653,2.69889,0.456922
21.9,7,0.9,45.0025,1,1,4.07728,11.1105,5.35136,0.5
22,0,0.130563,39.7437,1,1,0.890406,7.4093,3.34774,0.234505
22,1,0.0836099,39.5084,1,1,0.840829,6.99676,3.28698,0.221448
22,2,0.37716,39.8619,1,1,1.20102,3.96861,3.16356,0.316311
22,3,0.409889,41.508,1,1,1.24816,10.3863,3.79231,0.328728
22,4,0.187407,39.0217,1,1,0.954478,3.15395,2.97626,0.25138
22,5,0.111021,39.714,1,1,0.869398,7.23449,3.32196,0.228972
22,6,0.748963,41.6726,1,1,1.73474,5.73223,3.58333,0.456877
22,7,0.9,45.0158,1,1,1.89848,15.7977,4.6224,0.5
22.1,0,0.129909,39.7452,1,1,1.03662,6.18084,3.29573,0.234315
22.1,1,0.0829675,39.5094,1,1,0.978921,5.8368,3.23742,0.221273
22.1,2,0.376604,39.8243,1,1,0.979578,0.979578,2.80195,0.316077
22.1,3,0.409127,41.5206,1,1,1.74364,8.3731,3.83681,0.32844
22.1,4,0.186872,38.9903,0,1,0.778508,0.778508,2.69728,0.251198
22.1,5,0.110326,39.7311,1,1,1.61947,5.42775,3.49836,0.228788
22.1,6,0.748802,41.6227,1,1,1.41576,1.41576,3.04023,0.456817
22.1,7,0.9,45.201,1,1,7.07848,8.32272,6.91624,0.5
22.2,0,0.129311,39.7258,1,1,0.901462,3.86226,3.0179,0.234128
22.2,1,0.0823771,39.4908,1,1,0.8513,3.64735,2.9759,0.2211
22.2,2,0.375954,39.8227,1,1,1.21619,5.06418,3.27251,0.315869
22.2,3,0.408467,41.4948,1,1,1.26347,5.41328,3.3272,0.328149
22.2,4,0.186098,39.0496,0,1,1.93311,8.0494,3.90019,0.502067
22.2,5,0.109731,39.7106,1,1,0.880157,3.77098,3.00003,0.228595
22.2,6,0.748604,41.6265,1,1,1.75869,7.32312,3.7448,0.456767
22.2,7,0.9,45.1579,1,1,1.92515,8.24819,3.91503,0.5
22.3,0,0.128685,39.7168,1,1,0.59503,6.67123,3.15303,0.233956
22.3,1,0.0817611,39.4821,1,1,0.561927,6.3001,3.10428,0.220941
22.3,2,0.37544,39.7701,1,1,0.568859,0.568859,2.59259,0.315627
22.3,3,0.40776,41.4873,1,1,1.00074,9.18316,3.56544,0.327898
22.3,4,0.18555,39.0226,0,1,0.904025,0.904025,2.76218,0.501591
22.3,5,0.109087,39.7089,1,1,0.929553,6.16502,3.24664,0.228429
22.3,6,0.74846,41.5534,1,1,0.823125,0.823125,2.72017,0.456705
22.3,7,0.9,45.2254,1,1,4.06934,11.4598,5.37992,0.5
22.4,0,0.128105,39.6907,1,1,0.907589,2.78651,2.92194,0.233778
22.4,1,0.0811886,39.4571,1,1,0.857111,2.63153,2.88557,0.220776
22.4,2,0.374764,39.7795,1,1,1.2246,6.45994,3.40777,0.315435
22.4,3,0.407127,41.4518,1,1,1.27194,3.90516,3.19079,0.327628
22.4,4,0.184733,39.0977,0,1,1.94601,10.2654,4.11712,0.501255
22.4,5,0.10851,39.6818,1,1,0.886125,2.72061,2.90645,0.228249
22.4,6,0.748252,41.5734,1,1,1.77288,9.35214,3.9442,0.456659
22.4,7,0.9,45.1664,1,1,1.94114,5.95975,3.70741,0.5
22.5,0,0.127495,39.6767,1,1,0.711399,5.37202,3.07758,0.233612
22.5,1,0.0805869,39.4436,1,1,0.671841,5.07331,3.03275,0.220622
22.5,2,0.374212,39.7418,1,1,0.942383,0.942383,2.78231,0.315183
22.5,3,0.406437,41.4384,1,1,1.19635,7.32901,3.47709,0.327386
22.5,4,0.184121,39.0942,0,1,1.49723,1.49723,3.08617,0.500754
22.5,5,0.107875,39.6772,1,1,1.11133,4.82826,3.20221,0.228089
22.5,6,0.748092,41.523,1,1,1.36519,1.36519,3.01192,0.456594
22.5,7,0.9,45.2456,1,1,4.87235,8.14801,5.53713,0.5
22.6,0,0.126903,39.6559,1,1,0.759861,4.16144,2.98414,0.233438
22.6,1,0.0800026,39.4237,1,1,0.717618,3.93009,2.9445,0.22046
22.6,2,0.373579,39.7355,1,1,1.02528,5.1232,3.19089,0.314977
22.6,3,0.405787,41.4101,1,1,1.06481,5.83155,3.27541,0.327123
22.6,4,0.183375,39.1412,0,1,1.62877,8.1388,3.75846,0.500378
22.6,5,0.107286,39.6552,1,1,0.741873,4.06293,2.96724,0.227912
22.6,6,0.747901,41.5193,1,1,1.48609,7.42582,3.62213,0.456543
22.6,7,0.9,45.1955,1,1,1.62754,8.91338,3.83144,0.5
22.7,0,0.126283,39.6456,1,1,0.614718,6.24849,3.12074,0.233269
22.7,1,0.0793927,39.4139,1,1,0.580551,5.9012,3.07379,0.220304
22.7,2,0.373073,39.6809,1,1,0.474359,0.474359,2.54721,0.314741
22.7,3,0.405088,41.4008,1,1,1.03367,8.58362,3.52283,0.326876
22.7,4,0.182842,39.1068,0,1,0.753451,0.753451,2.68451,0.499921
22.7,5,0.106647,39.6524,1,1,0.960271,5.74051,3.22004,0.227748
22.7,6,0.74776,41.4428,1,1,0.687983,0.687983,2.65146,0.456483
22.7,7,0.9,45.2619,1,1,4.21637,10.4946,5.37324,0.5
22.8,0,0.125637,39.6458,1,1,0.857252,6.59905,3.25625,0.233093
22.8,1,0.0787577,39.4137,1,1,0.809618,6.23237,3.20089,0.220141
22.8,2,0.372399,39.6913,1,1,1.15684,6.7106,3.40034,0.314553
22.8,3,0.404361,41.4021,1,1,1.20118,9.2466,3.66186,0.326609
22.8,4,0.182029,39.1793,0,1,1.83738,10.6582,4.10046,0.499595
22.8,5,0.106006,39.6506,1,1,0.836944,6.44273,3.23263,0.227571
22.8,6,0.747552,41.4639,1,1,1.67866,9.73754,3.93473,0.456439
22.8,7,0.9,45.2569,1,1,1.83887,14.1554,4.43549,0.5
22.9,0,0.125008,39.6397,1,1,0.931302,5.38256,3.17344,0.232909
22.9,1,0.0781381,39.4077,1,1,0.879569,5.08356,3.12254,0.219971
22.9,2,0.371791,39.6762,1,1,1.25676,2.58592,3.06412,0.314302
22.9,3,0.403657,41.3948,1,1,1.30487,7.54161,3.54751,0.326333
22.9,4,0.181322,39.2102,0,1,1.99568,4.10633,3.56315,0.499098
22.9,5,0.105381,39.6428,1,1,0.909247,5.25509,3.15171,0.227393
22.9,6,0.74737,41.4479,1,1,1.82484,3.75481,3.4451,0.456373
22.9,7,0.9,45.2393,1,1,1.99929,11.5551,4.26681,0.5
23,0,0.124387,39.6302,1,1,0.788626,5.54253,3.1265,0.232729
23,1,0.0775272,39.3985,1,1,0.74483,5.23473,3.07872,0.219805
23,2,0.371174,39.6649,1,1,1.06428,4.07689,3.11078,0.314076
23,3,0.402968,41.3823,1,1,1.1049,7.76535,3.47687,0.326065
23,4,0.180601,39.2457,0,1,1.68978,6.47297,3.63075,0.498666
23,5,0.104764,39.6318,1,1,0.769955,5.41131,3.10611,0.227219
23,6,0.747184,41.437,1,1,1.54627,5.92324,3.50928,0.456316
23,7,0.9,45.2132,1,1,1.6943,11.9077,4.14946,0.5
23.1,0,0.123784,39.6143,1,1,0.790795,4.61445,3.0399,0.232553
23.1,1,0.0769326,39.3833,1,1,0.74689,4.35826,2.99704,0.219642
23.1,2,0.370636,39.6237,1,1,0.536966,2.19693,2.70941,0.313847
23.1,3,0.402294,41.3639,1,1,1.21798,6.35467,3.39476,0.325803
23.1,4,0.180014,39.2303,0,1,0.852423,3.48758,2.96163,0.498226
23.1,5,0.104149,39.6205,1,1,1.00225,4.27506,3.10118,0.227049
23.1,6,0.747031,41.3807,1,1,0.780618,3.1938,2.90326,0.456257
23.1,7,0.9,45.2339,1,1,3.55878,8.06275,4.76888,0.5
23.2,0,0.123165,39.6049,1,1,0.675158,5.99327,3.12136,0.232382
23.2,1,0.0763226,39.3741,1,1,0.637682,5.66061,3.07425,0.219483
23.2,2,0.370043,39.604,1,1,0.911265,3.48124,2.98701,0.313647
23.2,3,0.401606,41.3511,1,1,0.945837,8.39605,3.46605,0.325547
23.2,4,0.179334,39.25,0,1,1.4465,5.52595,3.42411,0.497868
23.2,5,0.103534,39.6094,1,1,0.659169,5.85134,3.10124,0.226878
23.2,6,0.746855,41.357,1,1,1.32546,5.06356,3.32348,0.456208
23.2,7,0.9,45.2063,1,1,1.45269,12.8953,4.12793,0.5
23.3,0,0.12253,39.6015,1,1,0.832924,6.12959,3.20117,0.232206
23.3,1,0.0756978,39.3707,1,1,0.786703,5.78944,3.14906,0.21932
23.3,2,0.369431,39.5919,1,1,1.12426,3.48944,3.08403,0.313427
23.3,3,0.400895,41.3473,1,1,1.1668,8.58662,3.5832,0.325285
23.3,4,0.178622,39.2817,0,1,1.78437,5.53824,3.58972,0.497453
23.3,5,0.102903,39.6043,1,1,0.813203,5.98446,3.17891,0.226708
23.3,6,0.746671,41.3449,1,1,1.63622,5.07843,3.47394,0.456153
23.3,7,0.9,45.1936,1,1,1.7935,13.1986,4.32152,0.5
23.4,0,0.121892,39.5993,1,1,0.869639,6.10856,3.21508,0.232026
23.4,1,0.0750704,39.3684,1,1,0.821394,5.76967,3.16208,0.219154
23.4,2,0.368926,39.5397,1,1,0.105603,2.1924,2.54618,0.3132
23.4,3,0.400164,41.3514,1,1,1.43988,8.33497,3.6864,0.325015
23.4,4,0.178089,39.2453,0,1,0.167583,3.47914,2.68869,0.49702
23.4,5,0.102237,39.6128,1,1,1.31266,5.50036,3.35837,0.226534
23.4,6,0.74653,41.2718,1,1,0.153784,3.19266,2.65683,0.456095
23.4,7,0.9,45.3154,1,1,5.62595,9.41158,6.11047,0.5
23.5,0,0.121211,39.6132,1,1,0.871595,8.35045,3.42934,0.231845
23.5,1,0.0744029,39.3812,1,1,0.823255,7.88733,3.36432,0.218987
23.5,2,0.368406,39.494,1,1,0.319539,2.19109,2.62226,0.313012
23.5,3,0.399376,41.3766,1,1,1.39867,11.5183,3.97064,0.324738
23.5,4,0.17753,39.219,0,1,0.507052,3.47687,2.81502,0.496695
23.5,5,0.101536,39.6342,1,1,1.22286,7.78061,3.53218,0.22635
23.5,6,0.746384,41.2085,1,1,0.465559,3.19235,2.77187,0.45605
23.5,7,0.9,45.4416,1,1,4.89208,14.9963,6.19745,0.5
23.6,0,0.120549,39.62,1,1,1.1518,6.08225,3.33861,0.231653
23.6,1,0.0737526,39.3874,1,1,1.08794,5.74504,3.27771,0.218809
23.6,2,0.367931,39.4319,1,1,0.123273,0.123273,2.39332,0.312819
23.6,3,0.398599,41.3973,1,1,1.93577,8.1958,3.91538,0.324439
23.6,4,0.177049,39.1637,0,1,0.1956,0.1956,2.42244,0.496355
23.6,5,0.100827,39.6581,1,1,1.79915,5.26327,3.57142,0.226157
23.6,6,0.746256,41.1195,1,1,0.179698,0.179698,2.41588,0.456004
23.6,7,0.9,45.6574,1,1,7.95535,7.65865,7.42015,0.5
23.7,0,0.11991,39.6178,1,1,0.903525,5.98938,3.21857,0.231465
23.7,1,0.0731245,39.385,1,1,0.853448,5.65742,3.16532,0.218636
23.7,2,0.367313,39.425,1,1,1.2204,3.33491,3.11446,0.312643
23.7,3,0.397883,41.3948,1,1,1.2653,8.38753,3.60952,0.324144
23.7,4,0.176327,39.2009,0,1,1.93638,5.29143,3.64265,0.496063
23.7,5,0.100193,39.6535,1,1,0.88204,5.84696,3.1957,0.225961
23.7,6,0.746069,41.1152,1,1,1.77985,4.86369,3.5247,0.455963
23.7,7,0.9,45.6412,1,1,1.95175,12.938,4.37509,0.5
23.8,0,0.119273,39.615,1,1,0.860941,6.113,3.21172,0.231285
23.8,1,0.0724977,39.3821,1,1,0.813238,5.77429,3.15901,0.21847
23.8,2,0.366792,39.3814,1,1,0.327395,2.1869,2.62488,0.312414
23.8,3,0.397156,41.3962,1,1,1.37883,8.38691,3.66249,0.323873
23.8,4,0.175767,39.1756,0,1,0.519391,3.46937,2.81929,0.495624
23.8,5,0.0995349,39.6581,1,1,1.20279,5.60537,3.3171,0.225787
23.8,6,0.745923,41.0549,1,1,0.477766,3.19133,2.77663,0.455904
23.8,7,0.9,45.7244,1,1,4.80314,10.2734,5.69618,0.5
23.9,0,0.118659,39.6034,1,1,0.871065,4.81338,3.0934,0.231105
23.9,1,0.0718931,39.371,1,1,0.822814,4.54675,3.04737,0.218303
23.9,2,0.366192,39.3685,1,1,1.1768,2.5441,3.02299,0.312221
23.9,3,0.396475,41.3803,1,1,1.21968,6.73977,3.43197,0.323597
23.9,4,0.175074,39.2013,0,1,1.86679,4.03578,3.49174,0.495285
23.9,5,0.098925,39.6443,1,1,0.850337,4.69884,3.0736,0.225606
23.9,6,0.745743,41.0414,1,1,1.71819,3.71451,3.38844,0.455858
23.9,7,0.9,45.6866,1,1,1.88457,10.4138,4.10059,0.5
24,0,0.118,39.6091,1,1,0.710023,7.93164,3.32067,0.230932
24,1,0.0712458,39.3762,1,1,0.670703,7.4924,3.26238,0.218143
24,2,0.365681,39.3223,1,1,0.197671,2.18399,2.57665,0.311999
24,3,0.395721,41.3925,1,1,1.152,10.9476,3.80202,0.323339
24,4,0.174531,39.17,0,1,0.313527,3.46405,2.73886,0.494865
24,5,0.0982491,39.6557,1,1,1.02331,7.41277,3.40666,0.225438
24,6,0.7456,40.9769,1,1,0.288778,3.19061,2.70394,0.455801
24,7,0.9,45.7735,1,1,4.22244,14.488,5.75624,0.5
24.1,0,0.117331,39.6188,1,1,1.07934,6.82993,3.37644,0.230746
24.1,1,0.0705883,39.3851,1,1,1.01959,6.45182,3.31375,0.217972
24.1,2,0.365008,39.3382,1,1,1.45852,5.15591,3.39525,0.31181
24.1,3,0.39496,41.4071,1,1,1.51112,9.56218,3.83714,0.323054
24.1,4,0.173716,39.2418,0,1,2.31324,8.17735,4.10608,0.494536
24.1,5,0.0975846,39.6626,1,1,1.05364,6.66732,3.34945,0.225252
24.1,6,0.745391,41.007,1,1,2.13185,7.53611,3.95223,0.455756
24.1,7,0.9,45.7835,1,1,2.3388,14.7997,4.75007,0.5
24.2,0,0.116659,39.6292,1,1,0.98785,7.3716,3.38696,0.230557
24.2,1,0.0699288,39.3946,1,1,0.93318,6.96363,3.32403,0.217798
24.2,2,0.364398,39.3298,1,1,1.33492,2.27656,3.07392,0.311561
24.2,3,0.394196,41.4223,1,1,1.38293,10.3198,3.84867,0.322766
24.2,4,0.173006,39.2729,0,1,2.11678,3.60994,3.5797,0.494043
24.2,5,0.0969179,39.6703,1,1,0.964339,7.19615,3.35987,0.22507
24.2,6,0.745207,41.0005,1,1,1.95246,3.32969,3.47073,0.455689
24.2,7,0.9,45.7944,1,1,2.14231,15.9865,4.76302,0.5
24.3,0,0.115958,39.6502,1,1,1.04407,8.62426,3.53135,0.230368
24.3,1,0.0692422,39.4142,1,1,0.986311,8.14713,3.46015,0.217623
24.3,2,0.363732,39.3427,1,1,1.41103,4.98564,3.35669,0.311335
24.3,3,0.393392,41.4526,1,1,1.46153,12.0725,4.05334,0.322477
24.3,4,0.172204,39.3381,0,1,2.23715,7.90459,4.04101,0.493613
24.3,5,0.0962233,39.6883,1,1,1.01923,8.41907,3.5007,0.224887
24.3,6,0.745001,41.026,1,1,2.06501,7.29635,3.89559,0.455631
24.3,7,0.9,45.8294,1,1,2.2661,18.7184,5.08823,0.5
24.4,0,0.115278,39.6631,1,1,1.20751,6.7474,3.42708,0.230171
24.4,1,0.0685753,39.4261,1,1,1.14073,6.37424,3.36114,0.217442
24.4,2,0.363219,39.2973,1,1,0.2127,2.17762,2.58141,0.311089
24.4,3,0.392592,41.4806,1,1,1.98414,9.15043,4.03021,0.322173
24.4,4,0.171659,39.3051,0,1,0.337165,3.4519,2.74653,0.493129
24.4,5,0.0955021,39.7161,1,1,1.79388,5.97183,3.635,0.224697
24.4,6,0.744858,40.9623,1,1,0.311482,3.18896,2.71217,0.455566
24.4,7,0.9,46.0374,1,1,7.64171,9.6387,7.40196,0.5
24.5,0,0.114677,39.646,1,1,0.993538,3.55401,3.03048,0.22998
24.5,1,0.0679825,39.4097,1,1,0.938611,3.35753,2.9878,0.217266
24.5,2,0.362571,39.3042,1,1,1.34312,4.40263,3.27027,0.3109
24.5,3,0.391928,41.4569,1,1,1.39052,4.97405,3.34586,0.321871
24.5,4,0.170886,39.3591,0,1,2.12895,6.97849,3.89821,0.4928
24.5,5,0.0949045,39.6968,1,1,0.969862,3.46931,3.01205,0.2245
24.5,6,0.744659,40.9788,1,1,1.96789,6.45058,3.76689,0.45552
24.5,7,0.9,45.9856,1,1,2.16005,7.72677,3.98464,0.5
24.6,0,0.114083,39.6264,1,1,0.568026,5.10239,2.99283,0.229811
24.6,1,0.0673965,39.3911,1,1,0.536631,4.82037,2.95345,0.21711
24.6,2,0.361992,39.2844,1,1,0.767861,3.36791,2.91379,0.31066
24.6,3,0.391277,41.4287,1,1,0.794951,7.14078,3.28102,0.321621
24.6,4,0.170231,39.3671,0,1,1.2169,5.33744,3.29845,0.492333
24.6,5,0.094314,39.675,1,1,0.554493,4.98082,2.97584,0.224336
24.6,6,0.744488,40.9539,1,1,1.12575,4.93766,3.21904,0.455457
24.6,7,0.9,45.925,1,1,1.23585,11.1012,3.85502,0.5
24.7,0,0.113519,39.5958,1,1,0.708288,2.87742,2.84313,0.229645
24.7,1,0.0668386,39.3621,1,1,0.669149,2.71842,2.81196,0.216955
24.7,2,0.361349,39.2896,1,1,0.957504,6.00181,3.24352,0.310447
24.7,3,0.390668,41.3853,1,1,0.991209,4.02679,3.07314,0.321375
24.7,4,0.169471,39.4153,0,1,1.51727,9.51055,3.83516,0.491939
24.7,5,0.0937526,39.6426,1,1,0.691417,2.80889,2.82967,0.224175
24.7,6,0.744292,40.9666,1,1,1.40459,8.80421,3.71434,0.455403
24.7,7,0.9,45.8417,1,1,1.54214,6.26494,3.5394,0.5
24.8,0,0.112924,39.5773,1,1,0.643053,4.81674,2.99653,0.229487
24.8,1,0.0662519,39.3445,1,1,0.607526,4.55062,2.95675,0.216808
24.8,2,0.360739,39.2818,1,1,0.869249,4.59062,3.0717,0.31021
24.8,3,0.390015,41.3589,1,1,0.899891,6.74056,3.28825,0.321145
24.8,4,0.168765,39.4417,0,1,1.37719,7.27314,3.55598,0.49148
24.8,5,0.0931614,39.6221,1,1,0.627739,4.70203,2.97936,0.224022
24.8,6,0.744109,40.9598,1,1,1.27592,6.73832,3.4579,0.45534
24.8,7,0.9,45.7849,1,1,1.40107,10.4946,3.8739,0.5
24.9,0,0.11236,39.5474,1,1,0.681978,2.97582,2.84094,0.22932
24.9,1,0.0656944,39.3162,1,1,0.644309,2.81145,2.80995,0.216654
24.9,2,0.360107,39.283,1,1,0.921868,5.59989,3.18979,0.309985
24.9,3,0.389406,41.3164,1,1,0.954325,4.16421,3.06942,0.320899
24.9,4,0.168021,39.4821,0,1,1.46036,8.87094,3.74711,0.491056
24.9,5,0.0926004,39.5904,1,1,0.665741,2.90497,2.82756,0.22386
24.9,6,0.743916,40.9665,1,1,1.35397,8.22468,3.63538,0.455282
24.9,7,0.9,45.7035,1,1,1.48696,6.48835,3.53394,0.5
25,0,0.111766,39.5296,1,1,0.602668,4.97423,2.99479,0.229163
25,1,0.065108,39.2992,1,1,0.569386,4.69953,2.95524,0.216507
25,2,0.359467,39.2866,1,1,0.814607,6.43904,3.22266,0.309752
25,3,0.388754,41.2908,1,1,0.843319,6.96048,3.2846,0.32067
25,4,0.167269,39.5253,0,1,1.29024,10.1986,3.79383,0.490609
25,5,0.0920096,39.5706,1,1,0.588321,4.85582,2.97772,0.223708
25,6,0.743722,40.9764,1,1,1.19717,9.463,3.68068,0.455221
25,7,0.9,45.6485,1,1,1.31493,10.853,3.86784,0.5
25.1,0,0.111147,39.5215,1,1,0.696606,5.89806,3.12126,0.228997
25.1,1,0.0644981,39.2915,1,1,0.658146,5.57242,3.07434,0.216353
25.1,2,0.358967,39.2377,1,1,0.0346386,2.16661,2.52242,0.309516
25.1,3,0.388054,41.2842,1,1,1.1625,8.0651,3.53156,0.320424
25.1,4,0.166743,39.4819,0,1,0.0548545,3.4311,2.64924,0.490157
25.1,5,0.0913677,39.5704,1,1,1.07303,5.36468,3.23513,0.223547
25.1,6,0.743583,40.907,1,1,0.0509377,3.18611,2.62464,0.455159
25.1,7,0.9,45.7246,1,1,4.74409,9.65496,5.6028,0.5
25.2,0,0.110498,39.5246,1,1,0.823711,6.87826,3.26834,0.228824
25.2,1,0.0638606,39.2942,1,1,0.778244,6.4986,3.21278,0.216193
25.2,2,0.358349,39.2339,1,1,1.11352,3.86338,3.11349,0.309332
25.2,3,0.387324,41.2885,1,1,1.1525,9.62377,3.67565,0.32016
25.2,4,0.166022,39.513,0,1,1.76331,6.11784,3.63357,0.489842
25.2,5,0.090724,39.5709,1,1,0.804086,6.71439,3.24433,0.223372
25.2,6,0.743396,40.9067,1,1,1.6383,5.68412,3.53152,0.455114
25.2,7,0.9,45.7167,1,1,1.79988,15.0296,4.50003,0.5
25.3,0,0.109818,39.5398,1,1,0.961985,7.94212,3.42986,0.228643
25.3,1,0.063193,39.3084,1,1,0.908902,7.50388,3.36481,0.216026
25.3,2,0.357784,39.2101,1,1,1.0614,1.0614,2.84556,0.309105
25.3,3,0.386529,41.3177,1,1,1.61506,10.8424,4.00923,0.319886
25.3,4,0.165389,39.5105,0,1,1.68053,1.68053,3.19099,0.48941
25.3,5,0.0900082,39.5986,1,1,1.50252,7.18952,3.60762,0.223197
25.3,6,0.743231,40.8759,1,1,1.56256,1.56256,3.12331,0.455055
25.3,7,0.9,45.9049,1,1,6.7318,12.7399,7.11266,0.5
25.4,0,0.109173,39.5411,1,1,1.11209,5.32084,3.24875,0.228453
25.4,1,0.0625594,39.3094,1,1,1.05075,5.02734,3.19336,0.215851
25.4,2,0.357116,39.2258,1,1,1.50369,4.61499,3.36658,0.308897
25.4,3,0.385803,41.32,1,1,1.55572,7.44342,3.65722,0.319587
25.4,4,0.164584,39.573,0,1,2.38056,7.30621,4.05889,0.48903
25.4,5,0.0893684,39.5971,1,1,1.08556,5.1939,3.22476,0.223002
25.4,6,0.743023,40.9057,1,1,2.21491,6.79783,3.9253,0.455002
25.4,7,0.9,45.8938,1,1,2.43396,11.6454,4.49817,0.5
25.5,0,0.108528,39.5426,1,1,0.803484,6.7945,3.2517,0.228273
25.5,1,0.061925,39.3107,1,1,0.759177,6.41982,3.19719,0.215685
25.5,2,0.356468,39.2336,1,1,1.0864,5.61992,3.26522,0.308652
25.5,3,0.385079,41.3219,1,1,1.12393,9.50431,3.65129,0.319314
25.5,4,0.163815,39.6207,0,1,1.71961,8.89547,3.87462,0.488548
25.5,5,0.0887279,39.5959,1,1,0.784321,6.63245,3.2281,0.222829
25.5,6,0.742824,40.9225,1,1,1.6013,8.28346,3.75887,0.454936
25.5,7,0.9,45.8806,1,1,1.75992,14.8824,4.46631,0.5
25.6,0,0.107918,39.5309,1,1,0.949001,4.26017,3.07599,0.228094
25.6,1,0.0613236,39.2995,1,1,0.896685,4.02532,3.03094,0.215519
25.6,2,0.35596,39.1885,1,1,0.161476,2.1589,2.56166,0.308414
25.6,3,0.384385,41.3121,1,1,1.55947,5.72677,3.49722,0.319042
25.6,4,0.163277,39.5806,0,1,0.255548,3.41662,2.71324,0.488089
25.6,5,0.0880858,39.5954,1,1,1.41225,3.67272,3.23589,0.222655
25.6,6,0.742682,40.8585,1,1,0.238157,3.18411,2.68503,0.454872
25.6,7,0.9,45.9834,1,1,6.081,5.33794,6.01064,0.5
25.7,0,0.107305,39.5203,1,1,0.650662,5.74424,3.08755,0.227924
25.7,1,0.0607199,39.2894,1,1,0.614802,5.42765,3.04273,0.215362
25.7,2,0.355433,39.1514,1,1,0.421952,2.15759,2.65917,0.308227
25.7,3,0.383701,41.2989,1,1,1.00476,7.93934,3.44853,0.318781
25.7,4,0.162706,39.5532,0,1,0.667735,3.41437,2.87539,0.487767
25.7,5,0.0874642,39.5871,1,1,0.833458,5.40874,3.13315,0.222481
25.7,6,0.742532,40.8068,1,1,0.622642,3.18379,2.83512,0.454827
25.7,7,0.9,45.9913,1,1,3.06171,10.9669,4.76856,0.5
25.8,0,0.106682,39.5138,1,1,0.798765,5.64136,3.1402,0.227754
25.8,1,0.0601064,39.2831,1,1,0.754754,5.33053,3.09199,0.215205
25.8,2,0.354832,39.1425,1,1,1.08032,3.06616,3.02529,0.308033
25.8,3,0.383007,41.2893,1,1,1.11711,7.88972,3.49423,0.318525
25.8,4,0.162014,39.5723,0,1,1.70948,4.85183,3.48881,0.487426
25.8,5,0.0868453,39.5779,1,1,0.779684,5.5066,3.11928,0.222313
25.8,6,0.742352,40.7986,1,1,1.59498,4.52686,3.40263,0.454779
25.8,7,0.9,45.9582,1,1,1.75357,12.3848,4.22405,0.5
25.9,0,0.106112,39.4876,1,1,0.804404,2.77157,2.87505,0.22758
25.9,1,0.0595426,39.2582,1,1,0.760094,2.6189,2.84195,0.215045
25.9,2,0.354125,39.174,1,1,1.08799,8.75015,3.56307,0.307813
25.9,3,0.382388,41.2518,1,1,1.12494,3.87596,3.11989,0.318265
25.9,4,0.161151,39.6555,0,1,1.72139,13.8442,4.348,0.487013
25.9,5,0.0862777,39.5495,1,1,0.785193,2.70538,2.86067,0.222145
25.9,6,0.742129,40.8506,1,1,1.60726,12.9263,4.20472,0.454722
25.9,7,0.9,45.8814,1,1,1.7673,6.08921,3.63285,0.5
26,0,0.105493,39.4801,1,1,0.908592,4.92648,3.12049,0.227422
26,1,0.0589328,39.2511,1,1,0.858554,4.65517,3.07308,0.214898
26,2,0.353472,39.1845,1,1,1.22873,5.19435,3.29052,0.307554
26,3,0.3817,41.2412,1,1,1.2706,6.8893,3.46971,0.318033
26,4,0.160373,39.7054,0,1,1.94365,8.21659,3.9213,0.486499
26,5,0.0856626,39.5395,1,1,0.886898,4.80885,3.09991,0.221992
26,6,0.741928,40.872,1,1,1.81641,7.67869,3.80694,0.454651
26,7,0.9,45.8481,1,1,1.99759,10.8311,4.19691,0.5
26.1,0,0.104917,39.4565,1,1,0.728833,3.43446,2.90318,0.22725
26.1,1,0.0583637,39.2287,1,1,0.688706,3.24537,2.86861,0.214739
26.1,2,0.352911,39.1603,1,1,0.824936,2.1512,2.8286,0.307315
26.1,3,0.381071,41.2082,1,1,1.05239,4.76934,3.16993,0.317775
26.1,4,0.159746,39.6973,0,1,1.30468,3.40225,3.16013,0.486036
26.1,5,0.0850849,39.5156,1,1,0.781024,3.28289,2.91164,0.221826
26.1,6,0.741764,40.84,1,1,1.22026,3.1821,3.10051,0.454586
26.1,7,0.9,45.795,1,1,2.17872,6.98143,3.92396,0.5
26.2,0,0.104318,39.442,1,1,0.520047,5.57418,3.0184,0.227091
26.2,1,0.0577728,39.2149,1,1,0.491421,5.26734,2.97789,0.214591
26.2,2,0.352313,39.1502,1,1,0.703292,4.72268,3.01283,0.307109
26.2,3,0.380413,41.1867,1,1,0.727176,7.79432,3.31472,0.317539
26.2,4,0.159061,39.7112,0,1,1.11219,7.46846,3.45193,0.485663
26.2,5,0.0844895,39.4987,1,1,0.507633,5.44112,3.00082,0.22167
26.2,6,0.741585,40.829,1,1,1.0409,6.98975,3.37432,0.454534
26.2,7,0.9,45.7428,1,1,1.14502,12.273,3.92581,0.5
26.3,0,0.103685,39.4403,1,1,0.761222,6.29504,3.18619,0.226925
26.3,1,0.0571507,39.2131,1,1,0.71933,5.94861,3.13559,0.214437
26.3,2,0.351691,39.1497,1,1,1.02947,4.52689,3.13691,0.30689
26.3,3,0.379707,41.1837,1,1,1.06436,8.8019,3.55739,0.317293
26.3,4,0.158334,39.7409,0,1,1.6278,7.15794,3.6651,0.485256
26.3,5,0.0838617,39.4944,1,1,0.743055,6.14481,3.16422,0.22151
26.3,6,0.741396,40.8332,1,1,1.52454,6.70392,3.57231,0.454476
26.3,7,0.9,45.7218,1,1,1.67725,13.8703,4.329,0.5
26.4,0,0.103111,39.4168,1,1,0.881353,2.63343,2.89648,0.22675
26.4,1,0.0565828,39.1909,1,1,0.832864,2.48855,2.86203,0.214275
26.4,2,0.351126,39.1275,1,1,0.871056,2.14664,2.84864,0.306663
26.4,3,0.379077,41.1523,1,1,1.29861,3.61556,3.17674,0.317029
26.4,4,0.1577,39.7348,0,1,1.37711,3.39377,3.19369,0.484824
26.4,5,0.08328,39.4727,1,1,0.999299,2.43163,2.93141,0.22134
26.4,6,0.741231,40.8043,1,1,1.29074,3.18091,3.13346,0.454416
26.4,7,0.9,45.691,1,1,3.09454,4.6558,4.19428,0.5
26.5,0,0.102515,39.4018,1,1,0.43904,5.75454,3.00387,0.226591
26.5,1,0.0559946,39.1767,1,1,0.414891,5.43801,2.96443,0.214128
26.5,2,0.350523,39.1199,1,1,0.593785,5.4778,3.03891,0.306456
26.5,3,0.378424,41.1299,1,1,0.613814,8.04531,3.29195,0.316793
26.5,4,0.157008,39.7508,0,1,0.938661,8.65936,3.48804,0.484448
26.5,5,0.0826874,39.4555,1,1,0.428563,5.61721,2.98675,0.221184
26.5,6,0.74105,40.7967,1,1,0.880367,8.12159,3.41129,0.454363
26.5,7,0.9,45.6377,1,1,0.968793,12.6981,3.88803,0.5
26.6,0,0.101909,39.3908,1,1,0.773635,4.83556,3.05333,0.226427
26.6,1,0.0553974,39.1662,1,1,0.731091,4.56964,3.01017,0.213975
26.6,2,0.349965,39.0954,1,1,0.995267,0.995267,2.81026,0.306235
26.6,3,0.37774,41.1198,1,1,1.29787,6.54389,3.44975,0.316549
26.6,4,0.156387,39.7397,0,1,1.57313,1.57313,3.12934,0.484038
26.6,5,0.0820536,39.4541,1,1,1.20828,4.26708,3.19455,0.221024
26.6,6,0.740888,40.764,1,1,1.47649,1.47649,3.07444,0.454305
26.6,7,0.9,45.7273,1,1,5.46674,6.91959,5.77989,0.5
26.7,0,0.101267,39.3937,1,1,0.700631,7.09045,3.23644,0.22626
26.7,1,0.0547658,39.1689,1,1,0.662112,6.70063,3.18329,0.21382
26.7,2,0.349279,39.1198,1,1,0.947652,8.30344,3.45801,0.306032
26.7,3,0.37702,41.1231,1,1,0.979427,9.91189,3.62569,0.316293
26.7,4,0.15556,39.8068,0,1,1.49772,13.1233,4.17113,0.48367
26.7,5,0.081416,39.4542,1,1,0.683893,6.92105,3.21332,0.220854
26.7,6,0.740673,40.8052,1,1,1.40663,12.3251,4.05159,0.454253
26.7,7,0.9,45.7148,1,1,1.54829,15.6688,4.43931,0.5
26.8,0,0.10058,39.4133,1,1,0.973123,8.20626,3.45996,0.226083
26.8,1,0.0540925,39.1872,1,1,0.919639,7.75524,3.39345,0.213657
26.8,2,0.348635,39.128,1,1,1.31617,4.29553,3.24763,0.305781
26.8,3,0.376237,41.1505,1,1,1.36026,11.4709,3.94809,0.316025
26.8,4,0.154795,39.8492,0,1,2.07975,6.78759,3.85518,0.483181
26.8,5,0.0807353,39.4706,1,1,0.949881,8.01027,3.43103,0.220683
26.8,6,0.740475,40.8233,1,1,1.95494,6.38025,3.75376,0.454184
26.8,7,0.9,45.7427,1,1,2.15214,18.1488,4.97538,0.5
26.9,0,0.0999169,39.4238,1,1,1.14646,6.16001,3.34351,0.225893
26.9,1,0.0534411,39.197,1,1,1.08348,5.82157,3.2829,0.213483
26.9,2,0.34796,39.1478,1,1,1.55072,4.76796,3.40349,0.305546
26.9,3,0.375485,41.1656,1,1,1.60242,8.60987,3.79041,0.315732
26.9,4,0.153978,39.9104,0,1,2.44996,7.53284,4.11649,0.482729
26.9,5,0.0800771,39.4782,1,1,1.11909,6.01294,3.31714,0.2205
26.9,6,0.740263,40.8595,1,1,2.30477,7.08641,3.99883,0.45412
26.9,7,0.9,45.7526,1,1,2.53762,13.6348,4.74228,0.5
27,0,0.0992663,39.4294,1,1,0.912571,6.58784,3.27929,0.225711
27,1,0.0528016,39.2021,1,1,0.86245,6.22602,3.22309,0.213314
27,2,0.347281,39.1684,1,1,1.23436,6.51949,3.41791,0.3053
27,3,0.374752,41.1731,1,1,1.2754,9.20712,3.6923,0.315452
27,4,0.15316,39.9711,0,1,1.94977,10.2981,4.12211,0.482246
27,5,0.0794313,39.4811,1,1,0.890791,6.43061,3.25484,0.220324
27,6,0.740051,40.8957,1,1,1.83578,9.69601,4.008,0.454052
27,7,0.9,45.7494,1,1,2.02155,14.5936,4.56853,0.5
27.1,0,0.0986214,39.4327,1,1,0.936809,6.16914,3.25022,0.225532
27.1,1,0.0521675,39.2051,1,1,0.885373,5.83042,3.19559,0.213149
27.1,2,0.346772,39.1249,1,1,0.520232,0.520232,2.56908,0.305052
27.1,3,0.374008,41.1849,1,1,1.57102,8.35947,3.75146,0.315179
27.1,4,0.152621,39.9255,0,1,0.821593,0.821593,2.71939,0.481764
27.1,5,0.0787513,39.4967,1,1,1.46313,5.47327,3.42713,0.220151
27.1,6,0.739908,40.8329,1,1,0.774218,0.774218,2.69509,0.453984
27.1,7,0.9,45.9072,1,1,6.64604,9.10771,6.71551,0.5
27.2,0,0.0980001,39.4269,1,1,0.887545,5.13774,3.13113,0.225355
27.2,1,0.0515558,39.1996,1,1,0.838829,4.85574,3.08334,0.212985
27.2,2,0.346113,39.1385,1,1,1.2007,5.6469,3.32004,0.304867
27.2,3,0.373317,41.1764,1,1,1.24022,7.17927,3.4831,0.314901
27.2,4,0.151834,39.9741,0,1,1.89614,8.91759,3.96402,0.481446
27.2,5,0.0781342,39.4884,1,1,0.866334,5.01495,3.11029,0.219969
27.2,6,0.739704,40.8587,1,1,1.78781,8.40808,3.86189,0.453938
27.2,7,0.9,45.8765,1,1,1.96922,11.3992,4.23684,0.5
27.3,0,0.0973338,39.4384,1,1,0.752591,8.1365,3.35809,0.225184
27.3,1,0.0509014,39.2103,1,1,0.711294,7.69002,3.29812,0.212828
27.3,2,0.345503,39.1334,1,1,1.0181,3.90451,3.0739,0.304627
27.3,3,0.372563,41.1916,1,1,1.05158,11.3689,3.79719,0.314644
27.3,4,0.151127,39.9916,0,1,1.6075,6.16493,3.56163,0.480982
27.3,5,0.0774731,39.4968,1,1,0.73461,7.9421,3.33195,0.219804
27.3,6,0.73952,40.8558,1,1,1.51689,5.81745,3.48519,0.453872
27.3,7,0.9,45.8832,1,1,1.67106,18.0663,4.72854,0.5
27.4,0,0.0966788,39.4453,1,1,1.11023,5.89026,3.30153,0.225001
27.4,1,0.0502578,39.2167,1,1,1.04933,5.56715,3.24349,0.212659
27.4,2,0.344805,39.1618,1,1,1.50204,6.25961,3.51962,0.304405
27.4,3,0.371823,41.2014,1,1,1.55118,8.22965,3.72958,0.314364
27.4,4,0.150275,40.0641,0,1,2.37128,9.88209,4.29774,0.480567
27.4,5,0.0768231,39.5009,1,1,1.08372,5.74958,3.27622,0.219627
27.4,6,0.739299,40.9048,1,1,2.23927,9.33195,4.17725,0.453813
27.4,7,0.9,45.8842,1,1,2.46717,13.0894,4.65328,0.5
27.5,0,0.0960268,39.451,1,1,0.874364,6.83165,3.28579,0.224822
27.5,1,0.0496171,39.222,1,1,0.826416,6.45702,3.22945,0.212493
27.5,2,0.344132,39.1801,1,1,1.18289,6.48125,3.39057,0.304151
27.5,3,0.371089,41.2089,1,1,1.22153,9.54418,3.6996,0.314088
27.5,4,0.149466,40.1186,0,1,1.86704,10.2299,4.07435,0.480065
27.5,5,0.076176,39.5038,1,1,0.853487,6.66853,3.26123,0.219454
27.5,6,0.739088,40.9375,1,1,1.76467,9.66894,3.97031,0.453742
27.5,7,0.9,45.8802,1,1,1.94457,15.1935,4.58743,0.5
27.6,0,0.0953518,39.4653,1,1,0.962486,7.65036,3.40228,0.224643
27.6,1,0.0489545,39.2354,1,1,0.909724,7.23098,3.33918,0.212329
27.6,2,0.343618,39.138,1,1,0.562231,0.562231,2.58937,0.303906
27.6,3,0.370302,41.2363,1,1,1.61345,10.4183,3.96797,0.313815
27.6,4,0.148964,40.0566,0,1,0.443625,0.443625,2.53273,0.239795
27.6,5,0.0754655,39.5307,1,1,1.50322,6.90405,3.58097,0.219281
27.6,6,0.738944,40.8765,1,1,0.839305,0.839305,2.72853,0.453674
27.6,7,0.9,46.0685,1,1,6.85522,12.3148,7.15052,0.5
27.7,0,0.0946663,39.4833,1,1,1.07572,7.67053,3.45468,0.224459
27.7,1,0.0482822,39.2522,1,1,1.01677,7.25019,3.38828,0.212158
27.7,2,0.342935,39.1608,1,1,1.45558,5.70933,3.44565,0.30372
27.7,3,0.36952,41.2614,1,1,1.50256,10.7142,3.94297,0.313523
27.7,4,0.148331,40.0448,0,1,1.14852,4.50491,3.18906,0.239648
27.7,5,0.0747858,39.5454,1,1,1.05,7.48714,3.42567,0.219092
27.7,6,0.738729,40.917,1,1,2.17402,8.52732,4.06749,0.453628
27.7,7,0.9,46.0922,1,1,2.39626,17.0867,4.99889,0.5
27.8,0,0.0940081,39.4908,1,1,1.09237,6.14605,3.31758,0.224271
27.8,1,0.0476357,39.2591,1,1,1.03253,5.80937,3.25878,0.211986
27.8,2,0.342282,39.1714,1,1,1.47813,3.90477,3.28873,0.303471
27.8,3,0.368775,41.2717,1,1,1.52568,8.58399,3.751,0.313233
27.8,4,0.147723,40.024,0,1,1.16636,3.08117,3.06629,0.239462
27.8,5,0.0741326,39.5499,1,1,1.06626,5.99916,3.29189,0.218911
27.8,6,0.738526,40.9391,1,1,2.20917,5.83594,3.83228,0.453558
27.8,7,0.9,46.0928,1,1,2.43538,13.7023,4.69524,0.5
27.9,0,0.0933664,39.4918,1,1,0.904077,6.14881,3.23392,0.224091
27.9,1,0.0470046,39.26,1,1,0.854568,5.81209,3.18044,0.21182
27.9,2,0.34168,39.1626,1,1,1.22337,2.39386,3.03149,0.303234
27.9,3,0.368056,41.2726,1,1,1.26259,8.58716,3.62728,0.312956
27.9,4,0.147153,39.9888,0,1,0.965371,1.88901,2.86868,0.239284
27.9,5,0.0734956,39.5482,1,1,0.882477,6.0019,3.21056,0.218737
27.9,6,0.738345,40.9308,1,1,1.82958,3.58006,3.43158,0.453493
27.9,7,0.9,46.0775,1,1,2.01721,13.7194,4.48267,0.5
28,0,0.092754,39.4818,1,1,0.880922,4.6978,3.08686,0.223916
28,1,0.0464011,39.2504,1,1,0.832696,4.44062,3.0417,0.211658
28,2,0.341084,39.152,1,1,1.19211,2.26729,3.00577,0.303016
28,3,0.367377,41.2579,1,1,1.23017,6.56027,3.41983,0.312689
28,4,0.146588,39.9527,0,1,0.940726,1.78918,2.84902,0.239118
28,5,0.0728871,39.5358,1,1,0.859881,4.58559,3.06713,0.218568
28,6,0.738165,40.9197,1,1,1.78388,3.39278,3.39184,0.453434
28,7,0.9,46.0374,1,1,1.96708,10.4901,4.14908,0.5
28.1,0,0.0921512,39.4682,1,1,0.69682,5.01497,3.03769,0.223749
28.1,1,0.0458067,39.2376,1,1,0.658683,4.7405,2.99582,0.211504
28.1,2,0.340569,39.1109,1,1,0.577966,0.577966,2.59703,0.3028
28.1,3,0.3667,41.243,1,1,1.16763,6.80817,3.41452,0.312438
28.1,4,0.146084,39.8938,0,1,0.456097,0.456097,2.53859,0.238952
28.1,5,0.0722601,39.5305,1,1,1.08829,4.48711,3.15985,0.218407
28.1,6,0.73802,40.86,1,1,0.865377,0.865377,2.74204,0.453376
28.1,7,0.9,46.1044,1,1,4.98286,7.78095,5.56863,0.5
28.2,0,0.09159,39.4392,1,1,0.71345,2.69183,2.82844,0.223585
28.2,1,0.0452515,39.2102,1,1,0.674412,2.54454,2.79841,0.211351
28.2,2,0.339966,39.1034,1,1,0.965624,3.74915,3.03595,0.302613
28.2,3,0.366094,41.2011,1,1,0.996174,3.75854,3.05052,0.312187
28.2,4,0.145514,39.8611,0,1,0.762016,2.95861,2.87366,0.238805
28.2,5,0.0717015,39.4994,1,1,0.696394,2.62748,2.8153,0.21824
28.2,6,0.737838,40.8531,1,1,1.44655,5.61641,3.43262,0.45333
28.2,7,0.9,46.0183,1,1,1.59548,6.01969,3.54215,0.5
28.3,0,0.0910099,39.4179,1,1,0.43514,4.93198,2.92404,0.223432
28.3,1,0.0446782,39.1901,1,1,0.411336,4.66218,2.88924,0.21121
28.3,2,0.339446,39.0652,1,1,0.344417,2.11677,2.62502,0.302395
28.3,3,0.365461,41.1706,1,1,0.658004,6.83573,3.19447,0.311963
28.3,4,0.145007,39.8052,0,1,0.271801,1.67047,2.55677,0.238639
28.3,5,0.0711181,39.4783,1,1,0.530544,4.7083,2.9404,0.218092
28.3,6,0.737691,40.7982,1,1,0.516259,3.1729,2.79039,0.453271
28.3,7,0.9,45.9729,1,1,1.86318,10.1474,4.06457,0.5
28.4,0,0.0904007,39.4079,1,1,0.670417,5.47496,3.07019,0.223275
28.4,1,0.0440777,39.1806,1,1,0.63375,5.17552,3.02662,0.211063
28.4,2,0.338815,39.0691,1,1,0.907421,5.53909,3.1777,0.302206
28.4,3,0.364788,41.1554,1,1,0.936013,7.64396,3.39002,0.311728
28.4,4,0.144415,39.7823,0,1,0.716105,4.37125,2.98517,0.238491
28.4,5,0.0705127,39.4659,1,1,0.654392,5.3441,3.05113,0.217938
28.4,6,0.737498,40.8084,1,1,1.36087,8.30705,3.64645,0.453223
28.4,7,0.9,45.9301,1,1,1.50133,12.2606,4.09024,0.5
28.5,0,0.089774,39.4046,1,1,0.767603,5.97904,3.1589,0.223109
28.5,1,0.0434606,39.1775,1,1,0.725632,5.65212,3.11011,0.21091
28.5,2,0.338197,39.0684,1,1,1.03895,4.26213,3.11651,0.301978
28.5,3,0.36409,41.1499,1,1,1.07164,8.34726,3.51729,0.31148
28.5,4,0.143832,39.7562,0,1,0.819928,3.36362,2.93598,0.238318
28.5,5,0.0698902,39.4601,1,1,0.74926,5.83617,3.13755,0.217778
28.5,6,0.737309,40.8119,1,1,1.55909,6.39592,3.55992,0.453161
28.5,7,0.9,45.9041,1,1,1.72024,13.3994,4.30483,0.5
28.6,0,0.089159,39.397,1,1,0.842687,5.00824,3.09937,0.222939
28.6,1,0.0428547,39.1702,1,1,0.796624,4.73447,3.05369,0.210752
28.6,2,0.337668,39.0337,1,1,0.713528,0.713528,2.6643,0.301755
28.6,3,0.363391,41.145,1,1,1.41167,6.7562,3.52336,0.311222
28.6,4,0.143318,39.7045,0,1,0.563124,0.563124,2.5898,0.238148
28.6,5,0.069244,39.4633,1,1,1.31609,4.39506,3.25682,0.217613
28.6,6,0.737159,40.7622,1,1,1.0714,1.0714,2.85092,0.4531
28.6,7,0.9,46.017,1,1,6.04784,7.07442,6.1511,0.5
28.7,0,0.0885381,39.3918,1,1,0.730818,5.82972,3.12914,0.222772
28.7,1,0.0422432,39.1652,1,1,0.690881,5.51114,3.08215,0.210598
28.7,2,0.337032,39.0403,1,1,0.989299,5.45529,3.20603,0.301564
28.7,3,0.362702,41.1365,1,1,1.02014,8.13759,3.47426,0.310963
28.7,4,0.142722,39.6849,0,1,0.780769,4.30539,3.00659,0.237998
28.7,5,0.0686272,39.4554,1,1,0.713334,5.69024,3.10855,0.217442
28.7,6,0.736963,40.7766,1,1,1.48626,8.1957,3.69524,0.453051
28.7,7,0.9,45.9844,1,1,1.64028,13.0845,4.23582,0.5
28.8,0,0.0879451,39.3761,1,1,0.819447,3.93902,2.98909,0.222604
28.8,1,0.0416579,39.1503,1,1,0.774679,3.72382,2.9497,0.210442
28.8,2,0.336488,39.0119,1,1,0.632915,2.10934,2.74175,0.301334
28.8,3,0.362044,41.1162,1,1,1.24201,5.39983,3.31596,0.310709
28.8,4,0.142197,39.6386,0,1,0.499522,1.66477,2.64688,0.237825
28.8,5,0.0680233,39.4428,1,1,1.00594,3.63872,3.04386,0.21728
28.8,6,0.736806,40.7369,1,1,0.951446,3.17091,2.97646,0.452988
28.8,7,0.9,45.9865,1,1,3.57949,7.10872,4.69102,0.5
28.9,0,0.0873415,39.3646,1,1,0.594379,5.5064,3.04187,0.222443
28.9,1,0.0410626,39.1395,1,1,0.561915,5.20565,3.00016,0.210294
28.9,2,0.335893,39.0033,1,1,0.804655,4.11578,2.99916,0.301137
28.9,3,0.36138,41.0987,1,1,0.829581,7.68533,3.34776,0.310466
28.9,4,0.141632,39.6081,0,1,0.635072,3.24837,2.84629,0.237672
28.9,5,0.0674234,39.4288,1,1,0.580157,5.37464,3.02358,0.21712
28.9,6,0.736627,40.7278,1,1,1.21027,6.19049,3.3757,0.452937
28.9,7,0.9,45.9385,1,1,1.33603,12.3771,4.02352,0.5
29,0,0.0867341,39.3548,1,1,0.762037,4.97584,3.0616,0.22228
29,1,0.0404638,39.1302,1,1,0.720426,4.70413,3.01831,0.210142
29,2,0.335226,39.022,1,1,1.03165,6.89164,3.36086,0.300923
29,3,0.360709,41.0839,1,1,1.06352,6.94444,3.38018,0.310221
29,4,0.141011,39.5993,0,1,0.814243,5.43934,3.12774,0.237508
29,5,0.0668197,39.4166,1,1,0.743807,4.8568,3.04261,0.216962
29,6,0.736419,40.7607,1,1,1.5526,10.3717,3.93421,0.452879
29,7,0.9,45.8964,1,1,1.71414,11.1927,4.09084,0.5
29.1,0,0.0861245,39.346,1,1,0.731037,5.22769,3.07221,0.222115
29.1,1,0.0398629,39.1219,1,1,0.69113,4.94231,3.02843,0.20999
29.1,2,0.334725,38.9778,0,1,0.0716152,2.10477,2.52722,0.300682
29.1,3,0.360022,41.0755,1,1,1.20948,7.10624,3.46199,0.309974
29.1,4,0.140519,39.542,0,1,0.0565257,1.66129,2.48056,0.237328
29.1,5,0.0661866,39.4156,1,1,1.1107,4.70551,3.19045,0.216803
29.1,6,0.736279,40.6961,1,1,0.107849,3.16968,2.63987,0.452811
29.1,7,0.9,45.9711,1,1,5.00401,8.40958,5.64021,0.5
29.2,0,0.0855349,39.3298,1,1,0.744289,4.0998,2.97172,0.221951
29.2,1,0.0392808,39.1065,1,1,0.703669,3.87605,2.93354,0.209838
29.2,2,0.333875,39.0661,0,1,2.0154,11.6356,4.2826,0.601002
29.2,3,0.359376,41.0516,1,1,1.03862,5.72106,3.25318,0.309721
29.2,4,0.139916,39.5276,0,1,0.795374,4.59197,3.03976,0.237185
29.2,5,0.0656003,39.3969,1,1,0.726469,4.00164,2.95495,0.216637
29.2,6,0.73608,40.7168,1,1,1.5183,8.7657,3.76474,0.452766
29.2,7,0.9,45.913,1,1,1.6767,9.23584,3.88601,0.5
29.3,0,0.0849406,39.3156,1,1,0.629714,4.86109,2.99521,0.221791
29.3,1,0.0386943,39.0931,1,1,0.595355,4.59586,2.95603,0.20969
29.3,2,0.333102,39.1238,0,1,1.70464,9.192,3.89548,0.60039
29.3,3,0.358725,41.0303,1,1,0.878688,6.78306,3.28305,0.309483
29.3,4,0.139341,39.5028,0,1,0.672922,3.62863,2.89749,0.23701
29.3,5,0.0650095,39.3803,1,1,0.614641,4.74474,2.978,0.216483
29.3,6,0.735896,40.7159,1,1,1.28532,6.93088,3.4805,0.452701
29.3,7,0.9,45.859,1,1,1.41961,10.9587,3.92698,0.5
29.4,0,0.0843441,39.3024,1,1,0.685855,4.72877,3.00607,0.221631
29.4,1,0.0381058,39.0807,1,1,0.648442,4.47082,2.96614,0.209541
29.4,2,0.332314,39.1862,0,1,1.85623,9.20343,3.9713,0.599833
29.4,3,0.35807,41.0106,1,1,0.956977,6.59808,3.29979,0.309243
29.4,4,0.138761,39.4803,0,1,0.73293,3.63396,2.92343,0.236843
29.4,5,0.0644165,39.3648,1,1,0.669442,4.61561,2.98853,0.216327
29.4,6,0.735709,40.7192,1,1,1.40073,6.94502,3.53603,0.452642
29.4,7,0.9,45.8083,1,1,1.54729,10.6681,3.95996,0.5
29.5,0,0.0837467,39.2899,1,1,0.676337,4.82289,3.01097,0.22147
29.5,1,0.0375164,39.0688,1,1,0.639453,4.55987,2.9708,0.209392
29.5,2,0.331524,39.2485,0,1,1.83007,9.45765,3.98249,0.599266
29.5,3,0.357414,40.9917,1,1,0.943646,6.72904,3.30635,0.309002
29.5,4,0.13818,39.4586,0,1,0.722771,3.73522,2.92852,0.236675
29.5,5,0.0638226,39.3499,1,1,0.660156,4.7075,2.99333,0.216172
29.5,6,0.735521,40.7231,1,1,1.38211,7.14265,3.54594,0.452581
29.5,7,0.9,45.7594,1,1,1.52692,10.8883,3.97124,0.5
29.6,0,0.0831445,39.2794,1,1,0.686903,5.03463,3.03539,0.221309
29.6,1,0.0369223,39.0589,1,1,0.649452,4.76014,2.99384,0.209243
29.6,2,0.330856,39.2635,0,1,1.98029,1.98029,3.36633,0.598698
29.6,3,0.356738,40.9808,1,1,1.15,6.83243,3.40876,0.308761
29.6,4,0.137644,39.4201,0,1,0.782285,0.782285,2.69921,0.236507
29.6,5,0.0631966,39.3473,1,1,1.07276,4.51193,3.1551,0.216016
29.6,6,0.735358,40.6925,1,1,1.49678,1.49678,3.08592,0.45252
29.6,7,0.9,45.8316,1,1,4.9661,7.96045,5.57543,0.5
29.7,0,0.0825446,39.2682,1,1,0.714668,4.78504,3.0235,0.221147
29.7,1,0.0363306,39.0482,1,1,0.675714,4.52422,2.98255,0.209093
29.7,2,0.330101,39.3111,0,1,1.93323,7.03915,3.80482,0.598218
29.7,3,0.356078,40.9639,1,1,0.997001,6.67539,3.32488,0.308513
29.7,4,0.137077,39.3941,0,1,0.763805,2.78113,2.85825,0.236352
29.7,5,0.0626003,39.3336,1,1,0.697556,4.67046,3.00549,0.215852
29.7,6,0.735177,40.6869,1,1,1.46221,5.32411,3.41273,0.452467
29.7,7,0.9,45.7849,1,1,1.61582,10.8187,4.00733,0.5
29.8,0,0.0819362,39.2603,1,1,0.686962,5.3604,3.06623,0.220986
29.8,1,0.0357308,39.0408,1,1,0.649527,5.0683,3.023,0.208944
29.8,2,0.329479,39.3077,0,1,1.0943,4.18373,3.13437,0.597676
29.8,3,0.355401,40.9537,1,1,1.03707,7.39886,3.41149,0.30827
29.8,4,0.136558,39.3506,0,1,0.432444,1.65332,2.61843,0.236188
29.8,5,0.0619848,39.3274,1,1,0.835873,5.06673,3.10192,0.215696
29.8,6,0.735023,40.6446,1,1,0.828327,3.16686,2.92156,0.452408
29.8,7,0.9,45.7902,1,1,2.95977,10.7229,4.69002,0.5
29.9,0,0.0813429,39.2469,1,1,0.755361,4.24658,2.99019,0.220823
29.9,1,0.0351452,39.0281,1,1,0.71421,4.01523,2.95101,0.208792
29.9,2,0.328692,39.3667,0,1,2.04293,8.16315,3.96627,0.59723
29.9,3,0.354751,40.9337,1,1,1.05364,5.92349,3.27905,0.308022
29.9,4,0.135979,39.3303,0,1,0.80741,3.22626,2.91788,0.236038
29.9,5,0.0613949,39.3116,1,1,0.737274,4.14489,2.97294,0.215535
29.9,6,0.734836,40.6489,1,1,1.54737,6.18299,3.53422,0.452358
29.9,7,0.9,45.7391,1,1,1.71034,9.61536,3.93856,0.5
30,0,0.0807526,39.2326,1,1,0.624791,4.67125,2.97524,0.220663
30,1,0.0345625,39.0146,1,1,0.590762,4.41683,2.93726,0.208645
30,2,0.327922,39.4184,0,1,1.68941,9.12753,3.88191,0.596665
30,3,0.354105,40.9122,1,1,0.871465,6.5155,3.25448,0.307783
30,4,0.135405,39.3084,0,1,0.667852,3.60826,2.89346,0.235871
30,5,0.0608079,39.2949,1,1,0.609835,4.55942,2.95853,0.215381
30,6,0.734652,40.6489,1,1,1.28064,6.91904,3.4772,0.452297
30,7,0.9,45.6852,1,1,1.41571,10.5846,3.88939,0.5
30.1,0,0.0801585,39.22,1,1,0.661529,4.71046,2.99418,0.220505
30.1,1,0.0339761,39.0027,1,1,0.625508,4.45396,2.95505,0.208498
30.1,2,0.327324,39.404,0,1,0.82262,4.17279,3.01227,0.596113
30.1,3,0.353447,40.8958,1,1,1.02231,6.4702,3.31671,0.307547
30.1,4,0.134894,39.2631,0,1,0.325268,1.64994,2.57551,0.235706
30.1,5,0.0602034,39.2852,1,1,0.854911,4.38851,3.0465,0.215228
30.1,6,0.734502,40.6006,1,1,0.624075,3.16566,2.83405,0.452237
30.1,7,0.9,45.6925,1,1,3.28214,8.89897,4.69361,0.5
30.2,0,0.0795819,39.2009,1,1,0.671013,3.72981,2.90611,0.220346
30.2,1,0.0334063,38.9847,0,1,0.634485,3.52676,2.87189,0.20835
30.2,2,0.326485,39.4812,0,1,1.81403,12.1348,4.22988,0.595685
30.2,3,0.35282,40.8677,1,1,0.93583,5.20178,3.15841,0.307305
30.2,4,0.134293,39.2523,0,1,0.717341,4.79859,3.02591,0.235559
30.2,5,0.0596298,39.2639,1,1,0.654947,3.6405,2.89104,0.21507
30.2,6,0.734304,40.6211,1,1,1.37704,9.21157,3.74016,0.452188
30.2,7,0.9,45.6279,1,1,1.52264,8.46354,3.73809,0.5
30.3,0,0.0789935,39.1867,1,1,0.64451,4.48244,2.9656,0.220191
30.3,1,0.0328253,38.9712,0,1,0.609432,4.23848,2.92813,0.208207
30.3,2,0.325878,39.4693,0,1,0.931396,4.16559,3.05935,0.595085
30.3,3,0.352171,40.8485,1,1,0.982466,6.16752,3.27028,0.307076
30.3,4,0.133779,39.2092,0,1,0.368414,1.6477,2.59227,0.235386
30.3,5,0.0590332,39.2517,1,1,0.804701,4.19952,3.007,0.21492
30.3,6,0.734152,40.576,1,1,0.707641,3.16487,2.86923,0.452124
30.3,7,0.9,45.6215,1,1,2.96161,8.68044,4.49753,0.5
30.4,0,0.0783826,39.1811,1,1,0.640411,5.69456,3.0786,0.220034
30.4,1,0.0322232,38.966,0,1,0.605565,5.38471,3.03488,0.208061
30.4,2,0.325108,39.5193,0,1,1.73074,8.91366,3.8818,0.59465
30.4,3,0.351497,40.8394,1,1,0.893057,7.9411,3.39958,0.306838
30.4,4,0.133205,39.1894,0,1,0.684663,3.52616,2.89291,0.235238
30.4,5,0.0584262,39.2436,1,1,0.625076,5.5582,3.05934,0.214765
30.4,6,0.733968,40.5774,1,1,1.31577,6.77648,3.48011,0.452074
30.4,7,0.9,45.5878,1,1,1.45526,12.9402,4.13345,0.5
30.5,0,0.0777797,39.1727,1,1,0.791284,4.59912,3.03867,0.21987
30.5,1,0.0316286,38.958,0,1,0.74824,4.34894,2.99674,0.20791
30.5,2,0.324153,39.638,0,1,2.13809,16.5018,4.81027,0.5941
30.5,3,0.350833,40.8265,1,1,1.10338,6.41311,3.34783,0.306592
30.5,4,0.132561,39.1962,0,1,0.845996,6.52943,3.24477,0.235073
30.5,5,0.0578269,39.2327,1,1,0.772341,4.48903,3.02019,0.214607
30.5,6,0.733747,40.6312,1,1,1.62674,12.5552,4.17861,0.452014
30.5,7,0.9,45.5493,1,1,1.79943,10.4587,4.06268,0.5
30.6,0,0.0771609,39.1704,1,1,0.861674,5.1269,3.11881,0.219709
30.6,1,0.031019,38.9558,0,1,0.814813,4.84809,3.07222,0.207761
30.6,2,0.323501,39.6408,0,1,1.8505,1.8505,3.28985,0.593418
30.6,3,0.350128,40.8291,1,1,1.44176,6.90834,3.55202,0.306349
30.6,4,0.132031,39.1602,0,1,0.732469,0.732469,2.67387,0.234888
30.6,5,0.0571761,39.2416,1,1,1.34568,4.49957,3.28047,0.214451
30.6,6,0.733586,40.5984,1,1,1.40933,1.40933,3.03662,0.451942
30.6,7,0.9,45.6807,1,1,6.27501,7.35341,6.31839,0.5
30.7,0,0.0765043,39.1824,1,1,0.748009,7.64545,3.30926,0.219544
30.7,1,0.0303737,38.9671,0,1,0.707342,7.22979,3.25253,0.207608
30.7,2,0.322593,39.7398,0,1,2.02025,14.657,4.57396,0.592952
30.7,3,0.349389,40.8447,1,1,1.04288,10.6594,3.72536,0.306091
30.7,4,0.131405,39.1609,0,1,0.799769,5.80237,3.15588,0.234736
30.7,5,0.0565244,39.2505,1,1,0.730081,7.4622,3.28423,0.214282
30.7,6,0.733374,40.6387,1,1,1.53964,11.1702,4.00425,0.45189
30.7,7,0.9,45.6872,1,1,1.70355,17.4121,4.68149,0.5
30.8,0,0.0758605,39.1893,1,1,1.04835,5.58324,3.24456,0.219369
30.8,1,0.0297407,38.9736,0,1,0.991369,5.2798,3.19043,0.207446
30.8,2,0.321687,39.8369,0,1,2.83058,10.1821,4.569,0.592305
30.8,3,0.348666,40.8539,1,1,1.46149,7.78358,3.64431,0.305821
30.8,4,0.130783,39.1598,0,1,1.12092,4.03219,3.13249,0.234556
30.8,5,0.0558854,39.2546,1,1,1.02323,5.44947,3.22066,0.214113
30.8,6,0.733163,40.6772,1,1,2.15921,7.76712,3.98802,0.451821
30.8,7,0.9,45.6857,1,1,2.38946,12.7257,4.57806,0.5
30.9,0,0.0752664,39.1774,1,1,0.8283,3.95676,2.99459,0.219197
30.9,1,0.0291543,38.9623,0,1,0.783297,3.74178,2.95508,0.207288
30.9,2,0.320808,39.9216,0,1,2.23575,11.9732,4.42686,0.591659
30.9,3,0.348014,40.8362,1,1,1.15464,5.51566,3.28651,0.305557
30.9,4,0.130169,39.1558,0,1,0.885665,4.74302,3.09319,0.234378
30.9,5,0.0552947,39.2403,1,1,0.80846,3.86199,2.97715,0.213947
30.9,6,0.732957,40.7078,1,1,1.70707,9.14193,3.89191,0.451752
30.9,7,0.9,45.6388,1,1,1.88939,9.02557,3.9709,0.5
31,0,0.0746789,39.1632,1,1,0.657539,4.37672,2.96107,0.219039
31,1,0.0285742,38.9489,0,1,0.621823,4.13898,2.92389,0.207141
31,2,0.319868,40.0284,0,1,1.77424,17.6665,4.74041,0.591033
31,3,0.347372,40.8148,1,1,0.916546,6.10072,3.23483,0.305319
31,4,0.129529,39.162,0,1,0.703058,7.00051,3.22888,0.234202
31,5,0.0547104,39.2238,1,1,0.641793,4.27191,2.94466,0.213794
31,6,0.732738,40.7565,1,1,1.35592,13.5013,4.14053,0.451684
31,7,0.9,45.5853,1,1,1.50096,9.99072,3.87315,0.5
31.1,0,0.0740771,39.1547,1,1,0.899959,4.03101,3.03291,0.218883
31.1,1,0.0279807,38.9408,0,1,0.851087,3.81211,2.99109,0.206996
31.1,2,0.319291,39.9959,0,1,1.174,1.174,2.90644,0.590364
31.1,3,0.34669,40.8091,1,1,1.50527,5.36767,3.43746,0.305085
31.1,4,0.129024,39.1167,0,1,0.465369,0.465369,2.54296,0.234019
31.1,5,0.0540738,39.2274,1,1,1.40546,3.40746,3.20846,0.213642
31.1,6,0.732592,40.7009,1,1,0.898075,0.898075,2.75907,0.451613
31.1,7,0.9,45.7118,1,1,6.57857,4.68539,6.26162,0.5
31.2,0,0.0734695,39.1484,1,1,0.615921,5.62736,3.06215,0.218723
31.2,1,0.0273816,38.9349,0,1,0.582482,5.32185,3.01951,0.206848
31.2,2,0.318431,40.0712,0,1,1.6613,14.0248,4.33606,0.589954
31.2,3,0.34602,40.7987,1,1,0.858417,7.84293,3.3752,0.304837
31.2,4,0.128414,39.1119,0,1,0.658588,5.55983,3.07332,0.233875
31.2,5,0.05347,39.2185,1,1,0.601151,5.49242,3.0433,0.213478
31.2,6,0.732389,40.7269,1,1,1.2716,10.7349,3.83646,0.451565
31.2,7,0.9,45.6744,1,1,1.40799,12.8641,4.10387,0.5
31.3,0,0.0728762,39.1369,1,1,0.779834,4.13396,2.99015,0.218561
31.3,1,0.0267961,38.924,0,1,0.737508,3.90959,2.95105,0.206699
31.3,2,0.317877,40.0291,0,1,0.276745,4.1254,2.78813,0.589343
31.3,3,0.345356,40.7865,1,1,1.27555,5.57245,3.34778,0.304593
31.3,4,0.127919,39.0639,0,1,0.109742,1.6359,2.49525,0.2337
31.3,5,0.0528523,39.215,1,1,1.15772,3.63828,3.1131,0.213322
31.3,6,0.732248,40.6653,1,1,0.212016,3.16049,2.67358,0.451499
31.3,7,0.9,45.7448,1,1,5.19231,6.04892,5.5329,0.5
31.4,0,0.0722858,39.1244,1,1,0.613782,4.72444,2.97573,0.218404
31.4,1,0.0262132,38.9123,0,1,0.580477,4.46809,2.93789,0.206553
31.4,2,0.317173,40.0448,0,1,1.65513,5.78163,3.54887,0.58895
31.4,3,0.34471,40.7674,1,1,0.855321,6.58363,3.25395,0.304351
31.4,4,0.12737,39.0371,0,1,0.656373,2.29281,2.76807,0.233559
31.4,5,0.0522652,39.2,1,1,0.599051,4.61106,2.95898,0.213162
31.4,6,0.732077,40.6471,1,1,1.26872,4.43184,3.238,0.451452
31.4,7,0.9,45.6921,1,1,1.40515,10.8158,3.90652,0.5
31.5,0,0.071673,39.1206,1,1,0.6668,5.68306,3.08843,0.218247
31.5,1,0.0256092,38.9087,0,1,0.630627,5.37477,3.04422,0.206408
31.5,2,0.316365,40.0997,0,1,1.79786,10.5983,4.07522,0.58845
31.5,3,0.344033,40.7606,1,1,0.929152,7.91906,3.41323,0.304116
31.5,4,0.126781,39.0257,0,1,0.713102,4.20371,2.96818,0.233402
31.5,5,0.0516563,39.1935,1,1,0.6508,5.5467,3.06885,0.213011
31.5,6,0.731884,40.6592,1,1,1.37913,8.12991,3.63819,0.451396
31.5,7,0.9,45.6603,1,1,1.52762,13.0198,4.17547,0.5
31.6,0,0.0710892,39.106,1,1,0.793142,3.56072,2.94254,0.218085
31.6,1,0.0250326,38.8948,0,1,0.750127,3.36761,2.90612,0.206257
31.6,2,0.315817,40.0552,0,1,0.206001,4.11514,2.76231,0.587877
31.6,3,0.343381,40.7444,1,1,1.30486,4.76162,3.28562,0.30387
31.6,4,0.126288,38.9784,0,1,0.0817288,1.63264,2.48575,0.233234
31.6,5,0.0510459,39.1877,1,1,1.19383,3.05559,3.07673,0.212853
31.6,6,0.731744,40.5973,1,1,0.158154,3.15933,2.65511,0.451333
31.6,7,0.9,45.7316,1,1,5.43351,4.54852,5.54062,0.5
31.7,0,0.0704736,39.1036,1,1,0.543846,6.35879,3.10264,0.21793
31.7,1,0.0244258,38.8926,0,1,0.514359,6.01401,3.05804,0.206114
31.7,2,0.314976,40.1219,0,1,1.46608,13.948,4.23515,0.587489
31.7,3,0.342701,40.7392,1,1,0.757719,8.85945,3.42938,0.303633
31.7,4,0.125685,38.9734,0,1,0.581687,5.53407,3.03934,0.233094
31.7,5,0.0504342,39.1824,1,1,0.530785,6.20607,3.08287,0.212696
31.7,6,0.731544,40.62,1,1,1.12619,10.7144,3.76801,0.451287
31.7,7,0.9,45.7006,1,1,1.24775,14.5891,4.1948,0.5
31.8,0,0.0698232,39.1144,1,1,0.862185,6.80702,3.27816,0.217767
31.8,1,0.0237863,38.9028,0,1,0.81545,6.43805,3.22293,0.205963
31.8,2,0.314223,40.1546,0,1,2.32363,4.80271,3.79563,0.586894
31.8,3,0.34197,40.7532,1,1,1.20117,9.48333,3.68445,0.303386
31.8,4,0.125119,38.9543,0,1,0.922185,1.90607,2.85064,0.232922
31.8,5,0.0497886,39.1901,1,1,0.841483,6.64359,3.25367,0.212539
31.8,6,0.731363,40.6161,1,1,1.78648,3.69247,3.4203,0.451222
31.8,7,0.9,45.7041,1,1,1.9796,15.6291,4.6467,0.5
31.9,0,0.0691691,39.1264,1,1,0.957894,6.55728,3.29633,0.217595
31.9,1,0.0231435,38.9141,0,1,0.905989,6.20196,3.23979,0.205805
31.9,2,0.313413,40.2083,0,1,2.58127,6.45779,4.08472,0.586361
31.9,3,0.341233,40.7691,1,1,1.33439,9.13462,3.71284,0.303121
31.9,4,0.124533,38.9433,0,1,1.02466,2.56348,2.95466,0.232761
31.9,5,0.0491396,39.1989,1,1,0.934903,6.39989,3.27126,0.212373
31.9,6,0.731171,40.6287,1,1,1.9861,4.9688,3.63777,0.451162
31.9,7,0.9,45.7119,1,1,2.20109,15.0676,4.70495,0.5
32,0,0.068562,39.1204,1,1,0.938651,4.13755,3.05996,0.217423
32,1,0.022545,38.9084,0,1,0.887806,3.91342,3.01662,0.205645
32,2,0.312579,40.2702,0,1,2.52895,8.02971,4.20482,0.585788
32,3,0.340562,40.7598,1,1,1.30747,5.7633,3.38064,0.302854
32,4,0.123937,38.9361,0,1,1.00415,3.1883,3.00175,0.232595
32,5,0.0485362,39.1903,1,1,0.916129,4.03827,3.04074,0.212206
32,6,0.730973,40.6481,1,1,1.94747,6.18346,3.73155,0.451099
32,7,0.9,45.6782,1,1,2.15859,9.51499,4.15327,0.5
32.1,0,0.0679797,39.1052,1,1,0.634057,4.19882,2.93458,0.217262
32.1,1,0.0219698,38.894,0,1,0.599721,3.97144,2.89904,0.205497
32.1,2,0.311918,40.2655,0,1,1.91941,1.91941,3.33035,0.585198
32.1,3,0.339916,40.7415,1,1,1.05977,5.67164,3.25804,0.302611
32.1,4,0.123404,38.9055,0,1,0.762337,0.762337,2.68903,0.232425
32.1,5,0.0479321,39.1822,1,1,0.990157,3.7268,3.04489,0.212051
32.1,6,0.730811,40.618,1,1,1.47936,1.47936,3.07606,0.451034
32.1,7,0.9,45.728,1,1,4.66943,6.45279,5.25848,0.5
32.2,0,0.0673953,39.091,1,1,0.603683,4.4496,2.94564,0.217109
32.2,1,0.0213925,38.8807,0,1,0.570999,4.2087,2.90958,0.205354
32.2,2,0.311123,40.3116,0,1,1.62588,10.7623,4.00682,0.584732
32.2,3,0.339279,40.72,1,1,0.840775,6.19715,3.21097,0.302377
32.2,4,0.122819,38.8947,0,1,0.64585,4.27513,2.94665,0.232274
32.2,5,0.0473508,39.1656,1,1,0.589188,4.34276,2.92963,0.211896
32.2,6,0.73062,40.6274,1,1,1.25398,8.30055,3.596,0.450981
32.2,7,0.9,45.6709,1,1,1.39028,10.2474,3.84521,0.5
32.3,0,0.0668163,39.075,1,1,0.631213,4.03322,2.91786,0.216955
32.3,1,0.0208204,38.8656,0,1,0.597047,3.81491,2.88327,0.205212
32.3,2,0.310375,40.339,0,1,1.6996,7.86864,3.76738,0.584171
32.3,3,0.338649,40.6959,1,1,0.87907,5.61694,3.17264,0.302146
32.3,4,0.122253,38.877,0,1,0.6753,3.12644,2.85196,0.232108
32.3,5,0.0467749,39.1472,1,1,0.61606,3.9364,2.9025,0.211747
32.3,6,0.73044,40.6228,1,1,1.31191,6.07376,3.41195,0.450918
32.3,7,0.9,45.6103,1,1,1.45471,9.29507,3.78481,0.5
32.4,0,0.0662261,39.0636,1,1,0.582644,4.8517,2.97502,0.216802
32.4,1,0.0202376,38.8548,0,1,0.551115,4.58915,2.9374,0.20507
32.4,2,0.309531,40.4025,0,1,1.56851,13.6543,4.25582,0.583644
32.4,3,0.338004,40.6782,1,1,0.811388,6.75646,3.25146,0.301918
32.4,4,0.121649,38.8742,0,1,0.623346,5.42641,3.04612,0.231948
32.4,5,0.046188,39.1332,1,1,0.568661,4.73526,2.95832,0.211599
32.4,6,0.730239,40.6468,1,1,1.21166,10.5478,3.79098,0.450859
32.4,7,0.9,45.5603,1,1,1.34372,11.1892,3.91341,0.5
32.5,0,0.0656472,39.048,1,1,0.706335,3.69088,2.9174,0.216647
32.5,1,0.0196656,38.8401,0,1,0.668122,3.4912,2.88268,0.204926
32.5,2,0.30874,40.4447,0,1,1.90092,9.11694,3.98533,0.583049
32.5,3,0.337374,40.6549,1,1,0.983585,5.13962,3.17377,0.301685
32.5,4,0.121067,38.8629,0,1,0.755662,3.62421,2.93226,0.231776
32.5,5,0.0456122,39.1153,1,1,0.689388,3.60232,2.90199,0.211449
32.5,6,0.73005,40.6544,1,1,1.46972,7.04889,3.57864,0.450793
32.5,7,0.9,45.5022,1,1,1.63015,8.51819,3.79514,0.5
32.6,0,0.065028,39.0479,1,1,0.549266,6.52778,3.12092,0.216495
32.6,1,0.0190554,38.8401,0,1,0.519557,6.17471,3.07542,0.204785
32.6,2,0.308075,40.4388,0,1,1.47783,4.61717,3.35435,0.582492
32.6,3,0.336689,40.6531,1,1,0.764823,9.08958,3.45439,0.301457
32.6,4,0.120532,38.8342,0,1,0.587619,1.83589,2.69853,0.231612
32.6,5,0.0449969,39.1126,1,1,0.53609,6.3712,3.10073,0.211302
32.6,6,0.729886,40.626,1,1,1.14354,3.57275,3.10055,0.450731
32.6,7,0.9,45.4793,1,1,1.26854,15.0761,4.2511,0.5
32.7,0,0.0644157,39.0452,1,1,0.883967,4.6734,3.08591,0.216332
32.7,1,0.018452,38.8375,0,1,0.836168,4.4207,3.04135,0.204635
32.7,2,0.307032,40.5756,0,1,2.37824,19.8474,5.25439,0.582024
32.7,3,0.336011,40.6483,1,1,1.23079,6.507,3.41508,0.30121
32.7,4,0.119854,38.86,0,1,0.945782,7.89296,3.41804,0.23146
32.7,5,0.0443886,39.1074,1,1,0.862769,4.56133,3.06612,0.211145
32.7,6,0.729645,40.7071,1,1,1.84153,15.3684,4.55304,0.450677
32.7,7,0.9,45.4543,1,1,2.04308,10.8014,4.217,0.5
32.8,0,0.063791,39.0473,1,1,1.03186,4.64089,3.14865,0.216172
32.8,1,0.0178369,38.8394,0,1,0.976085,4.39002,3.10018,0.204486
32.8,2,0.306185,40.6364,0,1,2.77471,7.34773,4.27122,0.581292
32.8,3,0.335315,40.6506,1,1,1.43661,6.46129,3.50736,0.300965
32.8,4,0.119254,38.8558,0,1,1.10393,2.92332,3.0232,0.231269
32.8,5,0.0437681,39.1068,1,1,1.00713,4.52963,3.12712,0.210989
32.8,6,0.729444,40.7295,1,1,2.15086,5.69571,3.78924,0.450597
32.8,7,0.9,45.4424,1,1,2.38668,10.7343,4.38677,0.5
32.9,0,0.063191,39.0399,1,1,0.708557,4.81404,3.02366,0.216008
32.9,1,0.017245,38.8325,0,1,0.670266,4.55388,2.98306,0.204335
32.9,2,0.305347,40.6923,0,1,1.90482,11.5719,4.22114,0.580697
32.9,3,0.334656,40.6389,1,1,0.986414,6.70184,3.32268,0.300714
32.9,4,0.118653,38.8517,0,1,0.758061,4.60528,3.025,0.231099
32.9,5,0.0431718,39.0971,1,1,0.691576,4.69866,3.00563,0.210831
32.9,6,0.729245,40.7497,1,1,1.47785,8.97805,3.76563,0.450531
32.9,7,0.9,45.4055,1,1,1.64012,11.1432,4.05009,0.5
33,0,0.0625672,39.0417,1,1,0.689822,6.16906,3.14418,0.215851
33,1,0.0166305,38.8342,0,1,0.652554,5.83577,3.09703,0.204189
33,2,0.304487,40.7558,0,1,1.85393,13.0122,4.33351,0.580109
33,3,0.333963,40.6401,1,1,0.960272,8.58769,3.49069,0.300476
33,4,0.118044,38.8511,0,1,0.738013,5.1799,3.07065,0.23093
33,5,0.0425521,39.0964,1,1,0.673294,6.02125,3.12325,0.210679
33,6,0.729041,40.7764,1,1,1.43961,10.1042,3.85482,0.450466
33,7,0.9,45.3902,1,1,1.59792,14.2901,4.33088,0.5
33.1,0,0.0619332,39.0474,1,1,0.856712,5.96043,3.19542,0.215687
33.1,1,0.0160065,38.8395,0,1,0.810441,5.63851,3.14495,0.204038
33.1,2,0.303968,40.6895,0,1,0.619668,0.619668,2.61749,0.579506
33.1,3,0.333238,40.6536,1,1,1.431,8.05815,3.65589,0.300227
33.1,4,0.117559,38.8036,0,1,0.246751,0.246751,2.44404,0.230758
33.1,5,0.0418868,39.1129,1,1,1.33791,5.31595,3.35295,0.210521
33.1,6,0.728906,40.7047,1,1,0.481613,0.481613,2.55065,0.450399
33.1,7,0.9,45.5427,1,1,6.35521,9.44809,6.56486,0.5
33.2,0,0.0613361,39.039,1,1,0.851488,4.00868,3.00954,0.215522
33.2,1,0.0154173,38.8315,0,1,0.805514,3.79224,2.96938,0.203885
33.2,2,0.303152,40.7364,0,1,2.28809,8.36539,4.11084,0.579142
33.2,3,0.332582,40.6407,1,1,1.18511,5.57934,3.3065,0.299966
33.2,4,0.116969,38.7965,0,1,0.911146,3.3312,2.97316,0.230622
33.2,5,0.0412932,39.1021,1,1,0.831063,3.91252,2.99168,0.210352
33.2,6,0.728712,40.7188,1,1,1.77927,6.50511,3.67784,0.450354
33.2,7,0.9,45.5033,1,1,1.97541,9.29996,4.04003,0.5
33.3,0,0.060736,39.0318,1,1,0.607081,5.26482,3.02413,0.215365
33.3,1,0.0148253,38.8248,0,1,0.574312,4.98063,2.98384,0.20374
33.3,2,0.302444,40.7418,0,1,1.6309,6.12919,3.56966,0.578571
33.3,3,0.331923,40.629,1,1,0.844891,7.32719,3.3202,0.29973
33.3,4,0.116418,38.775,0,1,0.649618,2.44137,2.77855,0.230456
33.3,5,0.0406968,39.0925,1,1,0.592523,5.13857,3.00621,0.210201
33.3,6,0.728539,40.7021,1,1,1.2693,4.77022,3.26976,0.45029
33.3,7,0.9,45.4648,1,1,1.40942,12.223,4.04313,0.5
33.4,0,0.0601046,39.0366,1,1,0.733454,6.37902,3.18244,0.215209
33.4,1,0.0142037,38.8294,0,1,0.693873,6.03478,3.13311,0.203595
33.4,2,0.301628,40.788,0,1,1.97014,10.103,4.11375,0.578076
33.4,3,0.33122,40.6344,1,1,1.0207,8.87729,3.54508,0.299493
33.4,4,0.115826,38.769,0,1,0.784888,4.02494,2.98214,0.230301
33.4,5,0.0400697,39.0947,1,1,0.71587,6.22609,3.1605,0.210049
33.4,6,0.728344,40.7169,1,1,1.53444,7.86867,3.68727,0.450233
33.4,7,0.9,45.4562,1,1,1.70405,14.8205,4.43309,0.5
33.5,0,0.0594474,39.0511,1,1,0.888379,7.04329,3.31201,0.215044
33.5,1,0.0135578,38.843,0,1,0.840453,6.66333,3.2551,0.203443
33.5,2,0.300741,40.8601,0,1,2.38576,11.6095,4.46965,0.577505
33.5,3,0.33048,40.6537,1,1,1.2362,9.80094,3.73087,0.29924
33.5,4,0.115209,38.7729,0,1,0.950719,4.62635,3.11097,0.230134
33.5,5,0.0394176,39.1063,1,1,0.867087,6.87449,3.2867,0.20989
33.5,6,0.728134,40.7518,1,1,1.85971,9.04966,3.95842,0.450168
33.5,7,0.9,45.4724,1,1,2.06557,16.3764,4.76154,0.5
33.6,0,0.0588363,39.0479,1,1,0.990669,4.10684,3.08033,0.214873
33.6,1,0.0129554,38.84,0,1,0.937244,3.88536,3.0359,0.203285
33.6,2,0.300096,40.8395,0,1,1.78244,1.78244,3.25008,0.576886
33.6,3,0.329782,40.6565,1,1,1.6541,5.43857,3.51627,0.298974
33.6,4,0.114681,38.743,0,1,0.710525,0.710525,2.66279,0.229961
33.6,5,0.038767,39.1171,1,1,1.54709,3.42828,3.27859,0.209725
33.6,6,0.727974,40.7163,1,1,1.3907,1.3907,3.02618,0.450099
33.6,7,0.9,45.6376,1,1,7.37679,4.4849,6.75123,0.5
33.7,0,0.0582255,39.0447,1,1,0.636717,5.70813,3.07836,0.214714
33.7,1,0.0123532,38.837,0,1,0.602389,5.40038,3.03507,0.203138
33.7,2,0.299403,40.8375,0,1,1.70938,4.90187,3.49341,0.576436
33.7,3,0.329108,40.6503,1,1,0.885842,7.94152,3.39648,0.298724
33.7,4,0.114135,38.7202,0,1,0.681492,1.95427,2.74883,0.229813
33.7,5,0.0381601,39.1112,1,1,0.621434,5.57112,3.05907,0.20956
33.7,6,0.727804,40.6953,1,1,1.33458,3.82708,3.21311,0.450046
33.7,7,0.9,45.6071,1,1,1.48271,13.2924,4.1802,0.5
33.8,0,0.0576488,39.0286,1,1,0.792518,3.1744,2.90664,0.214555
33.8,1,0.0117833,38.8218,0,1,0.749803,3.00331,2.87247,0.202991
33.8,2,0.298605,40.8751,0,1,2.12744,8.28443,4.0207,0.575952
33.8,3,0.328481,40.6264,1,1,1.10253,4.41613,3.15973,0.298482
33.8,4,0.113551,38.7122,0,1,0.848313,3.3034,2.94286,0.22966
33.8,5,0.0375864,39.0929,1,1,0.773501,3.09823,2.89141,0.209406
33.8,6,0.727613,40.705,1,1,1.66217,6.4726,3.61721,0.44999
33.8,7,0.9,45.5483,1,1,1.84689,7.39766,3.79551,0.5
33.9,0,0.0570539,39.0196,1,1,0.495519,5.46276,2.99809,0.214405
33.9,1,0.0111961,38.8134,0,1,0.468817,5.16839,2.95961,0.202851
33.9,2,0.297763,40.9288,0,1,1.32982,14.7052,4.24385,0.575396
33.9,3,0.32783,40.612,1,1,0.689313,7.59921,3.28029,0.298257
33.9,4,0.112946,38.7124,0,1,0.530397,5.86515,3.05022,0.229496
33.9,5,0.0369949,39.0816,1,1,0.483631,5.3317,2.98094,0.209261
33.9,6,0.727411,40.7286,1,1,1.03984,11.4986,3.80439,0.449927
33.9,7,0.9,45.504,1,1,1.15557,12.7394,3.97529,0.5
34,0,0.0564352,39.0198,1,1,0.746334,5.64794,3.11847,0.21425
34,1,0.0105864,38.8136,0,1,0.706128,5.34367,3.07268,0.202708
34,2,0.296901,40.9892,0,1,2.00233,12.3571,4.34493,0.57481
34,3,0.327145,40.611,1,1,1.03816,7.85633,3.45551,0.298024
34,4,0.112337,38.7144,0,1,0.798853,4.93,3.07305,0.229327
34,5,0.0363802,39.0792,1,1,0.728434,5.51248,3.09806,0.209112
34,6,0.727206,40.757,1,1,1.56707,9.67097,3.87435,0.44986
34,7,0.9,45.4843,1,1,1.74174,13.1807,4.2944,0.5
34.1,0,0.0557832,39.0326,1,1,0.798685,7.17664,3.28603,0.214089
34.1,1,0.00994536,38.8257,0,1,0.755671,6.79014,3.23094,0.20256
34.1,2,0.296277,40.9585,0,1,1.14907,4.01947,3.14425,0.57421
34.1,3,0.326405,40.6304,1,1,1.2139,9.87903,3.72807,0.297778
34.1,4,0.111816,38.6827,0,1,0.458571,1.60409,2.62479,0.229156
34.1,5,0.0357185,39.0947,1,1,0.996366,6.78773,3.33526,0.208956
34.1,6,0.72705,40.7158,1,1,0.900093,3.14855,2.95152,0.449792
34.1,7,0.9,45.5578,1,1,3.76773,14.8584,5.53144,0.5
34.2,0,0.0551164,39.0508,1,1,0.996128,7.05399,3.36044,0.21392
34.2,1,0.00929047,38.8428,0,1,0.942499,6.67422,3.30063,0.202404
34.2,2,0.29561,40.9446,0,1,1.60605,4.01644,3.36097,0.573777
34.2,3,0.325642,40.6581,1,1,1.49591,9.69994,3.84301,0.297514
34.2,4,0.11128,38.6572,0,1,0.641018,1.60307,2.70119,0.22901
34.2,5,0.0350405,39.1161,1,1,1.20493,6.6521,3.41687,0.208789
34.2,6,0.726885,40.6875,1,1,1.25886,3.14818,3.1155,0.44974
34.2,7,0.9,45.6531,1,1,4.37147,14.4442,5.83852,0.5
34.3,0,0.0544737,39.0596,1,1,1.00545,5.73047,3.2392,0.213748
34.3,1,0.00865833,38.8511,0,1,0.951341,5.42208,3.18603,0.202244
34.3,2,0.294808,40.9821,0,1,2.69682,5.34813,4.04285,0.573313
34.3,3,0.324922,40.6696,1,1,1.3982,7.96889,3.63189,0.297241
34.3,4,0.110696,38.6501,0,1,1.07654,2.13492,2.94066,0.228861
34.3,5,0.0344025,39.122,1,1,0.981325,5.59296,3.21546,0.208618
34.3,6,0.726693,40.6985,1,1,2.11529,4.19488,3.6322,0.449686
34.3,7,0.9,45.6556,1,1,2.35196,13.4048,4.62348,0.5
34.4,0,0.0538304,39.0684,1,1,0.841335,6.52652,3.24248,0.213581
34.4,1,0.00802545,38.8594,0,1,0.796072,6.17539,3.18968,0.202091
34.4,2,0.293874,41.0687,1,1,2.25619,14.7833,4.70595,0.572756
34.4,3,0.324201,40.6807,1,1,1.16987,9.07508,3.63118,0.296983
34.4,4,0.11006,38.6633,0,1,0.900882,5.90288,3.20923,0.228698
34.4,5,0.0337639,39.128,1,1,0.821153,6.36995,3.21891,0.208458
34.4,6,0.726473,40.7487,1,1,1.77114,11.6051,4.15816,0.449622
34.4,7,0.9,45.6569,1,1,1.96959,15.2788,4.60811,0.5
34.5,0,0.053175,39.0817,1,1,0.920264,6.80334,3.30313,0.213415
34.5,1,0.00738125,38.872,0,1,0.87077,6.43744,3.24677,0.201937
34.5,2,0.293183,41.0621,1,1,1.23349,7.22034,3.48389,0.286054
34.5,3,0.323464,40.6983,1,1,1.27951,9.45918,3.71825,0.296726
34.5,4,0.109418,38.6781,0,1,0.985399,5.76812,3.23381,0.22852
34.5,5,0.0331135,39.1384,1,1,0.898195,6.64019,3.27797,0.208297
34.5,6,0.72625,40.8025,1,1,1.9385,11.3471,4.21649,0.449549
34.5,7,0.9,45.6701,1,1,2.15604,15.9392,4.76548,0.5
34.6,0,0.0525707,39.0754,1,1,0.964684,3.85724,3.04553,0.213245
34.6,1,0.00678537,38.866,0,1,0.91282,3.64986,3.00325,0.201781
34.6,2,0.292628,41.0043,1,1,0.786106,2.0007,2.79833,0.285815
34.6,3,0.322789,40.6915,1,1,1.4463,5.25735,3.39888,0.296463
34.6,4,0.108883,38.6523,0,1,0.628031,1.59839,2.69523,0.228341
34.6,5,0.032497,39.1358,1,1,1.16302,3.54331,3.10684,0.208133
34.6,6,0.726086,40.7719,1,1,1.23624,3.14633,3.10473,0.449475
34.6,7,0.9,45.7044,1,1,4.21267,7.09337,5.051,0.5
34.7,0,0.0519943,39.0587,1,1,0.602299,4.02717,2.90533,0.213089
34.7,1,0.00621558,38.8503,0,1,0.569927,3.81072,2.87175,0.201636
34.7,2,0.292021,40.9671,1,1,0.807315,4.75973,3.06067,0.285622
34.7,3,0.322164,40.6665,1,1,0.837276,5.59829,3.15272,0.296222
34.7,4,0.108307,38.6424,0,1,0.644988,3.80269,2.90201,0.228192
34.7,5,0.0319236,39.1169,1,1,0.587854,3.93058,2.89033,0.207979
34.7,6,0.725899,40.7736,1,1,1.27029,7.48933,3.52646,0.449421
34.7,7,0.9,45.6428,1,1,1.41326,9.44948,3.7799,0.5
34.8,0,0.0514063,39.0466,1,1,0.578279,4.74639,2.96328,0.212941
34.8,1,0.00563491,38.8389,0,1,0.547206,4.49134,2.92658,0.201498
34.8,2,0.291466,40.9106,1,1,0.775089,2.01496,2.79475,0.285412
34.8,3,0.321522,40.6478,1,1,0.803841,6.59775,3.23313,0.295999
34.8,4,0.107773,38.617,0,1,0.619263,1.60987,2.69247,0.228032
34.8,5,0.0313389,39.1027,1,1,0.564413,4.63258,2.94689,0.207835
34.8,6,0.725735,40.7431,1,1,1.22032,3.17239,3.09965,0.449359
34.8,7,0.9,45.5925,1,1,1.35784,11.1449,3.91577,0.5
34.9,0,0.0508666,39.0166,1,1,0.66511,1.70681,2.72037,0.212789
34.9,1,0.00509974,38.8106,0,1,0.629379,1.61512,2.69723,0.201358
34.9,2,0.290782,40.9042,1,1,0.891507,8.48212,3.45054,0.28522
34.9,3,0.320948,40.604,1,1,0.924484,2.37242,2.89241,0.295771
34.9,4,0.107136,38.6309,0,1,0.71229,6.77699,3.21143,0.227884
34.9,5,0.0308012,39.0709,1,1,0.649166,1.66589,2.71002,0.207688
34.9,6,0.725516,40.792,1,1,1.40438,13.3618,4.14985,0.449304
34.9,7,0.9,45.4997,1,1,1.56284,4.01057,3.3394,0.5
35,0,0.0502994,38.9973,0,1,0.873579,2.24381,2.85831,0.21265
35,1,0.00453885,38.7924,0,1,0.826658,2.12329,2.82691,0.201228
35,2,0.29006,40.9118,1,1,1.17073,9.11628,3.6355,0.284984
35,3,0.320335,40.5758,1,1,1.21421,3.11872,3.09194,0.295566
35,4,0.10647,38.6554,0,1,0.935432,7.28405,3.3555,0.227706
35,5,0.0302368,39.0497,1,1,0.852642,2.19003,2.84427,0.207553
35,6,0.72528,40.8632,1,1,1.84547,14.3704,4.45934,0.449231
35,7,0.9,45.4356,1,1,2.05403,5.27583,3.70072,0.5
35.1,0,0.0496791,38.9985,0,1,0.95884,4.75407,3.12654,0.212504
35.1,1,0.00392777,38.7935,0,1,0.907351,4.49879,3.07983,0.201093
35.1,2,0.289547,40.8406,1,1,0.556676,0.556676,2.58667,0.284735
35.1,3,0.319626,40.5843,1,1,1.59917,6.34091,3.57414,0.295348
35.1,4,0.105968,38.6178,0,1,0.444821,0.444821,2.53329,0.227522
35.1,5,0.0295793,39.0641,1,1,1.49738,4.07864,3.31398,0.207412
35.1,6,0.725134,40.805,1,1,0.878125,0.878125,2.74867,0.449153
35.1,7,0.9,45.6058,1,1,7.21937,6.22253,6.81045,0.5
35.2,0,0.0491049,38.9823,0,1,0.713578,3.40605,2.89404,0.212344
35.2,1,0.00336014,38.7782,0,1,0.675271,3.22321,2.86087,0.200945
35.2,2,0.288916,40.815,1,1,0.956247,5.32273,3.17884,0.284557
35.2,3,0.319003,40.56,1,1,0.991662,4.7334,3.13925,0.295096
35.2,4,0.105373,38.6154,0,1,0.764112,4.25325,2.99456,0.227382
35.2,5,0.029008,39.0456,1,1,0.69645,3.32429,2.87919,0.207247
35.2,6,0.724937,40.821,1,1,1.5092,8.40064,3.72568,0.449104
35.2,7,0.9,45.5453,1,1,1.68024,8.02011,3.77227,0.5
35.3,0,0.0484557,38.9946,0,1,0.585286,7.95738,3.272,0.212197
35.3,1,0.00272153,38.79,0,1,0.553874,7.53031,3.21856,0.200808
35.3,2,0.288322,40.776,1,1,0.784272,4.15546,2.99407,0.28434
35.3,3,0.318276,40.5754,1,1,0.81333,11.0578,3.66352,0.294875
35.3,4,0.104808,38.6022,0,1,0.626716,3.32065,2.8495,0.227217
35.3,5,0.0283636,39.0551,1,1,0.571241,7.76643,3.24809,0.207105
35.3,6,0.724756,40.8141,1,1,1.23855,6.56244,3.42391,0.449039
35.3,7,0.9,45.552,1,1,1.37911,18.75,4.65531,0.5
35.4,0,0.0477685,39.0211,0,1,1.09833,7.65622,3.46351,0.21203
35.4,1,0.00204734,38.815,0,1,1.0394,7.24546,3.39794,0.200654
35.4,2,0.287656,40.7649,1,1,1.47183,4.68908,3.35814,0.284135
35.4,3,0.317493,40.6118,1,1,1.52613,10.6383,3.94699,0.294617
35.4,4,0.104187,38.6104,0,1,1.17619,3.74719,3.13165,0.227061
35.4,5,0.0276822,39.0784,1,1,1.07198,7.47256,3.43416,0.206944
35.4,6,0.724542,40.8536,1,1,2.32573,7.4095,4.04011,0.448979
35.4,7,0.9,45.5989,1,1,2.59003,18.0546,5.19295,0.5
35.5,0,0.0471183,39.0332,0,1,1.09341,5.70957,3.27684,0.211854
35.5,1,0.00140815,38.8263,0,1,1.03477,5.40336,3.22151,0.200492
35.5,2,0.286957,40.7663,1,1,1.46528,6.4617,3.52106,0.283905
35.5,3,0.316761,40.6281,1,1,1.51912,7.93257,3.68599,0.294339
35.5,4,0.10354,38.6281,0,1,1.17101,5.164,3.261,0.226889
35.5,5,0.0270369,39.0877,1,1,1.06719,5.57266,3.25207,0.206774
35.5,6,0.724315,40.9119,1,1,2.31688,10.2172,4.30138,0.448907
35.5,7,0.9,45.6118,1,1,2.58057,13.4753,4.74964,0.5
35.6,0,0.0464783,39.0412,0,1,0.849703,6.30848,3.22539,0.211687
35.6,1,0.000778453,38.8339,0,1,0.804149,5.97027,3.17368,0.200338
35.6,2,0.286428,40.7037,1,1,0.724466,0.724466,2.66982,0.283665
35.6,3,0.316029,40.6446,1,1,1.41651,8.52776,3.69366,0.294079
35.6,4,0.103024,38.5958,0,1,0.579006,0.579006,2.59754,0.22671
35.6,5,0.0263663,39.1064,1,1,1.32694,5.65966,3.38003,0.206613
35.6,6,0.724162,40.8636,1,1,1.14629,1.14629,2.89137,0.448832
35.6,7,0.9,45.7712,1,1,6.42233,10.4851,6.70461,0.5
35.7,0,0.0458449,39.0466,0,1,0.894081,5.75529,3.19229,0.211523
35.7,1,0.00015499,38.839,0,1,0.846163,5.44684,3.14225,0.200187
35.7,2,0.285792,40.6823,1,1,1.19824,4.41796,3.20391,0.283482
35.7,3,0.315322,40.651,1,1,1.24194,7.99446,3.56132,0.293819
35.7,4,0.102427,38.5951,0,1,0.95767,3.53097,3.01226,0.226567
35.7,5,0.0257373,39.109,1,1,0.872618,5.61713,3.16985,0.206446
35.7,6,0.723962,40.8829,1,1,1.89693,6.99408,3.7824,0.448781
35.7,7,0.9,45.764,1,1,2.11343,13.6044,4.52027,0.5
35.8,0,0.0452024,39.0554,0,1,0.830534,6.5345,3.23858,0.211361
35.8,1,0,38.8474,0,0,0.786037,6.18441,3.18624,0.200037
35.8,2,0.285203,40.6435,1,1,1.11307,2.25664,2.96811,0.283264
35.8,3,0.314603,40.6619,1,1,1.15357,9.07607,3.62385,0.293569
35.8,4,0.101866,38.5806,0,1,0.889638,1.80365,2.82726,0.226402
35.8,5,0.0250994,39.115,1,1,0.810604,6.37769,3.21512,0.206289
35.8,6,0.723782,40.873,1,1,1.7632,3.5747,3.39803,0.448714
35.8,7,0.9,45.7646,1,1,1.96473,15.4581,4.62287,0.5
35.9,0,0.0447228,39.0024,0,1,0.182214,0.182214,2.41691,0.211197
35.9,1,0,38.6278,0,0,0.1,0.1,0.15,0.2
35.9,2,0.284551,40.6291,1,1,1.64391,2.9649,3.28416,0.283061
35.9,3,0.314118,40.5844,1,1,0.253062,0.253062,2.44675,0.293315
35.9,4,0.10123,38.5944,0,1,1.64245,2.04132,3.20256,0.226248
35.9,5,0.0246202,39.0609,1,1,0.177843,0.177843,2.41512,0.206131
35.9,6,0.723535,40.958,1,1,4.16442,3.14058,4.66023,0.448654
35.9,7,0.9,45.6081,1,1,0.431383,0.431383,2.52701,0.5
36,0,0.0441099,39.0008,0,1,0.42959,6.68571,3.0892,0.211075
36,1,0,38.4119,0,0,0.1,0.1,0.15,0.2
36,2,0.283921,40.6067,1,1,0.575646,6.97731,3.17442,0.282837
36,3,0.313442,40.58,1,1,0.596621,9.28519,3.40376,0.293143
36,4,0.100636,38.5925,0,1,0.460115,5.57697,2.9951,0.226072
36,5,0.0240111,39.0568,1,1,0.419286,6.52534,3.06994,0.206012
36,6,0.723339,40.97,1,1,0.912958,11.0658,3.70711,0.448572
36,7,0.9,45.5805,1,1,1.01763,15.8373,4.211,0.5
36.1,0,0.0434411,39.0202,0,1,0.888753,7.65887,3.3708,0.210918
36.1,1,0,38.1996,0,0,0.1,0.1,0.15,0.2
36.1,2,0.283397,40.5447,1,1,0.667554,0.667554,2.64124,0.282621
36.1,3,0.312668,40.6129,1,1,1.48106,10.3891,3.90169,0.292904
36.1,4,0.100125,38.5591,0,1,0.533599,0.533599,2.57551,0.225909
36.1,5,0.0233105,39.0873,1,1,1.38791,6.95475,3.53089,0.20586
36.1,6,0.723189,40.9172,1,1,1.05938,1.05938,2.84447,0.448506
36.1,7,0.9,45.7769,1,1,6.74198,13.5209,7.19319,0.5
36.2,0,0.0428155,39.023,0,1,1.06759,4.51243,3.1528,0.210747
36.2,1,0,37.9909,0,0,0.1,0.1,0.15,0.2
36.2,2,0.282721,40.5414,1,1,1.43077,5.45949,3.41039,0.282441
36.2,3,0.311971,40.616,1,1,1.48239,6.26568,3.51077,0.292631
36.2,4,0.0994952,38.5711,0,1,1.14368,4.36401,3.17372,0.225768
36.2,5,0.0226893,39.0874,1,1,1.04195,4.40407,3.13109,0.205687
36.2,6,0.72297,40.9618,1,1,2.27175,8.66848,4.13109,0.448456
36.2,7,0.9,45.7652,1,1,2.53286,10.7058,4.46051,0.5
36.3,0,0.0421776,39.0304,0,1,0.696975,6.88185,3.21503,0.210588
36.3,1,0,37.7856,0,0,0.1,0.1,0.15,0.2
36.3,2,0.282109,40.5135,1,1,0.934017,4.3917,3.08161,0.282209
36.3,3,0.31126,40.6247,1,1,0.967694,9.55491,3.58638,0.292385
36.3,4,0.0989163,38.5638,0,1,0.746642,3.51067,2.91786,0.225595
36.3,5,0.0220559,39.092,1,1,0.680243,6.71664,3.19232,0.205533
36.3,6,0.722781,40.9641,1,1,1.48399,6.97766,3.57872,0.448383
36.3,7,0.9,45.7607,1,1,1.65483,16.3396,4.55491,0.5
36.4,0,0.0415455,39.0355,0,1,0.946623,5.44377,3.18599,0.210426
36.4,1,0,37.5838,0,0,0.1,0.1,0.15,0.2
36.4,2,0.281439,40.5082,1,1,1.26861,5.91037,3.37633,0.282
36.4,3,0.310555,40.6308,1,1,1.3142,7.55758,3.55338,0.292134
36.4,4,0.0982916,38.5739,0,1,1.01415,4.72485,3.14853,0.225436
36.4,5,0.0214282,39.0944,1,1,0.923905,5.31313,3.16363,0.205376
36.4,6,0.722565,41.0033,1,1,2.01681,9.39622,4.07002,0.44832
36.4,7,0.9,45.7541,1,1,2.2493,12.9351,4.52566,0.5
36.5,0,0.0408883,39.05,0,1,0.798189,7.45446,3.3123,0.210265
36.5,1,0,37.3853,0,0,0.1,0.1,0.15,0.2
36.5,2,0.280727,40.519,1,1,1.06963,9.12525,3.59062,0.28177
36.5,3,0.309816,40.6497,1,1,1.10803,10.3481,3.72477,0.291885
36.5,4,0.0976325,38.5968,0,1,0.855127,7.29527,3.32158,0.225264
36.5,5,0.020776,39.1061,1,1,0.77904,7.27562,3.2871,0.20522
36.5,6,0.722332,41.0668,1,1,1.7016,14.5167,4.40277,0.448248
36.5,7,0.9,45.7688,1,1,1.89806,17.7263,4.80721,0.5
36.6,0,0.0402445,39.0592,0,1,1.03076,5.66614,3.24447,0.210098
36.6,1,0,37.1901,0,0,0.1,0.1,0.15,0.2
36.6,2,0.280132,40.4852,1,1,1.23105,1.97069,2.9984,0.281527
36.6,3,0.309092,40.6625,1,1,1.46185,7.83374,3.64924,0.291625
36.6,4,0.0970669,38.584,0,1,0.984239,1.57558,2.85086,0.225083
36.6,5,0.0201324,39.1142,1,1,1.07166,5.46463,3.24391,0.205059
36.6,6,0.722149,41.0583,1,1,1.95975,3.13719,3.45714,0.44817
36.6,7,0.9,45.7932,1,1,3.03971,12.8979,4.94038,0.5
36.7,0,0.0396437,39.052,0,1,0.836461,4.28049,3.02835,0.209934
36.7,1,0,36.9982,0,0,0.1,0.1,0.15,0.2
36.7,2,0.27947,40.4775,1,1,1.1209,6.223,3.33781,0.281323
36.7,3,0.308431,40.6512,1,1,1.16093,5.94093,3.32945,0.29137
36.7,4,0.0964479,38.5915,0,1,0.896202,4.97551,3.11966,0.224928
36.7,5,0.0195351,39.1048,1,1,0.816403,4.17784,3.01004,0.2049
36.7,6,0.721938,41.0909,1,1,1.78544,9.91236,4.00372,0.448108
36.7,7,0.9,45.7566,1,1,1.9922,10.1948,4.13358,0.5
36.8,0,0.0390099,39.0574,0,1,0.684541,6.7175,3.19419,0.209782
36.8,1,0,36.8095,0,0,0.1,0.1,0.15,0.2
36.8,2,0.27887,40.4462,1,1,0.917249,3.84034,3.02285,0.281097
36.8,3,0.307725,40.6571,1,1,0.950013,9.32262,3.5564,0.291138
36.8,4,0.0958781,38.5804,0,1,0.733411,3.07064,2.87159,0.224759
36.8,5,0.0189058,39.1076,1,1,0.668131,6.55647,3.17204,0.204753
36.8,6,0.721753,41.0843,1,1,1.46199,6.12107,3.48741,0.448037
36.8,7,0.9,45.7491,1,1,1.63155,16.0107,4.5121,0.5
36.9,0,0.0383516,39.0719,0,1,0.924547,6.93877,3.31788,0.209621
36.9,1,0,36.6239,0,0,0.1,0.1,0.15,0.2
36.9,2,0.278211,40.4378,1,1,1.23889,5.46018,3.32017,0.280892
36.9,3,0.306984,40.6763,1,1,1.28298,9.62886,3.73605,0.290889
36.9,4,0.0952622,38.5869,0,1,0.990623,4.36598,3.10444,0.224603
36.9,5,0.0182525,39.1194,1,1,0.902391,6.77248,3.29237,0.204598
36.9,6,0.721542,41.1151,1,1,1.97582,8.70807,3.98404,0.447976
36.9,7,0.9,45.767,1,1,2.20528,16.5507,4.84918,0.5
37,0,0.0376933,39.0862,0,1,0.982133,6.67043,3.3178,0.209455
37,1,0,36.4414,0,0,0.1,0.1,0.15,0.2
37,2,0.277546,40.4319,1,1,1.31605,5.40991,3.35148,0.280667
37,3,0.306243,40.6954,1,1,1.36276,9.25556,3.73765,0.290629
37,4,0.0946414,38.5951,0,1,1.05237,4.32601,3.12853,0.224434
37,5,0.0175993,39.131,1,1,0.958605,6.51063,3.29222,0.204437
37,6,0.721328,41.1495,1,1,2.10023,8.63345,4.03989,0.447905
37,7,0.9,45.7854,1,1,2.3445,15.9233,4.86061,0.5
37.1,0,0.0370717,39.0864,0,1,0.95581,4.83487,3.13278,0.209288
37.1,1,0,36.262,0,0,0.1,0.1,0.15,0.2
37.1,2,0.277026,40.3713,1,1,0.629101,0.629101,2.62215,0.280441
37.1,3,0.305532,40.7023,1,1,1.59132,6.44273,3.57992,0.290369
37.1,4,0.0941333,38.5605,0,1,0.503083,0.503083,2.56087,0.224264
37.1,5,0.0169407,39.1444,1,1,1.49267,4.15933,3.31914,0.204276
37.1,6,0.72118,41.0914,1,1,1.00461,1.00461,2.81523,0.447833
37.1,7,0.9,45.9561,1,1,7.30713,6.5271,6.89503,0.5
37.2,0,0.0365028,39.0667,0,1,0.723291,3.06964,2.86716,0.209131
37.2,1,0,36.0856,0,0,0.1,0.1,0.15,0.2
37.2,2,0.276397,40.3529,1,1,0.969306,5.16425,3.16972,0.280263
37.2,3,0.304917,40.6731,1,1,1.00339,4.25839,3.10014,0.290119
37.2,4,0.0935405,38.5586,0,1,0.775151,4.12983,2.98775,0.224126
37.2,5,0.0163747,39.1226,1,1,0.705941,2.996,2.85299,0.204114
37.2,6,0.720982,41.103,1,1,1.54868,8.25104,3.73041,0.447783
37.2,7,0.9,45.8867,1,1,1.72928,7.33904,3.73182,0.5
37.3,0,0.0359253,39.0505,0,1,0.57171,4.2191,2.91085,0.208987
37.3,1,0,35.912,0,0,0.1,0.1,0.15,0.2
37.3,2,0.275818,40.316,1,1,0.766108,3.45031,2.92064,0.280049
37.3,3,0.304291,40.6487,1,1,0.793067,5.85267,3.15778,0.289904
37.3,4,0.0929866,38.542,0,1,0.61268,2.75932,2.7919,0.223964
37.3,5,0.0158001,39.1044,1,1,0.557999,4.11791,2.89574,0.203975
37.3,6,0.720807,41.0836,1,1,1.22478,5.51605,3.31888,0.447717
37.3,7,0.9,45.8251,1,1,1.36781,10.0942,3.82003,0.5
37.4,0,0.0352928,39.0554,0,1,0.598433,7.02041,3.18774,0.208842
37.4,1,0,35.7414,0,0,0.1,0.1,0.15,0.2
37.4,2,0.275198,40.295,1,1,0.801913,5.44934,3.12339,0.279852
37.4,3,0.303587,40.6537,1,1,0.830087,9.73802,3.54419,0.289684
37.4,4,0.0924008,38.5378,0,1,0.641333,4.35814,2.95258,0.223813
37.4,5,0.015172,39.1068,1,1,0.584085,6.85209,3.16586,0.203834
37.4,6,0.720613,41.0892,1,1,1.28276,8.71691,3.64899,0.447658
37.4,7,0.9,45.8151,1,1,1.43275,16.808,4.49386,0.5
37.5,0,0.0346376,39.0689,0,1,0.951628,6.64865,3.30223,0.208682
37.5,1,0,35.5737,0,0,0.1,0.1,0.15,0.2
37.5,2,0.274562,40.2804,1,1,1.27521,4.02859,3.20371,0.279641
37.5,3,0.30285,40.6714,1,1,1.31989,9.22155,3.71436,0.289438
37.5,4,0.0918031,38.538,0,1,1.0199,3.22201,3.01195,0.223653
37.5,5,0.0145217,39.1175,1,1,0.928819,6.48929,3.27706,0.20368
37.5,6,0.720412,41.1063,1,1,2.04111,6.44816,3.80367,0.447593
37.5,7,0.9,45.8302,1,1,2.28009,15.9301,4.82805,0.5
37.6,0,0.0339787,39.0834,0,1,0.949283,6.8528,3.32059,0.208517
37.6,1,0,35.4087,0,0,0.1,0.1,0.15,0.2
37.6,2,0.274021,40.2303,1,1,0.838985,0.838985,2.72836,0.279425
37.6,3,0.302089,40.6982,1,1,1.57981,9.24046,3.83947,0.28918
37.6,4,0.0912787,38.5106,0,1,0.67104,0.67104,2.64298,0.22349
37.6,5,0.0138276,39.1445,1,1,1.48246,6.13269,3.49829,0.203521
37.6,6,0.720253,41.0629,1,1,1.34372,1.34372,2.99995,0.447526
37.6,7,0.9,46.0336,1,1,7.28407,11.4244,7.33985,0.5
37.7,0,0.0333604,39.0824,0,1,0.974485,4.5696,3.11624,0.208351
37.7,1,0,35.2465,0,0,0.1,0.1,0.15,0.2
37.7,2,0.273358,40.227,1,1,1.30605,5.34391,3.3406,0.279241
37.7,3,0.301403,40.6957,1,1,1.35129,6.33652,3.45521,0.288914
37.7,4,0.0906597,38.5195,0,1,1.04463,4.27426,3.12021,0.223348
37.7,5,0.0132134,39.141,1,1,0.951099,4.45994,3.09557,0.203351
37.7,6,0.72004,41.0974,1,1,2.09289,8.5634,4.02952,0.447472
37.7,7,0.9,46.0118,1,1,2.33856,10.9661,4.38387,0.5
37.8,0,0.0327526,39.0775,0,1,0.692494,5.3086,3.06364,0.208196
37.8,1,0,35.0869,0,0,0.1,0.1,0.15,0.2
37.8,2,0.272757,40.2005,1,1,0.928054,3.86411,3.02985,0.279016
37.8,3,0.300734,40.6871,1,1,0.960179,7.36066,3.37368,0.288674
37.8,4,0.0900888,38.5099,0,1,0.742333,3.09083,2.87728,0.223179
37.8,5,0.0126093,39.1336,1,1,0.67588,5.18124,3.04464,0.203201
37.8,6,0.719855,41.0921,1,1,1.48813,6.19609,3.50697,0.447401
37.8,7,0.9,45.9777,1,1,1.66308,12.7491,4.21477,0.5
37.9,0,0.0321226,39.081,0,1,0.749587,6.22782,3.17487,0.208043
37.9,1,0,34.9301,0,0,0.1,0.1,0.15,0.2
37.9,2,0.272053,40.2131,1,1,1.00457,8.96208,3.54601,0.278812
37.9,3,0.300033,40.6904,1,1,1.03926,8.63455,3.53019,0.28844
37.9,4,0.0894365,38.5313,0,1,0.803566,7.16885,3.28738,0.223024
37.9,5,0.0119837,39.1346,1,1,0.731609,6.07845,3.15309,0.203053
37.9,6,0.719625,41.1498,1,1,1.61178,14.3792,4.34609,0.447338
37.9,7,0.9,45.9652,1,1,1.80152,14.9676,4.4949,0.5
38,0,0.0315022,39.0808,0,1,0.928903,4.89792,3.12677,0.207885
38,1,0,34.7758,0,0,0.1,0.1,0.15,0.2
38,2,0.271395,40.2085,1,1,1.24476,5.42232,3.31935,0.278573
38,3,0.299345,40.689,1,1,1.28776,6.79012,3.46832,0.288196
38,4,0.0888206,38.5386,0,1,0.995761,4.33763,3.1041,0.222847
38,5,0.0113675,39.1319,1,1,0.906631,4.78049,3.10592,0.2029
38,6,0.719413,41.1803,1,1,1.99852,8.70576,3.99525,0.447261
38,7,0.9,45.9463,1,1,2.23418,11.7804,4.40765,0.5
38.1,0,0.0308765,39.0827,0,1,0.727808,6.10513,3.15402,0.207729
38.1,1,0,34.6241,0,0,0.1,0.1,0.15,0.2
38.1,2,0.270844,40.1632,1,1,0.745923,1.94845,2.77621,0.27835
38.1,3,0.298647,40.6913,1,1,1.05634,8.41555,3.51694,0.287956
38.1,4,0.0882892,38.5139,0,1,0.596738,1.55876,2.67855,0.22268
38.1,5,0.0107393,39.1338,1,1,0.810584,5.85858,3.16585,0.20275
38.1,6,0.71925,41.1421,1,1,1.19838,3.13033,3.08561,0.44719
38.1,7,0.9,45.9588,1,1,2.65805,13.7887,4.82052,0.5
38.2,0,0.0302559,39.0825,0,1,0.853473,5.25776,3.12758,0.207572
38.2,1,0,34.475,0,0,0.1,0.1,0.15,0.2
38.2,2,0.270211,40.1496,1,1,1.14372,4.51602,3.18789,0.278164
38.2,3,0.297959,40.6898,1,1,1.18299,7.2877,3.46703,0.287713
38.2,4,0.0876938,38.5137,0,1,0.915001,3.6129,3.00081,0.222536
38.2,5,0.0101229,39.1313,1,1,0.833016,5.13173,3.10681,0.202597
38.2,6,0.71905,41.1564,1,1,1.83848,7.25929,3.77827,0.447135
38.2,7,0.9,45.9396,1,1,2.05585,12.6649,4.4013,0.5
38.3,0,0.0296497,39.077,0,1,0.763332,4.90251,3.05524,0.207417
38.3,1,0,34.3283,0,0,0.1,0.1,0.15,0.2
38.3,2,0.269582,40.135,1,1,1.02291,4.93283,3.17195,0.27795
38.3,3,0.297292,40.6806,1,1,1.05795,6.79473,3.36347,0.287473
38.3,4,0.0871006,38.5127,0,1,0.818381,3.94654,2.98932,0.222375
38.3,5,0.00952045,39.1235,1,1,0.745041,4.78503,3.03637,0.202447
38.3,6,0.718852,41.1682,1,1,1.64529,7.93421,3.74709,0.447068
38.3,7,0.9,45.9065,1,1,1.84009,11.818,4.2125,0.5
38.4,0,0.0290768,39.0589,0,1,0.707712,3.36083,2.88736,0.207265
38.4,1,0,34.1841,0,0,0.1,0.1,0.15,0.2
38.4,2,0.268889,40.1447,1,1,0.948339,8.65777,3.49214,0.277737
38.4,3,0.296672,40.6538,1,1,0.980792,4.65765,3.1273,0.287241
38.4,4,0.0864567,38.5308,0,1,0.758757,6.927,3.24528,0.222215
38.4,5,0.00895047,39.1036,1,1,0.690759,3.28032,2.87271,0.2023
38.4,6,0.718626,41.2184,1,1,1.5263,13.9342,4.26244,0.447001
38.4,7,0.9,45.8426,1,1,1.70726,8.10757,3.79377,0.5
38.5,0,0.0284775,39.0511,0,1,0.895468,3.9218,3.02078,0.207122
38.5,1,0,34.0423,0,0,0.1,0.1,0.15,0.2
38.5,2,0.268232,40.1405,1,1,1.19975,5.54785,3.31029,0.277503
38.5,3,0.296013,40.6418,1,1,1.24092,5.43475,3.31873,0.287025
38.5,4,0.0858421,38.5377,0,1,0.959967,4.43905,3.09756,0.22204
38.5,5,0.00835471,39.0937,1,1,0.874023,3.82788,3.00261,0.202162
38.5,6,0.718416,41.2469,1,1,1.93223,8.93494,3.9837,0.446925
38.5,7,0.9,45.8065,1,1,2.16169,9.46737,4.15034,0.5
38.6,0,0.0278768,39.044,0,1,0.629077,5.20465,3.02746,0.206972
38.6,1,0,33.9028,0,0,0.1,0.1,0.15,0.2
38.6,2,0.267741,40.0739,1,1,0.321306,0.321306,2.47671,0.277281
38.6,3,0.295342,40.6347,1,1,1.04604,7.03762,3.38117,0.286797
38.6,4,0.0853563,38.4957,0,1,0.257102,0.257102,2.4485,0.221874
38.6,5,0.00773307,39.0938,1,1,0.982426,4.71163,3.13308,0.202017
38.6,6,0.71828,41.1687,1,1,0.517802,0.517802,2.56792,0.446854
38.6,7,0.9,45.8822,1,1,4.86309,9.22994,5.63333,0.5
38.7,0,0.0272774,39.0365,0,1,0.728688,4.6961,3.02105,0.206822
38.7,1,0,33.7657,0,0,0.1,0.1,0.15,0.2
38.7,2,0.267076,40.074,1,1,0.976347,7.04166,3.35049,0.277115
38.7,3,0.294685,40.6227,1,1,1.00964,6.50671,3.31451,0.286564
38.7,4,0.0847349,38.5056,0,1,0.781259,5.63463,3.13207,0.221743
38.7,5,0.00713722,39.0841,1,1,0.711226,4.58357,3.00307,0.201866
38.7,6,0.718066,41.2021,1,1,1.57422,11.3537,4.03838,0.446808
38.7,7,0.9,45.8439,1,1,1.76163,11.353,4.1294,0.5
38.8,0,0.0266438,39.0421,0,1,0.74748,6.42846,3.19306,0.206673
38.8,1,0,33.6308,0,0,0.1,0.1,0.15,0.2
38.8,2,0.266463,40.0547,1,1,1.00144,4.18164,3.09212,0.276891
38.8,3,0.293979,40.6289,1,1,1.0356,8.90633,3.55449,0.286335
38.8,4,0.0841543,38.5,0,1,0.80138,3.34626,2.9263,0.221576
38.8,5,0.00650808,39.0872,1,1,0.729573,6.27446,3.17086,0.201722
38.8,6,0.717875,41.2036,1,1,1.61572,6.74666,3.62041,0.446736
38.8,7,0.9,45.8381,1,1,1.80837,15.5523,4.55432,0.5
38.9,0,0.0259875,39.0561,0,1,0.896308,6.9632,3.30785,0.206515
38.9,1,0,33.4982,0,0,0.1,0.1,0.15,0.2
38.9,2,0.265784,40.0602,1,1,1.20085,6.70032,3.41956,0.276684
38.9,3,0.293242,40.6473,1,1,1.24168,9.64631,3.71862,0.286091
38.9,4,0.0835224,38.5139,0,1,0.960995,5.362,3.18465,0.221419
38.9,5,0.00585676,39.0986,1,1,0.874842,6.79644,3.28265,0.201569
38.9,6,0.717654,41.246,1,1,1.93862,10.8168,4.16597,0.446671
38.9,7,0.9,45.8553,1,1,2.17008,16.8588,4.86077,0.5
39,0,0.0253386,39.0671,0,1,0.981661,6.17044,3.2702,0.206351
39,1,0,33.3679,0,0,0.1,0.1,0.15,0.2
39,2,0.265174,40.0397,1,1,1.31516,2.3745,3.07308,0.276455
39,3,0.292514,40.6617,1,1,1.35978,8.54721,3.66878,0.285835
39,4,0.0829451,38.5068,0,1,1.05253,1.90033,2.90941,0.221249
39,5,0.00521276,39.1071,1,1,0.95816,6.02272,3.24579,0.201411
39,6,0.717463,41.2455,1,1,2.12456,3.83586,3.60419,0.446597
39,7,0.9,45.8666,1,1,2.37861,14.9513,4.7852,0.5
39.1,0,0.02475,39.0552,0,1,0.893314,3.34951,2.96693,0.20619
39.1,1,0,33.2396,0,0,0.1,0.1,0.15,0.2
39.1,2,0.264685,39.9739,1,1,0.294991,0.294991,2.46503,0.27625
39.1,3,0.291852,40.6509,1,1,1.48474,4.39178,3.33678,0.285583
39.1,4,0.0824611,38.4647,0,1,0.236093,0.236093,2.43948,0.221094
39.1,5,0.00458895,39.1077,1,1,1.3951,2.74619,3.14399,0.201256
39.1,6,0.717329,41.1659,1,1,0.476825,0.476825,2.54838,0.446532
39.1,7,0.9,45.9903,1,1,6.78863,3.5,6.28617,0.5
39.2,0,0.0241451,39.0496,0,1,0.529977,5.85103,3.04871,0.206044
39.2,1,0,33.1136,0,0,0.1,0.1,0.15,0.2
39.2,2,0.264031,39.9717,1,1,0.710136,7.68913,3.29755,0.276086
39.2,3,0.291187,40.6411,1,1,0.733975,8.10319,3.34708,0.285354
39.2,4,0.0818474,38.4722,0,1,0.568353,6.15395,3.09293,0.220964
39.2,5,0.0039877,39.0999,1,1,0.517274,5.71078,3.0303,0.201105
39.2,6,0.71712,41.1922,1,1,1.14843,12.4349,3.94287,0.446487
39.2,7,0.9,45.9536,1,1,1.28608,14.1985,4.17497,0.5
39.3,0,0.0235855,39.0269,0,1,0.797044,2.19626,2.82029,0.205894
39.3,1,0,32.9896,0,0,0.1,0.1,0.15,0.2
39.3,2,0.263421,39.9529,1,1,1.06792,3.68682,3.07638,0.275866
39.3,3,0.290585,40.6079,1,1,1.10376,3.04141,3.03379,0.285124
39.3,4,0.0812694,38.4662,0,1,0.854744,2.95087,2.91343,0.220799
39.3,5,0.0034307,39.0754,1,1,0.777944,2.14363,2.80728,0.20096
39.3,6,0.716929,41.1924,1,1,1.72814,5.96615,3.60199,0.446416
39.3,7,0.9,45.8778,1,1,1.93557,5.33349,3.64615,0.5
39.4,0,0.0230091,39.011,0,1,0.443291,4.69812,2.90499,0.205755
39.4,1,0,32.8677,0,0,0.1,0.1,0.15,0.2
39.4,2,0.262797,39.9394,1,1,0.593901,6.56993,3.14291,0.275661
39.4,3,0.289961,40.5837,1,1,0.61384,6.50565,3.14489,0.284916
39.4,4,0.0806799,38.4646,0,1,0.475368,5.25869,2.97076,0.220643
39.4,5,0.00285725,39.0576,1,1,0.432671,4.58556,2.89019,0.200825
39.4,6,0.716734,41.1991,1,1,0.961647,10.6381,3.68739,0.446351
39.4,7,0.9,45.8159,1,1,1.07723,11.4168,3.81324,0.5
39.5,0,0.0224241,38.9986,0,1,0.667927,4.19376,2.94823,0.205612
39.5,1,0,32.7478,0,0,0.1,0.1,0.15,0.2
39.5,2,0.262162,39.9306,1,1,0.894799,5.86557,3.20303,0.275451
39.5,3,0.289324,40.5648,1,1,0.924845,5.8069,3.21067,0.2847
39.5,4,0.0800816,38.4664,0,1,0.716243,4.6951,3.01569,0.220485
39.5,5,0.00227548,39.0432,1,1,0.651929,4.09332,2.93212,0.200687
39.5,6,0.716533,41.2143,1,1,1.44975,9.50338,3.80231,0.446285
39.5,7,0.9,45.7653,1,1,1.62424,10.1983,3.95221,0.5
39.6,0,0.0218358,38.9877,0,1,0.630344,4.54196,2.96534,0.205467
39.6,1,0,32.6299,0,0,0.1,0.1,0.15,0.2
39.6,2,0.261668,39.8682,1,1,0.339947,0.339947,2.48507,0.275238
39.6,3,0.288671,40.5524,1,1,1.0473,6.11405,3.2942,0.284481
39.6,4,0.0795945,38.426,0,1,0.272124,0.272124,2.45501,0.220325
39.6,5,0.00166565,39.0397,1,1,0.9844,4.06405,3.07355,0.200547
39.6,6,0.716396,41.1379,1,1,0.551124,0.551124,2.58398,0.446217
39.6,7,0.9,45.8328,1,1,4.90858,7.67813,5.51468,0.5
39.7,0,0.0212374,38.9808,0,1,0.64608,5.00939,3.01599,0.205321
39.7,1,0,32.514,0,0,0.1,0.1,0.15,0.2
39.7,2,0.261088,39.8399,1,1,0.865565,3.05521,2.92771,0.275073
39.7,3,0.288015,40.541,1,1,0.894459,6.9352,3.30438,0.284255
39.7,4,0.0790394,38.4121,0,1,0.692881,2.44568,2.79737,0.220195
39.7,5,0.00107076,39.0306,1,1,0.630595,4.88933,2.99824,0.2004
39.7,6,0.716219,41.1202,1,1,1.40396,4.95558,3.35053,0.446171
39.7,7,0.9,45.7945,1,1,1.57334,12.1989,4.11879,0.5
39.8,0,0.0206236,38.9798,0,1,0.706424,5.55923,3.09323,0.205173
39.8,1,0,32.4,0,0,0.1,0.1,0.15,0.2
39.8,2,0.260494,39.817,1,1,0.946423,3.36185,2.99169,0.274878
39.8,3,0.287338,40.538,1,1,0.97793,7.69585,3.41344,0.284029
39.8,4,0.0784745,38.4021,0,1,0.757632,2.69124,2.84742,0.220046
39.8,5,0.000460939,39.0272,1,1,0.689498,5.42603,3.07351,0.200257
39.8,6,0.716036,41.1111,1,1,1.53599,5.45609,3.46053,0.446111
39.8,7,0.9,45.7719,1,1,1.72153,13.5476,4.31966,0.5
39.9,0,0.0199782,38.9907,0,1,0.782628,6.90101,3.25293,0.205022
39.9,1,0,32.2879,0,0,0.1,0.1,0.15,0.2
39.9,2,0.259855,39.8117,1,1,1.04853,5.35141,3.22281,0.274679
39.9,3,0.286616,40.5519,1,1,1.08333,9.55254,3.63759,0.283796
39.9,4,0.0778733,38.406,0,1,0.839403,4.28408,3.02997,0.219895
39.9,5,0,39.0356,1,0,0.763881,6.73571,3.22923,0.200111
39.9,6,0.715833,41.1311,1,1,1.7027,8.6901,3.84682,0.446049
39.9,7,0.9,45.7802,1,1,1.90865,16.83,4.72646,0.5
40,0,0.0194618,38.9528,0,1,0.589387,0.589387,2.60261,0.204862
40,1,0,32.1777,0,0,0.1,0.1,0.15,0.2
40,2,0.259164,39.826,1,1,1.71437,4.74538,3.48135,0.274465
40,3,0.286077,40.4964,1,1,0.815763,0.815763,2.71638,0.283547
40,4,0.0772059,38.4348,0,1,1.71563,3.45597,3.36369,0.219734
40,5,0,38.813,0,0,0.1,0.1,0.15,0.2
40,6,0.715543,41.2732,1,1,5.22315,5.27331,5.47982,0.44598
40,7,0.9,45.6629,1,1,1.4385,1.4385,3.05301,0.5
40.1,0,0.0189312,38.9208,0,1,0.602323,1.47792,2.67411,0.204735
40.1,1,0,32.0693,0,0,0.1,0.1,0.15,0.2
40.1,2,0.258657,39.7704,1,1,0.487729,0.487729,2.55355,0.274234
40.1,3,0.285513,40.4515,1,1,0.895606,1.98353,2.84539,0.283362
40.1,4,0.0767083,38.399,0,1,0.390483,0.390483,2.50806,0.219556
40.1,5,0,38.594,0,0,0.1,0.1,0.15,0.2
40.1,6,0.715399,41.2048,1,1,0.793006,0.793006,2.7047,0.445882
40.1,7,0.9,45.5661,1,1,1.58032,3.5,3.30126,0.5
40.2,0,0.0184016,38.889,0,1,0.259864,2.93706,2.66951,0.204604
40.2,1,0,31.9628,0,0,0.1,0.1,0.15,0.2
40.2,2,0.258126,39.7251,1,1,0.348085,2.68265,2.67859,0.274065
40.2,3,0.284955,40.405,1,1,0.359646,4.06482,2.81293,0.283168
40.2,4,0.0761918,38.3709,0,1,0.278685,2.1478,2.60285,0.219423
40.2,5,0,38.3787,0,0,0.1,0.1,0.15,0.2
40.2,6,0.715245,41.1539,1,1,0.566244,4.36398,2.92227,0.445833
40.2,7,0.9,45.4646,1,1,0.63504,7.17741,3.21764,0.5
40.3,0,0.0178366,38.8711,0,1,0.39936,4.2703,2.84748,0.204474
40.3,1,0,31.858,0,0,0.1,0.1,0.15,0.2
40.3,2,0.257564,39.6918,1,1,0.534934,3.50316,2.82873,0.273888
40.3,3,0.284347,40.378,1,1,0.552684,5.90977,3.06338,0.282976
40.3,4,0.0756519,38.3521,0,1,0.428289,2.80477,2.72108,0.219286
40.3,5,0,38.1669,0,0,0.1,0.1,0.15,0.2
40.3,6,0.715077,41.123,1,1,0.87066,5.70175,3.177,0.445781
40.3,7,0.9,45.3992,1,1,0.976557,10.4422,3.67518,0.5
40.4,0,0.0172152,38.8748,0,1,0.58331,6.50097,3.13205,0.204335
40.4,1,0,31.7549,0,0,0.1,0.1,0.15,0.2
40.4,2,0.257005,39.6585,1,1,0.781328,2.26974,2.81991,0.2737
40.4,3,0.28366,40.3814,1,1,0.807211,8.99633,3.46344,0.282767
40.4,4,0.0751136,38.3331,0,1,0.62558,1.8173,2.71299,0.219142
40.4,5,0,37.9587,0,0,0.1,0.1,0.15,0.2
40.4,6,0.714909,41.0921,1,1,1.2724,3.6963,3.17182,0.445723
40.4,7,0.9,45.3896,1,1,1.42734,15.9077,4.40487,0.5
40.5,0,0.0166365,38.8622,0,1,0.884873,2.83605,2.91633,0.204182
40.5,1,0,31.6536,0,0,0.1,0.1,0.15,0.2
40.5,2,0.256362,39.6573,1,1,1.18534,4.88707,3.24168,0.273514
40.5,3,0.283031,40.3629,1,1,1.22442,3.92432,3.17036,0.282531
40.5,4,0.0745097,38.3391,0,1,0.949084,3.913,3.04374,0.218998
40.5,5,0,37.754,0,0,0.1,0.1,0.15,0.2
40.5,6,0.714703,41.1158,1,1,1.93141,7.96305,3.89116,0.445666
40.5,7,0.9,45.3433,1,1,2.16688,6.94493,3.91446,0.5
40.6,0,0.0160515,38.8524,0,1,0.566248,4.64394,2.94871,0.20404
40.6,1,0,31.554,0,0,0.1,0.1,0.15,0.2
40.6,2,0.255865,39.6007,1,1,0.379782,0.379782,2.50315,0.273299
40.6,3,0.282383,40.3514,1,1,0.940174,6.2688,3.26115,0.282316
40.6,4,0.0740198,38.302,0,1,0.304101,0.304101,2.46906,0.218838
40.6,5,0,37.5527,0,0,0.1,0.1,0.15,0.2
40.6,6,0.714565,41.0435,1,1,0.61921,0.61921,2.61726,0.445596
40.6,7,0.9,45.4017,1,1,4.4403,8.32728,5.29908,0.5
40.7,0,0.0154863,38.8351,0,1,0.650814,3.20149,2.84856,0.203896
40.7,1,0,31.456,0,0,0.1,0.1,0.15,0.2
40.7,2,0.255234,39.5958,1,1,0.871814,5.71068,3.17835,0.273134
40.7,3,0.281774,40.3258,1,1,0.900414,4.42932,3.07027,0.282094
40.7,4,0.0734253,38.305,0,1,0.698091,4.57274,2.99651,0.218707
40.7,5,0,37.3547,0,0,0.1,0.1,0.15,0.2
40.7,6,0.714365,41.0589,1,1,1.42215,9.31555,3.77134,0.445549
40.7,7,0.9,45.3403,1,1,1.59595,7.85079,3.71524,0.5
40.8,0,0.0149129,38.8213,0,1,0.613816,3.81037,2.88977,0.203757
40.8,1,0,31.3596,0,0,0.1,0.1,0.15,0.2
40.8,2,0.254654,39.572,1,1,0.82218,3.24603,2.92614,0.272924
40.8,3,0.281154,40.3049,1,1,0.849176,5.27141,3.127,0.281885
40.8,4,0.0728704,38.293,0,1,0.658378,2.59933,2.79656,0.21855
40.8,5,0,37.1601,0,0,0.1,0.1,0.15,0.2
40.8,6,0.714188,41.0428,1,1,1.34201,5.29836,3.35324,0.445482
40.8,7,0.9,45.2874,1,1,1.50624,9.35028,3.81462,0.5
40.9,0,0.0143294,38.8115,0,1,0.552642,4.6185,2.94079,0.203617
40.9,1,0,31.2649,0,0,0.1,0.1,0.15,0.2
40.9,2,0.254026,39.5664,1,1,0.740227,6.15563,3.16406,0.272731
40.9,3,0.28052,40.2896,1,1,0.764497,6.389,3.19651,0.281673
40.9,4,0.0722778,38.2955,0,1,0.592772,4.92942,2.9865,0.218402
40.9,5,0,36.9687,0,0,0.1,0.1,0.15,0.2
40.9,6,0.71399,41.0561,1,1,1.20893,10.0533,3.74245,0.445421
40.9,7,0.9,45.2444,1,1,1.35707,11.3412,3.93418,0.5
41,0,0.013747,38.8014,0,1,0.645939,4.15389,2.9353,0.203474
41,1,0,31.1717,0,0,0.1,0.1,0.15,0.2
41,2,0.253406,39.5578,1,1,0.865136,5.15239,3.12272,0.272522
41,3,0.279886,40.2741,1,1,0.893498,5.74589,3.19114,0.281456
41,4,0.0716921,38.2953,0,1,0.692832,4.12622,2.95236,0.218245
41,5,0,36.7804,0,0,0.1,0.1,0.15,0.2
41,6,0.713795,41.0646,1,1,1.4138,8.42001,3.68213,0.445354
41,7,0.9,45.2021,1,1,1.58728,10.2074,3.93523,0.5
41.1,0,0.0131949,38.7801,0,1,0.599559,2.72023,2.78285,0.203331
41.1,1,0,31.0801,0,0,0.1,0.1,0.15,0.2
41.1,2,0.252887,39.5117,1,1,0.623805,0.623805,2.61953,0.272316
41.1,3,0.279284,40.2471,1,1,0.995142,3.59665,3.03513,0.281239
41.1,4,0.0711843,38.2657,0,1,0.499587,0.499587,2.5592,0.21809
41.1,5,0,36.5953,0,0,0.1,0.1,0.15,0.2
41.1,6,0.713645,41.0086,1,1,1.02004,1.02004,2.82344,0.445287
41.1,7,0.9,45.2392,1,1,4.6635,3.5,4.98413,0.5
41.2,0,0.0126252,38.7658,0,1,0.414698,4.45932,2.87128,0.203196
41.2,1,0,30.99,0,0,0.1,0.1,0.15,0.2
41.2,2,0.252278,39.5,1,1,0.555411,5.95447,3.06873,0.272143
41.2,3,0.27867,40.2252,1,1,0.573555,6.16753,3.09632,0.281034
41.2,4,0.0706064,38.263,0,1,0.44482,4.76884,2.91229,0.217955
41.2,5,0,36.4133,0,0,0.1,0.1,0.15,0.2
41.2,6,0.713456,41.0102,1,1,0.908672,9.74174,3.57843,0.445237
41.2,7,0.9,45.1828,1,1,1.02044,10.9729,3.74541,0.5
41.3,0,0.0120353,38.7593,0,1,0.608835,4.7149,2.9728,0.203057
41.3,1,0,30.9014,0,0,0.1,0.1,0.15,0.2
41.3,2,0.251702,39.4758,1,1,0.815373,2.99727,2.90038,0.271941
41.3,3,0.278027,40.2147,1,1,0.842007,6.52062,3.24221,0.280824
41.3,4,0.0700556,38.2502,0,1,0.653047,2.40057,2.77633,0.217802
41.3,5,0,36.2344,0,0,0.1,0.1,0.15,0.2
41.3,6,0.713281,40.9919,1,1,1.33478,4.90658,3.31321,0.445172
41.3,7,0.9,45.1484,1,1,1.49917,11.6098,4.02696,0.5
41.4,0,0.0114319,38.7581,0,1,0.664995,5.19136,3.04107,0.202913
41.4,1,0,30.8143,0,0,0.1,0.1,0.15,0.2
41.4,2,0.251118,39.4554,1,1,0.890593,3.11577,2.94431,0.27175
41.4,3,0.277364,40.2115,1,1,0.919609,7.17904,3.33856,0.280604
41.4,4,0.0694979,38.2401,0,1,0.713315,2.49555,2.81062,0.217657
41.4,5,0,36.0584,0,0,0.1,0.1,0.15,0.2
41.4,6,0.713101,40.9796,1,1,1.45874,5.10346,3.39045,0.445112
41.4,7,0.9,45.1281,1,1,1.63862,12.7921,4.20703,0.5
41.5,0,0.0108242,38.7585,0,1,0.731514,5.12757,3.06295,0.202766
41.5,1,0,30.7287,0,0,0.1,0.1,0.15,0.2
41.5,2,0.250484,39.4541,1,1,0.97969,5.39134,3.19572,0.271557
41.5,3,0.276695,40.2107,1,1,1.01152,7.09026,3.37074,0.280378
41.5,4,0.0689008,38.2452,0,1,0.784705,4.31832,3.00949,0.217509
41.5,5,0,35.8853,0,0,0.1,0.1,0.15,0.2
41.5,6,0.7129,40.9993,1,1,1.6056,8.83581,3.81343,0.445051
41.5,7,0.9,45.1132,1,1,1.80384,12.6441,4.27356,0.5
41.6,0,0.0102269,38.755,0,1,0.731851,4.56824,3.01036,0.202618
41.6,1,0,30.6444,0,0,0.1,0.1,0.15,0.2
41.6,2,0.249988,39.4009,1,1,0.0528866,1.89943,2.50208,0.271347
41.6,3,0.276027,40.2097,1,1,1.20336,6.12485,3.36631,0.280151
41.6,4,0.0684121,38.2091,0,1,0.0423627,1.52146,2.46306,0.217352
41.6,5,0,35.7151,0,0,0.1,0.1,0.15,0.2
41.6,6,0.712761,40.9298,1,1,0.0867288,3.11488,2.62816,0.444982
41.6,7,0.9,45.2201,1,1,5.56478,7.51427,5.8951,0.5
41.7,0,0.00962853,38.7519,0,1,0.662036,4.93716,3.01579,0.202472
41.7,1,0,30.5616,0,0,0.1,0.1,0.15,0.2
41.7,2,0.249286,39.426,1,1,0.886702,9.3824,3.53452,0.271182
41.7,3,0.275372,40.2039,1,1,0.915282,6.82576,3.30307,0.279923
41.7,4,0.0677611,38.2351,0,1,0.710267,7.5155,3.28102,0.217223
41.7,5,0,35.5478,0,0,0.1,0.1,0.15,0.2
41.7,6,0.712529,40.9919,1,1,1.45483,15.3939,4.36852,0.444935
41.7,7,0.9,45.1942,1,1,1.63488,12.1922,4.14782,0.5
41.8,0,0.00902199,38.752,0,1,0.957709,4.01446,3.057,0.202326
41.8,1,0,30.4802,0,0,0.1,0.1,0.15,0.2
41.8,2,0.24859,39.4486,1,1,1.28254,7.22832,3.50739,0.27095
41.8,3,0.274704,40.2032,1,1,1.32396,5.54967,3.36831,0.2797
41.8,4,0.0671153,38.2586,0,1,1.02741,5.79041,3.25469,0.217051
41.8,5,0,35.3833,0,0,0.1,0.1,0.15,0.2
41.8,6,0.712299,41.0516,1,1,2.10572,11.8677,4.35042,0.444856
41.8,7,0.9,45.1801,1,1,2.36674,9.92075,4.29906,0.5
41.9,0,0.00842342,38.7491,0,1,0.793834,4.35425,3.01679,0.202179
41.9,1,0,30.4001,0,0,0.1,0.1,0.15,0.2
41.9,2,0.247944,39.4523,1,1,1.06295,5.67866,3.26014,0.27072
41.9,3,0.274047,40.1979,1,1,1.09732,6.01889,3.30781,0.279473
41.9,4,0.0665082,38.2671,0,1,0.85156,4.54932,3.0601,0.216881
41.9,5,0,35.2215,0,0,0.1,0.1,0.15,0.2
41.9,6,0.712091,41.0788,1,1,1.74637,9.3297,3.92903,0.444777
41.9,7,0.9,45.1567,1,1,1.9632,10.7683,4.17365,0.5
42,0,0.00783332,38.743,0,1,0.643047,4.57877,2.97407,0.202034
42,1,0,30.3213,0,0,0.1,0.1,0.15,0.2
42,2,0.247272,39.4653,1,1,0.860988,7.93782,3.38537,0.270507
42,3,0.273404,40.1879,1,1,0.888817,6.32876,3.24431,0.27925
42,4,0.0658807,38.2832,0,1,0.689796,6.35953,3.16229,0.216721
42,5,0,35.0623,0,0,0.1,0.1,0.15,0.2
42,6,0.711873,41.1202,1,1,1.41544,13.0496,4.12514,0.444706
42,7,0.9,45.1241,1,1,1.59144,11.3317,4.04457,0.5
42.1,0,0.00724864,38.7349,0,1,0.820865,3.47643,2.94679,0.20189
42.1,1,0,30.2439,0,0,0.1,0.1,0.15,0.2
42.1,2,0.246569,39.49,1,1,1.09895,8.49198,3.54339,0.270285
42.1,3,0.272767,40.1756,1,1,1.13451,4.80475,3.21061,0.279031
42.1,4,0.0652288,38.3082,0,1,0.880495,6.8039,3.28581,0.216556
42.1,5,0,34.9059,0,0,0.1,0.1,0.15,0.2
42.1,6,0.71164,41.1817,1,1,1.80783,13.9697,4.40239,0.444632
42.1,7,0.9,45.089,1,1,2.03295,8.60969,4.00352,0.5
42.2,0,0.00663493,38.738,0,1,0.894868,4.6992,3.09312,0.201749
42.2,1,0,30.1677,0,0,0.1,0.1,0.15,0.2
42.2,2,0.245877,39.5102,1,1,1.19784,7.44826,3.48909,0.270053
42.2,3,0.272089,40.1789,1,1,1.2367,6.49427,3.41661,0.278815
42.2,4,0.0645857,38.3295,0,1,0.95979,5.96806,3.24134,0.216385
42.2,5,0,34.752,0,0,0.1,0.1,0.15,0.2
42.2,6,0.711412,41.2361,1,1,1.97184,12.2611,4.32045,0.444552
42.2,7,0.9,45.0832,1,1,2.21778,11.6462,4.38644,0.5
42.3,0,0.00602552,38.7394,0,1,0.80681,4.87639,3.07143,0.2016
42.3,1,0,30.0929,0,0,0.1,0.1,0.15,0.2
42.3,2,0.245215,39.5185,1,1,1.07985,6.39984,3.33592,0.269825
42.3,3,0.271417,40.1797,1,1,1.11491,6.73856,3.38388,0.278585
42.3,4,0.0639665,38.3414,0,1,0.865305,5.12832,3.12052,0.216216
42.3,5,0,34.6008,0,0,0.1,0.1,0.15,0.2
42.3,6,0.711197,41.27,1,1,1.7788,10.5423,4.06048,0.444474
42.3,7,0.9,45.0724,1,1,2.00102,12.0942,4.31916,0.5
42.4,0,0.00541279,38.742,0,1,0.70988,5.49011,3.08813,0.201452
42.4,1,0,30.0192,0,0,0.1,0.1,0.15,0.2
42.4,2,0.24454,39.5315,1,1,0.950045,7.66932,3.3986,0.269607
42.4,3,0.270742,40.182,1,1,0.980881,7.586,3.40428,0.278358
42.4,4,0.0633371,38.3569,0,1,0.761334,6.14593,3.17207,0.216054
42.4,5,0,34.452,0,0,0.1,0.1,0.15,0.2
42.4,6,0.710977,41.3106,1,1,1.56599,12.6415,4.15762,0.444401
42.4,7,0.9,45.0639,1,1,1.76191,13.6263,4.34695,0.5
42.5,0,0.00484344,38.7282,0,1,0.804464,2.71024,2.86952,0.201304
42.5,1,0,29.9468,0,0,0.1,0.1,0.15,0.2
42.5,2,0.243845,39.5519,1,1,1.07653,8.16661,3.50228,0.269385
42.5,3,0.270127,40.1616,1,1,1.11148,3.74456,3.1016,0.278129
42.5,4,0.0626916,38.3783,0,1,0.862749,6.54483,3.25349,0.215889
42.5,5,0,34.3057,0,0,0.1,0.1,0.15,0.2
42.5,6,0.710747,41.3642,1,1,1.77564,13.4701,4.33872,0.444325
42.5,7,0.9,45.0151,1,1,1.99813,6.7317,3.80856,0.5
42.6,0,0.00423887,38.7279,0,1,0.862803,4.35741,3.04704,0.201166
42.6,1,0,29.8756,0,0,0.1,0.1,0.15,0.2
42.6,2,0.243136,39.5776,1,1,1.15441,8.57203,3.57616,0.269157
42.6,3,0.269462,40.1602,1,1,1.192,6.01997,3.35118,0.277921
42.6,4,0.0620345,38.4037,0,1,0.925223,6.87019,3.31165,0.21572
42.6,5,0,34.1619,0,0,0.1,0.1,0.15,0.2
42.6,6,0.710511,41.4265,1,1,1.90537,14.1483,4.46778,0.444247
42.6,7,0.9,45.0019,1,1,2.1445,10.8304,4.27122,0.5
42.7,0,0.00362487,38.7312,0,1,0.908027,4.65303,3.09458,0.20102
42.7,1,0,29.8056,0,0,0.1,0.1,0.15,0.2
42.7,2,0.242415,39.6073,1,1,1.21475,8.90132,3.63515,0.268923
42.7,3,0.268783,40.164,1,1,1.25438,6.42784,3.41853,0.277696
42.7,4,0.0613682,38.4322,0,1,0.97365,7.1346,3.35813,0.215548
42.7,5,0,34.0204,0,0,0.1,0.1,0.15,0.2
42.7,6,0.710269,41.4956,1,1,2.00634,14.7018,4.57125,0.444166
42.7,7,0.9,44.9985,1,1,2.25855,11.5735,4.40045,0.5
42.8,0,0.00302119,38.7305,0,1,0.944524,3.92196,3.04254,0.200872
42.8,1,0,29.7368,0,0,0.1,0.1,0.15,0.2
42.8,2,0.241709,39.6307,1,1,1.2634,7.85821,3.5583,0.268687
42.8,3,0.268119,40.1622,1,1,1.30468,5.41745,3.34685,0.277467
42.8,4,0.0607142,38.4555,0,1,1.01271,6.29899,3.2962,0.215374
42.8,5,0,33.8813,0,0,0.1,0.1,0.15,0.2
42.8,6,0.710034,41.5543,1,1,2.08813,12.988,4.44851,0.444083
42.8,7,0.9,44.9859,1,1,2.35106,9.76233,4.27587,0.5
42.9,0,0.00243632,38.7228,0,1,0.851805,3.34001,2.94776,0.200727
42.9,1,0,29.6691,0,0,0.1,0.1,0.15,0.2
42.9,2,0.241058,39.633,1,1,1.13922,5.54035,3.28177,0.268455
42.9,3,0.267482,40.1504,1,1,1.17651,4.6132,3.21204,0.277243
42.9,4,0.0601037,38.4621,0,1,0.913238,4.44134,3.07705,0.215203
42.9,5,0,33.7446,0,0,0.1,0.1,0.15,0.2
42.9,6,0.709823,41.577,1,1,1.88417,9.16327,3.98138,0.444002
42.9,7,0.9,44.9544,1,1,2.1218,8.31979,4.02117,0.5
43,0,0.0018646,38.7102,0,1,0.623859,3.677,2.88147,0.200586
43,1,0,29.6025,0,0,0.1,0.1,0.15,0.2
43,2,0.240377,39.6464,1,1,0.834282,8.53802,3.43119,0.268242
43,3,0.266864,40.1315,1,1,0.861608,5.07829,3.1142,0.277028
43,4,0.0594688,38.4777,0,1,0.668827,6.84475,3.1998,0.215044
43,5,0,33.6101,0,0,0.1,0.1,0.15,0.2
43,6,0.7096,41.6167,1,1,1.38071,14.1301,4.21241,0.44393
43,7,0.9,44.9084,1,1,1.55509,9.16567,3.82045,0.5
43.1,0,0.00124105,38.7174,0,1,0.875451,5.31618,3.14266,0.200448
43.1,1,0,29.5371,0,0,0.1,0.1,0.15,0.2
43.1,2,0.239686,39.6634,1,1,1.17056,7.48573,3.48015,0.268019
43.1,3,0.266173,40.1406,1,1,1.209,7.34166,3.48411,0.276819
43.1,4,0.0588269,38.4957,0,1,0.938475,6.00153,3.23509,0.214878
43.1,5,0,33.4778,0,0,0.1,0.1,0.15,0.2
43.1,6,0.709372,41.6635,1,1,1.93852,12.3968,4.31674,0.443853
43.1,7,0.9,44.9158,1,1,2.18374,13.2607,4.5232,0.5
43.2,0,0.000586289,38.7362,0,1,0.808637,7.27873,3.30001,0.200298
43.2,1,0,29.4727,0,0,0.1,0.1,0.15,0.2
43.2,2,0.23902,39.6709,1,1,1.08112,6.63265,3.35855,0.267793
43.2,3,0.265439,40.1658,1,1,1.11663,10.051,3.70023,0.276586
43.2,4,0.0582041,38.5062,0,1,0.866825,5.31793,3.13907,0.214711
43.2,5,0,33.3478,0,0,0.1,0.1,0.15,0.2
43.2,6,0.709154,41.694,1,1,1.79159,10.9914,4.10962,0.443775
43.2,7,0.9,44.9521,1,1,2.01858,18.1697,4.90993,0.5
43.3,0,0,38.7519,0,0,1.01013,5.93988,3.26107,0.200141
43.3,1,0,29.4094,0,0,0.1,0.1,0.15,0.2
43.3,2,0.23833,39.687,1,1,1.35047,6.55201,3.47517,0.267575
43.3,3,0.264714,40.187,1,1,1.39471,8.20134,3.65233,0.276339
43.3,4,0.0575634,38.5233,0,1,1.08285,5.25359,3.22913,0.214549
43.3,5,0,33.2199,0,0,0.1,0.1,0.15,0.2
43.3,6,0.708925,41.74,1,1,2.23939,10.8647,4.32305,0.4437
43.3,7,0.9,44.9833,1,1,2.52354,14.8393,4.85005,0.5
43.4,0,0,38.5339,0,0,0.1,0.1,0.15,0.2
43.4,1,0,29.3472,0,0,0.1,0.1,0.15,0.2
43.4,2,0.23763,39.7068,1,1,1.16048,8.04156,3.5284,0.26735
43.4,3,0.264035,40.1904,1,1,1.19845,6.72376,3.42067,0.276095
43.4,4,0.0569138,38.5434,0,1,0.93057,6.44838,3.27395,0.214382
43.4,5,0,33.0941,0,0,0.1,0.1,0.15,0.2
43.4,6,0.708693,41.791,1,1,1.92563,13.3436,4.40085,0.443622
43.4,7,0.9,44.9812,1,1,2.17035,12.1765,4.41279,0.5
43.5,0,0,38.3196,0,0,0.1,0.1,0.15,0.2
43.5,1,0,29.286,0,0,0.1,0.1,0.15,0.2
43.5,2,0.236918,39.7308,1,1,1.14927,8.71851,3.58779,0.267121
43.5,3,0.263342,40.1992,1,1,1.1869,7.55008,3.49375,0.275867
43.5,4,0.0562547,38.5668,0,1,0.921642,6.99168,3.32163,0.214214
43.5,5,0,32.9705,0,0,0.1,0.1,0.15,0.2
43.5,6,0.708454,41.8487,1,1,1.90831,14.4767,4.50069,0.443542
43.5,7,0.9,44.9892,1,1,2.15122,13.6843,4.54712,0.5
43.6,0,0,38.1089,0,0,0.1,0.1,0.15,0.2
43.6,1,0,29.2258,0,0,0.1,0.1,0.15,0.2
43.6,2,0.236226,39.7471,1,1,1.2324,7.29296,3.49027,0.266889
43.6,3,0.262618,40.2196,1,1,1.27278,8.7678,3.64921,0.275634
43.6,4,0.0556113,38.5839,0,1,0.988375,5.8489,3.24277,0.214043
43.6,5,0,32.8489,0,0,0.1,0.1,0.15,0.2
43.6,6,0.708225,41.8938,1,1,2.04774,12.1179,4.34496,0.44346
43.6,7,0.9,45.0191,1,1,2.30883,15.9048,4.84042,0.5
43.7,0,0,37.9017,0,0,0.1,0.1,0.15,0.2
43.7,1,0,29.1666,0,0,0.1,0.1,0.15,0.2
43.7,2,0.235497,39.777,1,1,1.21422,9.33049,3.67585,0.266663
43.7,3,0.261878,40.2456,1,1,1.25397,9.69767,3.7292,0.275391
43.7,4,0.0549384,38.6119,0,1,0.973862,7.48348,3.39142,0.213876
43.7,5,0,32.7293,0,0,0.1,0.1,0.15,0.2
43.7,6,0.707978,41.9614,1,1,2.01889,15.5138,4.65535,0.443381
43.7,7,0.9,45.0595,1,1,2.2767,17.6071,4.98706,0.5
43.8,0,0,37.6979,0,0,0.1,0.1,0.15,0.2
43.8,1,0,29.1084,0,0,0.1,0.1,0.15,0.2
43.8,2,0.234795,39.796,1,1,1.32439,7.33518,3.53705,0.266425
43.8,3,0.261136,40.2722,1,1,1.36772,9.27533,3.74186,0.275143
43.8,4,0.0542878,38.631,0,1,1.0623,5.8836,3.27919,0.213702
43.8,5,0,32.6118,0,0,0.1,0.1,0.15,0.2
43.8,6,0.707744,42.0111,1,1,2.2036,12.2048,4.43248,0.443296
43.8,7,0.9,45.1019,1,1,2.48547,16.8555,5.02318,0.5
43.9,0,0,37.4975,0,0,0.1,0.1,0.15,0.2
43.9,1,0,29.0512,0,0,0.1,0.1,0.15,0.2
43.9,2,0.234118,39.8053,1,1,1.28712,6.20549,3.41278,0.266197
43.9,3,0.260415,40.29,1,1,1.32918,8.30257,3.63117,0.274894
43.9,4,0.0536568,38.6423,0,1,1.03248,4.97781,3.18048,0.213533
43.9,5,0,32.4961,0,0,0.1,0.1,0.15,0.2
43.9,6,0.70752,42.0443,1,1,2.14305,10.3321,4.22303,0.443215
43.9,7,0.9,45.1284,1,1,2.41762,15.1014,4.81982,0.5
44,0,0,37.3005,0,0,0.1,0.1,0.15,0.2
44,1,0,28.9949,0,0,0.1,0.1,0.15,0.2
44,2,0.23343,39.8184,1,1,1.16491,7.34653,3.46435,0.265977
44,3,0.259759,40.2831,1,1,1.20291,5.47889,3.30527,0.274653
44,4,0.0530173,38.6567,0,1,0.934507,5.89348,3.22311,0.21337
44,5,0,32.3825,0,0,0.1,0.1,0.15,0.2
44,6,0.707293,42.083,1,1,1.94083,12.2399,4.30291,0.443138
44,7,0.9,45.1089,1,1,2.18988,9.97419,4.21291,0.5
44.1,0,0,37.1067,0,0,0.1,0.1,0.15,0.2
44.1,1,0,28.9396,0,0,0.1,0.1,0.15,0.2
44.1,2,0.232765,39.8227,1,1,1.06304,6.63786,3.35088,0.265753
44.1,3,0.259064,40.291,1,1,1.09776,8.06862,3.50251,0.274434
44.1,4,0.0523955,38.6641,0,1,0.852838,5.32533,3.13368,0.213205
44.1,5,0,32.2707,0,0,0.1,0.1,0.15,0.2
44.1,6,0.707075,42.1063,1,1,1.77228,11.0665,4.10729,0.44306
44.1,7,0.9,45.1163,1,1,2.00004,14.7005,4.56797,0.5
44.2,0,0,36.9162,0,0,0.1,0.1,0.15,0.2
44.2,1,0,28.8852,0,0,0.1,0.1,0.15,0.2
44.2,2,0.232092,39.83,1,1,1.10865,6.8481,3.39143,0.265537
44.2,3,0.25838,40.2948,1,1,1.14483,7.27843,3.44871,0.274201
44.2,4,0.0517674,38.6738,0,1,0.889488,5.49432,3.16561,0.213044
44.2,5,0,32.1607,0,0,0.1,0.1,0.15,0.2
44.2,6,0.706854,42.1347,1,1,1.84952,11.4244,4.17957,0.442985
44.2,7,0.9,45.1167,1,1,2.08757,13.2721,4.47538,0.5
44.3,0,0,36.7288,0,0,0.1,0.1,0.15,0.2
44.3,1,0,28.8317,0,0,0.1,0.1,0.15,0.2
44.3,2,0.231433,39.8323,1,1,1.0188,6.58671,3.32619,0.265319
44.3,3,0.257756,40.276,1,1,1.05203,4.53219,3.1476,0.273973
44.3,4,0.0511494,38.6795,0,1,0.817448,5.28493,3.11454,0.212882
44.3,5,0,32.0526,0,0,0.1,0.1,0.15,0.2
44.3,6,0.706639,42.154,1,1,1.70073,10.9955,4.06545,0.442908
44.3,7,0.9,45.075,1,1,1.91995,8.27125,3.91461,0.5
44.4,0,0,36.5446,0,0,0.1,0.1,0.15,0.2
44.4,1,0,28.7791,0,0,0.1,0.1,0.15,0.2
44.4,2,0.230765,39.8375,1,1,0.949922,7.31735,3.36504,0.265105
44.4,3,0.257118,40.2626,1,1,0.980949,5.5986,3.21583,0.273764
44.4,4,0.0505251,38.6875,0,1,0.762227,5.87151,3.14641,0.212723
44.4,5,0,31.9464,0,0,0.1,0.1,0.15,0.2
44.4,6,0.706421,42.1777,1,1,1.58676,12.223,4.12754,0.442834
44.4,7,0.9,45.0432,1,1,1.7916,10.2252,4.03656,0.5
44.5,0,0,36.3634,0,0,0.1,0.1,0.15,0.2
44.5,1,0,28.7273,0,0,0.1,0.1,0.15,0.2
44.5,2,0.230109,39.838,1,1,1.03257,6.28602,3.30386,0.264889
44.5,3,0.256452,40.2597,1,1,1.06633,6.65444,3.35394,0.273551
44.5,4,0.0499107,38.6916,0,1,0.828591,5.04427,3.09665,0.212562
44.5,5,0,31.8418,0,0,0.1,0.1,0.15,0.2
44.5,6,0.706207,42.1937,1,1,1.72592,10.507,4.03116,0.442759
44.5,7,0.9,45.0316,1,1,1.94906,12.1631,4.29968,0.5
44.6,0,0,36.1853,0,0,0.1,0.1,0.15,0.2
44.6,1,0,28.6764,0,0,0.1,0.1,0.15,0.2
44.6,2,0.229462,39.8354,1,1,0.933787,6.3154,3.26275,0.264677
44.6,3,0.255835,40.2385,1,1,0.964314,4.5332,3.1083,0.273329
44.6,4,0.0493026,38.6933,0,1,0.749368,5.06813,3.06491,0.212404
44.6,5,0,31.739,0,0,0.1,0.1,0.15,0.2
44.6,6,0.705998,42.2039,1,1,1.56181,10.5628,3.95688,0.442685
44.6,7,0.9,44.9857,1,1,1.76402,8.29256,3.83919,0.5
44.7,0,0,36.0101,0,0,0.1,0.1,0.15,0.2
44.7,1,0,28.6264,0,0,0.1,0.1,0.15,0.2
44.7,2,0.228796,39.8401,1,1,0.905431,7.45537,3.35867,0.264467
44.7,3,0.255233,40.2123,1,1,0.935068,3.90706,3.03695,0.273124
44.7,4,0.0486792,38.7007,0,1,0.726652,5.98329,3.14196,0.212248
44.7,5,0,31.638,0,0,0.1,0.1,0.15,0.2
44.7,6,0.70578,42.226,1,1,1.51533,12.4773,4.11766,0.442613
44.7,7,0.9,44.9305,1,1,1.7118,7.15254,3.70562,0.5
44.8,0,0,35.8379,0,0,0.1,0.1,0.15,0.2
44.8,1,0,28.5772,0,0,0.1,0.1,0.15,0.2
44.8,2,0.228133,39.8431,1,1,1.04425,6.60013,3.33886,0.264252
44.8,3,0.254571,40.2089,1,1,1.07852,6.3964,3.33499,0.272923
44.8,4,0.0480592,38.7067,0,1,0.83811,5.29724,3.12463,0.212088
44.8,5,0,31.5386,0,0,0.1,0.1,0.15,0.2
44.8,6,0.705564,42.246,1,1,1.74878,11.0531,4.09447,0.442537
44.8,7,0.9,44.9186,1,1,1.97586,11.7183,4.27063,0.5
44.9,0,0,35.6685,0,0,0.1,0.1,0.15,0.2
44.9,1,0,28.5289,0,0,0.1,0.1,0.15,0.2
44.9,2,0.227443,39.8567,1,1,0.954773,8.49918,3.47982,0.264038
44.9,3,0.253915,40.2034,1,1,0.986107,6.52592,3.30586,0.272703
44.9,4,0.0474167,38.7211,0,1,0.766343,6.82182,3.23848,0.211928
44.9,5,0,31.4409,0,0,0.1,0.1,0.15,0.2
44.9,6,0.705335,42.2831,1,1,1.59996,14.2425,4.3273,0.442463
44.9,7,0.9,44.9025,1,1,1.80802,11.9652,4.21072,0.5
45,0,0,35.5019,0,0,0.1,0.1,0.15,0.2
45,1,0,28.4813,0,0,0.1,0.1,0.15,0.2
45,2,0.226768,39.8643,1,1,1.18075,6.61775,3.4025,0.263815
45,3,0.253279,40.1904,1,1,1.21955,4.32597,3.20525,0.272485
45,4,0.0467869,38.7305,0,1,0.947782,5.31206,3.17408,0.211764
45,5,0,31.3448,0,0,0.1,0.1,0.15,0.2
45,6,0.705112,42.3111,1,1,1.97996,11.0971,4.21341,0.442383
45,7,0.9,44.8741,1,1,2.23783,7.93799,4.04451,0.5
45.1,0,0,35.3381,0,0,0.1,0.1,0.15,0.2
45.1,1,0,28.4345,0,0,0.1,0.1,0.15,0.2
45.1,2,0.226089,39.8732,1,1,0.974008,7.79546,3.42119,0.263597
45.1,3,0.252635,40.1806,1,1,1.00607,5.79023,3.24512,0.272274
45.1,4,0.0461537,38.741,0,1,0.781884,6.2578,3.19144,0.211602
45.1,5,0,31.2503,0,0,0.1,0.1,0.15,0.2
45.1,6,0.704888,42.34,1,1,1.63435,13.0805,4.23257,0.442306
45.1,7,0.9,44.8506,1,1,1.84753,10.6331,4.10309,0.5
45.2,0,0,35.1771,0,0,0.1,0.1,0.15,0.2
45.2,1,0,28.3885,0,0,0.1,0.1,0.15,0.2
45.2,2,0.225432,39.8736,1,1,1.09527,6.06273,3.31102,0.263379
45.2,3,0.251985,40.1734,1,1,1.13138,5.53479,3.27766,0.27206
45.2,4,0.0455382,38.7446,0,1,0.879286,4.86716,3.10205,0.21144
45.2,5,0,31.1574,0,0,0.1,0.1,0.15,0.2
45.2,6,0.704673,42.3552,1,1,1.83903,10.1797,4.05567,0.442229
45.2,7,0.9,44.8329,1,1,2.07928,10.172,4.17538,0.5
45.3,0,0,35.0187,0,0,0.1,0.1,0.15,0.2
45.3,1,0,28.3433,0,0,0.1,0.1,0.15,0.2
45.3,2,0.224778,39.8729,1,1,0.894033,6.8537,3.29644,0.263167
45.3,3,0.251379,40.1498,1,1,0.92351,4.17688,3.05691,0.271844
45.3,4,0.0449246,38.7475,0,1,0.717771,5.50247,3.09262,0.211283
45.3,5,0,31.066,0,0,0.1,0.1,0.15,0.2
45.3,6,0.70446,42.3674,1,1,1.50209,11.5151,4.01929,0.442154
45.3,7,0.9,44.7835,1,1,1.6986,7.68249,3.74926,0.5
45.4,0,0,34.863,0,0,0.1,0.1,0.15,0.2
45.4,1,0,28.2988,0,0,0.1,0.1,0.15,0.2
45.4,2,0.224099,39.8817,1,1,0.967692,7.83075,3.42176,0.262957
45.4,3,0.250762,40.1305,1,1,0.999658,4.37674,3.10949,0.271643
45.4,4,0.0442912,38.7578,0,1,0.776953,6.28726,3.19214,0.211126
45.4,5,0,30.9761,0,0,0.1,0.1,0.15,0.2
45.4,6,0.704236,42.3957,1,1,1.62688,13.165,4.23705,0.442081
45.4,7,0.9,44.7429,1,1,1.84002,8.05605,3.85438,0.5
45.5,0,0,34.7099,0,0,0.1,0.1,0.15,0.2
45.5,1,0,28.2551,0,0,0.1,0.1,0.15,0.2
45.5,2,0.223408,39.8946,1,1,1.09889,7.82192,3.47953,0.262738
45.5,3,0.250155,40.1076,1,1,1.13528,3.13359,3.05666,0.271439
45.5,4,0.043649,38.7713,0,1,0.88235,6.28057,3.23692,0.210964
45.5,5,0,30.8878,0,0,0.1,0.1,0.15,0.2
45.5,6,0.704006,42.4316,1,1,1.84866,13.1588,4.34493,0.442003
45.5,7,0.9,44.6963,1,1,2.09123,5.77219,3.76589,0.5
45.6,0,0,34.5593,0,0,0.1,0.1,0.15,0.2
45.6,1,0,28.2121,0,0,0.1,0.1,0.15,0.2
45.6,2,0.22271,39.9103,1,1,1.11416,8.15738,3.51838,0.262517
45.6,3,0.249521,40.0953,1,1,1.15117,4.54544,3.19405,0.271238
45.6,4,0.0430006,38.7868,0,1,0.89467,6.55037,3.2679,0.2108
45.6,5,0,30.8009,0,0,0.1,0.1,0.15,0.2
45.6,6,0.703773,42.4721,1,1,1.87559,13.7322,4.41315,0.441923
45.6,7,0.9,44.67,1,1,2.12208,8.37908,4.02692,0.5
45.7,0,0,34.4112,0,0,0.1,0.1,0.15,0.2
45.7,1,0,28.1698,0,0,0.1,0.1,0.15,0.2
45.7,2,0.22201,39.9266,1,1,1.15795,8.08002,3.53091,0.262292
45.7,3,0.248864,40.0923,1,1,1.19652,5.61053,3.31469,0.271028
45.7,4,0.0423503,38.8029,0,1,0.9299,6.4887,3.27748,0.210635
45.7,5,0,30.7155,0,0,0.1,0.1,0.15,0.2
45.7,6,0.703538,42.5138,1,1,1.95062,13.6111,4.43892,0.441842
45.7,7,0.9,44.6615,1,1,2.20737,10.3505,4.25766,0.5
45.8,0,0,34.2656,0,0,0.1,0.1,0.15,0.2
45.8,1,0,28.1282,0,0,0.1,0.1,0.15,0.2
45.8,2,0.221356,39.9247,1,1,1.15376,5.58407,3.29254,0.262068
45.8,3,0.248252,40.072,1,1,1.19225,3.12627,3.08239,0.270811
45.8,4,0.0417378,38.8044,0,1,0.926596,4.48463,3.08701,0.21047
45.8,5,0,30.6315,0,0,0.1,0.1,0.15,0.2
45.8,6,0.703324,42.5246,1,1,1.94486,9.41291,4.03543,0.441761
45.8,7,0.9,44.6205,1,1,2.20126,5.77206,3.82224,0.5
45.9,0,0,34.1224,0,0,0.1,0.1,0.15,0.2
45.9,1,0,28.0873,0,0,0.1,0.1,0.15,0.2
45.9,2,0.220722,39.9158,1,1,0.841555,6.05467,3.19779,0.261858
45.9,3,0.24764,40.052,1,1,0.869676,4.71035,3.08312,0.270609
45.9,4,0.0411397,38.8004,0,1,0.675902,4.86286,3.01456,0.210314
45.9,5,0,30.5489,0,0,0.1,0.1,0.15,0.2
45.9,6,0.70312,42.5217,1,1,1.41948,10.2126,3.85565,0.441687
45.9,7,0.9,44.5786,1,1,1.60689,8.70326,3.80145,0.5
46,0,0,33.9816,0,0,0.1,0.1,0.15,0.2
46,1,0,28.0471,0,0,0.1,0.1,0.15,0.2
46,2,0.220057,39.9184,1,1,0.861359,7.55953,3.34945,0.261655
46,3,0.247036,40.0296,1,1,0.890168,4.2109,3.04536,0.270407
46,4,0.0405175,38.8056,0,1,0.691845,6.07182,3.13578,0.210162
46,5,0,30.4676,0,0,0.1,0.1,0.15,0.2
46,6,0.702903,42.5383,1,1,1.45378,12.7588,4.11537,0.441616
46,7,0.9,44.5323,1,1,1.64598,7.78624,3.7334,0.5
46.1,0,0,33.8432,0,0,0.1,0.1,0.15,0.2
46.1,1,0,28.0076,0,0,0.1,0.1,0.15,0.2
46.1,2,0.219363,39.9323,1,1,1.05176,8.25487,3.49956,0.261443
46.1,3,0.246382,40.0264,1,1,1.08702,5.96298,3.29785,0.270207
46.1,4,0.0398719,38.8195,0,1,0.844823,6.63073,3.25389,0.210004
46.1,5,0,30.3877,0,0,0.1,0.1,0.15,0.2
46.1,6,0.702671,42.5748,1,1,1.77627,13.9413,4.38416,0.44154
46.1,7,0.9,44.5235,1,1,2.01145,11.0341,4.22323,0.5
46.2,0,0,33.7071,0,0,0.1,0.1,0.15,0.2
46.2,1,0,27.9687,0,0,0.1,0.1,0.15,0.2
46.2,2,0.21869,39.9378,1,1,1.16234,6.59376,3.39179,0.261221
46.2,3,0.245771,40.0068,1,1,1.20137,3.02514,3.07749,0.269991
46.2,4,0.0392436,38.8267,0,1,0.933715,5.2968,3.16642,0.20984
46.2,5,0,30.3092,0,0,0.1,0.1,0.15,0.2
46.2,6,0.702448,42.5976,1,1,1.96434,11.1434,4.20998,0.441459
46.2,7,0.9,44.4845,1,1,2.22483,5.6023,3.81857,0.5
46.3,0,0,33.5732,0,0,0.1,0.1,0.15,0.2
46.3,1,0,27.9305,0,0,0.1,0.1,0.15,0.2
46.3,2,0.218044,39.933,1,1,0.968714,6.08468,3.25633,0.261006
46.3,3,0.245123,40.0018,1,1,1.00132,6.05642,3.26816,0.26979
46.3,4,0.0386364,38.8257,0,1,0.778223,4.88817,3.06025,0.209681
46.3,5,0,30.232,0,0,0.1,0.1,0.15,0.2
46.3,6,0.702238,42.6019,1,1,1.63818,10.2897,3.96768,0.441382
46.3,7,0.9,44.472,1,1,1.85574,11.2243,4.16356,0.5
46.4,0,0,33.4415,0,0,0.1,0.1,0.15,0.2
46.4,1,0,27.8929,0,0,0.1,0.1,0.15,0.2
46.4,2,0.217374,39.9375,1,1,0.880978,7.7623,3.37728,0.260799
46.4,3,0.24449,39.9908,1,1,0.910628,5.63368,3.18804,0.269577
46.4,4,0.0380098,38.8322,0,1,0.707779,6.23625,3.15807,0.209527
46.4,5,0,30.156,0,0,0.1,0.1,0.15,0.2
46.4,6,0.702018,42.6212,1,1,1.49074,13.1349,4.16892,0.441309
46.4,7,0.9,44.4481,1,1,1.689,10.4491,4.00759,0.5
46.5,0,0,33.3121,0,0,0.1,0.1,0.15,0.2
46.5,1,0,27.8559,0,0,0.1,0.1,0.15,0.2
46.5,2,0.216676,39.9523,1,1,1.07952,8.31351,3.51762,0.260586
46.5,3,0.243887,39.969,1,1,1.11591,3.04847,3.04002,0.269369
46.5,4,0.0373613,38.8467,0,1,0.867347,6.67951,3.26828,0.209368
46.5,5,0,30.0813,0,0,0.1,0.1,0.15,0.2
46.5,6,0.701784,42.6592,1,1,1.82789,14.0767,4.42253,0.441232
46.5,7,0.9,44.4048,1,1,2.07134,5.65854,3.74516,0.5
46.6,0,0,33.1848,0,0,0.1,0.1,0.15,0.2
46.6,1,0,27.8196,0,0,0.1,0.1,0.15,0.2
46.6,2,0.215944,39.9797,1,1,1.25211,9.26815,3.68735,0.260363
46.6,3,0.243318,39.9347,1,1,0.967833,1.88419,2.86938,0.26917
46.6,4,0.0366819,38.8728,0,1,1.06955,7.38357,3.42461,0.209204
46.6,5,0,30.0079,0,0,0.1,0.1,0.15,0.2
46.6,6,0.701523,42.7341,1,1,2.58996,15.2352,4.92285,0.441151
46.6,7,0.9,44.337,1,1,1.79781,3.5,3.40847,0.5
46.7,0,0,33.0597,0,0,0.1,0.1,0.15,0.2
46.7,1,0,27.7839,0,0,0.1,0.1,0.15,0.2
46.7,2,0.215225,40.0018,1,1,1.31386,8.29722,3.62351,0.26013
46.7,3,0.242691,39.9227,1,1,1.35857,3.10189,3.15844,0.268983
46.7,4,0.0360171,38.8929,0,1,1.05577,6.66739,3.35041,0.209032
46.7,5,0,29.9357,0,0,0.1,0.1,0.15,0.2
46.7,6,0.701278,42.7853,1,1,2.22769,14.0682,4.6229,0.44106
46.7,7,0.9,44.314,1,1,2.52538,5.76596,3.99063,0.5
46.8,0,0,32.9366,0,0,0.1,0.1,0.15,0.2
46.8,1,0,27.7487,0,0,0.1,0.1,0.15,0.2
46.8,2,0.214534,40.013,1,1,1.20033,7.38425,3.48416,0.259901
46.8,3,0.242024,39.9259,1,1,1.24132,5.86458,3.35933,0.268777
46.8,4,0.0353742,38.9044,0,1,0.96462,5.93421,3.24028,0.208865
46.8,5,0,29.8647,0,0,0.1,0.1,0.15,0.2
46.8,6,0.701047,42.8172,1,1,2.0366,12.5289,4.37859,0.440975
46.8,7,0.9,44.3194,1,1,2.3092,10.9097,4.36331,0.5
46.9,0,0,32.8156,0,0,0.1,0.1,0.15,0.2
46.9,1,0,27.7141,0,0,0.1,0.1,0.15,0.2
46.9,2,0.213853,40.0202,1,1,1.07216,7.44517,3.43164,0.259682
46.9,3,0.241438,39.8989,1,1,1.10882,2.1396,2.95595,0.268559
46.9,4,0.0347393,38.9126,0,1,0.861684,5.98358,3.19977,0.208703
46.9,5,0,29.7948,0,0,0.1,0.1,0.15,0.2
46.9,6,0.70082,42.8414,1,1,1.82035,12.6406,4.28137,0.440894
46.9,7,0.9,44.2664,1,1,2.06438,3.98349,3.58686,0.5
47,0,0,32.6965,0,0,0.1,0.1,0.15,0.2
47,1,0,27.6802,0,0,0.1,0.1,0.15,0.2
47,2,0.213174,40.0264,1,1,1.06378,7.37185,3.4209,0.259465
47,3,0.240806,39.8893,1,1,1.10027,4.68209,3.18351,0.268366
47,4,0.0341061,38.9201,0,1,0.855002,5.92505,3.19133,0.208543
47,5,0,29.7262,0,0,0.1,0.1,0.15,0.2
47,6,0.700595,42.8638,1,1,1.80729,12.5243,4.2638,0.440815
47,7,0.9,44.247,1,1,2.04995,8.72332,4.02289,0.5
47.1,0,0,32.5795,0,0,0.1,0.1,0.15,0.2
47.1,1,0,27.6467,0,0,0.1,0.1,0.15,0.2
47.1,2,0.212534,40.0181,1,1,1.05358,5.3823,3.228,0.25925
47.1,3,0.24022,39.8628,1,1,1.08979,2.22893,2.95495,0.268159
47.1,4,0.0335035,38.9159,0,1,0.846858,4.32625,3.03716,0.208383
47.1,5,0,29.6587,0,0,0.1,0.1,0.15,0.2
47.1,6,0.700387,42.8611,1,1,1.79113,9.15014,3.934,0.440736
47.1,7,0.9,44.1952,1,1,2.03197,4.15599,3.58613,0.5
47.2,0,0,32.4644,0,0,0.1,0.1,0.15,0.2
47.2,1,0,27.6139,0,0,0.1,0.1,0.15,0.2
47.2,2,0.211893,40.0101,1,1,0.803854,6.57837,3.2313,0.259047
47.2,3,0.239581,39.8565,1,1,0.831536,6.32146,3.21878,0.267967
47.2,4,0.0328998,38.9121,0,1,0.646168,5.28795,3.0424,0.208232
47.2,5,0,29.5923,0,0,0.1,0.1,0.15,0.2
47.2,6,0.700179,42.8578,1,1,1.36743,11.1905,3.92462,0.440664
47.2,7,0.9,44.1805,1,1,1.55156,11.7952,4.06972,0.5
47.3,0,0,32.3513,0,0,0.1,0.1,0.15,0.2
47.3,1,0,27.5816,0,0,0.1,0.1,0.15,0.2
47.3,2,0.211223,40.0133,1,1,0.922054,7.57878,3.37769,0.258843
47.3,3,0.238881,39.8736,1,1,0.953811,9.0326,3.53035,0.267758
47.3,4,0.0322732,38.9171,0,1,0.741224,6.09245,3.15848,0.20808
47.3,5,0,29.527,0,0,0.1,0.1,0.15,0.2
47.3,6,0.699957,42.874,1,1,1.56948,12.9002,4.18406,0.440591
47.3,7,0.9,44.2109,1,1,1.7811,16.8671,4.66704,0.5
47.4,0,0,32.24,0,0,0.1,0.1,0.15,0.2
47.4,1,0,27.5498,0,0,0.1,0.1,0.15,0.2
47.4,2,0.210525,40.0267,1,1,1.20575,7.6846,3.51518,0.258631
47.4,3,0.238262,39.8598,1,1,1.24723,3.27165,3.12125,0.267529
47.4,4,0.0316253,38.9301,0,1,0.969344,6.17791,3.26544,0.207922
47.4,5,0,29.4628,0,0,0.1,0.1,0.15,0.2
47.4,6,0.699723,42.9091,1,1,2.0537,13.0888,4.44074,0.440514
47.4,7,0.9,44.1848,1,1,2.33102,6.11457,3.92134,0.5
47.5,0,0,32.1306,0,0,0.1,0.1,0.15,0.2
47.5,1,0,27.5185,0,0,0.1,0.1,0.15,0.2
47.5,2,0.209815,40.0446,1,1,1.11035,8.79413,3.57735,0.258411
47.5,3,0.237646,39.8449,1,1,1.14866,3.56827,3.10249,0.267327
47.5,4,0.0309672,38.9466,0,1,0.892708,7.07041,3.31648,0.20776
47.5,5,0,29.3996,0,0,0.1,0.1,0.15,0.2
47.5,6,0.699482,42.9513,1,1,1.89246,14.9886,4.54186,0.440432
47.5,7,0.9,44.156,1,1,2.14841,6.67398,3.87954,0.5
47.6,0,0,32.023,0,0,0.1,0.1,0.15,0.2
47.6,1,0,27.4878,0,0,0.1,0.1,0.15,0.2
47.6,2,0.209119,40.057,1,1,1.23698,7.47404,3.50958,0.258186
47.6,3,0.237006,39.8393,1,1,1.27982,4.23636,3.22507,0.267126
47.6,4,0.0303203,38.9588,0,1,0.994599,6.00952,3.26073,0.207595
47.6,5,0,29.3376,0,0,0.1,0.1,0.15,0.2
47.6,6,0.699247,42.9848,1,1,2.10973,12.7473,4.43646,0.440348
47.6,7,0.9,44.1461,1,1,2.39553,7.92952,4.12544,0.5
47.7,0,0,31.9172,0,0,0.1,0.1,0.15,0.2
47.7,1,0,27.4576,0,0,0.1,0.1,0.15,0.2
47.7,2,0.208395,40.0799,1,1,1.08795,9.67373,3.65124,0.257966
47.7,3,0.236336,39.8452,1,1,1.1257,6.60193,3.37584,0.266917
47.7,4,0.0296504,38.9793,0,1,0.874831,7.77873,3.37618,0.207433
47.7,5,0,29.2765,0,0,0.1,0.1,0.15,0.2
47.7,6,0.699,43.0353,1,1,1.85678,16.51,4.67005,0.440266
47.7,7,0.9,44.157,1,1,2.10871,12.367,4.3996,0.5
47.8,0,0,31.8132,0,0,0.1,0.1,0.15,0.2
47.8,1,0,27.4279,0,0,0.1,0.1,0.15,0.2
47.8,2,0.207687,40.0959,1,1,1.40782,7.20852,3.56432,0.257737
47.8,3,0.235645,39.8591,1,1,1.45677,6.11595,3.48443,0.266699
47.8,4,0.0289951,38.994,0,1,1.13213,5.79689,3.3027,0.207265
47.8,5,0,29.2165,0,0,0.1,0.1,0.15,0.2
47.8,6,0.69876,43.0757,1,1,2.40435,12.3111,4.54623,0.440179
47.8,7,0.9,44.1856,1,1,2.73111,11.466,4.63782,0.5
47.9,0,0,31.7109,0,0,0.1,0.1,0.15,0.2
47.9,1,0,27.3987,0,0,0.1,0.1,0.15,0.2
47.9,2,0.206971,40.115,1,1,1.07611,9.28301,3.60859,0.257514
47.9,3,0.234967,39.8677,1,1,1.11355,7.09135,3.41673,0.266474
47.9,4,0.0283319,39.0115,0,1,0.865443,7.4657,3.34227,0.207101
47.9,5,0,29.1575,0,0,0.1,0.1,0.15,0.2
47.9,6,0.698516,43.1194,1,1,1.83908,15.8648,4.59942,0.440095
47.9,7,0.9,44.2018,1,1,2.08942,13.3059,4.47956,0.5
48,0,0,31.6103,0,0,0.1,0.1,0.15,0.2
48,1,0,27.3699,0,0,0.1,0.1,0.15,0.2
48,2,0.206299,40.1172,1,1,1.29376,5.91825,3.3888,0.257289
48,3,0.23427,39.8833,1,1,1.33883,6.9998,3.51204,0.266253
48,4,0.0277042,39.0152,0,1,1.04056,4.76001,3.16371,0.206936
48,5,0,29.0994,0,0,0.1,0.1,0.15,0.2
48,6,0.698292,43.1353,1,1,2.21255,10.1213,4.23852,0.44001
48,7,0.9,44.233,1,1,2.51421,13.145,4.68321,0.5
48.1,0,0,31.5113,0,0,0.1,0.1,0.15,0.2
48.1,1,0,27.3417,0,0,0.1,0.1,0.15,0.2
48.1,2,0.205613,40.1244,1,1,1.00641,8.00249,3.45528,0.257077
48.1,3,0.233662,39.865,1,1,1.04144,3.67653,3.0634,0.266026
48.1,4,0.0270653,39.0232,0,1,0.8095,6.43678,3.22026,0.206779
48.1,5,0,29.0424,0,0,0.1,0.1,0.15,0.2
48.1,6,0.698063,43.1581,1,1,1.72224,13.6945,4.33407,0.439931
48.1,7,0.9,44.1978,1,1,1.9574,6.91008,3.80481,0.5
48.2,0,0,31.4141,0,0,0.1,0.1,0.15,0.2
48.2,1,0,27.3139,0,0,0.1,0.1,0.15,0.2
48.2,2,0.204919,40.1347,1,1,1.12517,7.89684,3.49856,0.256861
48.2,3,0.233036,39.854,1,1,1.16445,4.07872,3.15682,0.265829
48.2,4,0.0264197,39.0335,0,1,0.905087,6.35224,3.25365,0.20662
48.2,5,0,28.9862,0,0,0.1,0.1,0.15,0.2
48.2,6,0.697829,43.1869,1,1,1.92674,13.5226,4.41853,0.439851
48.2,7,0.9,44.1775,1,1,2.19022,7.67171,3.9949,0.5
48.3,0,0,31.3184,0,0,0.1,0.1,0.15,0.2
48.3,1,0,27.2866,0,0,0.1,0.1,0.15,0.2
48.3,2,0.204248,40.1364,1,1,1.12679,6.70112,3.38574,0.256643
48.3,3,0.232369,39.8584,1,1,1.16623,6.2331,3.35946,0.265625
48.3,4,0.0257921,39.0368,0,1,0.906459,5.39078,3.16328,0.206459
48.3,5,0,28.931,0,0,0.1,0.1,0.15,0.2
48.3,6,0.697606,43.2007,1,1,1.93081,11.4826,4.22558,0.439769
48.3,7,0.9,44.1866,1,1,2.19525,11.7329,4.38318,0.5
48.4,0,0,31.2244,0,0,0.1,0.1,0.15,0.2
48.4,1,0,27.2597,0,0,0.1,0.1,0.15,0.2
48.4,2,0.203578,40.1371,1,1,0.977685,7.2635,3.37218,0.256432
48.4,3,0.231727,39.8537,1,1,1.01191,5.69724,3.23895,0.265409
48.4,4,0.0251663,39.0394,0,1,0.786559,5.84358,3.15413,0.206303
48.4,5,0,28.8768,0,0,0.1,0.1,0.15,0.2
48.4,6,0.697384,43.2118,1,1,1.67638,12.4543,4.19302,0.43969
48.4,7,0.9,44.1774,1,1,1.90632,10.7329,4.14184,0.5
48.5,0,0,31.1319,0,0,0.1,0.1,0.15,0.2
48.5,1,0,27.2333,0,0,0.1,0.1,0.15,0.2
48.5,2,0.202912,40.1369,1,1,1.02931,6.90693,3.36127,0.256222
48.5,3,0.231076,39.852,1,1,1.06537,5.8598,3.27833,0.265201
48.5,4,0.0245423,39.0413,0,1,0.828142,5.55707,3.14487,0.206147
48.5,5,0,28.8234,0,0,0.1,0.1,0.15,0.2
48.5,6,0.697163,43.2217,1,1,1.76603,11.8505,4.17909,0.439613
48.5,7,0.9,44.1745,1,1,2.00862,11.0479,4.22312,0.5
48.6,0,0,31.0409,0,0,0.1,0.1,0.15,0.2
48.6,1,0,27.2074,0,0,0.1,0.1,0.15,0.2
48.6,2,0.202228,40.1428,1,1,0.99122,7.93925,3.44251,0.256013
48.6,3,0.230419,39.8529,1,1,1.02598,6.40443,3.31212,0.26499
48.6,4,0.0239053,39.0481,0,1,0.797551,6.38804,3.21051,0.205992
48.6,5,0,28.7709,0,0,0.1,0.1,0.15,0.2
48.6,6,0.696934,43.2418,1,1,1.70177,13.6305,4.31795,0.439535
48.6,7,0.9,44.1764,1,1,1.93588,12.0843,4.28556,0.5
48.7,0,0,30.9515,0,0,0.1,0.1,0.15,0.2
48.7,1,0,27.1818,0,0,0.1,0.1,0.15,0.2
48.7,2,0.201518,40.1588,1,1,1.11538,8.78206,3.57847,0.255799
48.7,3,0.229753,39.857,1,1,1.15452,6.25264,3.35595,0.264777
48.7,4,0.0232469,39.0628,0,1,0.89751,7.06667,3.31821,0.205834
48.7,5,0,28.7193,0,0,0.1,0.1,0.15,0.2
48.7,6,0.696693,43.28,1,1,1.91618,15.0873,4.56311,0.439455
48.7,7,0.9,44.1855,1,1,2.18018,11.8074,4.38258,0.5
48.8,0,0,30.8636,0,0,0.1,0.1,0.15,0.2
48.8,1,0,27.1567,0,0,0.1,0.1,0.15,0.2
48.8,2,0.200833,40.1654,1,1,1.2361,6.92188,3.45681,0.255577
48.8,3,0.229119,39.8491,1,1,1.27956,3.91928,3.19567,0.264561
48.8,4,0.0226081,39.0699,0,1,0.994733,5.57026,3.2193,0.205671
48.8,5,0,28.6686,0,0,0.1,0.1,0.15,0.2
48.8,6,0.696462,43.3026,1,1,2.12503,11.8996,4.36327,0.43937
48.8,7,0.9,44.1723,1,1,2.41826,7.40712,4.08807,0.5
48.9,0,0,30.7771,0,0,0.1,0.1,0.15,0.2
48.9,1,0,27.132,0,0,0.1,0.1,0.15,0.2
48.9,2,0.200129,40.1785,1,1,1.01889,8.88091,3.54462,0.255362
48.9,3,0.228523,39.8271,1,1,1.05478,2.98842,3.00657,0.264356
48.9,4,0.0219549,39.0823,0,1,0.819993,7.14725,3.29235,0.205512
48.9,5,0,28.6187,0,0,0.1,0.1,0.15,0.2
48.9,6,0.696224,43.3351,1,1,1.75276,15.2775,4.50067,0.439289
48.9,7,0.9,44.1307,1,1,1.99499,5.65225,3.70583,0.5
49,0,0,30.692,0,0,0.1,0.1,0.15,0.2
49,1,0,27.1077,0,0,0.1,0.1,0.15,0.2
49,2,0.199434,40.1884,1,1,1.23641,7.43587,3.50569,0.255142
49,3,0.227893,39.8182,1,1,1.28013,3.70127,3.1759,0.264164
49,4,0.0213083,39.092,0,1,0.995122,5.98475,3.25862,0.205351
49,5,0,28.5697,0,0,0.1,0.1,0.15,0.2
49,6,0.695988,43.3634,1,1,2.12837,12.8002,4.45098,0.439205
49,7,0.9,44.1158,1,1,2.42298,7.00563,4.05278,0.5
49.1,0,0,30.6084,0,0,0.1,0.1,0.15,0.2
49.1,1,0,27.0838,0,0,0.1,0.1,0.15,0.2
49.1,2,0.19873,40.2014,1,1,1.08311,8.61974,3.54843,0.254925
49.1,3,0.227251,39.8138,1,1,1.1215,5.12713,3.23485,0.26396
49.1,4,0.0206546,39.1042,0,1,0.871804,6.93808,3.2948,0.205191
49.1,5,0,28.5214,0,0,0.1,0.1,0.15,0.2
49.1,6,0.695749,43.3959,1,1,1.86572,14.848,4.51512,0.439122
49.1,7,0.9,44.1088,1,1,2.12437,9.71194,4.15454,0.5
49.2,0,0,30.5262,0,0,0.1,0.1,0.15,0.2
49.2,1,0,27.0604,0,0,0.1,0.1,0.15,0.2
49.2,2,0.198027,40.2135,1,1,1.21181,7.90897,3.5393,0.254706
49.2,3,0.226579,39.8208,1,1,1.25486,6.07359,3.38531,0.263753
49.2,4,0.0200026,39.1156,0,1,0.975467,6.36645,3.28601,0.205029
49.2,5,0,28.474,0,0,0.1,0.1,0.15,0.2
49.2,6,0.695511,43.4276,1,1,2.08881,13.6328,4.51051,0.439038
49.2,7,0.9,44.1246,1,1,2.37885,11.5138,4.45694,0.5
49.3,0,0,30.4453,0,0,0.1,0.1,0.15,0.2
49.3,1,0,27.0373,0,0,0.1,0.1,0.15,0.2
49.3,2,0.197391,40.2006,1,1,1.13912,4.75419,3.208,0.254487
49.3,3,0.225906,39.8283,1,1,1.17963,6.5275,3.39344,0.263537
49.3,4,0.0194031,39.107,0,1,0.917019,3.82725,3.02153,0.204868
49.3,5,0,28.4273,0,0,0.1,0.1,0.15,0.2
49.3,6,0.695303,43.4153,1,1,1.96482,8.20032,3.93039,0.438954
49.3,7,0.9,44.1409,1,1,2.23807,12.3844,4.4673,0.5
49.4,0,0,30.3658,0,0,0.1,0.1,0.15,0.2
49.4,1,0,27.0146,0,0,0.1,0.1,0.15,0.2
49.4,2,0.196741,40.1928,1,1,0.929582,6.46451,3.27505,0.254288
49.4,3,0.225261,39.8248,1,1,0.962597,6.02762,3.24822,0.26332
49.4,4,0.0187925,39.1027,0,1,0.748381,5.20439,3.07736,0.20472
49.4,5,0,28.3814,0,0,0.1,0.1,0.15,0.2
49.4,6,0.695089,43.4109,1,1,1.60438,11.1572,4.03414,0.438881
49.4,7,0.9,44.1347,1,1,1.82781,11.4455,4.17084,0.5
49.5,0,0,30.2877,0,0,0.1,0.1,0.15,0.2
49.5,1,0,26.9922,0,0,0.1,0.1,0.15,0.2
49.5,2,0.19605,40.201,1,1,0.923526,8.69807,3.48512,0.254086
49.5,3,0.224647,39.8098,1,1,0.956333,4.42431,3.09457,0.263112
49.5,4,0.0181485,39.1111,0,1,0.74355,7.00299,3.2461,0.20457
49.5,5,0,28.3363,0,0,0.1,0.1,0.15,0.2
49.5,6,0.694856,43.434,1,1,1.59493,15.0215,4.39957,0.438806
49.5,7,0.9,44.1065,1,1,1.81735,8.40765,3.87645,0.5
49.6,0,0,30.2108,0,0,0.1,0.1,0.15,0.2
49.6,1,0,26.9703,0,0,0.1,0.1,0.15,0.2
49.6,2,0.195326,40.2213,1,1,1.20168,9.10971,3.64903,0.253871
49.6,3,0.223945,39.8283,1,1,1.24449,7.73017,3.53737,0.262915
49.6,4,0.0174789,39.129,0,1,0.967567,7.33494,3.3745,0.204411
49.6,5,0,28.292,0,0,0.1,0.1,0.15,0.2
49.6,6,0.694607,43.4798,1,1,2.07667,15.7428,4.70641,0.438724
49.6,7,0.9,44.1447,1,1,2.36672,14.7009,4.75507,0.5
49.7,0,0,30.1352,0,0,0.1,0.1,0.15,0.2
49.7,1,0,26.9487,0,0,0.1,0.1,0.15,0.2
49.7,2,0.194605,40.2401,1,1,1.28778,8.51922,3.63249,0.253646
49.7,3,0.223211,39.8588,1,1,1.33369,9.02115,3.7017,0.262689
49.7,4,0.0168122,39.1455,0,1,1.03698,6.86004,3.36025,0.204247
49.7,5,0,28.2484,0,0,0.1,0.1,0.15,0.2
49.7,6,0.694359,43.5233,1,1,2.22699,14.7325,4.68611,0.438636
49.7,7,0.9,44.2067,1,1,2.53854,17.1708,5.08118,0.5
49.8,0,0,30.0609,0,0,0.1,0.1,0.15,0.2
49.8,1,0,26.9275,0,0,0.1,0.1,0.15,0.2
49.8,2,0.1939,40.2524,1,1,1.2487,7.85071,3.55078,0.253422
49.8,3,0.222515,39.8743,1,1,1.29319,7.19574,3.50926,0.262453
49.8,4,0.0161584,39.1569,0,1,1.00558,6.32223,3.29522,0.204083
49.8,5,0,28.2055,0,0,0.1,0.1,0.15,0.2
49.8,6,0.694119,43.5552,1,1,2.16087,13.5857,4.54261,0.438549
49.8,7,0.9,44.2399,1,1,2.46367,13.7086,4.71061,0.5
49.9,0,0,29.9878,0,0,0.1,0.1,0.15,0.2
49.9,1,0,26.9066,0,0,0.1,0.1,0.15,0.2
49.9,2,0.193202,40.2623,1,1,1.13644,8.08302,3.5214,0.253204
49.9,3,0.221839,39.8817,1,1,1.17696,6.65335,3.40413,0.26223
49.9,4,0.015509,39.1664,0,1,0.915256,6.50981,3.27306,0.203922
49.9,5,0,28.1633,0,0,0.1,0.1,0.15,0.2
49.9,6,0.693882,43.5823,1,1,1.96794,13.9971,4.48453,0.438464
49.9,7,0.9,44.2567,1,1,2.24413,12.6861,4.49922,0.5
50,0,0,29.9159,0,0,0.1,0.1,0.15,0.2
50,1,0,26.8861,0,0,0.1,0.1,0.15,0.2
50,2,0.192476,40.2824,1,1,1.15145,9.45846,3.65939,0.252987
50,3,0.221164,39.889,1,1,1.19253,6.58376,3.4047,0.262013
50,4,0.0148376,39.1841,0,1,0.927408,7.61811,3.38378,0.203763
50,5,0,28.1218,0,0,0.1,0.1,0.15,0.2
50,6,0.693632,43.6272,1,1,1.99525,16.3898,4.72746,0.43838
50,7,0.9,44.2735,1,1,2.2757,12.5638,4.50377,0.5
50.1,0,0,29.8452,0,0,0.1,0.1,0.15,0.2
50.1,1,0,26.8659,0,0,0.1,0.1,0.15,0.2
50.1,2,0.191742,40.305,1,1,1.32506,9.01647,3.69722,0.252762
50.1,3,0.220496,39.8933,1,1,1.37242,5.27126,3.36506,0.261797
50.1,4,0.0141606,39.2036,0,1,1.06733,7.2627,3.41212,0.203598
50.1,5,0,28.081,0,0,0.1,0.1,0.15,0.2
50.1,6,0.693377,43.6774,1,1,2.29767,15.6346,4.80879,0.438292
50.1,7,0.9,44.2858,1,1,2.62116,10.0675,4.44644,0.5
50.2,0,0,29.7757,0,0,0.1,0.1,0.15,0.2
50.2,1,0,26.846,0,0,0.1,0.1,0.15,0.2
50.2,2,0.191226,40.2449,1,1,0.362473,1.76775,2.60056,0.252535
50.2,3,0.219831,39.8965,1,1,1.53027,4.32823,3.35287,0.261583
50.2,4,0.0136561,39.1576,0,1,0.291994,1.42403,2.54267,0.203432
50.2,5,0,28.0409,0,0,0.1,0.1,0.15,0.2
50.2,6,0.693228,43.5781,1,1,0.628968,3.06741,2.82702,0.438202
50.2,7,0.9,44.4345,1,1,6.60394,4.59424,6.26924,0.5
50.3,0,0,29.7073,0,0,0.1,0.1,0.15,0.2
50.3,1,0,26.8265,0,0,0.1,0.1,0.15,0.2
50.3,2,0.190571,40.2384,1,1,0.706537,7.73205,3.30015,0.252376
50.3,3,0.219213,39.8816,1,1,0.731717,5.63796,3.11134,0.26137
50.3,4,0.0130409,39.1541,0,1,0.569172,6.22879,3.10039,0.203309
50.3,5,0,28.0015,0,0,0.1,0.1,0.15,0.2
50.3,6,0.693012,43.574,1,1,1.22662,13.4236,4.07328,0.438149
50.3,7,0.9,44.4032,1,1,1.39977,10.7854,3.90107,0.5
50.4,0,0,29.6401,0,0,0.1,0.1,0.15,0.2
50.4,1,0,26.8073,0,0,0.1,0.1,0.15,0.2
50.4,2,0.18986,40.2531,1,1,1.15359,8.64514,3.58276,0.252173
50.4,3,0.218662,39.8422,1,1,0.782083,1.82821,2.78163,0.261173
50.4,4,0.0123762,39.1695,0,1,1.00962,6.88453,3.35035,0.203159
50.4,5,0,27.9627,0,0,0.1,0.1,0.15,0.2
50.4,6,0.692755,43.6285,1,1,2.60968,14.4126,4.85456,0.438073
50.4,7,0.9,44.3244,1,1,1.49725,3.5,3.26096,0.5
50.5,0,0,29.5741,0,0,0.1,0.1,0.15,0.2
50.5,1,0,26.7885,0,0,0.1,0.1,0.15,0.2
50.5,2,0.189137,40.2724,1,1,1.22378,8.9828,3.64707,0.251954
50.5,3,0.218047,39.8273,1,1,1.2677,2.91977,3.09906,0.260996
50.5,4,0.0117069,39.1864,0,1,0.98598,7.23733,3.37336,0.202996
50.5,5,0,27.9246,0,0,0.1,0.1,0.15,0.2
50.5,6,0.692506,43.672,1,1,2.12734,15.6152,4.71984,0.437982
50.5,7,0.9,44.2966,1,1,2.42857,5.5935,3.92368,0.5
50.6,0,0,29.5091,0,0,0.1,0.1,0.15,0.2
50.6,1,0,26.7699,0,0,0.1,0.1,0.15,0.2
50.6,2,0.188438,40.2819,1,1,1.27469,7.40457,3.52046,0.251731
50.6,3,0.217401,39.8241,1,1,1.32062,4.3248,3.25244,0.2608
50.6,4,0.0110578,39.1953,0,1,1.02709,5.96625,3.27116,0.202833
50.6,5,0,27.8871,0,0,0.1,0.1,0.15,0.2
50.6,6,0.692267,43.6986,1,1,2.21737,12.8805,4.50406,0.437894
50.6,7,0.9,44.2923,1,1,2.53185,8.29141,4.23106,0.5
50.7,0,0,29.4452,0,0,0.1,0.1,0.15,0.2
50.7,1,0,26.7517,0,0,0.1,0.1,0.15,0.2
50.7,2,0.187792,40.2714,1,1,1.08398,5.53299,3.25593,0.251516
50.7,3,0.216782,39.811,1,1,1.12311,3.89141,3.12048,0.260594
50.7,4,0.0104504,39.1883,0,1,0.873485,4.45856,3.06118,0.202674
50.7,5,0,27.8503,0,0,0.1,0.1,0.15,0.2
50.7,6,0.692054,43.689,1,1,1.88687,9.6312,4.02722,0.43781
50.7,7,0.9,44.2676,1,1,2.1549,7.46641,3.95744,0.5
50.8,0,0,29.3823,0,0,0.1,0.1,0.15,0.2
50.8,1,0,26.7337,0,0,0.1,0.1,0.15,0.2
50.8,2,0.18712,40.2711,1,1,0.826468,8.13608,3.38944,0.251317
50.8,3,0.216135,39.8089,1,1,0.856329,6.66743,3.26235,0.260397
50.8,4,0.00982124,39.1896,0,1,0.666019,6.55656,3.17117,0.202527
50.8,5,0,27.814,0,0,0.1,0.1,0.15,0.2
50.8,6,0.69183,43.6958,1,1,1.43951,14.1711,4.24398,0.437734
50.8,7,0.9,44.2623,1,1,1.64428,12.8024,4.21075,0.5
50.9,0,0,29.3205,0,0,0.1,0.1,0.15,0.2
50.9,1,0,26.7161,0,0,0.1,0.1,0.15,0.2
50.9,2,0.186421,40.2806,1,1,1.1194,8.15667,3.52068,0.25111
50.9,3,0.215519,39.7948,1,1,1.15988,3.51908,3.10317,0.260191
50.9,4,0.00917176,39.1986,0,1,0.90214,6.57359,3.27337,0.202373
50.9,5,0,27.7783,0,0,0.1,0.1,0.15,0.2
50.9,6,0.691592,43.7215,1,1,1.95098,14.2161,4.49701,0.437655
50.9,7,0.9,44.2359,1,1,2.2289,6.7625,3.92919,0.5
51,0,0,29.2598,0,0,0.1,0.1,0.15,0.2
51,1,0,26.6987,0,0,0.1,0.1,0.15,0.2
51,2,0.185714,40.2933,1,1,1.15852,8.42912,3.56441,0.250895
51,3,0.21491,39.7786,1,1,1.20054,2.96595,3.07177,0.259995
51,4,0.00851539,39.2101,0,1,0.933737,6.79367,3.30812,0.202215
51,5,0,27.7433,0,0,0.1,0.1,0.15,0.2
51,6,0.69135,43.7529,1,1,2.0205,14.7007,4.57826,0.43757
51,7,0.9,44.2057,1,1,2.30877,5.70387,3.87146,0.5
51.1,0,0,29.2,0,0,0.1,0.1,0.15,0.2
51.1,1,0,26.6817,0,0,0.1,0.1,0.15,0.2
51.1,2,0.184993,40.3107,1,1,1.19742,8.94245,3.63112,0.250678
51.1,3,0.214266,39.7756,1,1,1.241,4.64044,3.24446,0.259801
51.1,4,0.00784845,39.2254,0,1,0.965164,7.20796,3.36135,0.202056
51.1,5,0,27.7088,0,0,0.1,0.1,0.15,0.2
51.1,6,0.691101,43.7928,1,1,2.08974,15.6064,4.69995,0.437484
51.1,7,0.9,44.2018,1,1,2.38836,8.93076,4.21638,0.5
51.2,0,0,29.1413,0,0,0.1,0.1,0.15,0.2
51.2,1,0,26.6649,0,0,0.1,0.1,0.15,0.2
51.2,2,0.184327,40.3075,1,1,1.26637,5.73701,3.35897,0.250457
51.2,3,0.213616,39.7751,1,1,1.31258,4.62292,3.27633,0.259596
51.2,4,0.00722501,39.2239,0,1,1.02082,4.62462,3.14215,0.201894
51.2,5,0,27.6749,0,0,0.1,0.1,0.15,0.2
51.2,6,0.690877,43.7967,1,1,2.21157,10.0191,4.2283,0.437396
51.2,7,0.9,44.2033,1,1,2.52811,8.90405,4.28702,0.5
51.3,0,0,29.0835,0,0,0.1,0.1,0.15,0.2
51.3,1,0,26.6484,0,0,0.1,0.1,0.15,0.2
51.3,2,0.18364,40.3119,1,1,0.874708,8.66918,3.46113,0.250252
51.3,3,0.212958,39.7776,1,1,0.906646,7.01451,3.31724,0.25939
51.3,4,0.00658441,39.229,0,1,0.705152,6.98873,3.22863,0.201743
51.3,5,0,27.6416,0,0,0.1,0.1,0.15,0.2
51.3,6,0.690645,43.8119,1,1,1.52856,15.1494,4.38005,0.437317
51.3,7,0.9,44.208,1,1,1.74765,13.5212,4.32989,0.5
51.4,0,0,29.0267,0,0,0.1,0.1,0.15,0.2
51.4,1,0,26.6322,0,0,0.1,0.1,0.15,0.2
51.4,2,0.182931,40.3247,1,1,1.19198,8.36493,3.57359,0.250042
51.4,3,0.21232,39.7725,1,1,1.23555,4.36126,3.21597,0.259181
51.4,4,0.00592659,39.2405,0,1,0.960995,6.74393,3.31541,0.201588
51.4,5,0,27.6088,0,0,0.1,0.1,0.15,0.2
51.4,6,0.690402,43.8437,1,1,2.08436,14.6273,4.60344,0.437235
51.4,7,0.9,44.2002,1,1,2.38357,8.41353,4.16493,0.5
51.5,0,0,28.9708,0,0,0.1,0.1,0.15,0.2
51.5,1,0,26.6162,0,0,0.1,0.1,0.15,0.2
51.5,2,0.182203,40.3446,1,1,1.19358,9.36843,3.67001,0.249825
51.5,3,0.211701,39.76,1,1,1.23731,3.26573,3.11607,0.258979
51.5,4,0.00525337,39.2577,0,1,0.962355,7.55356,3.393,0.201428
51.5,5,0,27.5766,0,0,0.1,0.1,0.15,0.2
51.5,6,0.690149,43.8877,1,1,2.08854,16.3931,4.77474,0.437148
51.5,7,0.9,44.1779,1,1,2.38883,6.30502,3.96925,0.5
51.6,0,0,28.9159,0,0,0.1,0.1,0.15,0.2
51.6,1,0,26.6005,0,0,0.1,0.1,0.15,0.2
51.6,2,0.181474,40.3645,1,1,1.43695,8.23045,3.67508,0.249602
51.6,3,0.211024,39.7699,1,1,1.4898,5.17531,3.41205,0.258783
51.6,4,0.00457993,39.2746,0,1,1.15867,6.63658,3.39417,0.201265
51.6,5,0,27.5449,0,0,0.1,0.1,0.15,0.2
51.6,6,0.689895,43.9333,1,1,2.51612,14.4117,4.80527,0.437059
51.6,7,0.9,44.2016,1,1,2.87847,9.99933,4.57743,0.5
51.7,0,0,28.8619,0,0,0.1,0.1,0.15,0.2
51.7,1,0,26.5851,0,0,0.1,0.1,0.15,0.2
51.7,2,0.180796,40.3647,1,1,1.20735,6.64926,3.41771,0.249379
51.7,3,0.210374,39.7697,1,1,1.25183,4.96655,3.27994,0.258568
51.7,4,0.00394694,39.276,0,1,0.973619,5.36205,3.19026,0.201103
51.7,5,0,27.5137,0,0,0.1,0.1,0.15,0.2
51.7,6,0.689666,43.9429,1,1,2.11554,11.651,4.33472,0.436968
51.7,7,0.9,44.2039,1,1,2.4207,9.60394,4.29707,0.5
51.8,0,0,28.8088,0,0,0.1,0.1,0.15,0.2
51.8,1,0,26.5699,0,0,0.1,0.1,0.15,0.2
51.8,2,0.18011,40.3679,1,1,0.981261,8.1413,3.45736,0.249172
51.8,3,0.209739,39.7633,1,1,1.01745,5.21477,3.19598,0.258363
51.8,4,0.00330711,39.2799,0,1,0.791357,6.56571,3.22475,0.20095
51.8,5,0,27.4831,0,0,0.1,0.1,0.15,0.2
51.8,6,0.689433,43.9563,1,1,1.7205,14.2746,4.38878,0.436887
51.8,7,0.9,44.1922,1,1,1.96904,10.092,4.11215,0.5
51.9,0,0,28.7566,0,0,0.1,0.1,0.15,0.2
51.9,1,0,26.555,0,0,0.1,0.1,0.15,0.2
51.9,2,0.179419,40.3729,1,1,1.13936,7.64091,3.48066,0.248963
51.9,3,0.209127,39.7488,1,1,1.18146,3.24588,3.08823,0.258162
51.9,4,0.00266391,39.285,0,1,0.918927,6.1626,3.24174,0.200796
51.9,5,0,27.4529,0,0,0.1,0.1,0.15,0.2
51.9,6,0.689198,43.9736,1,1,1.99901,13.4059,4.44353,0.436804
51.9,7,0.9,44.166,1,1,2.28822,6.28651,3.9152,0.5
52,0,0,28.7052,0,0,0.1,0.1,0.15,0.2
52,1,0,26.5403,0,0,0.1,0.1,0.15,0.2
52,2,0.178722,40.3803,1,1,1.09661,8.20995,3.51545,0.248753
52,3,0.208504,39.7384,1,1,1.13723,4.01838,3.1387,0.257969
52,4,0.00201504,39.2922,0,1,0.884508,6.62204,3.27028,0.200641
52,5,0,27.4233,0,0,0.1,0.1,0.15,0.2
52,6,0.68896,43.9951,1,1,1.92525,14.4137,4.5031,0.436721
52,7,0.9,44.1475,1,1,2.20421,7.78851,4.01311,0.5
52.1,0,0,28.6547,0,0,0.1,0.1,0.15,0.2
52.1,1,0,26.5259,0,0,0.1,0.1,0.15,0.2
52.1,2,0.178069,40.3706,1,1,1.252,5.06163,3.28891,0.24854
52.1,3,0.20794,39.7061,1,1,0.926492,1.8044,2.84389,0.257772
52.1,4,0.00139742,39.2875,0,1,1.08225,4.01062,3.11282,0.200484
52.1,5,0,27.3942,0,0,0.1,0.1,0.15,0.2
52.1,6,0.68873,44.0049,1,1,2.75089,8.34092,4.352,0.436636
52.1,7,0.9,44.084,1,1,1.79712,3.5,3.40813,0.5
52.2,0,0,28.605,0,0,0.1,0.1,0.15,0.2
52.2,1,0,26.5117,0,0,0.1,0.1,0.15,0.2
52.2,2,0.177425,40.3579,1,1,0.788574,6.80063,3.24591,0.248342
52.2,3,0.207368,39.6769,1,1,0.817953,2.75424,2.87941,0.257594
52.2,4,0.000790863,39.2786,0,1,0.636138,5.48602,3.05704,0.200336
52.2,5,0,27.3655,0,0,0.1,0.1,0.15,0.2
52.2,6,0.688518,43.9887,1,1,1.38622,11.9547,4.00654,0.436554
52.2,7,0.9,44.0266,1,1,1.58768,5.34609,3.47527,0.5
52.3,0,0,28.5562,0,0,0.1,0.1,0.15,0.2
52.3,1,0,26.4978,0,0,0.1,0.1,0.15,0.2
52.3,2,0.176765,40.3516,1,1,0.947902,6.9441,3.32865,0.248146
52.3,3,0.20679,39.651,1,1,0.983305,2.33068,2.91523,0.257414
52.3,4,0.000171432,39.2748,0,1,0.764713,5.6021,3.12193,0.20019
52.3,5,0,27.3373,0,0,0.1,0.1,0.15,0.2
52.3,6,0.688297,43.9846,1,1,1.66732,12.2144,4.16567,0.436479
52.3,7,0.9,43.9764,1,1,1.90997,4.52711,3.55855,0.5
52.4,0,0,28.5082,0,0,0.1,0.1,0.15,0.2
52.4,1,0,26.4841,0,0,0.1,0.1,0.15,0.2
52.4,2,0.176083,40.3535,1,1,0.985702,7.90647,3.43694,0.247945
52.4,3,0.206195,39.6317,1,1,1.02262,3.0603,2.99846,0.257232
52.4,4,0,39.2775,0,0,0.795261,6.3789,3.20866,0.200041
52.4,5,0,27.3096,0,0,0.1,0.1,0.15,0.2
52.4,6,0.688067,43.9953,1,1,1.7349,13.9159,4.36146,0.4364
52.4,7,0.9,43.9398,1,1,1.98774,5.94853,3.72985,0.5
52.5,0,0,28.461,0,0,0.1,0.1,0.15,0.2
52.5,1,0,26.4706,0,0,0.1,0.1,0.15,0.2
52.5,2,0.175381,40.363,1,1,1.11059,8.39034,3.53896,0.247738
52.5,3,0.205608,39.6097,1,1,1.15231,1.94297,2.95919,0.257044
52.5,4,0,39.0508,0,0,0.1,0.1,0.15,0.2
52.5,5,0,27.2824,0,0,0.1,0.1,0.15,0.2
52.5,6,0.687826,44.0202,1,1,1.95598,14.7771,4.55324,0.436318
52.5,7,0.9,43.8986,1,1,2.24146,3.77945,3.65929,0.5
52.6,0,0,28.4145,0,0,0.1,0.1,0.15,0.2
52.6,1,0,26.4573,0,0,0.1,0.1,0.15,0.2
52.6,2,0.174685,40.3698,1,1,1.1866,7.66055,3.5041,0.247525
52.6,3,0.204994,39.5984,1,1,1.23134,3.06567,3.09515,0.25686
52.6,4,0,38.8279,0,0,0.1,0.1,0.15,0.2
52.6,5,0,27.2556,0,0,0.1,0.1,0.15,0.2
52.6,6,0.687588,44.0407,1,1,2.09123,13.5008,4.49911,0.436232
52.6,7,0.9,43.8793,1,1,2.39692,5.96759,3.94196,0.5
52.7,0,0,28.3689,0,0,0.1,0.1,0.15,0.2
52.7,1,0,26.4443,0,0,0.1,0.1,0.15,0.2
52.7,2,0.174052,40.3531,1,1,1.10495,4.76259,3.19316,0.247315
52.7,3,0.204382,39.5865,1,1,1.14674,3.39554,3.0858,0.256667
52.7,4,0,38.6087,0,0,0.1,0.1,0.15,0.2
52.7,5,0,27.2293,0,0,0.1,0.1,0.15,0.2
52.7,6,0.687379,44.0189,1,1,1.94862,8.39898,3.94108,0.436147
52.7,7,0.9,43.8585,1,1,2.2339,6.61469,3.91789,0.5
52.8,0,0,28.324,0,0,0.1,0.1,0.15,0.2
52.8,1,0,26.4315,0,0,0.1,0.1,0.15,0.2
52.8,2,0.173414,40.3382,1,1,0.732874,6.69946,3.21269,0.247123
52.8,3,0.203792,39.5663,1,1,0.760607,4.02101,2.97133,0.256474
52.8,4,0,38.3931,0,0,0.1,0.1,0.15,0.2
52.8,5,0,27.2034,0,0,0.1,0.1,0.15,0.2
52.8,6,0.68717,43.9982,1,1,1.29323,11.8219,3.95047,0.436073
52.8,7,0.9,43.8186,1,1,1.48281,7.83901,3.65974,0.5
52.9,0,0,28.2798,0,0,0.1,0.1,0.15,0.2
52.9,1,0,26.4189,0,0,0.1,0.1,0.15,0.2
52.9,2,0.17279,40.3185,1,1,1.10019,4.28046,3.14604,0.24693
52.9,3,0.20327,39.5207,1,1,0.428346,1.79402,2.62915,0.256289
52.9,4,0,38.1811,0,0,0.1,0.1,0.15,0.2
52.9,5,0,27.1779,0,0,0.1,0.1,0.15,0.2
52.9,6,0.686942,44.0052,1,1,3.00472,6.49577,4.31567,0.435998
52.9,7,0.9,43.7267,1,1,0.83567,3.5,2.95544,0.5
53,0,0,28.2364,0,0,0.1,0.1,0.15,0.2
53,1,0,26.4065,0,0,0.1,0.1,0.15,0.2
53,2,0.172122,40.3157,1,1,0.749798,8.24256,3.36705,0.246741
53,3,0.202746,39.4767,1,1,0.455569,1.79288,2.64007,0.256126
53,4,0,37.9727,0,0,0.1,0.1,0.15,0.2
53,5,0,27.1528,0,0,0.1,0.1,0.15,0.2
53,6,0.686708,44.0194,1,1,1.8053,14.0815,4.41185,0.435917
53,7,0.9,43.638,1,1,0.889346,3.5,2.97903,0.5
53.1,0,0,28.1937,0,0,0.1,0.1,0.15,0.2
53.1,1,0,26.3943,0,0,0.1,0.1,0.15,0.2
53.1,2,0.171402,40.3325,1,1,1.4975,7.41915,3.62696,0.246539
53.1,3,0.202206,39.4396,1,1,0.827655,0.827655,2.72251,0.255961
53.1,4,0,37.7677,0,0,0.1,0.1,0.15,0.2
53.1,5,0,27.1282,0,0,0.1,0.1,0.15,0.2
53.1,6,0.686399,44.1405,1,1,4.96366,10.7992,5.84139,0.435833
53.1,7,0.9,43.5639,1,1,1.61676,1.61676,3.1543,0.5
53.2,0,0,28.1517,0,0,0.1,0.1,0.15,0.2
53.2,1,0,26.3823,0,0,0.1,0.1,0.15,0.2
53.2,2,0.170722,40.3342,1,1,1.1136,7.22795,3.42972,0.246322
53.2,3,0.201589,39.4323,1,1,1.15641,3.63291,3.112,0.255792
53.2,4,0,37.5662,0,0,0.1,0.1,0.15,0.2
53.2,5,0,27.104,0,0,0.1,0.1,0.15,0.2
53.2,6,0.686168,44.1492,1,1,1.96986,12.7856,4.36959,0.435723
53.2,7,0.9,43.5528,1,1,2.26045,7.1013,3.9773,0.5
53.3,0,0,28.1105,0,0,0.1,0.1,0.15,0.2
53.3,1,0,26.3705,0,0,0.1,0.1,0.15,0.2
53.3,2,0.170036,40.3379,1,1,1.04182,7.85611,3.45713,0.246117
53.3,3,0.200978,39.4226,1,1,1.08196,3.62599,3.07718,0.255599
53.3,4,0,37.368,0,0,0.1,0.1,0.15,0.2
53.3,5,0,27.0802,0,0,0.1,0.1,0.15,0.2
53.3,6,0.685934,44.1611,1,1,1.84408,13.9057,4.41416,0.43564
53.3,7,0.9,43.5363,1,1,2.11652,7.09313,3.90266,0.5
53.4,0,0,28.0699,0,0,0.1,0.1,0.15,0.2
53.4,1,0,26.3589,0,0,0.1,0.1,0.15,0.2
53.4,2,0.169355,40.3396,1,1,1.11131,7.25136,3.4309,0.24591
53.4,3,0.200334,39.4259,1,1,1.15423,5.11605,3.2488,0.255408
53.4,4,0,37.1731,0,0,0.1,0.1,0.15,0.2
53.4,5,0,27.0568,0,0,0.1,0.1,0.15,0.2
53.4,6,0.685703,44.1698,1,1,1.96835,12.8436,4.37438,0.435557
53.4,7,0.9,43.5463,1,1,2.25958,10.0155,4.25263,0.5
53.5,0,0,28.03,0,0,0.1,0.1,0.15,0.2
53.5,1,0,26.3475,0,0,0.1,0.1,0.15,0.2
53.5,2,0.168701,40.3311,1,1,1.04446,6.14404,3.29577,0.245706
53.5,3,0.19966,39.4402,1,1,1.08485,7.01964,3.39693,0.255206
53.5,4,0,36.9815,0,0,0.1,0.1,0.15,0.2
53.5,5,0,27.0337,0,0,0.1,0.1,0.15,0.2
53.5,6,0.685485,44.16,1,1,1.85114,10.8893,4.12932,0.435474
53.5,7,0.9,43.5777,1,1,2.12544,13.7529,4.54057,0.5
53.6,0,0,27.9907,0,0,0.1,0.1,0.15,0.2
53.6,1,0,26.3363,0,0,0.1,0.1,0.15,0.2
53.6,2,0.168036,40.3271,1,1,0.974566,7.09197,3.35448,0.245509
53.6,3,0.199024,39.4398,1,1,1.01223,5.31966,3.20351,0.254996
53.6,4,0,36.793,0,0,0.1,0.1,0.15,0.2
53.6,5,0,27.0111,0,0,0.1,0.1,0.15,0.2
53.6,6,0.685261,44.158,1,1,1.72834,12.5772,4.2301,0.435396
53.6,7,0.9,43.5795,1,1,1.98479,10.4309,4.15233,0.5
53.7,0,0,27.9521,0,0,0.1,0.1,0.15,0.2
53.7,1,0,26.3253,0,0,0.1,0.1,0.15,0.2
53.7,2,0.16735,40.3309,1,1,1.0075,8.00559,3.45606,0.245309
53.7,3,0.198383,39.4416,1,1,1.04647,5.47119,3.23316,0.254797
53.7,4,0,36.6077,0,0,0.1,0.1,0.15,0.2
53.7,5,0,26.9888,0,0,0.1,0.1,0.15,0.2
53.7,6,0.685027,44.1698,1,1,1.78786,14.2064,4.41525,0.435316
53.7,7,0.9,43.5861,1,1,2.05353,10.7364,4.21608,0.5
53.8,0,0,27.9142,0,0,0.1,0.1,0.15,0.2
53.8,1,0,26.3144,0,0,0.1,0.1,0.15,0.2
53.8,2,0.166644,40.3424,1,1,1.13274,8.50125,3.55956,0.245103
53.8,3,0.197799,39.4217,1,1,1.14734,1.78218,2.94324,0.254597
53.8,4,0,36.4255,0,0,0.1,0.1,0.15,0.2
53.8,5,0,26.9669,0,0,0.1,0.1,0.15,0.2
53.8,6,0.684782,44.1975,1,1,2.05519,15.052,4.62938,0.435232
53.8,7,0.9,43.5493,1,1,2.25325,3.5,3.64011,0.5
53.9,0,0,27.8768,0,0,0.1,0.1,0.15,0.2
53.9,1,0,26.3038,0,0,0.1,0.1,0.15,0.2
53.9,2,0.165923,40.359,1,1,1.20321,8.91508,3.63117,0.244891
53.9,3,0.197197,39.4086,1,1,1.25,2.24059,3.0306,0.254415
53.9,4,0,36.2464,0,0,0.1,0.1,0.15,0.2
53.9,5,0,26.9454,0,0,0.1,0.1,0.15,0.2
53.9,6,0.684531,44.2336,1,1,2.13797,15.8411,4.74689,0.435145
53.9,7,0.9,43.5273,1,1,2.45662,4.40341,3.82847,0.5
54,0,0,27.8401,0,0,0.1,0.1,0.15,0.2
54,1,0,26.2933,0,0,0.1,0.1,0.15,0.2
54,2,0.165221,40.3683,1,1,1.26367,7.63483,3.5372,0.244675
54,3,0.196586,39.3994,1,1,1.31301,2.46123,3.07968,0.254228
54,4,0,36.0702,0,0,0.1,0.1,0.15,0.2
54,5,0,26.9242,0,0,0.1,0.1,0.15,0.2
54,6,0.684288,44.2569,1,1,2.24692,13.5754,4.58564,0.435055
54,7,0.9,43.5137,1,1,2.58234,4.84059,3.93504,0.5
54.1,0,0,27.8041,0,0,0.1,0.1,0.15,0.2
54.1,1,0,26.283,0,0,0.1,0.1,0.15,0.2
54.1,2,0.164521,40.377,1,1,1.30578,7.36296,3.53099,0.244465
54.1,3,0.196055,39.3602,1,1,0.548783,1.77827,2.67722,0.254038
54.1,4,0,35.8969,0,0,0.1,0.1,0.15,0.2
54.1,5,0,26.9034,0,0,0.1,0.1,0.15,0.2
54.1,6,0.684018,44.3198,1,1,3.53404,11.8899,5.11715,0.434968
54.1,7,0.9,43.4349,1,1,1.08012,3.5,3.06477,0.5
54.2,0,0,27.7686,0,0,0.1,0.1,0.15,0.2
54.2,1,0,26.2729,0,0,0.1,0.1,0.15,0.2
54.2,2,0.163858,40.3713,1,1,1.44355,4.66221,3.3421,0.244255
54.2,3,0.195556,39.3094,1,1,0.40323,0.40323,2.51394,0.253873
54.2,4,0,35.7265,0,0,0.1,0.1,0.15,0.2
54.2,5,0,26.8829,0,0,0.1,0.1,0.15,0.2
54.2,6,0.683737,44.396,1,1,4.81891,6.05174,5.30978,0.434871
54.2,7,0.9,43.3306,1,1,0.794157,0.794157,2.70529,0.5
54.3,0,0,27.7337,0,0,0.1,0.1,0.15,0.2
54.3,1,0,26.2629,0,0,0.1,0.1,0.15,0.2
54.3,2,0.16318,40.3713,1,1,1.0168,7.52778,3.4147,0.244057
54.3,3,0.195096,39.2451,1,1,0.0439504,0.0439504,2.32179,0.253718
54.3,4,0,35.559,0,0,0.1,0.1,0.15,0.2
54.3,5,0,26.8628,0,0,0.1,0.1,0.15,0.2
54.3,6,0.68347,44.4503,1,1,3.39629,11.8253,5.03421,0.43477
54.3,7,0.9,43.2035,1,1,0.0866128,0.0866128,2.37941,0.5
54.4,0,0,27.6994,0,0,0.1,0.1,0.15,0.2
54.4,1,0,26.2531,0,0,0.1,0.1,0.15,0.2
54.4,2,0.162502,40.3714,1,1,1.22157,6.57899,3.41763,0.243855
54.4,3,0.194558,39.2109,1,1,0.628102,1.77502,2.7104,0.253575
54.4,4,0,35.3943,0,0,0.1,0.1,0.15,0.2
54.4,5,0,26.843,0,0,0.1,0.1,0.15,0.2
54.4,6,0.683217,44.4856,1,1,3.14066,10.7639,4.7924,0.434674
54.4,7,0.9,43.1355,1,1,1.2385,3.5,3.13797,0.5
54.5,0,0,27.6656,0,0,0.1,0.1,0.15,0.2
54.5,1,0,26.2435,0,0,0.1,0.1,0.15,0.2
54.5,2,0.161841,40.3649,1,1,0.974261,6.83221,3.32967,0.243652
54.5,3,0.193947,39.205,1,1,1.01327,3.97511,3.07826,0.253408
54.5,4,0,35.2323,0,0,0.1,0.1,0.15,0.2
54.5,5,0,26.8235,0,0,0.1,0.1,0.15,0.2
54.5,6,0.682995,44.4756,1,1,1.73771,12.1861,4.19728,0.434583
54.5,7,0.9,43.1268,1,1,1.99928,7.84331,3.91396,0.5
54.6,0,0,27.6324,0,0,0.1,0.1,0.15,0.2
54.6,1,0,26.234,0,0,0.1,0.1,0.15,0.2
54.6,2,0.161137,40.3749,1,1,0.97502,9.11931,3.54797,0.243455
54.6,3,0.193317,39.2065,1,1,1.01412,5.03269,3.17738,0.253218
54.6,4,0,35.073,0,0,0.1,0.1,0.15,0.2
54.6,5,0,26.8044,0,0,0.1,0.1,0.15,0.2
54.6,6,0.682752,44.4953,1,1,1.74015,16.2756,4.59024,0.434504
54.6,7,0.9,43.1332,1,1,2.00246,9.93746,4.11425,0.5
54.7,0,0,27.5998,0,0,0.1,0.1,0.15,0.2
54.7,1,0,26.2247,0,0,0.1,0.1,0.15,0.2
54.7,2,0.160464,40.3732,1,1,1.2607,6.12555,3.39293,0.243246
54.7,3,0.192711,39.1986,1,1,1.31138,2.15306,3.05202,0.253023
54.7,4,0,34.9164,0,0,0.1,0.1,0.15,0.2
54.7,5,0,26.7856,0,0,0.1,0.1,0.15,0.2
54.7,6,0.682522,44.4956,1,1,2.25151,10.9397,4.33643,0.434416
54.7,7,0.9,43.1225,1,1,2.59142,4.25468,3.88609,0.5
54.8,0,0,27.5677,0,0,0.1,0.1,0.15,0.2
54.8,1,0,26.2155,0,0,0.1,0.1,0.15,0.2
54.8,2,0.159801,40.3675,1,1,0.922522,7.18856,3.34075,0.243045
54.8,3,0.192103,39.1917,1,1,0.959681,4.06918,3.06297,0.252835
54.8,4,0,34.7624,0,0,0.1,0.1,0.15,0.2
54.8,5,0,26.767,0,0,0.1,0.1,0.15,0.2
54.8,6,0.682299,44.4869,1,1,1.64859,12.8463,4.21705,0.434334
54.8,7,0.9,43.1116,1,1,1.89784,8.04711,3.88233,0.5
54.9,0,0,27.5362,0,0,0.1,0.1,0.15,0.2
54.9,1,0,26.2065,0,0,0.1,0.1,0.15,0.2
54.9,2,0.159107,40.374,1,1,1.01306,8.45958,3.50182,0.242848
54.9,3,0.1915,39.1832,1,1,1.05394,3.36394,3.04037,0.252647
54.9,4,0,34.6109,0,0,0.1,0.1,0.15,0.2
54.9,5,0,26.7488,0,0,0.1,0.1,0.15,0.2
54.9,6,0.68206,44.5008,1,1,1.81153,15.1272,4.51512,0.434254
54.9,7,0.9,43.0982,1,1,2.0858,6.6574,3.84602,0.5
55,0,0,27.5052,0,0,0.1,0.1,0.15,0.2
55,1,0,26.1976,0,0,0.1,0.1,0.15,0.2
55,2,0.15842,40.3773,1,1,1.21247,7.07881,3.46077,0.242642
55,3,0.190917,39.1672,1,1,1.13918,1.76722,2.93818,0.25246
55,4,0,34.462,0,0,0.1,0.1,0.15,0.2
55,5,0,26.7309,0,0,0.1,0.1,0.15,0.2
55,6,0.68182,44.516,1,1,2.35365,12.4823,4.53624,0.434168
55,7,0.9,43.0697,1,1,2.25615,3.5,3.64162,0.5
55.1,0,0,27.4747,0,0,0.1,0.1,0.15,0.2
55.1,1,0,26.1889,0,0,0.1,0.1,0.15,0.2
55.1,2,0.157707,40.3904,1,1,1.22915,8.37075,3.59122,0.242438
55.1,3,0.190392,39.1294,1,1,0.473172,1.76596,2.64488,0.25228
55.1,4,0,34.3155,0,0,0.1,0.1,0.15,0.2
55.1,5,0,26.7133,0,0,0.1,0.1,0.15,0.2
55.1,6,0.681544,44.583,1,1,3.41407,13.7744,5.22973,0.434082
55.1,7,0.9,42.9936,1,1,0.937791,3.5,3.00053,0.5
55.2,0,0,27.4447,0,0,0.1,0.1,0.15,0.2
55.2,1,0,26.1804,0,0,0.1,0.1,0.15,0.2
55.2,2,0.156967,40.4139,1,1,1.59859,8.02595,3.73312,0.242226
55.2,3,0.189891,39.0834,1,1,0.428057,0.428057,2.52546,0.252118
55.2,4,0,34.1715,0,0,0.1,0.1,0.15,0.2
55.2,5,0,26.696,0,0,0.1,0.1,0.15,0.2
55.2,6,0.681216,44.7206,1,1,5.37017,11.8735,6.1875,0.433982
55.2,7,0.9,42.8987,1,1,0.848922,0.848922,2.7335,0.5
55.3,0,0,27.4152,0,0,0.1,0.1,0.15,0.2
55.3,1,0,26.1719,0,0,0.1,0.1,0.15,0.2
55.3,2,0.156212,40.4424,1,1,1.60264,8.77293,3.80602,0.242007
55.3,3,0.189368,39.0466,1,1,0.662892,0.662892,2.63892,0.251964
55.3,4,0,34.0299,0,0,0.1,0.1,0.15,0.2
55.3,5,0,26.679,0,0,0.1,0.1,0.15,0.2
55.3,6,0.680882,44.8663,1,1,5.38719,13.2139,6.325,0.433864
55.3,7,0.9,42.8242,1,1,1.31545,1.31545,2.98424,0.5
55.4,0,0,27.3862,0,0,0.1,0.1,0.15,0.2
55.4,1,0,26.1637,0,0,0.1,0.1,0.15,0.2
55.4,2,0.155453,40.4716,1,1,1.72766,8.28633,3.82073,0.241783
55.4,3,0.188825,39.0176,1,1,0.852622,0.852622,2.73542,0.251802
55.4,4,0,33.8907,0,0,0.1,0.1,0.15,0.2
55.4,5,0,26.6623,0,0,0.1,0.1,0.15,0.2
55.4,6,0.680539,45.0215,1,1,5.81122,12.1532,6.4831,0.433744
55.4,7,0.9,42.767,1,1,1.69304,1.69304,3.19821,0.5
55.5,0,0,27.3577,0,0,0.1,0.1,0.15,0.2
55.5,1,0,26.1555,0,0,0.1,0.1,0.15,0.2
55.5,2,0.154706,40.4964,1,1,1.66745,8.05463,3.7693,0.241559
55.5,3,0.188313,38.9773,0,1,0.53884,0.53884,2.57804,0.251635
55.5,4,0,33.7537,0,0,0.1,0.1,0.15,0.2
55.5,5,0,26.6458,0,0,0.1,0.1,0.15,0.2
55.5,6,0.680204,45.1626,1,1,5.61229,11.8397,6.33152,0.43362
55.5,7,0.9,42.6847,1,1,1.07068,1.07068,2.85054,0.5
55.6,0,0,27.3296,0,0,0.1,0.1,0.15,0.2
55.6,1,0,26.1475,0,0,0.1,0.1,0.15,0.2
55.6,2,0.154,40.505,1,1,1.49928,6.68201,3.55811,0.241338
55.6,3,0.187734,38.9633,0,1,0.74765,3.52068,2.91922,0.502954
55.6,4,0,33.6191,0,0,0.1,0.1,0.15,0.2
55.6,5,0,26.6297,0,0,0.1,0.1,0.15,0.2
55.6,6,0.679912,45.2393,1,1,4.48563,10.2099,5.50305,0.433499
55.6,7,0.9,42.6086,1,1,0.743259,3.5,2.91542,0.5
55.7,0,0,27.302,0,0,0.1,0.1,0.15,0.2
55.7,1,0,26.1396,0,0,0.1,0.1,0.15,0.2
55.7,2,0.153303,40.5098,1,1,1.02178,8.49099,3.50869,0.241129
55.7,3,0.187016,39.002,0,1,2.12974,3.95966,3.61812,0.502598
55.7,4,0,33.4867,0,0,0.1,0.1,0.15,0.2
55.7,5,0,26.6137,0,0,0.1,0.1,0.15,0.2
55.7,6,0.679672,45.2425,1,1,1.83649,15.2613,4.54028,0.433394
55.7,7,0.9,42.5859,1,1,2.11873,3.93919,3.61061,0.5
55.8,0,0,27.2749,0,0,0.1,0.1,0.15,0.2
55.8,1,0,26.1319,0,0,0.1,0.1,0.15,0.2
55.8,2,0.152586,40.5223,1,1,1.18808,8.80478,3.61372,0.240924
55.8,3,0.186236,39.0635,0,1,2.47631,5.41097,3.93179,0.502156
55.8,4,0,33.3565,0,0,0.1,0.1,0.15,0.2
55.8,5,0,26.5981,0,0,0.1,0.1,0.15,0.2
55.8,6,0.679421,45.2611,1,1,2.1368,15.8356,4.74576,0.433308
55.8,7,0.9,42.5871,1,1,2.46568,5.38774,3.92404,0.5
55.9,0,0,27.2483,0,0,0.1,0.1,0.15,0.2
55.9,1,0,26.1243,0,0,0.1,0.1,0.15,0.2
55.9,2,0.15186,40.5383,1,1,1.24801,9.02673,3.66243,0.240713
55.9,3,0.185443,39.1289,0,1,2.60102,5.41115,3.99769,0.501676
55.9,4,0,33.2285,0,0,0.1,0.1,0.15,0.2
55.9,5,0,26.5827,0,0,0.1,0.1,0.15,0.2
55.9,6,0.679165,45.2865,1,1,2.24608,16.2456,4.84082,0.433217
55.9,7,0.9,42.5933,1,1,2.59233,5.39307,3.9914,0.5
56,0,0,27.222,0,0,0.1,0.1,0.15,0.2
56,1,0,26.1168,0,0,0.1,0.1,0.15,0.2
56,2,0.151129,40.5555,1,1,1.29205,9.0187,3.68206,0.240499
56,3,0.184645,39.1951,0,1,2.69258,5.15573,4.02279,0.501189
56,4,0,33.1026,0,0,0.1,0.1,0.15,0.2
56,5,0,26.5676,0,0,0.1,0.1,0.15,0.2
56,6,0.678907,45.3145,1,1,2.32691,16.2422,4.88207,0.433124
56,7,0.9,42.6015,1,1,2.6862,5.1435,4.01825,0.5
56.1,0,0,27.1963,0,0,0.1,0.1,0.15,0.2
56.1,1,0,26.1094,0,0,0.1,0.1,0.15,0.2
56.1,2,0.15043,40.5604,1,1,1.29671,7.3194,3.52263,0.240284
56.1,3,0.183797,39.2789,0,1,2.70207,7.76756,4.27187,0.500699
56.1,4,0,32.9788,0,0,0.1,0.1,0.15,0.2
56.1,5,0,26.5527,0,0,0.1,0.1,0.15,0.2
56.1,6,0.678664,45.3206,1,1,2.33689,13.1908,4.59523,0.433031
56.1,7,0.9,42.6283,1,1,2.69829,7.75671,4.26883,0.5
56.2,0,0,27.1709,0,0,0.1,0.1,0.15,0.2
56.2,1,0,26.1022,0,0,0.1,0.1,0.15,0.2
56.2,2,0.149776,40.5482,1,1,1.07609,5.98587,3.29507,0.240078
56.2,3,0.183065,39.3179,0,1,2.24194,4.14336,3.69269,0.50018
56.2,4,0,32.857,0,0,0.1,0.1,0.15,0.2
56.2,5,0,26.5381,0,0,0.1,0.1,0.15,0.2
56.2,6,0.678443,45.2943,1,1,1.94056,10.7946,4.16482,0.432943
56.2,7,0.9,42.6114,1,1,2.24113,4.14187,3.69213,0.5
56.3,0,0,27.146,0,0,0.1,0.1,0.15,0.2
56.3,1,0,26.0951,0,0,0.1,0.1,0.15,0.2
56.3,2,0.14911,40.541,1,1,0.882039,7.57615,3.36,0.239886
56.3,3,0.182341,39.3527,0,1,1.83746,5.86063,3.64624,0.499731
56.3,4,0,32.7373,0,0,0.1,0.1,0.15,0.2
56.3,5,0,26.5237,0,0,0.1,0.1,0.15,0.2
56.3,6,0.678217,45.2762,1,1,1.5916,13.6708,4.26849,0.432864
56.3,7,0.9,42.5914,1,1,1.83845,5.86378,3.64703,0.5
56.4,0,0,27.1215,0,0,0.1,0.1,0.15,0.2
56.4,1,0,26.0881,0,0,0.1,0.1,0.15,0.2
56.4,2,0.148442,40.5343,1,1,1.05641,6.80955,3.36418,0.239691
56.4,3,0.18159,39.3975,0,1,2.20056,5.3945,3.78673,0.499289
56.4,4,0,32.6196,0,0,0.1,0.1,0.15,0.2
56.4,5,0,26.5096,0,0,0.1,0.1,0.15,0.2
56.4,6,0.67799,45.2601,1,1,1.90744,12.2952,4.29153,0.432782
56.4,7,0.9,42.5824,1,1,2.2037,5.40218,3.78906,0.5
56.5,0,0,27.0973,0,0,0.1,0.1,0.15,0.2
56.5,1,0,26.0812,0,0,0.1,0.1,0.15,0.2
56.5,2,0.147819,40.5112,1,1,0.982443,4.81966,3.14321,0.239495
56.5,3,0.180841,39.4407,0,1,2.04627,6.11255,3.77483,0.498829
56.5,4,0,32.5039,0,0,0.1,0.1,0.15,0.2
56.5,5,0,26.4956,0,0,0.1,0.1,0.15,0.2
56.5,6,0.677785,45.2137,1,1,1.775,8.70777,3.88401,0.4327
56.5,7,0.9,42.5727,1,1,2.05107,6.12689,3.77861,0.5
56.6,0,0,27.0736,0,0,0.1,0.1,0.15,0.2
56.6,1,0,26.0744,0,0,0.1,0.1,0.15,0.2
56.6,2,0.147186,40.4917,1,1,0.72471,6.46147,3.1866,0.239312
56.6,3,0.180179,39.45,0,1,1.50922,4.22906,3.33355,0.498372
56.6,4,0,32.3901,0,0,0.1,0.1,0.15,0.2
56.6,5,0,26.482,0,0,0.1,0.1,0.15,0.2
56.6,6,0.677576,45.1727,1,1,1.31012,11.681,3.94482,0.432626
56.6,7,0.9,42.5302,1,1,1.51415,4.24288,3.3372,0.5
56.7,0,0,27.0503,0,0,0.1,0.1,0.15,0.2
56.7,1,0,26.0678,0,0,0.1,0.1,0.15,0.2
56.7,2,0.146565,40.4682,1,1,0.897578,5.08204,3.13028,0.239127
56.7,3,0.179465,39.4793,0,1,1.86915,5.20798,3.60116,0.497969
56.7,4,0,32.2782,0,0,0.1,0.1,0.15,0.2
56.7,5,0,26.4685,0,0,0.1,0.1,0.15,0.2
56.7,6,0.677372,45.1257,1,1,1.6236,9.19274,3.8561,0.43255
56.7,7,0.9,42.5085,1,1,1.87678,5.22923,3.60695,0.5
56.8,0,0,27.0274,0,0,0.1,0.1,0.15,0.2
56.8,1,0,26.0612,0,0,0.1,0.1,0.15,0.2
56.8,2,0.145927,40.4518,1,1,0.746884,6.69414,3.21809,0.238946
56.8,3,0.178764,39.5029,0,1,1.55516,6.12726,3.53274,0.497533
56.8,4,0,32.1681,0,0,0.1,0.1,0.15,0.2
56.8,5,0,26.4553,0,0,0.1,0.1,0.15,0.2
56.8,6,0.67716,45.0907,1,1,1.35181,12.116,4.00588,0.432476
56.8,7,0.9,42.4821,1,1,1.56288,6.15764,3.53932,0.5
56.9,0,0,27.0049,0,0,0.1,0.1,0.15,0.2
56.9,1,0,26.0548,0,0,0.1,0.1,0.15,0.2
56.9,2,0.145262,40.4456,1,1,0.929402,7.27069,3.35158,0.238759
56.9,3,0.178012,39.5453,0,1,1.93505,6.84745,3.78768,0.497106
56.9,4,0,32.0599,0,0,0.1,0.1,0.15,0.2
56.9,5,0,26.4423,0,0,0.1,0.1,0.15,0.2
56.9,6,0.676934,45.0757,1,1,1.68317,13.1674,4.26457,0.432399
56.9,7,0.9,42.4756,1,1,1.94632,6.88731,3.79709,0.5
57,0,0,26.9827,0,0,0.1,0.1,0.15,0.2
57,1,0,26.0484,0,0,0.1,0.1,0.15,0.2
57,2,0.144638,40.4239,1,1,1.02418,4.61875,3.14311,0.238565
57,3,0.177242,39.5941,0,1,2.13215,6.80538,3.88357,0.496649
57,4,0,31.9535,0,0,0.1,0.1,0.15,0.2
57,5,0,26.4295,0,0,0.1,0.1,0.15,0.2
57,6,0.676728,45.033,1,1,1.85597,8.36992,3.89204,0.432318
57,7,0.9,42.4764,1,1,2.14654,6.8513,3.89524,0.5
57.1,0,0,26.9609,0,0,0.1,0.1,0.15,0.2
57.1,1,0,26.0422,0,0,0.1,0.1,0.15,0.2
57.1,2,0.143981,40.4153,1,1,0.704828,7.87487,3.31308,0.238383
57.1,3,0.176554,39.611,0,1,1.46706,5.88694,3.46781,0.49618
57.1,4,0,31.8488,0,0,0.1,0.1,0.15,0.2
57.1,5,0,26.4169,0,0,0.1,0.1,0.15,0.2
57.1,6,0.676507,45.0125,1,1,1.27802,14.279,4.17897,0.432243
57.1,7,0.9,42.446,1,1,1.47835,5.93226,3.47747,0.5
57.2,0,0,26.9395,0,0,0.1,0.1,0.15,0.2
57.2,1,0,26.0361,0,0,0.1,0.1,0.15,0.2
57.2,2,0.143347,40.3981,1,1,1.0716,4.95269,3.1958,0.238191
57.2,3,0.175797,39.6533,0,1,2.23039,5.49865,3.81179,0.495762
57.2,4,0,31.7459,0,0,0.1,0.1,0.15,0.2
57.2,5,0,26.4046,0,0,0.1,0.1,0.15,0.2
57.2,6,0.676296,44.9786,1,1,1.94426,8.98592,3.99457,0.432163
57.2,7,0.9,42.4422,1,1,2.24945,5.54565,3.82601,0.5
57.3,0,0,26.9184,0,0,0.1,0.1,0.15,0.2
57.3,1,0,26.0301,0,0,0.1,0.1,0.15,0.2
57.3,2,0.142714,40.3807,1,1,0.752452,6.37054,3.18965,0.238007
57.3,3,0.174982,39.7175,0,1,1.56589,12.1647,4.11193,0.495303
57.3,4,0,31.6448,0,0,0.1,0.1,0.15,0.2
57.3,5,0,26.3924,0,0,0.1,0.1,0.15,0.2
57.3,6,0.676087,44.9426,1,1,1.36603,11.5653,3.95982,0.432086
57.3,7,0.9,42.4612,1,1,1.58074,12.28,4.1301,0.5
57.4,0,0,26.8977,0,0,0.1,0.1,0.15,0.2
57.4,1,0,26.0242,0,0,0.1,0.1,0.15,0.2
57.4,2,0.142021,40.3862,1,1,0.889684,8.91834,3.49143,0.237822
57.4,3,0.174189,39.7718,0,1,1.85106,9.47558,3.99461,0.494809
57.4,4,0,31.5453,0,0,0.1,0.1,0.15,0.2
57.4,5,0,26.3804,0,0,0.1,0.1,0.15,0.2
57.4,6,0.675847,44.9494,1,1,1.61613,16.2004,4.52287,0.43201
57.4,7,0.9,42.4712,1,1,1.87048,9.57499,4.01371,0.5
57.5,0,0,26.8773,0,0,0.1,0.1,0.15,0.2
57.5,1,0,26.0183,0,0,0.1,0.1,0.15,0.2
57.5,2,0.141307,40.3999,1,1,1.24614,8.39398,3.60128,0.237621
57.5,3,0.173384,39.83,0,1,2.59238,6.11355,4.05845,0.494329
57.5,4,0,31.4474,0,0,0.1,0.1,0.15,0.2
57.5,5,0,26.3687,0,0,0.1,0.1,0.15,0.2
57.5,6,0.675596,44.9736,1,1,2.26512,15.2577,4.75595,0.431923
57.5,7,0.9,42.4861,1,1,2.62213,6.18369,4.08077,0.5
57.6,0,0,26.8573,0,0,0.1,0.1,0.15,0.2
57.6,1,0,26.0126,0,0,0.1,0.1,0.15,0.2
57.6,2,0.140639,40.3954,1,1,1.20396,6.0805,3.3624,0.237413
57.6,3,0.172599,39.8796,0,1,2.50435,5.52152,3.95681,0.493841
57.6,4,0,31.3512,0,0,0.1,0.1,0.15,0.2
57.6,5,0,26.3571,0,0,0.1,0.1,0.15,0.2
57.6,6,0.675367,44.9645,1,1,2.18989,11.0598,4.31626,0.431832
57.6,7,0.9,42.4931,1,1,2.53558,5.59038,3.97968,0.5
57.7,0,0,26.8376,0,0,0.1,0.1,0.15,0.2
57.7,1,0,26.007,0,0,0.1,0.1,0.15,0.2
57.7,2,0.139976,40.3896,1,1,0.909815,7.2823,3.34411,0.23722
57.7,3,0.171786,39.9386,0,1,1.89222,10.3036,4.0939,0.493367
57.7,4,0,31.2566,0,0,0.1,0.1,0.15,0.2
57.7,5,0,26.3458,0,0,0.1,0.1,0.15,0.2
57.7,6,0.675142,44.9512,1,1,1.6559,13.2541,4.25962,0.431749
57.7,7,0.9,42.5106,1,1,1.91766,10.4421,4.11978,0.5
57.8,0,0,26.8182,0,0,0.1,0.1,0.15,0.2
57.8,1,0,26.0015,0,0,0.1,0.1,0.15,0.2
57.8,2,0.139302,40.3879,1,1,1.02318,7.31265,3.39708,0.237027
57.8,3,0.170947,40.007,0,1,2.12762,10.4962,4.2308,0.492876
57.8,4,0,31.1636,0,0,0.1,0.1,0.15,0.2
57.8,5,0,26.3346,0,0,0.1,0.1,0.15,0.2
57.8,6,0.674911,44.9462,1,1,1.86339,13.3176,4.36742,0.431667
57.8,7,0.9,42.5383,1,1,2.15837,10.6479,4.26092,0.5
57.9,0,0,26.7991,0,0,0.1,0.1,0.15,0.2
57.9,1,0,25.996,0,0,0.1,0.1,0.15,0.2
57.9,2,0.138636,40.3833,1,1,1.04112,6.82078,3.35838,0.236832
57.9,3,0.170103,40.0757,0,1,2.16447,10.5137,4.25125,0.49237
57.9,4,0,31.0721,0,0,0.1,0.1,0.15,0.2
57.9,5,0,26.3236,0,0,0.1,0.1,0.15,0.2
57.9,6,0.674683,44.9362,1,1,1.89726,12.4296,4.29931,0.431583
57.9,7,0.9,42.5673,1,1,2.19802,10.6766,4.28391,0.5
58,0,0,26.7804,0,0,0.1,0.1,0.15,0.2
58,1,0,25.9907,0,0,0.1,0.1,0.15,0.2
58,2,0.137948,40.3866,1,1,0.981937,8.19719,3.46299,0.236639
58,3,0.169311,40.1239,0,1,2.04099,8.45833,3.99324,0.491862
58,4,0,30.9822,0,0,0.1,0.1,0.15,0.2
58,5,0,26.3128,0,0,0.1,0.1,0.15,0.2
58,6,0.674446,44.9405,1,1,1.79052,14.9472,4.48753,0.431501
58,7,0.9,42.5763,1,1,2.07476,8.59829,4.02361,0.5
58.1,0,0,26.762,0,0,0.1,0.1,0.15,0.2
58.1,1,0,25.9854,0,0,0.1,0.1,0.15,0.2
58.1,2,0.137269,40.3871,1,1,1.14643,7.0211,3.42502,0.23644
58.1,3,0.168483,40.1848,0,1,2.38257,8.49631,4.17224,0.491385
58.1,4,0,30.8937,0,0,0.1,0.1,0.15,0.2
58.1,5,0,26.3021,0,0,0.1,0.1,0.15,0.2
58.1,6,0.674211,44.9407,1,1,2.0918,12.8109,4.43344,0.431414
58.1,7,0.9,42.5989,1,1,2.42435,8.64527,4.20812,0.5
58.2,0,0,26.7439,0,0,0.1,0.1,0.15,0.2
58.2,1,0,25.9802,0,0,0.1,0.1,0.15,0.2
58.2,2,0.136583,40.3898,1,1,1.02009,7.93919,3.45534,0.236244
58.2,3,0.167629,40.2548,0,1,2.11963,11.3474,4.30785,0.490887
58.2,4,0,30.8067,0,0,0.1,0.1,0.15,0.2
58.2,5,0,26.2917,0,0,0.1,0.1,0.15,0.2
58.2,6,0.673974,44.9443,1,1,1.86247,14.4952,4.47971,0.431329
58.2,7,0.9,42.6317,1,1,2.15898,11.5581,4.34798,0.5
58.3,0,0,26.726,0,0,0.1,0.1,0.15,0.2
58.3,1,0,25.9751,0,0,0.1,0.1,0.15,0.2
58.3,2,0.13594,40.3763,1,1,1.11897,5.19163,3.23975,0.236046
58.3,3,0.166662,40.366,0,1,2.32461,16.1602,4.87302,0.490373
58.3,4,0,30.7212,0,0,0.1,0.1,0.15,0.2
58.3,5,0,26.2814,0,0,0.1,0.1,0.15,0.2
58.3,6,0.673758,44.9189,1,1,2.0443,9.48483,4.09232,0.431243
58.3,7,0.9,42.7074,1,1,2.37024,16.4774,4.92701,0.5
58.4,0,0,26.7085,0,0,0.1,0.1,0.15,0.2
58.4,1,0,25.9701,0,0,0.1,0.1,0.15,0.2
58.4,2,0.135258,40.3779,1,1,1.11135,7.32904,3.4383,0.23586
58.4,3,0.165785,40.4414,0,1,2.30786,11.5149,4.42027,0.489793
58.4,4,0,30.6371,0,0,0.1,0.1,0.15,0.2
58.4,5,0,26.2713,0,0,0.1,0.1,0.15,0.2
58.4,6,0.673522,44.9213,1,1,2.03161,13.3978,4.45915,0.431164
58.4,7,0.9,42.7474,1,1,2.35596,11.7548,4.46804,0.5
58.5,0,0,26.6913,0,0,0.1,0.1,0.15,0.2
58.5,1,0,25.9652,0,0,0.1,0.1,0.15,0.2
58.5,2,0.134553,40.3883,1,1,1.05417,8.83739,3.55621,0.235664
58.5,3,0.165035,40.4676,0,1,2.18859,5.38896,3.78006,0.489267
58.5,4,0,30.5544,0,0,0.1,0.1,0.15,0.2
58.5,5,0,26.2614,0,0,0.1,0.1,0.15,0.2
58.5,6,0.673275,44.9397,1,1,1.9283,16.1654,4.67249,0.431078
58.5,7,0.9,42.7378,1,1,2.2366,5.50717,3.81579,0.5
58.6,0,0,26.6744,0,0,0.1,0.1,0.15,0.2
58.6,1,0,25.9604,0,0,0.1,0.1,0.15,0.2
58.6,2,0.133832,40.4042,1,1,1.30266,8.43975,3.63185,0.23546
58.6,3,0.164208,40.5225,0,1,2.70434,6.65659,4.16875,0.488818
58.6,4,0,30.4731,0,0,0.1,0.1,0.15,0.2
58.6,5,0,26.2516,0,0,0.1,0.1,0.15,0.2
58.6,6,0.673019,44.9701,1,1,2.3844,15.4482,4.83576,0.430988
58.6,7,0.9,42.7583,1,1,2.7662,6.80886,4.2161,0.5
58.7,0,0,26.6577,0,0,0.1,0.1,0.15,0.2
58.7,1,0,25.9556,0,0,0.1,0.1,0.15,0.2
58.7,2,0.133118,40.4174,1,1,1.21673,8.51902,3.59963,0.235253
58.7,3,0.163318,40.5999,0,1,2.52561,10.9658,4.48143,0.488323
58.7,4,0,30.3931,0,0,0.1,0.1,0.15,0.2
58.7,5,0,26.242,0,0,0.1,0.1,0.15,0.2
58.7,6,0.672766,44.995,1,1,2.22859,15.6036,4.77035,0.430895
58.7,7,0.9,42.8027,1,1,2.586,11.228,4.53819,0.5
58.8,0,0,26.6413,0,0,0.1,0.1,0.15,0.2
58.8,1,0,25.951,0,0,0.1,0.1,0.15,0.2
58.8,2,0.132418,40.4248,1,1,1.21591,7.73861,3.52499,0.235048
58.8,3,0.162502,40.6484,0,1,2.52336,7.08901,4.11331,0.487792
58.8,4,0,30.3145,0,0,0.1,0.1,0.15,0.2
58.8,5,0,26.2325,0,0,0.1,0.1,0.15,0.2
58.8,6,0.672521,45.0094,1,1,2.22855,14.1836,4.63438,0.430803
58.8,7,0.9,42.8183,1,1,2.58651,7.26643,4.16333,0.5
58.9,0,0,26.6252,0,0,0.1,0.1,0.15,0.2
58.9,1,0,25.9464,0,0,0.1,0.1,0.15,0.2
58.9,2,0.131708,40.4364,1,1,1.11836,8.80676,3.58218,0.234847
58.9,3,0.161667,40.7034,0,1,2.32058,9.24913,4.21136,0.487305
58.9,4,0,30.2371,0,0,0.1,0.1,0.15,0.2
58.9,5,0,26.2232,0,0,0.1,0.1,0.15,0.2
58.9,6,0.672271,45.0308,1,1,2.05109,16.1518,4.7327,0.430714
58.9,7,0.9,42.8412,1,1,2.38104,9.49009,4.2656,0.5
59,0,0,26.6094,0,0,0.1,0.1,0.15,0.2
59,1,0,25.9418,0,0,0.1,0.1,0.15,0.2
59,2,0.130994,40.4489,1,1,1.25955,8.28303,3.59692,0.234643
59,3,0.160846,40.7518,0,1,2.61315,6.82013,4.13555,0.486807
59,4,0,30.1611,0,0,0.1,0.1,0.15,0.2
59,5,0,26.2141,0,0,0.1,0.1,0.15,0.2
59,6,0.672018,45.0551,1,1,2.31156,15.2012,4.77445,0.430623
59,7,0.9,42.8582,1,1,2.68397,7.00497,4.19053,0.5
59.1,0,0,26.5938,0,0,0.1,0.1,0.15,0.2
59.1,1,0,25.9374,0,0,0.1,0.1,0.15,0.2
59.1,2,0.130298,40.4544,1,1,1.19178,7.66267,3.50668,0.234438
59.1,3,0.160073,40.7814,0,1,2.47223,5.02603,3.89399,0.486318
59.1,4,0,30.0863,0,0,0.1,0.1,0.15,0.2
59.1,5,0,26.2051,0,0,0.1,0.1,0.15,0.2
59.1,6,0.671775,45.066,1,1,2.18863,14.072,4.60328,0.43053
59.1,7,0.9,42.8563,1,1,2.54178,5.16744,3.94374,0.5
59.2,0,0,26.5785,0,0,0.1,0.1,0.15,0.2
59.2,1,0,25.933,0,0,0.1,0.1,0.15,0.2
59.2,2,0.129598,40.4614,1,1,1.10587,8.28841,3.52711,0.234239
59.2,3,0.159272,40.8214,0,1,2.29378,7.59609,4.04113,0.485858
59.2,4,0,30.0128,0,0,0.1,0.1,0.15,0.2
59.2,5,0,26.1963,0,0,0.1,0.1,0.15,0.2
59.2,6,0.671529,45.0792,1,1,2.03216,15.2309,4.63492,0.430442
59.2,7,0.9,42.8659,1,1,2.36055,7.8172,4.09663,0.5
59.3,0,0,26.5634,0,0,0.1,0.1,0.15,0.2
59.3,1,0,25.9287,0,0,0.1,0.1,0.15,0.2
59.3,2,0.128886,40.4729,1,1,1.17328,8.61829,3.58918,0.234039
59.3,3,0.158392,40.8901,0,1,2.43331,10.9466,4.43127,0.485381
59.3,4,0,29.9405,0,0,0.1,0.1,0.15,0.2
59.3,5,0,26.1876,0,0,0.1,0.1,0.15,0.2
59.3,6,0.671278,45.1014,1,1,2.15743,15.8474,4.75738,0.430352
59.3,7,0.9,42.9057,1,1,2.50659,11.2763,4.501,0.5
59.4,0,0,26.5486,0,0,0.1,0.1,0.15,0.2
59.4,1,0,25.9245,0,0,0.1,0.1,0.15,0.2
59.4,2,0.128214,40.4693,1,1,1.22288,6.28542,3.39049,0.233835
59.4,3,0.157543,40.9463,0,1,2.53566,8.78992,4.28019,0.484859
59.4,4,0,29.8694,0,0,0.1,0.1,0.15,0.2
59.4,5,0,26.1791,0,0,0.1,0.1,0.15,0.2
59.4,6,0.671045,45.096,1,1,2.25012,11.5653,4.39533,0.43026
59.4,7,0.9,42.9334,1,1,2.61484,9.06441,4.34799,0.5
59.5,0,0,26.5341,0,0,0.1,0.1,0.15,0.2
59.5,1,0,25.9203,0,0,0.1,0.1,0.15,0.2
59.5,2,0.127565,40.4565,1,1,0.937766,6.33966,3.26681,0.233643
59.5,3,0.156749,40.9805,0,1,1.94404,9.05211,4.00074,0.484355
59.5,4,0,29.7995,0,0,0.1,0.1,0.15,0.2
59.5,5,0,26.1707,0,0,0.1,0.1,0.15,0.2
59.5,6,0.670826,45.0718,1,1,1.72658,11.6724,4.14273,0.430175
59.5,7,0.9,42.939,1,1,2.00684,9.34449,4.06007,0.5
59.6,0,0,26.5198,0,0,0.1,0.1,0.15,0.2
59.6,1,0,25.9162,0,0,0.1,0.1,0.15,0.2
59.6,2,0.126965,40.4257,1,1,0.908958,3.89123,3.0239,0.233458
59.6,3,0.156046,40.9802,0,1,1.88398,4.54012,3.5467,0.483885
59.6,4,0,29.7308,0,0,0.1,0.1,0.15,0.2
59.6,5,0,26.1624,0,0,0.1,0.1,0.15,0.2
59.6,6,0.670631,45.0139,1,1,1.67456,7.16874,3.68891,0.430095
59.6,7,0.9,42.9095,1,1,1.94673,4.69132,3.59221,0.5
59.7,0,0,26.5057,0,0,0.1,0.1,0.15,0.2
59.7,1,0,25.9122,0,0,0.1,0.1,0.15,0.2
59.7,2,0.126323,40.4113,1,1,0.599584,7.52313,3.23624,0.233287
59.7,3,0.155204,41.0322,1,1,1.24259,15.1321,4.24456,0.483468
59.7,4,0,29.6632,0,0,0.1,0.1,0.15,0.2
59.7,5,0,26.1543,0,0,0.1,0.1,0.15,0.2
59.7,6,0.670416,44.9849,1,1,1.10523,13.8676,4.06082,0.430024
59.7,7,0.9,42.9345,1,1,1.28508,15.6496,4.31379,0.5
59.8,0,0,26.4918,0,0,0.1,0.1,0.15,0.2
59.8,1,0,25.9083,0,0,0.1,0.1,0.15,0.2
59.8,2,0.125655,40.407,1,1,1.01454,7.04488,3.36777,0.233104
59.8,3,0.154556,41.0099,1,1,1.05102,5.78793,3.26507,0.241485
59.8,4,0,29.5967,0,0,0.1,0.1,0.15,0.2
59.8,5,0,26.1463,0,0,0.1,0.1,0.15,0.2
59.8,6,0.670186,44.9774,1,1,1.87126,12.9938,4.34035,0.429945
59.8,7,0.9,42.9654,1,1,2.17616,11.984,4.39738,0.5
59.9,0,0,26.4782,0,0,0.1,0.1,0.15,0.2
59.9,1,0,25.9044,0,0,0.1,0.1,0.15,0.2
59.9,2,0.124971,40.4087,1,1,1.00661,7.91165,3.44671,0.232914
59.9,3,0.153892,40.994,1,1,1.04282,6.68233,3.34601,0.241294
59.9,4,0,29.5313,0,0,0.1,0.1,0.15,0.2
59.9,5,0,26.1384,0,0,0.1,0.1,0.15,0.2
59.9,6,0.669949,44.981,1,1,1.85777,14.6016,4.48758,0.429861
59.9,7,0.9,43.0085,1,1,2.1609,13.8469,4.56761,0.5
60,0,0,26.4648,0,0,0.1,0.1,0.15,0.2
60,1,0,25.9006,0,0,0.1,0.1,0.15,0.2
60,2,0.124293,40.4085,1,1,1.11385,7.13323,3.42084,0.232719
60,3,0.153224,40.9798,1,1,1.15395,6.3491,3.36481,0.241098
60,4,0,29.4671,0,0,0.1,0.1,0.15,0.2
60,5,0,26.1307,0,0,0.1,0.1,0.15,0.2
60,6,0.669713,44.9817,1,1,2.05701,13.1733,4.45049,0.429775
60,7,0.9,43.0551,1,1,2.39312,13.1671,4.62211,0.5
60.1,0,0,26.4517,0,0,0.1,0.1,0.15,0.2
60.1,1,0,25.8968,0,0,0.1,0.1,0.15,0.2
60.1,2,0.12365,40.3945,1,1,1.03003,5.58944,3.23691,0.232526
60.1,3,0.15259,40.9533,1,1,1.06713,5.00058,3.19826,0.240901
60.1,4,0,29.4039,0,0,0.1,0.1,0.15,0.2
60.1,5,0,26.1231,0,0,0.1,0.1,0.15,0.2
60.1,6,0.669496,44.9564,1,1,1.90341,10.3288,4.10187,0.429688
60.1,7,0.9,43.074,1,1,2.21487,10.3789,4.26422,0.5
60.2,0,0,26.4387,0,0,0.1,0.1,0.15,0.2
60.2,1,0,25.8931,0,0,0.1,0.1,0.15,0.2
60.2,2,0.122977,40.3923,1,1,0.826785,8.16933,3.39275,0.232344
60.2,3,0.151951,40.929,1,1,0.856569,6.23046,3.22096,0.240714
60.2,4,0,29.3417,0,0,0.1,0.1,0.15,0.2
60.2,5,0,26.1156,0,0,0.1,0.1,0.15,0.2
60.2,6,0.669265,44.9519,1,1,1.52874,15.1053,4.37591,0.429609
60.2,7,0.9,43.0945,1,1,1.77923,12.9416,4.28991,0.5
60.3,0,0,26.426,0,0,0.1,0.1,0.15,0.2
60.3,1,0,25.8895,0,0,0.1,0.1,0.15,0.2
60.3,2,0.122274,40.4017,1,1,1.45879,6.7451,3.54471,0.232153
60.3,3,0.151454,40.8513,1,1,0.122255,1.68368,2.50391,0.240525
60.3,4,0,29.2806,0,0,0.1,0.1,0.15,0.2
60.3,5,0,26.1083,0,0,0.1,0.1,0.15,0.2
60.3,6,0.668961,45.0498,1,1,4.86963,10.309,5.73903,0.429524
60.3,7,0.9,42.9969,1,1,0.254141,3.5,2.72063,0.5
60.4,0,0,26.4135,0,0,0.1,0.1,0.15,0.2
60.4,1,0,25.8859,0,0,0.1,0.1,0.15,0.2
60.4,2,0.121588,40.4043,1,1,1.02461,7.9493,3.45831,0.231953
60.4,3,0.150759,40.8499,1,1,1.06182,8.24785,3.50341,0.240379
60.4,4,0,29.2205,0,0,0.1,0.1,0.15,0.2
60.4,5,0,26.1011,0,0,0.1,0.1,0.15,0.2
60.4,6,0.668722,45.0545,1,1,1.89684,14.7165,4.51796,0.429413
60.4,7,0.9,43.0652,1,1,2.20864,17.1559,4.90893,0.5
60.5,0,0,26.4012,0,0,0.1,0.1,0.15,0.2
60.5,1,0,25.8824,0,0,0.1,0.1,0.15,0.2
60.5,2,0.120895,40.4092,1,1,1.12198,7.80451,3.48833,0.231759
60.5,3,0.150143,40.8186,1,1,1.16272,3.51972,3.10454,0.240175
60.5,4,0,29.1614,0,0,0.1,0.1,0.15,0.2
60.5,5,0,26.094,0,0,0.1,0.1,0.15,0.2
60.5,6,0.668479,45.0641,1,1,2.07842,14.4576,4.58419,0.429325
60.5,7,0.9,43.0702,1,1,2.42057,7.32742,4.08177,0.5
60.6,0,0,26.3891,0,0,0.1,0.1,0.15,0.2
60.6,1,0,25.8789,0,0,0.1,0.1,0.15,0.2
60.6,2,0.120226,40.4055,1,1,1.11487,6.63934,3.37446,0.231563
60.6,3,0.149518,40.791,1,1,1.15546,4.02853,3.14803,0.239994
60.6,4,0,29.1033,0,0,0.1,0.1,0.15,0.2
60.6,5,0,26.087,0,0,0.1,0.1,0.15,0.2
60.6,6,0.668248,45.0576,1,1,2.06657,12.307,4.37253,0.429237
60.6,7,0.9,43.0822,1,1,2.40726,8.39299,4.17534,0.5
60.7,0,0,26.3772,0,0,0.1,0.1,0.15,0.2
60.7,1,0,25.8755,0,0,0.1,0.1,0.15,0.2
60.7,2,0.119571,40.3962,1,1,0.968484,6.54127,3.29949,0.231374
60.7,3,0.148882,40.7683,1,1,1.0038,5.38195,3.2056,0.239811
60.7,4,0,29.0462,0,0,0.1,0.1,0.15,0.2
60.7,5,0,26.0801,0,0,0.1,0.1,0.15,0.2
60.7,6,0.668025,45.0399,1,1,1.79634,12.1327,4.22097,0.429152
60.7,7,0.9,43.102,1,1,2.0929,11.2213,4.28224,0.5
60.8,0,0,26.3655,0,0,0.1,0.1,0.15,0.2
60.8,1,0,25.8722,0,0,0.1,0.1,0.15,0.2
60.8,2,0.118906,40.3912,1,1,0.93797,7.25952,3.35428,0.231189
60.8,3,0.148273,40.7355,1,1,0.972191,4.05177,3.06694,0.239624
60.8,4,0,28.99,0,0,0.1,0.1,0.15,0.2
60.8,5,0,26.0734,0,0,0.1,0.1,0.15,0.2
60.8,6,0.667796,45.0301,1,1,1.7408,13.4731,4.32194,0.42907
60.8,7,0.9,43.0993,1,1,2.02858,8.45443,3.9866,0.5
60.9,0,0,26.354,0,0,0.1,0.1,0.15,0.2
60.9,1,0,25.8689,0,0,0.1,0.1,0.15,0.2
60.9,2,0.118244,40.3848,1,1,1.02385,6.65586,3.33501,0.231001
60.9,3,0.147662,40.7044,1,1,1.06128,3.7854,3.08245,0.239446
60.9,4,0,28.9347,0,0,0.1,0.1,0.15,0.2
60.9,5,0,26.0667,0,0,0.1,0.1,0.15,0.2
60.9,6,0.667569,45.0183,1,1,1.90137,12.3604,4.29474,0.428986
60.9,7,0.9,43.0999,1,1,2.21612,7.90451,4.03018,0.5
61,0,0,26.3426,0,0,0.1,0.1,0.15,0.2
61,1,0,25.8657,0,0,0.1,0.1,0.15,0.2
61,2,0.117593,40.3746,1,1,0.959189,6.4196,3.28384,0.230815
61,3,0.147038,40.6786,1,1,0.994311,4.78333,3.14511,0.239266
61,4,0,28.8804,0,0,0.1,0.1,0.15,0.2
61,5,0,26.0602,0,0,0.1,0.1,0.15,0.2
61,6,0.667347,44.9993,1,1,1.78238,11.929,4.19462,0.428903
61,7,0.9,43.1101,1,1,2.07783,9.99583,4.15788,0.5
61.1,0,0,26.3315,0,0,0.1,0.1,0.15,0.2
61.1,1,0,25.8625,0,0,0.1,0.1,0.15,0.2
61.1,2,0.117002,40.3416,1,1,0.921615,3.30624,2.97552,0.230631
61.1,3,0.146417,40.6518,1,1,0.955393,4.77316,3.1268,0.239084
61.1,4,0,28.827,0,0,0.1,0.1,0.15,0.2
61.1,5,0,26.0538,0,0,0.1,0.1,0.15,0.2
61.1,6,0.667156,44.9369,1,1,1.71359,6.14742,3.61184,0.428821
61.1,7,0.9,43.117,1,1,1.99803,9.98219,4.11627,0.5
61.2,0,0,26.3206,0,0,0.1,0.1,0.15,0.2
61.2,1,0,25.8594,0,0,0.1,0.1,0.15,0.2
61.2,2,0.116394,40.3157,1,1,0.690255,5.32923,3.06466,0.230465
61.2,3,0.145784,40.6303,1,1,0.715526,6.55511,3.19166,0.238902
61.2,4,0,28.7745,0,0,0.1,0.1,0.15,0.2
61.2,5,0,26.0475,0,0,0.1,0.1,0.15,0.2
61.2,6,0.666957,44.8869,1,1,1.28413,9.91437,3.76384,0.428751
61.2,7,0.9,43.1321,1,1,1.49753,13.7192,4.22814,0.5
61.3,0,0,26.3098,0,0,0.1,0.1,0.15,0.2
61.3,1,0,25.8563,0,0,0.1,0.1,0.15,0.2
61.3,2,0.11577,40.2964,1,1,0.876081,5.34838,3.14598,0.230294
61.3,3,0.145116,40.6223,1,1,0.908126,7.53073,3.36703,0.238717
61.3,4,0,28.7228,0,0,0.1,0.1,0.15,0.2
61.3,5,0,26.0413,0,0,0.1,0.1,0.15,0.2
61.3,6,0.666749,44.8503,1,1,1.63077,9.95568,3.93224,0.428678
61.3,7,0.9,43.1766,1,1,1.90209,15.7733,4.62186,0.5
61.4,0,0,26.2992,0,0,0.1,0.1,0.15,0.2
61.4,1,0,25.8533,0,0,0.1,0.1,0.15,0.2
61.4,2,0.115136,40.2812,1,1,1.01686,5.22055,3.19626,0.230118
61.4,3,0.14445,40.6139,1,1,1.054,6.768,3.35915,0.238522
61.4,4,0,28.672,0,0,0.1,0.1,0.15,0.2
61.4,5,0,26.0352,0,0,0.1,0.1,0.15,0.2
61.4,6,0.666535,44.8225,1,1,1.89393,9.72341,4.0395,0.428602
61.4,7,0.9,43.2205,1,1,2.20943,14.1873,4.62495,0.5
61.5,0,0,26.2888,0,0,0.1,0.1,0.15,0.2
61.5,1,0,25.8503,0,0,0.1,0.1,0.15,0.2
61.5,2,0.114507,40.264,1,1,0.94257,5.25863,3.16674,0.22994
61.5,3,0.143824,40.5901,1,1,0.976952,4.95699,3.15365,0.238328
61.5,4,0,28.6221,0,0,0.1,0.1,0.15,0.2
61.5,5,0,26.0292,0,0,0.1,0.1,0.15,0.2
61.5,6,0.666324,44.7905,1,1,1.7566,9.80012,3.97883,0.428523
61.5,7,0.9,43.2305,1,1,2.0496,10.3995,4.18201,0.5
61.6,0,0,26.2786,0,0,0.1,0.1,0.15,0.2
61.6,1,0,25.8474,0,0,0.1,0.1,0.15,0.2
61.6,2,0.113928,40.2287,1,1,0.774555,3.41377,2.92091,0.229764
61.6,3,0.143217,40.5596,1,1,0.80281,4.74088,3.05695,0.238146
61.6,4,0,28.5729,0,0,0.1,0.1,0.15,0.2
61.6,5,0,26.0233,0,0,0.1,0.1,0.15,0.2
61.6,6,0.666139,44.7233,1,1,1.44433,6.36572,3.50202,0.428446
61.6,7,0.9,43.2235,1,1,1.68555,9.95374,3.95868,0.5
61.7,0,0,26.2685,0,0,0.1,0.1,0.15,0.2
61.7,1,0,25.8445,0,0,0.1,0.1,0.15,0.2
61.7,2,0.113328,40.2014,1,1,0.6681,4.96621,3.02106,0.229602
61.7,3,0.142596,40.5351,1,1,0.692447,6.02568,3.13165,0.237969
61.7,4,0,28.5246,0,0,0.1,0.1,0.15,0.2
61.7,5,0,26.0174,0,0,0.1,0.1,0.15,0.2
61.7,6,0.665944,44.6709,1,1,1.2465,9.26567,3.68452,0.428378
61.7,7,0.9,43.2278,1,1,1.45491,12.6607,4.10651,0.5
61.8,0,0,26.2586,0,0,0.1,0.1,0.15,0.2
61.8,1,0,25.8417,0,0,0.1,0.1,0.15,0.2
61.8,2,0.112695,40.1873,1,1,0.809646,6.11805,3.19005,0.229434
61.8,3,0.142002,40.5009,1,1,0.839128,3.91688,2.9956,0.237788
61.8,4,0,28.4771,0,0,0.1,0.1,0.15,0.2
61.8,5,0,26.0117,0,0,0.1,0.1,0.15,0.2
61.8,6,0.665732,44.6442,1,1,1.51144,11.4212,4.01477,0.428306
61.8,7,0.9,43.2115,1,1,1.76445,8.23608,3.83405,0.5
61.9,0,0,26.2489,0,0,0.1,0.1,0.15,0.2
61.9,1,0,25.8389,0,0,0.1,0.1,0.15,0.2
61.9,2,0.112053,40.1772,1,1,0.865293,6.38964,3.23985,0.229256
61.9,3,0.141423,40.4612,1,1,0.896842,2.77358,2.91599,0.237615
61.9,4,0,28.4304,0,0,0.1,0.1,0.15,0.2
61.9,5,0,26.0061,0,0,0.1,0.1,0.15,0.2
61.9,6,0.665514,44.6253,1,1,1.61628,11.9352,4.11425,0.428228
61.9,7,0.9,43.1832,1,1,1.88717,5.83628,3.66878,0.5
62,0,0,26.2393,0,0,0.1,0.1,0.15,0.2
62,1,0,25.8362,0,0,0.1,0.1,0.15,0.2
62,2,0.111393,40.1736,1,1,0.906156,7.09988,3.32515,0.229077
62,3,0.140828,40.4285,1,1,0.939267,3.48607,2.99991,0.237447
62,4,0,28.3845,0,0,0.1,0.1,0.15,0.2
62,5,0,26.0006,0,0,0.1,0.1,0.15,0.2
62,6,0.665288,44.6192,1,1,1.69362,13.2698,4.27945,0.428148
62,7,0.9,43.1693,1,1,1.97784,7.34072,3.85569,0.5
