sim_t,client,soc,temp,throttled,alive,ul,dl,power_W,scale
0,0,0.298625,25.5199,0,1,6.91643,9.58374,6.93145,0.576369
0,1,0.248686,25.4965,0,1,6.50847,9.01846,6.62053,0.542373
0,2,0.549411,25.2226,0,1,0.4407,5.36913,2.96778,0.767018
0,3,0.599404,25.2252,0,1,0.463357,5.64516,3.00286,0.806452
0,4,0.348559,25.5446,0,1,7.34507,10.1777,7.26133,0.612089
0,5,0.27865,25.5104,0,1,6.75068,9.35407,6.80476,0.562556
0,6,0.799835,25.2344,0,1,0.542041,6.60377,3.12529,0.943396
0,7,0.9,25.8265,0,1,12,16.6278,11.0202,1
0.1,0,0.297906,25.783,0,1,2.05909,4.41277,3.62349,0.57541
0.1,1,0.247984,25.7536,0,1,1.93776,4.15275,3.53812,0.541504
0.1,2,0.548762,25.4643,0,1,1.15546,5.36585,3.27281,0.766551
0.1,3,0.598744,25.4709,0,1,1.21491,5.64191,3.32614,0.805987
0.1,4,0.347787,25.8273,0,1,2.59531,4.27726,3.89021,0.611037
0.1,5,0.277906,25.783,0,1,2.38548,3.93144,3.74806,0.561634
0.1,6,0.799649,25.494,0,1,1.4219,6.60316,3.51375,0.943308
0.1,7,0.9,26.1924,0,1,4.24739,7,5.06241,1
0.2,0,0.29716,26.0518,0,1,0.808279,12.0641,3.75793,0.574909
0.2,1,0.247256,26.0163,0,1,0.760661,11.3534,3.66962,0.54104
0.2,2,0.548047,25.7269,0,1,1.07699,9.22575,3.60352,0.766035
0.2,3,0.598015,25.7386,0,1,1.13243,9.70071,3.6739,0.805471
0.2,4,0.347023,26.1023,0,1,0.85828,12.8104,3.85089,0.610474
0.2,5,0.277168,26.0491,0,1,0.788901,11.7749,3.72196,0.561127
0.2,6,0.799441,25.7799,0,1,1.32608,11.3595,3.92148,0.943209
0.2,7,0.9,26.5387,0,1,1.40592,20.9843,4.88268,1
0.3,0,0.296316,26.3532,0,1,1.60759,13.4243,4.25258,0.574391
0.3,1,0.246437,26.3092,0,1,1.51291,12.6336,4.13147,0.54056
0.3,2,0.546935,26.1351,0,1,2.14238,24.7478,5.60441,0.765467
0.3,3,0.596868,26.16,0,1,2.25275,26.0228,5.78322,0.804902
0.3,4,0.346154,26.4125,0,1,1.70703,14.2546,4.3803,0.609917
0.3,5,0.276334,26.3468,0,1,1.56906,13.1025,4.20323,0.560623
0.3,6,0.799102,26.2479,0,1,2.63953,30.4907,6.41392,0.943098
0.3,7,0.9,26.9491,0,1,2.79878,23.3714,5.81388,1
0.4,0,0.295475,26.6486,0,1,2.51965,8.45257,4.23986,0.573804
0.4,1,0.24562,26.596,0,1,2.3713,7.9549,4.11521,0.540019
0.4,2,0.545745,26.5661,0,1,3.35739,22.1365,5.99879,0.764583
0.4,3,0.595637,26.606,0,1,3.5305,23.2779,6.20444,0.804005
0.4,4,0.345287,26.7168,0,1,2.67545,8.97522,4.37171,0.609284
0.4,5,0.275503,26.6385,0,1,2.45928,8.25004,4.18903,0.560055
0.4,6,0.798735,26.7474,0,1,4.14048,27.2997,6.93612,0.942916
0.4,7,0.9,27.3575,0,1,4.39114,14.7308,5.87729,1
0.5,0,0.295003,26.7995,0,1,0.0838692,0.0838692,2.3784,0.573219
0.5,1,0.245149,26.7477,0,1,0.0789328,0.0789328,2.37659,0.539481
0.5,2,0.544534,26.9977,0,1,4.24373,17.9857,6.10258,0.763637
0.5,3,0.594383,27.0532,0,1,4.46271,18.9138,6.31861,0.803042
0.5,4,0.344815,26.8667,0,1,0.0890534,0.0890534,2.38032,0.608652
0.5,5,0.275031,26.7896,0,1,0.0818603,0.0818603,2.37766,0.559489
0.5,6,0.798206,27.4676,0,1,10.4779,16.9646,9.99155,0.942719
0.5,7,0.9,27.4983,0,1,0.146313,0.146313,2.40239,1
0.6,0,0.294169,27.0849,0,1,2.0846,10.4512,4.20465,0.572892
0.6,1,0.244338,27.0249,0,1,1.9619,9.83604,4.08421,0.53917
0.6,2,0.543417,27.3865,0,1,2.77517,21.5748,5.62876,0.762675
0.6,3,0.59323,27.4549,0,1,2.91849,22.689,5.81246,0.802061
0.6,4,0.343955,27.1605,0,1,2.21347,11.0973,4.33191,0.608309
0.6,5,0.274206,27.0714,0,1,2.03467,10.2009,4.15555,0.559168
0.6,6,0.797864,27.9119,0,1,3.42927,26.6599,6.47295,0.942435
0.6,7,0.9,27.8904,0,1,3.63874,18.2429,5.78229,1
0.7,0,0.293311,27.3746,0,1,2.28403,10.6589,4.32644,0.572313
0.7,1,0.243505,27.3059,0,1,2.14964,10.0318,4.19782,0.538637
0.7,2,0.542318,27.7621,0,1,3.0402,19.1445,5.53812,0.761787
0.7,3,0.592095,27.8429,0,1,3.19733,20.1339,5.71863,0.801158
0.7,4,0.34307,27.4592,0,1,2.42519,11.3177,4.46238,0.607684
0.7,5,0.273358,27.3574,0,1,2.22934,10.4037,4.274,0.558608
0.7,6,0.797527,28.3413,0,1,3.76041,23.6797,6.37203,0.942251
0.7,7,0.9,28.2936,0,1,3.99088,18.6243,6.01832,1
0.8,0,0.292385,27.6847,0,1,2.08119,15.259,4.66234,0.571718
0.8,1,0.242609,27.6061,0,1,1.95878,14.3615,4.51483,0.53809
0.8,2,0.541253,28.1185,0,1,2.76991,18.8645,5.36589,0.760914
0.8,3,0.590997,28.2107,0,1,2.91317,19.8401,5.53619,0.800269
0.8,4,0.342114,27.7795,0,1,2.20977,16.2018,4.81803,0.607041
0.8,5,0.272445,27.6633,0,1,2.03137,14.8937,4.60222,0.558032
0.8,6,0.797201,28.7473,0,1,3.42936,23.3556,6.15564,0.942069
0.8,7,0.9,28.7332,0,1,3.64024,26.6898,6.59345,1
0.9,0,0.291512,27.9702,0,1,2.16509,12.1063,4.4034,0.571077
0.9,1,0.241762,27.883,0,1,2.0378,11.3945,4.27089,0.537501
0.9,2,0.540175,28.4741,0,1,2.88161,18.954,5.43424,0.760068
0.9,3,0.589884,28.5779,0,1,3.03076,19.9351,5.6088,0.799408
0.9,4,0.341212,28.074,0,1,2.29881,12.8539,4.54338,0.606347
0.9,5,0.271582,27.9451,0,1,2.11329,11.8166,4.34938,0.557412
0.9,6,0.79687,29.1534,0,1,3.57095,23.4883,6.24722,0.941893
0.9,7,0.9,29.1323,0,1,3.79125,21.199,6.15148,1
1,0,0.290695,28.2293,0,1,2.04861,9.69272,4.11426,0.570472
1,1,0.240968,28.1349,0,1,1.92821,9.12307,3.99955,0.536945
1,2,0.539003,28.8593,0,1,2.72638,24.7508,5.90789,0.75921
1,3,0.588672,28.9762,0,1,2.86759,26.0329,6.10641,0.798535
1,4,0.340372,28.3404,0,1,2.17508,10.2911,4.23549,0.605693
1,5,0.270775,28.2011,0,1,1.9996,9.46088,4.06749,0.556827
1,6,0.796509,29.5968,0,1,3.38176,30.7006,6.83508,0.941715
1,7,0.9,29.4861,0,1,3.59107,16.9907,5.63572,1
1.1,0,0.289755,28.5308,0,1,2.57825,13.363,4.7377,0.569908
1.1,1,0.240059,28.4264,0,1,2.42678,12.5779,4.58337,0.536425
1.1,2,0.537841,29.234,0,1,3.43043,20.2075,5.85422,0.758278
1.1,3,0.587471,29.364,0,1,3.60826,21.255,6.05382,0.797584
1.1,4,0.339399,28.6523,0,1,2.73739,14.1878,4.9008,0.605084
1.1,5,0.269848,28.4983,0,1,2.5166,13.0435,4.67477,0.556281
1.1,6,0.796149,30.0296,0,1,4.25941,25.0908,6.79258,0.941519
1.1,7,0.9,29.9205,0,1,4.52398,23.4476,6.78878,1
1.2,0,0.288915,28.7897,0,1,2.2182,10.079,4.2374,0.569259
1.2,1,0.239243,28.6779,0,1,2.08794,9.48711,4.11465,0.53583
1.2,2,0.536754,29.5747,0,1,2.95115,19.0695,5.48274,0.757354
1.2,3,0.586348,29.7158,0,1,3.10423,20.0587,5.66058,0.796641
1.2,4,0.338533,28.9189,0,1,2.35506,10.7008,4.36716,0.604379
1.2,5,0.269017,28.7541,0,1,2.16519,9.83809,4.18735,0.555653
1.2,6,0.795815,30.42,0,1,3.66801,23.7017,6.3221,0.941325
1.2,7,0.9,30.2793,0,1,3.89665,17.7055,5.87666,1
1.3,0,0.288102,29.0336,0,1,2.06684,9.38409,4.09416,0.568678
1.3,1,0.238453,28.9152,0,1,1.94551,8.83322,3.9807,0.535295
1.3,2,0.535643,29.9182,0,1,2.74943,21.3884,5.59716,0.756489
1.3,3,0.585201,30.0707,0,1,2.89216,22.4987,5.78005,0.795759
1.3,4,0.337697,29.1697,0,1,2.19432,9.96287,4.21411,0.603752
1.3,5,0.268214,28.9951,0,1,2.01746,9.15989,4.0479,0.555092
1.3,6,0.795473,30.8144,0,1,3.42055,26.6092,6.46324,0.941143
1.3,7,0.9,30.6123,0,1,3.63447,16.5016,5.61329,1
1.4,0,0.2872,29.3075,0,1,2.26592,13.0801,4.54806,0.568118
1.4,1,0.237579,29.1804,0,1,2.13295,12.3126,4.40672,0.534779
1.4,2,0.534439,30.2913,0,1,3.01371,24.8098,6.06754,0.755606
1.4,3,0.583956,30.4569,0,1,3.17026,26.0986,6.27648,0.794858
1.4,4,0.336765,29.4525,0,1,2.40564,13.8867,4.69739,0.603148
1.4,5,0.267323,29.2653,0,1,2.2118,12.7677,4.49044,0.554549
1.4,6,0.795099,31.247,0,1,3.75298,30.8957,7.06108,0.940958
1.4,7,0.9,31.0016,0,1,3.98847,23.0236,6.43855,1
1.5,0,0.28629,29.5795,0,1,2.6121,11.5646,4.58402,0.567496
1.5,1,0.236698,29.4437,0,1,2.45888,10.8862,4.43888,0.534208
1.5,2,0.533207,30.6687,0,1,3.47353,23.6439,6.20785,0.754648
1.5,3,0.582681,30.848,0,1,3.6541,24.873,6.42674,0.793878
1.5,4,0.335825,29.7336,0,1,2.7731,12.2774,4.73752,0.602474
1.5,5,0.266425,29.5336,0,1,2.54974,11.2885,4.52484,0.553948
1.5,6,0.794715,31.687,0,1,4.33015,29.4748,7.25455,0.940755
1.5,7,0.9,31.3922,0,1,4.60285,20.3783,6.54084,1
1.6,0,0.285465,29.8151,0,1,2.54623,7.44897,4.15921,0.56687
1.6,1,0.235896,29.6726,0,1,2.39694,7.01223,4.03979,0.533633
1.6,2,0.53204,31.0155,0,1,3.38528,20.7684,5.88297,0.753669
1.6,3,0.581473,31.2068,0,1,3.56138,21.8488,6.08455,0.792875
1.6,4,0.334974,29.9761,0,1,2.70311,7.90792,4.28564,0.601796
1.6,5,0.265609,29.7663,0,1,2.48547,7.27121,4.1105,0.553343
1.6,6,0.794353,32.0895,0,1,4.22468,25.9181,6.85194,0.940546
1.6,7,0.9,31.7195,0,1,4.49174,13.1405,5.78459,1
1.7,0,0.284579,30.07,0,1,2.26862,12.2336,4.4686,0.566303
1.7,1,0.235037,29.9196,0,1,2.13565,11.5166,4.33213,0.533111
1.7,2,0.530937,31.3322,0,1,3.01549,19.514,5.56015,0.75274
1.7,3,0.580334,31.5341,0,1,3.17246,20.5298,5.743,0.791924
1.7,4,0.334059,30.2392,0,1,2.40835,12.9871,4.61284,0.601183
1.7,5,0.264734,30.0179,0,1,2.2145,11.9418,4.41296,0.552793
1.7,6,0.794012,32.4545,0,1,3.76705,24.3776,6.44276,0.940348
1.7,7,0.9,32.0809,0,1,4.00602,21.6026,6.31229,1
1.8,0,0.283769,30.2916,0,1,2.1164,8.97914,4.08089,0.565694
1.8,1,0.234249,30.1352,0,1,1.99241,8.45308,3.96822,0.532551
1.8,2,0.529732,31.682,0,1,2.81291,25.9714,6.07126,0.751863
1.8,3,0.579088,31.8962,0,1,2.95943,27.3243,6.2799,0.791027
1.8,4,0.333226,30.4668,0,1,2.24671,9.53198,4.20007,0.600523
1.8,5,0.263933,30.2368,0,1,2.06593,8.76503,4.03494,0.552204
1.8,6,0.793637,32.8613,0,1,3.51738,32.4758,7.08103,0.940162
1.8,7,0.9,32.3839,0,1,3.74125,15.8728,5.61334,1
1.9,0,0.282854,30.5493,0,1,2.70447,11.3411,4.61174,0.565138
1.9,1,0.233363,30.3845,0,1,2.54608,10.6769,4.46471,0.532039
1.9,2,0.528522,32.0283,0,1,3.59346,21.846,6.10222,0.750904
1.9,3,0.577835,32.255,0,1,3.78076,22.9848,6.31683,0.790045
1.9,4,0.33228,30.7333,0,1,2.87093,12.0392,4.76728,0.599923
1.9,5,0.26303,30.4909,0,1,2.64,11.0708,4.55178,0.551666
1.9,6,0.793259,33.2664,0,1,4.49817,27.3461,7.14783,0.939957
1.9,7,0.9,32.7572,0,1,4.7855,20.0679,6.61877,1
2,0,0.282001,30.7792,0,1,2.39059,9.78638,4.2987,0.56451
2,1,0.232536,30.6077,0,1,2.25065,9.21349,4.17187,0.531463
2,2,0.527326,32.3631,0,1,3.17586,23.4519,6.02529,0.749941
2,3,0.576598,32.6016,0,1,3.34151,24.6751,6.23373,0.789057
2,4,0.3314,30.9702,0,1,2.53768,10.3885,4.43287,0.599242
2,5,0.262187,30.718,0,1,2.33363,9.5532,4.24697,0.551059
2,6,0.792886,33.657,0,1,3.97966,29.3875,7.04464,0.93975
2,7,0.9,33.0806,0,1,4.23481,17.3361,6.03531,1
2.1,0,0.281152,31.0037,0,1,2.50287,8.9448,4.27761,0.563925
2.1,1,0.231712,30.8256,0,1,2.35641,8.42137,4.15155,0.530926
2.1,2,0.526188,32.6705,0,1,3.32425,19.5797,5.73526,0.74899
2.1,3,0.575421,32.9197,0,1,3.49774,20.6016,5.92942,0.788082
2.1,4,0.330525,31.2015,0,1,2.65681,9.49494,4.41103,0.59861
2.1,5,0.261349,30.9396,0,1,2.44326,8.73175,4.22619,0.550494
2.1,6,0.792532,34.0145,0,1,4.16999,24.5611,6.69015,0.939546
2.1,7,0.9,33.3969,0,1,4.4383,15.8617,6.01266,1
2.2,0,0.280376,31.1971,0,1,2.15336,7.00095,3.91281,0.563344
2.2,1,0.230956,31.0142,0,1,2.0274,6.59143,3.81018,0.530392
2.2,2,0.525077,32.9626,0,1,2.85953,20.803,5.59976,0.748085
2.2,3,0.574274,33.2215,0,1,3.00887,21.8895,5.78446,0.787153
2.2,4,0.329727,31.3998,0,1,2.28576,7.43139,4.02146,0.597981
2.2,5,0.260581,31.1309,0,1,2.10209,6.83426,3.87095,0.549931
2.2,6,0.792188,34.3526,0,1,3.59064,26.1218,6.51111,0.939352
2.2,7,0.9,33.6567,0,1,3.82246,12.4275,5.33083,1
2.3,0,0.279487,31.43,0,1,2.22528,12.6066,4.48195,0.562813
2.3,1,0.230094,31.2399,0,1,2.09515,11.8694,4.34521,0.529902
2.3,2,0.52387,33.2862,0,1,2.95433,25.3149,6.08401,0.747201
2.3,3,0.573025,33.5566,0,1,3.10871,26.6377,6.29473,0.786247
2.3,4,0.328809,31.6401,0,1,2.36206,13.3814,4.62648,0.597408
2.3,5,0.259703,31.3607,0,1,2.17232,12.3065,4.4262,0.549417
2.3,6,0.791811,34.7312,0,1,3.71331,31.8184,7.12747,0.939162
2.3,7,0.9,33.9894,0,1,3.95386,22.3992,6.35891,1
2.4,0,0.278577,31.6665,0,1,2.65877,11.2942,4.583,0.562205
2.4,1,0.229213,31.4688,0,1,2.50336,10.6341,4.43819,0.529343
2.4,2,0.522751,33.5713,0,1,3.52911,17.4204,5.64218,0.746241
2.4,3,0.571867,33.8514,0,1,3.71364,18.3313,5.8329,0.785261
2.4,4,0.32787,31.8846,0,1,2.82213,11.9882,4.73621,0.596749
2.4,5,0.258805,31.594,0,1,2.59551,11.0255,4.52394,0.548829
2.4,6,0.791462,35.0636,0,1,4.44048,21.9192,6.59348,0.938955
2.4,7,0.9,34.3336,0,1,4.72918,20.0891,6.58752,1
2.5,0,0.277705,31.885,0,1,1.9707,13.0452,4.39483,0.561584
2.5,1,0.228367,31.6808,0,1,1.85556,12.283,4.2646,0.528774
2.5,2,0.521774,33.7975,0,1,2.61557,15.0673,4.92029,0.745351
2.5,3,0.570862,34.084,0,1,2.75241,15.8556,5.06831,0.784347
2.5,4,0.32697,32.1098,0,1,2.09174,13.8464,4.53243,0.596076
2.5,5,0.257943,31.8097,0,1,1.92383,12.735,4.34174,0.548229
2.5,6,0.791162,35.3204,0,1,3.29429,18.9772,5.661,0.938762
2.5,7,0.9,34.6421,0,1,3.50918,23.2293,6.18789,1
2.6,0,0.276868,32.0869,0,1,1.875,11.7397,4.22232,0.56099
2.6,1,0.227553,31.8771,0,1,1.7655,11.0541,4.10276,0.528227
2.6,2,0.520734,34.0442,0,1,2.4886,19.1492,5.24476,0.744574
2.6,3,0.569788,34.3383,0,1,2.61887,20.1517,5.40931,0.783552
2.6,4,0.326108,32.3175,0,1,1.99012,12.4604,4.34867,0.595432
2.6,5,0.257115,32.0093,0,1,1.83043,11.4606,4.17358,0.547654
2.6,6,0.790841,35.6037,0,1,3.13708,24.1392,6.07013,0.938597
2.6,7,0.9,34.922,0,1,3.34231,20.9267,5.87439,1
2.7,0,0.276069,32.2706,0,1,2.03577,8.81107,4.02404,0.560418
2.7,1,0.226776,32.0562,0,1,1.91692,8.29668,3.9155,0.527701
2.7,2,0.519748,34.2662,0,1,2.70172,15.1023,4.96926,0.743746
2.7,3,0.568772,34.5667,0,1,2.84324,15.8933,5.12046,0.782703
2.7,4,0.325286,32.5059,0,1,2.16071,9.35185,4.13887,0.594814
2.7,5,0.256326,32.1909,0,1,1.98739,8.60169,3.97978,0.547101
2.7,6,0.790538,35.8568,0,1,3.40889,19.0552,5.73183,0.93842
2.7,7,0.9,35.172,0,1,3.63258,15.7223,5.53775,1
2.8,0,0.275226,32.468,0,1,1.6753,13.0253,4.24713,0.559875
2.8,1,0.225957,32.2481,0,1,1.57753,12.2651,4.12714,0.5272
2.8,2,0.518625,34.5363,0,1,2.22315,24.9037,5.66049,0.742962
2.8,3,0.567613,34.8457,0,1,2.33967,26.2089,5.84576,0.7819
2.8,4,0.324419,32.7089,0,1,1.7781,13.8245,4.37386,0.594227
2.8,5,0.255493,32.3859,0,1,1.6355,12.7159,4.19822,0.546574
2.8,6,0.790189,36.1705,0,1,2.80752,31.4498,6.59525,0.938252
2.8,7,0.9,35.4455,0,1,2.99228,23.2646,5.90753,1
2.9,0,0.274411,32.6517,0,1,2.55264,6.87199,4.10838,0.559301
2.9,1,0.225165,32.4268,0,1,2.40372,6.47108,3.99258,0.526673
2.9,2,0.517374,34.85,0,1,3.38679,25.1281,6.30226,0.742069
2.9,3,0.566317,35.1712,0,1,3.56439,26.4458,6.52757,0.780983
2.9,4,0.323579,32.8977,0,1,2.70921,7.29349,4.23108,0.593607
2.9,5,0.254687,32.5674,0,1,2.49202,6.7088,4.06113,0.546019
2.9,6,0.789795,36.5428,0,1,4.28128,31.7648,7.44635,0.938059
2.9,7,0.9,35.7024,0,1,4.56398,12.2867,5.74579,1
3,0,0.273533,32.8559,0,1,2.68382,9.48187,4.42414,0.558747
3,1,0.224314,32.6247,0,1,2.5273,8.92891,4.28895,0.526163
3,2,0.516153,35.1475,0,1,3.55959,22.6024,6.15585,0.741075
3,3,0.565053,35.4798,0,1,3.74635,23.7883,6.37451,0.779958
3,4,0.322673,33.1086,0,1,2.84838,10.0633,4.56729,0.593008
3,5,0.25382,32.769,0,1,2.62011,9.25678,4.369,0.545483
3,6,0.78941,36.8959,0,1,4.50471,28.6037,7.27242,0.937841
3,7,0.9,35.999,0,1,4.80328,16.9699,6.33305,1
3.1,0,0.272945,32.9474,0,1,1.28186,1.28186,2.96563,0.558151
3.1,1,0.223734,32.7169,0,1,1.20713,1.20713,2.92454,0.525615
3.1,2,0.514853,35.4698,0,1,4.35462,22.0058,6.55182,0.740104
3.1,3,0.563704,35.8148,0,1,4.58322,23.1611,6.79599,0.778956
3.1,4,0.322076,33.1992,0,1,1.36042,1.36042,3.00926,0.592362
3.1,5,0.253235,32.8607,0,1,1.25144,1.25144,2.94886,0.544907
3.1,6,0.788834,37.5144,0,1,11.0336,22.3621,10.8902,0.937627
3.1,7,0.9,36.0824,0,1,2.29661,2.29661,3.55608,1
3.2,0,0.272098,33.1351,0,1,2.4832,8.95577,4.26832,0.557751
3.2,1,0.222912,32.8991,0,1,2.33846,8.43377,4.1434,0.525242
3.2,2,0.513717,35.7246,0,1,3.29046,19.6613,5.72446,0.73907
3.2,3,0.56253,36.0785,0,1,3.46328,20.694,5.91911,0.777889
3.2,4,0.321203,33.3926,0,1,2.63539,9.50466,4.40059,0.591936
3.2,5,0.252398,33.046,0,1,2.42428,8.74328,4.21736,0.544518
3.2,6,0.788478,37.8104,0,1,4.17304,24.935,6.72779,0.937307
3.2,7,0.9,36.3506,0,1,4.45216,16.0569,6.03939,1
3.3,0,0.271251,33.3196,0,1,2.16289,10.7025,4.26842,0.557177
3.3,1,0.222089,33.0783,0,1,2.03687,10.079,4.14506,0.524714
3.3,2,0.512513,36.0009,0,1,2.86547,25.6359,6.06712,0.738167
3.3,3,0.561284,36.3647,0,1,3.01605,26.9831,6.27767,0.776958
3.3,4,0.32033,33.5826,0,1,2.2954,11.3582,4.39891,0.591314
3.3,5,0.251561,33.2282,0,1,2.11159,10.4487,4.21812,0.543962
3.3,6,0.7881,38.1335,0,1,3.63773,32.545,7.15491,0.937109
3.3,7,0.9,36.6123,0,1,3.88187,19.2085,6.01212,1
3.4,0,0.270264,33.5541,0,1,2.68638,15.2473,4.97498,0.556603
3.4,1,0.221136,33.3042,0,1,2.52992,14.3593,4.8075,0.524187
3.4,2,0.511368,36.2504,0,1,3.55806,18.5989,5.77117,0.73721
3.4,3,0.5601,36.623,0,1,3.74513,19.5768,5.96994,0.775971
3.4,4,0.319308,33.826,0,1,2.85091,16.1811,5.15212,0.590693
3.4,5,0.250588,33.4591,0,1,2.62269,14.8858,4.90669,0.543407
3.4,6,0.787739,38.425,0,1,4.52182,23.6367,6.80565,0.936897
3.4,7,0.9,36.9697,0,1,4.82638,27.3935,7.34536,1
3.5,0,0.269393,33.7409,0,1,2.23902,11.5865,4.39165,0.555935
3.5,1,0.22029,33.4854,0,1,2.10869,10.9121,4.26079,0.523575
3.5,2,0.510141,36.5266,0,1,2.96544,26.2805,6.1828,0.7363
3.5,3,0.55883,36.9093,0,1,3.12143,27.663,6.40021,0.775033
3.5,4,0.318409,34.0186,0,1,2.37608,12.2958,4.53008,0.589966
3.5,5,0.249727,33.6435,0,1,2.18596,11.312,4.33829,0.542762
3.5,6,0.787352,38.75,0,1,3.77253,33.4332,7.31613,0.936696
3.5,7,0.9,37.2391,0,1,4.02748,20.8415,6.25162,1
3.6,0,0.2684,33.9706,0,1,2.7573,15.1727,5.00557,0.555346
3.6,1,0.219331,33.7067,0,1,2.59687,14.2899,4.83608,0.523034
3.6,2,0.508895,36.8056,0,1,3.6509,23.3847,6.28206,0.735325
3.6,3,0.557538,37.199,0,1,3.84305,24.6154,6.50859,0.774026
3.6,4,0.31738,34.2572,0,1,2.92602,16.1011,5.18485,0.589327
3.6,5,0.248748,33.8696,0,1,2.69199,14.8133,4.93646,0.542192
3.6,6,0.786957,39.0811,0,1,4.64964,29.7818,7.4705,0.93648
3.6,7,0.9,37.5916,0,1,4.96502,27.3212,7.42071,1
3.7,0,0.267414,34.1939,0,1,2.5492,15.9498,4.96981,0.554675
3.7,1,0.218377,33.9218,0,1,2.40097,15.0223,4.8036,0.52242
3.7,2,0.507729,37.0496,0,1,3.3749,20.7601,5.87643,0.734335
3.7,3,0.556332,37.4516,0,1,3.5526,21.8532,6.08007,0.773002
3.7,4,0.316359,34.4888,0,1,2.70511,16.9253,5.14556,0.588597
3.7,5,0.247775,34.0895,0,1,2.48886,15.5722,4.90204,0.541544
3.7,6,0.786589,39.3677,0,1,4.30291,26.4686,6.95002,0.936259
3.7,7,0.9,37.9323,0,1,4.59585,28.7553,7.34032,1
3.8,0,0.26642,34.4161,0,1,2.3096,17.6298,5.00616,0.554009
3.8,1,0.217417,34.136,0,1,2.17537,16.6052,4.83915,0.521812
3.8,2,0.506536,37.2997,0,1,3.0575,23.9895,6.01247,0.733409
3.8,3,0.555098,37.7107,0,1,3.21857,25.2533,6.22168,0.772045
3.8,4,0.315331,34.7194,0,1,2.45078,18.7074,5.18265,0.587873
3.8,5,0.246795,34.3083,0,1,2.25496,17.2127,4.93808,0.540902
3.8,6,0.786213,39.6621,0,1,3.9023,30.6179,7.11888,0.936052
3.8,7,0.9,38.2708,0,1,4.16889,31.8222,7.38705,1
3.9,0,0.265498,34.6079,0,1,2.55079,12.6004,4.65044,0.553339
3.9,1,0.216524,34.3215,0,1,2.40263,11.8685,4.50312,0.521199
3.9,2,0.505323,37.5531,0,1,3.37651,23.2046,6.11188,0.732461
3.9,3,0.553842,37.9735,0,1,3.55447,24.4276,6.32819,0.771065
3.9,4,0.314377,34.9179,0,1,2.70663,13.3702,4.80633,0.587145
3.9,5,0.245884,34.4975,0,1,2.49048,12.3024,4.59036,0.540255
3.9,6,0.785828,39.9624,0,1,4.31405,29.6478,7.26185,0.935841
3.9,7,0.9,38.5577,0,1,4.60981,22.7715,6.77424,1
4,0,0.26453,34.8136,0,1,2.50728,15.2143,4.87742,0.552718
4,1,0.215588,34.5199,0,1,2.36172,14.3311,4.71709,0.520629
4,2,0.504107,37.8035,0,1,3.31828,23.7063,6.12788,0.731498
4,3,0.552583,38.2331,0,1,3.49324,24.9563,6.34482,0.770069
4,4,0.313376,35.1311,0,1,2.66039,16.1434,5.04697,0.58647
4,5,0.24493,34.7001,0,1,2.44802,14.8548,4.81205,0.539655
4,6,0.785443,40.2595,0,1,4.24425,30.3216,7.28624,0.935625
4,7,0.9,38.8708,0,1,4.53627,27.5264,7.18741,1
4.1,0,0.263594,35.0037,0,1,2.54945,13.292,4.71576,0.552067
4.1,1,0.214682,34.7036,0,1,2.40152,12.5207,4.56476,0.520033
4.1,2,0.502898,38.0472,0,1,3.37361,23.0469,6.09513,0.730533
4.1,3,0.551331,38.4859,0,1,3.55157,24.2627,6.31074,0.769069
4.1,4,0.312408,35.3279,0,1,2.70505,14.1033,4.87552,0.585762
4.1,5,0.244006,34.8875,0,1,2.48923,12.978,4.65418,0.539026
4.1,6,0.785059,40.5491,0,1,4.31973,29.5104,7.25193,0.935408
4.1,7,0.9,39.1574,0,1,4.61801,24.0768,6.90423,1
4.2,0,0.262538,35.2362,0,1,2.49292,19.9395,5.32285,0.551438
4.2,1,0.213663,34.9272,0,1,2.34835,18.7831,5.13678,0.519457
4.2,2,0.501723,38.2739,0,1,3.29823,21.6676,5.92116,0.729573
4.2,3,0.550115,38.7207,0,1,3.47229,22.8111,6.12721,0.768075
4.2,4,0.311313,35.5697,0,1,2.645,21.1559,5.51949,0.585078
4.2,5,0.242965,35.1162,0,1,2.43407,19.4687,5.247,0.538419
4.2,6,0.784687,40.8173,0,1,4.22779,27.7743,7.03198,0.935192
4.2,7,0.9,39.5221,0,1,4.52077,36.159,8.00808,1
4.3,0,0.261495,35.46,0,1,2.80044,17.5664,5.25777,0.550729
4.3,1,0.212656,35.1423,0,1,2.63814,16.5483,5.07398,0.51881
4.3,2,0.500469,38.5268,0,1,3.70512,23.4804,6.32172,0.72864
4.3,3,0.548815,38.9834,0,1,3.90073,24.7201,6.55137,0.76711
4.3,4,0.310231,35.8025,0,1,2.97118,18.6374,5.45214,0.584305
4.3,5,0.241937,35.3363,0,1,2.73437,17.152,5.18283,0.537735
4.3,6,0.784287,41.1211,1,1,4.75436,30.1297,7.56559,0.934982
4.3,7,0.9,39.8749,0,1,5.08498,31.8967,7.93172,1
4.4,0,0.260455,35.6787,0,1,2.56519,18.6926,5.24108,0.550029
4.4,1,0.211652,35.3527,0,1,2.41661,17.6099,5.05962,0.518171
4.4,2,0.49927,38.7547,0,1,3.39355,22.412,6.04522,0.727645
4.4,3,0.547574,39.2197,0,1,3.57278,23.5958,6.25856,0.766077
4.4,4,0.309153,36.0299,0,1,2.72149,19.8316,5.43289,0.583543
4.4,5,0.240912,35.5516,0,1,2.50471,18.2519,5.1671,0.53706
4.4,6,0.784042,41.1997,1,1,2.17973,14.3956,4.62971,0.467378
4.4,7,0.9,40.2182,0,1,4.66374,33.9848,7.88275,1
4.5,0,0.259438,35.8851,0,1,2.65386,16.9981,5.12538,0.549333
4.5,1,0.21067,35.5514,0,1,2.50025,16.0142,4.95031,0.517535
4.5,2,0.497965,39.0186,0,1,3.5107,27.251,6.57499,0.726693
4.5,3,0.546221,39.494,0,1,3.69621,28.6909,6.81717,0.765091
4.5,4,0.3081,36.2444,0,1,2.81547,18.0332,5.31052,0.582783
4.5,5,0.239909,35.7548,0,1,2.59133,16.5975,5.054,0.536388
4.5,6,0.783779,41.3024,1,1,2.2576,17.5241,4.96929,0.467309
4.5,7,0.9,40.5412,0,1,4.83107,30.9432,7.68908,1
4.6,0,0.258587,36.0252,0,1,3.01275,6.1373,4.28661,0.548652
4.6,1,0.209845,35.6875,0,1,2.83847,5.78226,4.15914,0.516913
4.6,2,0.496736,39.2495,0,1,3.98473,20.4968,6.19414,0.725658
4.6,3,0.544947,39.7338,0,1,4.19536,21.5803,6.41886,0.764016
4.6,4,0.307222,36.3886,0,1,3.1961,6.5108,4.42185,0.582042
4.6,5,0.239069,35.8931,0,1,2.9418,5.99276,4.23459,0.535731
4.6,6,0.78353,41.3843,1,1,2.56567,13.1974,4.71526,0.467234
4.6,7,0.9,40.7469,0,1,5.49119,11.1861,6.19584,1
4.7,0,0.257625,36.2052,0,1,2.31134,15.9966,4.85051,0.548084
4.7,1,0.208914,35.8614,0,1,2.17769,15.0716,4.69338,0.516391
4.7,2,0.495659,39.4191,0,1,3.05608,17.9023,5.42769,0.724684
4.7,3,0.543835,39.9088,0,1,3.21768,18.849,5.60661,0.763004
4.7,4,0.306227,36.575,0,1,2.45194,16.9697,5.01664,0.581425
4.7,5,0.238119,36.0705,0,1,2.25693,15.62,4.78645,0.535181
4.7,6,0.783305,41.43,1,1,1.97009,11.5406,4.25077,0.467163
4.7,7,0.9,41.0216,1,1,4.21713,29.1865,7.1615,1
4.8,0,0.256746,36.3508,0,1,2.28581,11.7415,4.4305,0.547441
4.8,1,0.208061,36.0027,0,1,2.15371,11.0629,4.29807,0.515803
4.8,2,0.494516,39.6107,0,1,3.02231,21.5505,5.75921,0.72383
4.8,3,0.542653,40.107,0,1,3.18219,22.6905,5.95565,0.76212
4.8,4,0.30532,36.7249,0,1,2.42479,12.4554,4.57064,0.580726
4.8,5,0.237251,36.2143,0,1,2.23203,11.4652,4.3765,0.534561
4.8,6,0.783068,41.4912,1,1,1.95035,13.9069,4.4671,0.4671
4.8,7,0.9,41.072,1,1,2.08772,10.724,4.23222,0.5
4.9,0,0.255913,36.4763,0,1,2.3206,9.0832,4.19564,0.546855
4.9,1,0.207252,36.1251,0,1,2.18655,8.55849,4.07686,0.515264
4.9,2,0.493552,39.7317,0,1,3.06776,11.8889,4.85953,0.722924
4.9,3,0.54166,40.2308,0,1,3.2301,12.518,5.0083,0.76118
4.9,4,0.304463,36.8536,0,1,2.46164,9.63524,4.32143,0.58009
4.9,5,0.236428,36.3384,0,1,2.26603,8.86959,4.14719,0.533994
4.9,6,0.782862,41.5081,1,1,1.98187,7.68061,3.88981,0.467033
4.9,7,0.9,41.1056,1,1,2.12177,8.30495,4.01975,0.5
5,0,0.255,36.6304,0,1,1.42403,18.0067,4.60491,0.5463
5,1,0.206366,36.2747,0,1,1.3418,16.9669,4.46658,0.514754
5,2,0.492562,39.8602,0,1,1.88244,19.6889,4.98792,0.72216
5,3,0.54064,40.3623,0,1,1.9821,20.7312,5.13764,0.76039
5,4,0.30352,37.0124,0,1,1.51054,19.1006,4.75091,0.579489
5,5,0.235525,36.4906,0,1,1.39055,17.5834,4.54854,0.533457
5,6,0.782651,41.5332,1,1,1.21725,12.7315,4.00263,0.466974
5,7,0.9,41.1673,1,1,1.30334,16.4806,4.40203,0.5
5.1,0,0.25402,36.807,0,1,2.42613,16.3063,4.93963,0.545691
5.1,1,0.205418,36.445,0,1,2.28611,15.3652,4.77704,0.514196
5.1,2,0.491559,39.992,0,1,3.20722,13.1845,5.05923,0.721376
5.1,3,0.539605,40.4977,0,1,3.37708,13.8827,5.21953,0.75958
5.1,4,0.302506,37.1955,0,1,2.57346,17.2965,5.11157,0.578829
5.1,5,0.234558,36.6646,0,1,2.36913,15.9232,4.87334,0.532869
5.1,6,0.782438,41.559,1,1,2.07589,8.53371,4.01807,0.466914
5.1,7,0.9,41.2507,1,1,2.22299,14.941,4.70402,0.5
5.2,0,0.253005,36.9936,0,1,2.33876,18.5782,5.11217,0.545039
5.2,1,0.204438,36.6248,0,1,2.20385,17.5066,4.94011,0.5136
5.2,2,0.490519,40.135,0,1,3.09201,15.7141,5.23778,0.720581
5.2,3,0.538532,40.6449,0,1,3.25582,16.5466,5.40709,0.758757
5.2,4,0.301456,37.3893,0,1,2.4807,19.7058,5.29404,0.578119
5.2,5,0.233558,36.8483,0,1,2.28384,18.1419,5.04203,0.53224
5.2,6,0.782219,41.5933,1,1,2.00326,10.1809,4.13782,0.466854
5.2,7,0.9,41.3448,1,1,2.1455,17.043,4.86593,0.5
5.3,0,0.251972,37.1843,0,1,2.61139,18.0912,5.20771,0.544365
5.3,1,0.20344,36.8082,0,1,2.46085,17.0483,5.02881,0.512984
5.3,2,0.48942,40.2983,0,1,3.45277,16.8122,5.54144,0.719758
5.3,3,0.537395,40.8139,0,1,3.63575,17.7032,5.72896,0.757903
5.3,4,0.300385,37.5876,0,1,2.76979,19.1886,5.39691,0.577385
5.3,5,0.232539,37.0359,0,1,2.5501,17.6666,5.13477,0.53159
5.3,6,0.78199,41.6413,1,1,2.23925,10.9034,4.32666,0.466791
5.3,7,0.9,41.444,1,1,2.39856,16.6168,4.95505,0.5
5.4,0,0.25108,37.3186,0,1,2.58457,10.8127,4.49792,0.54368
5.4,1,0.202575,36.9384,0,1,2.43567,10.1898,4.36052,0.512358
5.4,2,0.488203,40.5032,0,1,3.41748,23.1671,6.13096,0.718888
5.4,3,0.536135,41.0265,1,1,3.59866,24.3953,6.34979,0.756999
5.4,4,0.299463,37.7261,0,1,2.74124,11.4682,4.64343,0.576637
5.4,5,0.231658,37.1685,0,1,2.52395,10.5591,4.44187,0.530928
5.4,6,0.781741,41.7173,1,1,2.21874,15.0409,4.71141,0.466726
5.4,7,0.9,41.4929,1,1,2.37692,9.94402,4.30656,0.5
5.5,0,0.250145,37.4667,0,1,2.51043,13.4717,4.71243,0.543088
5.5,1,0.201669,37.0817,0,1,2.36587,12.6959,4.56297,0.511815
5.5,2,0.486967,40.712,0,1,3.31862,24.7663,6.22987,0.717925
5.5,3,0.535285,41.0807,1,1,1.74731,13.0399,4.28365,0.377999
5.5,4,0.298497,37.8793,0,1,2.66255,14.2879,4.87061,0.575995
5.5,5,0.230735,37.3145,0,1,2.45158,13.1558,4.65148,0.530356
5.5,6,0.781488,41.7972,1,1,2.15712,16.0982,4.78126,0.466655
5.5,7,0.9,41.556,1,1,2.31126,12.4028,4.50673,0.5
5.6,0,0.249315,37.5725,0,1,2.65265,7.08007,4.18091,0.542469
5.6,1,0.200864,37.185,0,1,2.49998,6.67259,4.06193,0.511248
5.6,2,0.485778,40.8997,0,1,3.50584,21.2273,5.99394,0.716947
5.6,3,0.534461,41.1243,1,1,1.84674,11.1818,4.15504,0.377661
5.6,4,0.297642,37.9876,0,1,2.81329,7.50885,4.30707,0.575321
5.6,5,0.229915,37.4192,0,1,2.59049,6.91418,4.13236,0.529758
5.6,6,0.781243,41.8643,1,1,2.28157,13.8146,4.62631,0.466583
5.6,7,0.9,41.5815,1,1,2.44498,6.52579,4.01929,0.5
5.7,0,0.248515,37.6653,0,1,2.33689,7.24896,4.03078,0.54192
5.7,1,0.200085,37.276,0,1,2.20245,6.83194,3.9221,0.510744
5.7,2,0.48466,41.0572,1,1,3.08759,19.8659,5.63303,0.716006
5.7,3,0.533671,41.154,1,1,1.62715,10.4693,3.97947,0.377333
5.7,4,0.29682,38.0821,0,1,2.47836,7.6878,4.14598,0.574726
5.7,5,0.229124,37.5112,0,1,2.28216,7.07919,3.98644,0.529227
5.7,6,0.78101,41.9136,1,1,2.01172,12.9436,4.4057,0.466513
5.7,7,0.9,41.5965,1,1,2.15612,6.68823,3.88483,0.5
5.8,0,0.247769,37.7363,0,1,2.16947,5.29294,3.76131,0.541391
5.8,1,0.199357,37.3466,0,1,2.04471,4.98856,3.66932,0.510257
5.8,2,0.48388,41.0847,1,1,1.43282,10.9774,3.93501,0.357561
5.8,3,0.532872,41.187,1,1,1.51079,11.5748,4.02915,0.377019
5.8,4,0.296054,38.1535,0,1,2.30075,5.61325,3.85886,0.574154
5.8,5,0.228385,37.582,0,1,2.11867,5.16902,3.72377,0.528716
5.8,6,0.780774,41.9667,1,1,1.86915,14.3203,4.46627,0.466446
5.8,7,0.9,41.5929,1,1,2.0036,4.88828,3.63917,0.5
5.9,0,0.246875,37.8621,0,1,2.34669,12.23,4.50856,0.540898
5.9,1,0.19849,37.4688,0,1,2.21178,11.5269,4.37199,0.509803
5.9,2,0.483123,41.1027,1,1,1.54994,9.12841,3.81443,0.357253
5.9,3,0.532098,41.2099,1,1,1.63432,9.62535,3.90248,0.376701
5.9,4,0.295131,38.2833,0,1,2.48866,12.9699,4.65311,0.573622
5.9,5,0.227502,37.7063,0,1,2.29176,11.9438,4.45287,0.528238
5.9,6,0.780546,42.0074,1,1,2.02338,11.9168,4.31346,0.466379
5.9,7,0.9,41.641,1,1,2.16925,11.3053,4.32911,0.5
6,0,0.246035,37.965,0,1,2.01874,11.0625,4.22961,0.540308
6,1,0.197674,37.5693,0,1,1.90274,10.4269,4.11088,0.509261
6,2,0.482324,41.1362,1,1,1.33368,12.4003,4.02465,0.356953
6,3,0.531279,41.249,1,1,1.40631,13.0756,4.12333,0.376393
6,4,0.294267,38.3885,0,1,2.14081,11.7315,4.35525,0.57298
6,5,0.226672,37.8081,0,1,1.97151,10.8037,4.18119,0.527668
6,6,0.780303,42.0678,1,1,1.74227,16.1994,4.58397,0.466313
6,7,0.9,41.6693,1,1,1.86814,10.2372,4.07559,0.5
6.1,0,0.245239,38.0499,0,1,2.59592,5.60495,4.01297,0.539755
6.1,1,0.1969,37.6526,0,1,2.44682,5.28302,3.90443,0.508753
6.1,2,0.4816,41.141,1,1,1.71523,6.55245,3.65072,0.356638
6.1,3,0.530539,41.2579,1,1,1.80868,6.90943,3.73047,0.376068
6.1,4,0.293448,38.475,0,1,2.75284,5.94375,4.12814,0.572381
6.1,5,0.225885,37.8923,0,1,2.53522,5.47388,3.96867,0.527133
6.1,6,0.780086,42.0913,1,1,2.24238,8.56623,4.10627,0.466244
6.1,7,0.9,41.682,1,1,2.40472,5.19213,3.87394,0.5
6.2,0,0.244536,38.0981,0,1,1.56257,6.19206,3.54241,0.53923
6.2,1,0.196212,37.7017,0,1,1.47286,5.83655,3.46585,0.508271
6.2,2,0.480901,41.1363,1,1,1.03263,8.59179,3.52315,0.356352
6.2,3,0.529826,41.2565,1,1,1.08891,9.06005,3.59306,0.375773
6.2,4,0.292729,38.5222,0,1,1.65699,6.56621,3.6235,0.571813
6.2,5,0.225188,37.9407,0,1,1.52605,6.04732,3.51118,0.526626
6.2,6,0.779878,42.1005,1,1,1.35089,11.2398,3.9216,0.466182
6.2,7,0.9,41.6624,1,1,1.44889,5.74157,3.44548,0.5
6.3,0,0.243881,38.1276,0,1,1.87497,1.87497,3.3042,0.538767
6.3,1,0.195569,37.7331,0,1,1.76735,1.76735,3.24129,0.507843
6.3,2,0.480066,41.1831,1,1,1.60283,13.0048,4.21011,0.356076
6.3,3,0.528969,41.3095,1,1,1.69022,13.7139,4.32032,0.37549
6.3,4,0.29206,38.5496,0,1,1.98824,1.98824,3.37104,0.571315
6.3,5,0.224537,37.9709,0,1,1.83115,1.83115,3.27852,0.526177
6.3,6,0.779572,42.2493,1,1,4.19637,14.9258,5.78293,0.466122
6.3,7,0.9,41.6266,1,1,1.74005,1.74005,3.22544,0.5
6.4,0,0.242968,38.2537,0,1,2.76059,10.8914,4.59888,0.538336
6.4,1,0.194685,37.855,0,1,2.60217,10.2663,4.45528,0.507443
6.4,2,0.479202,41.2396,1,1,1.82427,13.3405,4.35026,0.355746
6.4,3,0.528082,41.3729,1,1,1.92377,14.0681,4.46926,0.375149
6.4,4,0.291117,38.6801,0,1,2.92733,11.5492,4.75103,0.570852
6.4,5,0.223637,38.0953,0,1,2.69609,10.6369,4.5403,0.525759
6.4,6,0.779306,42.3392,1,1,2.38983,17.4763,5.0329,0.466034
6.4,7,0.9,41.6811,1,1,2.564,10.1158,4.42083,0.5
6.5,0,0.24206,38.3761,0,1,3.08321,8.82863,4.57769,0.537737
6.5,1,0.193805,37.9733,0,1,2.90636,8.32225,4.43382,0.506894
6.5,2,0.478318,41.3031,1,1,2.03778,13.3277,4.45555,0.355405
6.5,3,0.527173,41.4436,1,1,2.14896,14.0548,4.58142,0.374796
6.5,4,0.290179,38.8069,0,1,3.26934,9.36161,4.73025,0.5702
6.5,5,0.22274,38.2159,0,1,3.01121,8.62247,4.51898,0.52518
6.5,6,0.779032,42.4388,1,1,2.67165,17.4734,5.18034,0.465958
6.5,7,0.9,41.7332,1,1,2.86684,8.20907,4.40182,0.5
6.6,0,0.241011,38.5496,0,1,3.01448,16.6515,5.28535,0.537141
6.6,1,0.192793,38.1396,0,1,2.84167,15.697,5.10084,0.506348
6.6,2,0.47747,41.3522,1,1,1.99261,11.6949,4.2768,0.355056
6.6,3,0.526302,41.499,1,1,2.10136,12.3331,4.39264,0.374434
6.6,4,0.289091,38.9878,0,1,3.19637,17.6563,5.48067,0.569551
6.6,5,0.221706,38.3864,0,1,2.94413,16.2629,5.2101,0.524604
6.6,6,0.77877,42.5191,1,1,2.61456,15.3451,4.94634,0.465879
6.6,7,0.9,41.834,1,1,2.80605,15.5002,5.06293,0.5
6.7,0,0.240227,38.6203,0,1,2.58504,5.02054,3.95307,0.536453
6.7,1,0.192029,38.2093,0,1,2.43695,4.73293,3.84842,0.505721
6.7,2,0.476646,41.3911,1,1,1.70932,11.8629,4.1525,0.354721
6.7,3,0.525457,41.5435,1,1,1.80264,12.5105,4.26019,0.374088
6.7,4,0.288285,39.0595,0,1,2.74092,5.32327,4.06414,0.5688
6.7,5,0.22093,38.4566,0,1,2.52475,4.90344,3.91036,0.523941
6.7,6,0.778517,42.5853,1,1,2.2446,15.5777,4.77607,0.465804
6.7,7,0.9,41.8406,1,1,2.40938,4.67938,3.82904,0.5
6.8,0,0.239295,38.7455,0,1,2.56323,13.018,4.69684,0.535939
6.8,1,0.191127,38.3303,0,1,2.41644,12.2725,4.54884,0.505248
6.8,2,0.475813,41.4328,1,1,1.69497,12.4246,4.19922,0.354396
6.8,3,0.524601,41.591,1,1,1.78754,13.1032,4.30946,0.373752
6.8,4,0.287322,39.1892,0,1,2.71773,13.8027,4.85354,0.568244
6.8,5,0.22001,38.5801,0,1,2.50347,12.7145,4.63648,0.523444
6.8,6,0.778261,42.6552,1,1,2.22744,16.3279,4.83916,0.465731
6.8,7,0.9,41.8992,1,1,2.39134,12.145,4.52362,0.5
6.9,0,0.238342,38.8765,0,1,2.66603,13.5464,4.8016,0.53533
6.9,1,0.190205,38.4566,0,1,2.51344,12.7711,4.64711,0.50469
6.9,2,0.474979,41.4741,1,1,1.76331,12.1077,4.20234,0.354068
6.9,3,0.523746,41.638,1,1,1.85965,12.7692,4.3131,0.373411
6.9,4,0.286337,39.3251,0,1,2.82664,14.3625,4.96518,0.56758
6.9,5,0.21907,38.7091,0,1,2.6039,13.2307,4.73859,0.522855
6.9,6,0.778005,42.7245,1,1,2.31905,15.9237,4.8475,0.465657
6.9,7,0.9,41.9643,1,1,2.49008,12.6524,4.62354,0.5
7,0,0.237367,39.014,0,1,2.61848,15.004,4.91577,0.534707
7,1,0.189261,38.589,0,1,2.4687,14.1457,4.75502,0.504121
7,2,0.474141,41.5163,1,1,1.73227,12.4839,4.2231,0.353739
7,3,0.522886,41.6858,1,1,1.82694,13.1661,4.33489,0.373071
7,4,0.285328,39.4678,0,1,2.77614,15.9074,5.08592,0.566902
7,5,0.218108,38.8444,0,1,2.5575,14.6546,4.85022,0.522254
7,6,0.777747,42.7948,1,1,2.27998,16.431,4.87598,0.465583
7,7,0.9,42.0366,1,1,2.44852,14.0301,4.73343,0.5
7.1,0,0.236644,39.0537,0,1,2.21918,3.73849,3.64405,0.53407
7.1,1,0.188555,38.6295,0,1,2.09232,3.52477,3.55947,0.503538
7.1,2,0.473313,41.5539,1,1,1.87765,11.2023,4.17233,0.353409
7.1,3,0.522036,41.7289,1,1,1.98029,11.8147,4.28205,0.372729
7.1,4,0.284587,39.5067,0,1,2.35272,3.96346,3.73386,0.566208
7.1,5,0.217392,38.8844,0,1,2.16753,3.65148,3.60953,0.521639
7.1,6,0.77748,42.877,1,1,3.01216,14.2167,5.05127,0.465508
7.1,7,0.9,42.0189,1,1,2.07761,3.5,3.54971,0.5
7.2,0,0.235678,39.1844,0,1,2.46861,15.311,4.86646,0.533598
7.2,1,0.187621,38.7555,0,1,2.32753,14.436,4.70945,0.503103
7.2,2,0.472521,41.5774,1,1,1.63348,10.5661,3.99178,0.353083
7.2,3,0.521224,41.7568,1,1,1.72281,11.144,4.09042,0.372391
7.2,4,0.283588,39.6424,0,1,2.61712,16.2321,5.0326,0.565699
7.2,5,0.216439,39.0132,0,1,2.41117,14.9548,4.80243,0.521182
7.2,6,0.777238,42.9219,1,1,2.15324,13.9282,4.57149,0.465431
7.2,7,0.9,42.0873,1,1,2.31317,14.347,4.69352,0.5
7.3,0,0.234812,39.2756,0,1,2.30188,10.9865,4.36683,0.532969
7.3,1,0.186779,38.8442,0,1,2.1704,10.359,4.23955,0.502528
7.3,2,0.471705,41.6096,1,1,1.52361,12.3855,4.11282,0.352771
7.3,3,0.520388,41.7939,1,1,1.60695,13.063,4.21767,0.372068
7.3,4,0.282695,39.7359,0,1,2.44028,11.647,4.50162,0.565014
7.3,5,0.215583,39.1032,0,1,2.24835,10.731,4.31492,0.520575
7.3,6,0.776988,42.978,1,1,2.00988,16.3385,4.72988,0.465361
7.3,7,0.9,42.1196,1,1,2.15948,10.3069,4.22902,0.5
7.4,0,0.233942,39.3663,0,1,2.62397,9.36977,4.38175,0.532405
7.4,1,0.185936,38.9324,0,1,2.47417,8.83485,4.25213,0.50201
7.4,2,0.470915,41.6314,1,1,1.73705,9.93082,3.98169,0.352449
7.4,3,0.519578,41.82,1,1,1.83211,10.4742,4.08031,0.371736
7.4,4,0.281798,39.8293,0,1,2.78166,9.93287,4.51912,0.564401
7.4,5,0.214724,39.1928,0,1,2.56298,9.15198,4.32887,0.52003
7.4,6,0.776746,43.0207,1,1,2.29319,13.1102,4.56497,0.465289
7.4,7,0.9,42.1526,1,1,2.46426,8.79947,4.24359,0.5
7.5,0,0.233116,39.4393,0,1,2.20083,9.42899,4.16672,0.53184
7.5,1,0.185132,39.0041,0,1,2.07524,8.89095,4.05161,0.501492
7.5,2,0.470155,41.6416,1,1,1.4572,9.78161,3.83238,0.352138
7.5,3,0.5188,41.8338,1,1,1.53696,10.317,3.9215,0.371414
7.5,4,0.280948,39.9038,0,1,2.33303,9.99538,4.28866,0.563787
7.5,5,0.213906,39.2653,0,1,2.14969,9.20993,4.11977,0.519484
7.5,6,0.776515,43.0474,1,1,1.92514,12.9227,4.36034,0.465219
7.5,7,0.9,42.1702,1,1,2.06907,8.86451,4.04597,0.5
7.6,0,0.232312,39.5026,0,1,2.11962,8.6601,4.05229,0.531302
7.6,1,0.184349,39.0665,0,1,1.99872,8.16615,3.94422,0.500998
7.6,2,0.469477,41.6206,1,1,1.40366,5.67596,3.41779,0.351839
7.6,3,0.518109,41.8145,1,1,1.48051,5.98675,3.48363,0.371104
7.6,4,0.280121,39.9679,0,1,2.24689,9.18009,4.16677,0.563204
7.6,5,0.213111,39.3281,0,1,2.0704,8.45899,4.00821,0.518964
7.6,6,0.776314,43.0324,1,1,1.85571,7.50395,3.80995,0.465152
7.6,7,0.9,42.1795,1,1,1.99474,8.14987,3.94068,0.5
7.7,0,0.231539,39.5528,0,1,1.34614,10.9623,3.89283,0.530781
7.7,1,0.183596,39.1168,0,1,1.26939,10.3373,3.79742,0.500518
7.7,2,0.468705,41.6353,1,1,0.891641,13.0643,3.88962,0.351572
7.7,3,0.517319,41.8327,1,1,0.940481,13.7799,3.97951,0.370829
7.7,4,0.279328,40.018,0,1,1.42694,11.6202,3.9937,0.562639
7.7,5,0.212346,39.3784,0,1,1.31489,10.7078,3.85394,0.518459
7.7,6,0.77608,43.0635,1,1,1.17955,17.2827,4.4224,0.465093
7.7,7,0.9,42.1779,1,1,1.26808,10.3266,3.79579,0.5
7.8,0,0.230646,39.648,0,1,2.63124,10.6018,4.50254,0.53028
7.8,1,0.18273,39.209,0,1,2.48127,9.99756,4.36611,0.500057
7.8,2,0.467875,41.6719,1,1,1.74299,12.0203,4.18402,0.351269
7.8,3,0.516467,41.8742,1,1,1.83849,12.679,4.294,0.370515
7.8,4,0.278406,40.1162,0,1,2.78911,11.2379,4.6471,0.562097
7.8,5,0.211464,39.4722,0,1,2.57018,10.3558,4.44689,0.517974
7.8,6,0.775824,43.1255,1,1,2.30745,15.9131,4.8405,0.465025
7.8,7,0.9,42.219,1,1,2.48099,9.99643,4.36586,0.5
7.9,0,0.229788,39.7281,0,1,2.59432,8.91317,4.32282,0.529701
7.9,1,0.181897,39.287,0,1,2.44654,8.40543,4.19704,0.499526
7.9,2,0.467049,41.706,1,1,1.71882,11.886,4.15935,0.350942
7.9,3,0.51562,41.9131,1,1,1.81302,12.5375,4.26789,0.370177
7.9,4,0.277522,40.1985,0,1,2.74991,9.44771,4.45615,0.561468
7.9,5,0.210617,39.5514,0,1,2.53415,8.70645,4.2715,0.517415
7.9,6,0.775569,43.1841,1,1,2.2772,15.7473,4.80906,0.464951
7.9,7,0.9,42.247,1,1,2.44886,8.4134,4.19901,0.5
8,0,0.228786,39.8613,0,1,2.56414,16.6959,5.04911,0.529146
8,1,0.180928,39.415,0,1,2.41815,15.7452,4.88173,0.499017
8,2,0.466202,41.7478,1,1,1.69903,13.1482,4.27044,0.350618
8,3,0.51475,41.9601,1,1,1.79218,13.869,4.38505,0.36984
8,4,0.276485,40.3371,0,1,2.71785,17.6967,5.22624,0.560865
8,5,0.209628,39.6824,0,1,2.5047,16.3088,4.98086,0.516879
8,6,0.775307,43.2529,1,1,2.25271,17.4329,4.95804,0.464877
8,7,0.9,42.3261,1,1,2.42291,15.7763,4.88718,0.5
8.1,0,0.227894,39.9509,0,1,2.97234,8.62357,4.49798,0.528498
8.1,1,0.180063,39.5018,0,1,2.80321,8.13287,4.36041,0.498426
8.1,2,0.465382,41.7788,1,1,1.97005,10.3298,4.1353,0.350285
8.1,3,0.513908,41.9957,1,1,2.07808,10.8963,4.24375,0.369494
8.1,4,0.275564,40.4298,0,1,3.1504,9.14017,4.64389,0.560158
8.1,5,0.208747,39.7709,0,1,2.90348,8.42378,4.44184,0.516254
8.1,6,0.775053,43.3079,1,1,2.6141,13.7068,4.78945,0.4648
8.1,7,0.9,42.3649,1,1,2.81207,8.15857,4.36759,0.5
8.2,0,0.226985,40.0455,0,1,2.31717,13.1691,4.58296,0.527921
8.2,1,0.179181,39.5934,0,1,2.18539,12.4201,4.44373,0.497898
8.2,2,0.464562,41.8089,1,1,1.53606,12.4982,4.12956,0.349962
8.2,3,0.513068,42.0301,1,1,1.62033,13.1837,4.23568,0.36916
8.2,4,0.274625,40.5274,0,1,2.45591,13.9576,4.73035,0.559531
8.2,5,0.207849,39.8642,0,1,2.26351,12.8641,4.52618,0.515697
8.2,6,0.774801,43.3604,1,1,2.03979,16.5967,4.76968,0.464727
8.2,7,0.9,42.4095,1,1,2.19461,12.4726,4.45345,0.5
8.3,0,0.226049,40.1483,0,1,2.6434,12.7596,4.71451,0.527335
8.3,1,0.178275,39.6926,0,1,2.49315,12.0344,4.56619,0.49736
8.3,2,0.46371,41.8507,1,1,1.75266,13.1115,4.29313,0.34964
8.3,3,0.512193,42.077,1,1,1.84883,13.831,4.40935,0.368826
8.3,4,0.273659,40.634,0,1,2.80159,13.5232,4.8716,0.558893
8.3,5,0.206925,39.9655,0,1,2.58223,12.4643,4.65401,0.515131
8.3,6,0.774537,43.4292,1,1,2.32919,17.4245,4.99657,0.464653
8.3,7,0.9,42.4628,1,1,2.50638,12.0982,4.57922,0.5
8.4,0,0.225202,40.216,0,1,3.09624,5.4583,4.26916,0.526732
8.4,1,0.177453,39.7586,0,1,2.92035,5.14822,4.14466,0.496809
8.4,2,0.46284,41.8989,1,1,2.05329,12.526,4.38674,0.349306
8.4,3,0.511298,42.1306,1,1,2.16599,13.2135,4.50963,0.368478
8.4,4,0.272785,40.7035,0,1,3.28143,5.78476,4.40138,0.558236
8.4,5,0.206088,40.0324,0,1,3.02463,5.33205,4.21834,0.514549
8.4,6,0.774265,43.5071,1,1,2.73088,16.6596,5.13381,0.464576
8.4,7,0.9,42.4835,1,1,2.93911,5.18129,4.15788,0.5
8.5,0,0.224316,40.2976,0,1,2.74524,9.60361,4.46843,0.526186
8.5,1,0.176593,39.8376,0,1,2.58936,9.0583,4.33393,0.496309
8.5,2,0.461982,41.9416,1,1,1.82063,13.0862,4.32413,0.348964
8.5,3,0.510417,42.1782,1,1,1.92058,13.8046,4.44245,0.368122
8.5,4,0.271871,40.7876,0,1,2.90936,10.1777,4.61101,0.557643
8.5,5,0.205213,40.1129,0,1,2.68178,9.38158,4.41355,0.514022
8.5,6,0.773998,43.577,1,1,2.42339,17.4186,5.0448,0.464497
8.5,7,0.9,42.5184,1,1,2.60862,9.12567,4.3505,0.5
8.6,0,0.223438,40.3742,0,1,2.84309,8.55786,4.42194,0.525616
8.6,1,0.175742,39.9121,0,1,2.68174,8.07218,4.28974,0.495786
8.6,2,0.461135,41.9794,1,1,1.88575,12.1759,4.26934,0.348628
8.6,3,0.509547,42.2208,1,1,1.9893,12.8445,4.38497,0.367772
8.6,4,0.270965,40.8667,0,1,3.01297,9.06921,4.56215,0.557023
8.6,5,0.204346,40.1886,0,1,2.77739,8.36012,4.368,0.513471
8.6,6,0.773735,43.6406,1,1,2.51207,16.2199,4.97621,0.464418
8.6,7,0.9,42.5496,1,1,2.70453,8.14079,4.30836,0.5
8.7,0,0.222626,40.4249,0,1,2.64721,6.15413,4.09134,0.525052
8.7,1,0.174952,39.962,0,1,2.49705,5.80504,3.97933,0.49527
8.7,2,0.460284,42.0179,1,1,1.75603,13.0289,4.28687,0.348295
8.7,3,0.508673,42.264,1,1,1.85249,13.7445,4.40288,0.367426
8.7,4,0.27013,40.918,0,1,2.8053,6.52166,4.21021,0.55641
8.7,5,0.203543,40.2389,0,1,2.58607,6.012,4.04563,0.512926
8.7,6,0.77347,43.7047,1,1,2.34111,17.3698,4.99749,0.464341
8.7,7,0.9,42.5569,1,1,2.5209,5.86049,3.99706,0.5
8.8,0,0.221796,40.4818,0,1,2.78325,6.40509,4.18747,0.524531
8.8,1,0.174145,40.0178,0,1,2.62544,6.04193,4.06931,0.494791
8.8,2,0.45945,42.0499,1,1,1.84634,11.7332,4.20749,0.347962
8.8,3,0.507816,42.3002,1,1,1.94778,12.3778,4.31956,0.367079
8.8,4,0.269274,40.9761,0,1,2.9494,6.78746,4.31288,0.555844
8.8,5,0.202722,40.2954,0,1,2.719,6.25723,4.13925,0.512422
8.8,6,0.773211,43.7602,1,1,2.46346,15.6549,4.89668,0.464264
8.8,7,0.9,42.571,1,1,2.65308,6.10554,4.08994,0.5
8.9,0,0.221116,40.4809,0,1,1.8057,3.66799,3.42765,0.523998
8.9,1,0.173479,40.0194,0,1,1.70337,3.46011,3.35801,0.494302
8.9,2,0.458608,42.0838,1,1,1.86181,12.0047,4.24109,0.347635
8.9,3,0.506952,42.3385,1,1,1.96412,12.6644,4.35513,0.366739
8.9,4,0.268579,40.9725,0,1,1.91345,3.88686,3.50156,0.555266
8.9,5,0.202048,40.2954,0,1,1.76404,3.58335,3.39923,0.511907
8.9,6,0.772929,43.8478,1,1,3.37246,15.1431,5.33729,0.464188
8.9,7,0.9,42.531,1,1,1.723,3.5,3.37133,0.5
9,0,0.220193,40.5716,0,1,2.61049,12.2584,4.64929,0.523563
9,1,0.172585,40.107,0,1,2.46258,11.5639,4.50535,0.493899
9,2,0.457774,42.1145,1,1,1.73166,12.3053,4.20572,0.347305
9,3,0.506095,42.3734,1,1,1.82685,12.9817,4.3172,0.366396
9,4,0.267627,41.0664,1,1,2.76622,12.9897,4.80177,0.554796
9,5,0.201137,40.3848,0,1,2.55027,11.9756,4.59058,0.511485
9,6,0.77267,43.9008,1,1,2.31403,16.4436,4.89473,0.464105
9,7,0.9,42.5789,1,1,2.493,11.7067,4.53488,0.5
9.1,0,0.219247,40.6698,0,1,2.64211,13.3478,4.76997,0.522972
9.1,1,0.171668,40.2016,0,1,2.4925,12.592,4.61904,0.493358
9.1,2,0.456975,42.1312,1,1,1.75297,10.3189,4.02648,0.346978
9.1,3,0.505276,42.3934,1,1,1.84935,10.8862,4.12813,0.366056
9.1,4,0.266923,41.0647,1,1,1.39982,7.07182,3.54759,0.277076
9.1,5,0.200203,40.4815,0,1,2.58119,13.0401,4.70841,0.510915
9.1,6,0.772424,43.9351,1,1,2.34432,13.7999,4.65729,0.464029
9.1,7,0.9,42.6349,1,1,2.52605,12.7615,4.65281,0.5
9.2,0,0.218391,40.7322,0,1,2.27173,10.603,4.31477,0.522367
9.2,1,0.170837,40.2626,0,1,2.14317,10.003,4.19178,0.492805
9.2,2,0.456204,42.1372,1,1,1.50762,10.0991,3.88667,0.346665
9.2,3,0.504487,42.402,1,1,1.59053,10.6546,3.97946,0.36573
9.2,4,0.266264,41.0459,1,1,1.20395,5.61928,3.31895,0.276839
9.2,5,0.199356,40.5433,0,1,2.21939,10.3587,4.26461,0.510331
9.2,6,0.772187,43.9543,1,1,2.01771,13.5161,4.46347,0.463957
9.2,7,0.9,42.6576,1,1,2.17446,10.149,4.22165,0.5
9.3,0,0.217569,40.7805,0,1,2.1839,9.24235,4.14033,0.52182
9.3,1,0.170038,40.3103,0,1,2.06036,8.71956,4.02781,0.492303
9.3,2,0.455479,42.1256,1,1,1.44958,7.93641,3.65315,0.346363
9.3,3,0.503746,42.3919,1,1,1.52933,8.373,3.73269,0.365417
9.3,4,0.265623,41.0207,1,1,1.15768,4.89938,3.23009,0.276617
9.3,5,0.198544,40.5913,0,1,2.1336,9.0295,4.09443,0.509802
9.3,6,0.771968,43.9496,1,1,1.94144,10.6293,4.1495,0.463887
9.3,7,0.9,42.6676,1,1,2.09258,8.85588,4.05708,0.5
9.4,0,0.21675,40.8272,0,1,1.7658,11.3231,4.1286,0.521296
9.4,1,0.16924,40.3566,0,1,1.66597,10.6829,4.01869,0.491822
9.4,2,0.454731,42.1228,1,1,1.17229,10.4988,3.76829,0.346079
9.4,3,0.502982,42.391,1,1,1.23679,11.0765,3.85308,0.365123
9.4,4,0.264982,40.9963,1,1,0.936265,6.00376,3.23432,0.276401
9.4,5,0.197734,40.6377,0,1,1.72516,11.0625,4.08379,0.509295
9.4,6,0.771741,43.956,1,1,1.57112,14.0706,4.29697,0.463823
9.4,7,0.9,42.6768,1,1,1.69367,10.8606,4.04913,0.5
9.5,0,0.215905,40.8829,0,1,2.19529,10.4345,4.25947,0.520773
9.5,1,0.168419,40.4111,0,1,2.07123,9.84477,4.14017,0.491342
9.5,2,0.453954,42.1311,1,1,1.45765,10.659,3.91634,0.345787
9.5,3,0.502186,42.402,1,1,1.53788,11.2457,4.01063,0.364819
9.5,4,0.264328,40.9766,1,1,1.16425,5.53379,3.29262,0.276185
9.5,5,0.196898,40.6929,0,1,2.14478,10.1944,4.21081,0.50879
9.5,6,0.771502,43.9781,1,1,1.95494,14.2955,4.50659,0.463756
9.5,7,0.9,42.6954,1,1,2.10772,10.0183,4.17519,0.5
9.6,0,0.21505,40.9412,0,1,2.27869,10.4821,4.30685,0.520235
9.6,1,0.167588,40.4681,0,1,2.14997,9.88999,4.18451,0.490848
9.6,2,0.453218,42.1237,1,1,1.51325,8.20106,3.70866,0.345483
9.6,3,0.501434,42.3963,1,1,1.59657,8.65257,3.79164,0.364504
9.6,4,0.263671,40.959,1,1,1.20876,5.56038,3.31563,0.275966
9.6,5,0.196054,40.7507,0,1,2.22628,10.241,4.25695,0.50827
9.6,6,0.771278,43.9791,1,1,2.03099,11.0069,4.23049,0.463686
9.6,7,0.9,42.7171,1,1,2.19005,10.0744,4.22253,0.5
9.7,0,0.214227,40.9867,0,1,1.82659,11.2323,4.14989,0.519691
9.7,1,0.166787,40.5132,0,1,1.72346,10.5981,4.03864,0.490349
9.7,2,0.45243,42.1362,1,1,1.21328,12.429,3.97182,0.345195
9.7,3,0.500626,42.4115,1,1,1.28009,13.1135,4.06814,0.364205
9.7,4,0.263027,40.9364,1,1,0.969176,5.9598,3.24472,0.275745
9.7,5,0.195239,40.796,0,1,1.7846,10.9741,4.10453,0.507745
9.7,6,0.771036,44.006,1,1,1.62951,16.693,4.57659,0.46362
9.7,7,0.9,42.7275,1,1,1.75738,10.8067,4.07517,0.5
9.8,0,0.213276,41.0797,1,1,2.56472,14.0119,4.79257,0.519168
9.8,1,0.165866,40.6028,0,1,2.41998,13.2211,4.64125,0.489868
9.8,2,0.451664,42.1403,1,1,1.70377,8.85313,3.86284,0.344887
9.8,3,0.499842,42.4179,1,1,1.79762,9.34079,3.95532,0.363885
9.8,4,0.26232,40.9381,1,1,1.36113,7.43627,3.56387,0.275528
9.8,5,0.194301,40.8875,0,1,2.50579,13.6899,4.73086,0.507238
9.8,6,0.770801,44.0228,1,1,2.28996,11.8991,4.44767,0.463548
9.8,7,0.9,42.784,1,1,2.47003,13.4946,4.69348,0.5
9.9,0,0.212586,41.0724,1,1,1.03483,8.0802,3.47535,0.259282
9.9,1,0.164954,40.6875,0,1,1.95293,15.2489,4.59692,0.489316
9.9,2,0.450856,42.1599,1,1,1.3753,12.672,4.07012,0.344588
9.9,3,0.499014,42.4406,1,1,1.45108,13.3702,4.17267,0.363574
9.9,4,0.261615,40.9388,1,1,1.09873,8.57911,3.55159,0.275291
9.9,5,0.193371,40.974,0,1,2.02214,15.7893,4.68339,0.506656
9.9,6,0.770551,44.0596,1,1,1.84981,17.0442,4.71786,0.463479
9.9,7,0.9,42.8364,1,1,1.99557,15.5819,4.65017,0.5
10,0,0.211881,41.0712,1,1,1.32011,7.56135,3.55651,0.259063
10,1,0.164006,40.7844,0,1,2.49063,14.2659,4.77797,0.48877
10,2,0.45004,42.1825,1,1,1.75431,11.2325,4.1143,0.344272
10,3,0.498176,42.4665,1,1,1.85099,11.8515,4.22109,0.363245
10,4,0.260893,40.9461,1,1,1.4016,8.0281,3.63912,0.275055
10,5,0.192405,41.0732,1,1,2.57883,14.7711,4.87258,0.506079
10,6,0.770298,44.1014,1,1,2.36137,15.1194,4.79235,0.463405
10,7,0.9,42.9021,1,1,2.54785,14.5936,4.83932,0.5
10.1,0,0.211182,41.0674,1,1,1.22051,7.6699,3.52058,0.25884
10.1,1,0.163074,40.8737,0,1,2.30202,14.4664,4.69919,0.488203
10.1,2,0.449327,42.1655,1,1,1.62184,6.41483,3.59211,0.343954
10.1,3,0.497448,42.4506,1,1,1.71124,6.76843,3.66911,0.362913
10.1,4,0.260179,40.9504,1,1,1.29583,8.14322,3.60046,0.274813
10.1,5,0.191712,41.0671,1,1,1.19175,7.48916,3.49018,0.25274
10.1,6,0.770082,44.0893,1,1,2.18474,8.64123,4.08377,0.46333
10.1,7,0.9,42.9608,1,1,2.35765,14.8159,4.76138,0.5
10.2,0,0.210522,41.0491,1,1,1.11035,6.14475,3.32561,0.258618
10.2,1,0.162217,40.933,0,1,2.09366,11.5864,4.31745,0.487646
10.2,2,0.448543,42.1759,1,1,1.47553,10.9592,3.95351,0.343675
10.2,3,0.496645,42.4635,1,1,1.55689,11.5635,4.05011,0.362624
10.2,4,0.259505,40.939,1,1,1.17885,6.52385,3.39274,0.274574
10.2,5,0.191057,41.0468,1,1,1.08419,5.99999,3.30007,0.252526
10.2,6,0.76984,44.1138,1,1,1.98898,14.7727,4.56934,0.463266
10.2,7,0.9,42.9894,1,1,2.1467,11.8799,4.37242,0.5
10.3,0,0.209824,41.0455,1,1,1.16871,7.90237,3.51891,0.25841
10.3,1,0.161287,41.0192,1,1,2.20317,14.897,4.68967,0.487135
10.3,2,0.447746,42.1906,1,1,1.55296,11.1907,4.0126,0.343369
10.3,3,0.495829,42.4809,1,1,1.6386,11.8078,4.11286,0.362306
10.3,4,0.258791,40.9432,1,1,1.2408,8.3898,3.59841,0.274349
10.3,5,0.190365,41.041,1,1,1.14119,7.71625,3.48866,0.252324
10.3,6,0.769594,44.1443,1,1,2.09489,15.0958,4.65364,0.463194
10.3,7,0.9,43.0464,1,1,2.26135,15.2904,4.75715,0.5
10.4,0,0.209208,41.0111,1,1,1.19778,3.37787,3.10784,0.258189
10.4,1,0.16068,40.9815,1,1,1.12867,3.18295,3.05809,0.24329
10.4,2,0.446932,42.2121,1,1,1.59151,11.9792,4.10651,0.343059
10.4,3,0.494993,42.5055,1,1,1.6793,12.64,4.2122,0.361982
10.4,4,0.258164,40.9146,1,1,1.27165,3.58616,3.16137,0.27411
10.4,5,0.189753,41.0052,1,1,1.16958,3.29834,3.0875,0.25211
10.4,6,0.76934,44.184,1,1,2.1485,16.1716,4.78391,0.463121
10.4,7,0.9,43.0422,1,1,2.31959,6.54147,3.95535,0.5
10.5,0,0.208558,40.9897,1,1,1.27571,4.75865,3.27168,0.257994
10.5,1,0.160043,40.9561,1,1,1.20211,4.48411,3.21185,0.243109
10.5,2,0.446123,42.231,1,1,1.69477,11.1518,4.07747,0.342741
10.5,3,0.494163,42.5274,1,1,1.78827,11.7671,4.18205,0.361651
10.5,4,0.257502,40.8995,1,1,1.35437,5.05204,3.33603,0.2739
10.5,5,0.189108,40.982,1,1,1.24568,4.64663,3.24722,0.251921
10.5,6,0.769089,44.2206,1,1,2.28964,15.0662,4.75023,0.463046
10.5,7,0.9,43.0631,1,1,2.47237,9.22241,4.2879,0.5
10.6,0,0.207886,40.9774,1,1,1.2078,6.35393,3.39,0.257789
10.6,1,0.159383,40.9394,1,1,1.13814,5.98743,3.32341,0.24292
10.6,2,0.445376,42.2262,1,1,1.60435,8.33101,3.76486,0.342426
10.6,3,0.493399,42.5241,1,1,1.69288,8.79075,3.85159,0.361322
10.6,4,0.256815,40.8942,1,1,1.28225,6.74559,3.46154,0.27368
10.6,5,0.188441,40.9678,1,1,1.17938,6.20439,3.36278,0.251722
10.6,6,0.76886,44.2246,1,1,2.16913,11.2638,4.32509,0.462972
10.6,7,0.9,43.1007,1,1,2.34262,12.3239,4.51541,0.5
10.7,0,0.20722,40.9627,1,1,0.944439,7.22671,3.354,0.257577
10.7,1,0.15873,40.9205,1,1,0.889978,6.80998,3.29052,0.242724
10.7,2,0.444603,42.2312,1,1,1.25448,11.4161,3.89372,0.342135
10.7,3,0.492608,42.531,1,1,1.32372,12.0462,3.98611,0.361019
10.7,4,0.256136,40.8859,1,1,1.00264,7.67206,3.42213,0.27345
10.7,5,0.187781,40.9513,1,1,0.922217,7.05667,3.32807,0.251516
10.7,6,0.768623,44.2409,1,1,1.6973,15.4458,4.48976,0.462904
10.7,7,0.9,43.1306,1,1,1.83331,14.0282,4.42057,0.5
10.8,0,0.206632,40.9191,1,1,1.19141,1.80321,2.96558,0.257367
10.8,1,0.15815,40.8745,1,1,1.12273,1.69925,2.92484,0.24253
10.8,2,0.443802,42.2469,1,1,1.58243,11.32,4.03911,0.341834
10.8,3,0.491786,42.5494,1,1,1.66979,11.9449,4.1411,0.360706
10.8,4,0.255539,40.8469,1,1,1.26482,1.91431,3.00951,0.273224
10.8,5,0.187196,40.9066,1,1,1.16339,1.76079,2.94892,0.251313
10.8,6,0.768374,44.2727,1,1,2.14256,15.3269,4.69996,0.462833
10.8,7,0.9,43.1038,1,1,2.31462,3.50319,3.67228,0.5
10.9,0,0.20599,40.8964,1,1,1.21341,4.68046,3.23537,0.257182
10.9,1,0.157519,40.8483,1,1,1.14346,4.41067,3.17796,0.242358
10.9,2,0.442996,42.2641,1,1,1.61133,11.4143,4.06206,0.341522
10.9,3,0.49096,42.5693,1,1,1.70031,12.0446,4.16548,0.360381
10.9,4,0.254885,40.83,1,1,1.28816,4.9688,3.29711,0.273025
10.9,5,0.186558,40.8824,1,1,1.18487,4.57038,3.2119,0.251133
10.9,6,0.768124,44.3066,1,1,2.18334,15.4663,4.73406,0.462759
10.9,7,0.9,43.1184,1,1,2.35904,9.09952,4.21712,0.5
11,0,0.205339,40.8775,1,1,1.22515,5.11089,3.28104,0.25698
11,1,0.15688,40.8257,1,1,1.15455,4.81636,3.22089,0.242171
11,2,0.442162,42.2915,1,1,1.62671,12.7953,4.20157,0.341208
11,3,0.490104,42.6,1,1,1.71655,13.502,4.31286,0.360053
11,4,0.254221,40.8171,1,1,1.30061,5.42568,3.34572,0.272807
11,5,0.185912,40.8619,1,1,1.19634,4.99071,3.25645,0.250937
11,6,0.767863,44.3543,1,1,2.20584,17.3507,4.92617,0.462684
11,7,0.9,43.1397,1,1,2.38374,9.94415,4.31012,0.5
11.1,0,0.204675,40.8638,1,1,1.36244,5.11656,3.34587,0.256775
11.1,1,0.156229,40.8081,1,1,1.28394,4.82177,3.28142,0.241981
11.1,2,0.44141,42.2875,1,1,1.80871,7.53201,3.78926,0.340884
11.1,3,0.489335,42.5975,1,1,1.90863,7.94808,3.87834,0.359715
11.1,4,0.253544,40.8097,1,1,1.44633,5.43162,3.4152,0.272587
11.1,5,0.185254,40.8465,1,1,1.33041,4.99627,3.31952,0.250739
11.1,6,0.767631,44.3597,1,1,2.45457,10.2215,4.37341,0.462607
11.1,7,0.9,43.1714,1,1,2.65298,9.96311,4.4534,0.5
11.2,0,0.204013,40.8497,1,1,0.878788,7.34907,3.33695,0.256566
11.2,1,0.15558,40.7902,1,1,0.82817,6.92577,3.27477,0.241788
11.2,2,0.440644,42.289,1,1,1.16659,11.5024,3.86176,0.340592
11.2,3,0.48855,42.6006,1,1,1.23105,12.1379,3.95207,0.35941
11.2,4,0.252868,40.8014,1,1,0.932888,7.8015,3.40366,0.272361
11.2,5,0.184597,40.8308,1,1,0.858134,7.17635,3.31155,0.250536
11.2,6,0.767396,44.3709,1,1,1.58428,15.6207,4.45193,0.462538
11.2,7,0.9,43.1977,1,1,1.71259,14.322,4.38947,0.5
11.3,0,0.203408,40.8144,1,1,1.19197,2.7797,3.05105,0.256359
11.3,1,0.154983,40.7524,1,1,1.12333,2.61963,3.00491,0.241596
11.3,2,0.439837,42.306,1,1,1.58224,11.629,4.06856,0.340294
11.3,3,0.487723,42.6202,1,1,1.66968,12.2717,4.17229,0.3591
11.3,4,0.252253,40.7706,1,1,1.26534,2.95079,3.10074,0.272137
11.3,5,0.183995,40.7944,1,1,1.16396,2.71438,3.03218,0.250335
11.3,6,0.767145,44.4043,1,1,2.1503,15.8041,4.74961,0.462468
11.3,7,0.9,43.1834,1,1,2.32481,5.42151,3.85353,0.5
11.4,0,0.202753,40.7984,1,1,1.24316,5.23067,3.30062,0.256169
11.4,1,0.154341,40.7328,1,1,1.17158,4.92951,3.23931,0.24142
11.4,2,0.439089,42.3004,1,1,1.64989,8.1641,3.77112,0.33998
11.4,3,0.486957,42.6159,1,1,1.74108,8.61536,3.85854,0.358772
11.4,4,0.251585,40.7603,1,1,1.31966,5.55256,3.36656,0.271933
11.4,5,0.183345,40.7768,1,1,1.21395,5.10778,3.27556,0.250151
11.4,6,0.766915,44.407,1,1,2.24394,11.1036,4.34815,0.462392
11.4,7,0.9,43.2072,1,1,2.42644,10.2094,4.35757,0.5
11.5,0,0.202088,40.7864,1,1,0.923591,7.28786,3.35066,0.255963
11.5,1,0.153688,40.7172,1,1,0.870429,6.86837,3.28757,0.24123
11.5,2,0.438406,42.2701,1,1,1.2257,6.80421,3.44085,0.339689
11.5,3,0.486261,42.5854,1,1,1.29346,7.18038,3.50793,0.358469
11.5,4,0.250907,40.754,1,1,0.980415,7.73624,3.41838,0.271711
11.5,5,0.182685,40.7632,1,1,0.901899,7.11669,3.32489,0.249952
11.5,6,0.766709,44.3749,1,1,1.6682,9.26066,3.88423,0.462324
11.5,7,0.9,43.2357,1,1,1.80415,14.2361,4.4261,0.5
11.6,0,0.201389,40.7873,1,1,1.0256,8.59474,3.52029,0.255755
11.6,1,0.153004,40.7137,1,1,0.966578,8.10015,3.44695,0.241038
11.6,2,0.437707,42.2465,1,1,1.36112,7.00863,3.52335,0.339424
11.6,3,0.485548,42.562,1,1,1.43638,7.3962,3.59564,0.358194
11.6,4,0.250193,40.7614,1,1,1.08868,9.12341,3.599,0.271487
11.6,5,0.181993,40.7623,1,1,1.00151,8.39292,3.49033,0.24975
11.6,6,0.766497,44.3521,1,1,1.8537,9.54506,4.00253,0.462262
11.6,7,0.9,43.2897,1,1,2.00504,16.8027,4.77197,0.5
11.7,0,0.2007,40.7846,1,1,1.20151,7.25811,3.47273,0.255536
11.7,1,0.152329,40.707,1,1,1.13239,6.84056,3.4015,0.240836
11.7,2,0.436912,42.2596,1,1,1.59467,10.9237,4.00716,0.339153
11.7,3,0.484733,42.5774,1,1,1.68288,11.5279,4.10761,0.357912
11.7,4,0.249489,40.7649,1,1,1.2754,7.70444,3.54925,0.27125
11.7,5,0.18131,40.7578,1,1,1.17331,7.08773,3.44362,0.249538
11.7,6,0.76625,44.3801,1,1,2.17323,14.8869,4.67342,0.462199
11.7,7,0.9,43.3373,1,1,2.35096,14.2017,4.69915,0.5
11.8,0,0.200101,40.7482,1,1,1.17801,2.52841,3.02217,0.255321
11.8,1,0.151739,40.6685,1,1,1.11026,2.383,2.97791,0.240637
11.8,2,0.436106,42.2764,1,1,1.56338,11.6225,4.05887,0.338845
11.8,3,0.483907,42.5966,1,1,1.64986,12.2654,4.16208,0.35759
11.8,4,0.248879,40.7323,1,1,1.25043,2.68385,3.06985,0.271017
11.8,5,0.180713,40.7205,1,1,1.15037,2.46908,3.00406,0.249329
11.8,6,0.765999,44.413,1,1,2.13217,15.851,4.74489,0.462125
11.8,7,0.9,43.3167,1,1,2.30692,4.95144,3.80068,0.5
11.9,0,0.199431,40.7388,1,1,1.24104,6.02244,3.37408,0.255134
11.9,1,0.151082,40.6555,1,1,1.16968,5.67614,3.30851,0.240463
11.9,2,0.435303,42.2921,1,1,1.64671,11.1013,4.04929,0.338532
11.9,3,0.483083,42.6147,1,1,1.73782,11.7156,4.15237,0.357263
11.9,4,0.248196,40.7285,1,1,1.31732,6.39262,3.44456,0.270816
11.9,5,0.180049,40.7095,1,1,1.21192,5.88113,3.34728,0.249147
11.9,6,0.765748,44.4447,1,1,2.24753,15.1518,4.73679,0.46205
11.9,7,0.9,43.3498,1,1,2.43213,11.8025,4.5122,0.5
12,0,0.198794,40.7173,1,1,1.19996,4.48934,3.21134,0.254924
12,1,0.150456,40.6313,1,1,1.13098,4.23127,3.15556,0.24027
12,2,0.434527,42.2971,1,1,1.59204,9.90172,3.90837,0.338221
12,3,0.482289,42.6214,1,1,1.68014,10.4497,4.00333,0.356938
12,4,0.247547,40.7117,1,1,1.2737,4.76522,3.27135,0.27059
12,5,0.179417,40.6869,1,1,1.17181,4.38403,3.18853,0.248945
12,6,0.765508,44.4614,1,1,2.17456,13.5247,4.54376,0.461975
12,7,0.9,43.358,1,1,2.35355,8.80524,4.18639,0.5
12.1,0,0.198169,40.6915,1,1,1.08204,4.40147,3.14903,0.254726
12.1,1,0.149842,40.603,1,1,1.01986,4.1485,3.09733,0.240086
12.1,2,0.433845,42.2666,1,1,1.43544,5.72256,3.43728,0.33792
12.1,3,0.481593,42.5906,1,1,1.51489,6.0393,3.50506,0.356624
12.1,4,0.246911,40.6902,1,1,1.14852,4.67189,3.20463,0.270376
12.1,5,0.178796,40.66,1,1,1.05667,4.29824,3.12789,0.248752
12.1,6,0.765302,44.429,1,1,1.9621,7.82215,3.89324,0.461902
12.1,7,0.9,43.356,1,1,2.12394,8.63962,4.05254,0.5
12.2,0,0.19761,40.6416,1,1,0.684915,2.73911,2.82054,0.254531
12.2,1,0.149288,40.5522,1,1,0.645559,2.58172,2.78954,0.239905
12.2,2,0.433147,42.2429,1,1,0.908596,9.14943,3.52174,0.337656
12.2,3,0.48088,42.5668,1,1,0.958896,9.65595,3.59218,0.356349
12.2,4,0.246345,40.6427,1,1,0.726987,2.90737,2.85388,0.270166
12.2,5,0.178239,40.6096,1,1,0.668855,2.67489,2.80787,0.248563
12.2,6,0.765091,44.4047,1,1,1.24276,12.5144,3.99353,0.461841
12.2,7,0.9,43.3022,1,1,1.34545,5.3807,3.36257,0.5
12.3,0,0.197118,40.5668,1,1,0.326355,0.326355,2.47897,0.254356
12.3,1,0.148798,40.4783,1,1,0.307605,0.307605,2.47061,0.239743
12.3,2,0.432381,42.2448,1,1,1.67499,8.94225,3.85726,0.337386
12.3,3,0.480097,42.5703,1,1,1.76774,9.43741,3.94979,0.356068
12.3,4,0.245851,40.5686,1,1,0.3464,0.3464,2.48798,0.269979
12.3,5,0.177748,40.5351,1,1,0.318704,0.318704,2.47555,0.248393
12.3,6,0.764798,44.4966,1,1,4.5851,9.94664,5.53655,0.461777
12.3,7,0.9,43.1943,1,1,0.641531,0.641531,2.6283,0.5
12.4,0,0.196584,40.5089,1,1,0.760487,0.760487,2.68809,0.254203
12.4,1,0.148269,40.4203,1,1,0.716797,0.716797,2.66595,0.239599
12.4,2,0.431627,42.2425,1,1,1.76799,7.87251,3.80135,0.337089
12.4,3,0.479325,42.5693,1,1,1.8659,8.3085,3.89116,0.355758
12.4,4,0.245313,40.5125,1,1,0.807197,0.807197,2.71198,0.269817
12.4,5,0.177216,40.4771,1,1,0.742659,0.742659,2.67903,0.248244
12.4,6,0.764505,44.5871,1,1,4.84299,8.36096,5.53966,0.461689
12.4,7,0.9,43.1225,1,1,1.49582,1.49582,3.08538,0.5
12.5,0,0.196069,40.4455,1,1,0.360161,1.77826,2.60059,0.254037
12.5,1,0.147756,40.357,1,1,0.339472,1.67611,2.58338,0.239444
12.5,2,0.430847,42.2502,1,1,1.44619,10.8947,3.93343,0.336798
12.5,3,0.478525,42.5786,1,1,1.5263,11.4981,4.02922,0.355453
12.5,4,0.244793,40.4504,1,1,0.382281,1.88748,2.61908,0.269639
12.5,5,0.176702,40.4137,1,1,0.351719,1.73658,2.59356,0.248082
12.5,6,0.764232,44.6473,1,1,3.30975,13.6041,5.15571,0.461601
12.5,7,0.9,43.038,1,1,0.708875,3.5,2.90074,0.5
12.6,0,0.195576,40.3743,1,1,0.0281174,1.77714,2.48337,0.253877
12.6,1,0.147266,40.2866,1,1,0.0265023,1.67506,2.47317,0.239294
12.6,2,0.430063,42.2588,1,1,2.04254,7.97922,3.94868,0.336496
12.6,3,0.477722,42.5893,1,1,2.1557,8.42128,4.04808,0.355138
12.6,4,0.244299,40.38,1,1,0.0298442,1.88628,2.49428,0.269468
12.6,5,0.17621,40.3427,1,1,0.0274583,1.73548,2.47921,0.247926
12.6,6,0.763917,44.7662,1,1,5.55176,8.19353,5.95074,0.461519
12.6,7,0.9,42.9366,1,1,0.055376,3.5,2.656,0.5
12.7,0,0.195072,40.3086,1,1,0.459559,0.459559,2.54022,0.253724
12.7,1,0.146764,40.2214,1,1,0.433163,0.433163,2.52784,0.23915
12.7,2,0.429264,42.2732,1,1,1.66879,10.7585,4.02727,0.336193
12.7,3,0.476903,42.6058,1,1,1.76126,11.3546,4.12937,0.354821
12.7,4,0.243792,40.3152,1,1,0.487782,0.487782,2.55358,0.269306
12.7,5,0.175707,40.2771,1,1,0.448787,0.448787,2.53515,0.247777
12.7,6,0.763611,44.8698,1,1,4.58082,12.4756,5.77362,0.461424
12.7,7,0.9,42.8448,1,1,0.905628,0.905628,2.76302,0.5
12.8,0,0.194481,40.2766,1,1,1.17163,2.0245,2.97517,0.253567
12.8,1,0.146182,40.1877,1,1,1.10434,1.90823,2.93396,0.239004
12.8,2,0.428476,42.2832,1,1,1.55198,10.7617,3.97115,0.335884
12.8,3,0.476095,42.6176,1,1,1.63799,11.3581,4.06958,0.354498
12.8,4,0.243193,40.2864,1,1,1.24358,2.14883,3.01961,0.269139
12.8,5,0.17512,40.2444,1,1,1.14417,1.97705,2.95831,0.247624
12.8,6,0.763366,44.8868,1,1,2.13162,14.7811,4.64212,0.461332
12.8,7,0.9,42.826,1,1,2.31029,3.99205,3.71435,0.5
12.9,0,0.193973,40.2142,1,1,0.508325,0.508325,2.56338,0.253384
12.9,1,0.145676,40.1258,1,1,0.479135,0.479135,2.54947,0.238834
12.9,2,0.427658,42.3043,1,1,2.05043,9.77496,4.123,0.33558
12.9,3,0.475255,42.6414,1,1,2.16407,10.3167,4.2323,0.354179
12.9,4,0.242681,40.225,1,1,0.539537,0.539537,2.57838,0.268942
12.9,5,0.174612,40.1822,1,1,0.496413,0.496413,2.55769,0.247446
12.9,6,0.763036,45.0226,1,1,5.63666,10.6174,6.23076,0.461257
12.9,7,0.9,42.74,1,1,1.00307,1.00307,2.81441,0.5
13,0,0.193428,40.1665,1,1,0.708556,1.77258,2.74476,0.253226
13,1,0.145137,40.0776,1,1,0.667871,1.6708,2.71848,0.238686
13,2,0.426907,42.2997,1,1,1.65634,8.26118,3.78348,0.335264
13,3,0.474487,42.6378,1,1,1.74816,8.71912,3.87187,0.353848
13,4,0.242131,40.1792,1,1,0.752062,1.88142,2.77307,0.268774
13,5,0.17407,40.1342,1,1,0.691953,1.73105,2.73401,0.247292
13,6,0.762781,45.0507,1,1,3.26624,10.3754,4.82455,0.461158
13,7,0.9,42.6854,1,1,1.39906,3.5,3.21382,0.5
13.1,0,0.192808,40.1482,1,1,0.935719,4.85644,3.12589,0.253057
13.1,1,0.144526,40.057,1,1,0.881996,4.57762,3.07606,0.238528
13.1,2,0.426201,42.2785,1,1,1.23862,8.01322,3.56157,0.334974
13.1,3,0.473766,42.6165,1,1,1.30729,8.45748,3.63569,0.353545
13.1,4,0.2415,40.1647,1,1,0.993167,5.1546,3.17945,0.268594
13.1,5,0.173454,40.1148,1,1,0.913795,4.74266,3.10553,0.247128
13.1,6,0.762566,45.0219,1,1,1.70492,11.0299,4.07079,0.46108
13.1,7,0.9,42.691,1,1,1.84883,9.59554,4.00491,0.5
13.2,0,0.192235,40.1125,1,1,0.873003,2.59946,2.88972,0.252865
13.2,1,0.14396,40.0201,1,1,0.822892,2.45024,2.85422,0.23835
13.2,2,0.425491,42.2589,1,1,1.15554,8.5906,3.57844,0.334702
13.2,3,0.473041,42.5969,1,1,1.21961,9.06696,3.65318,0.353261
13.2,4,0.240919,40.1315,1,1,0.926591,2.75902,2.92794,0.268387
13.2,5,0.172883,40.0786,1,1,0.852553,2.53856,2.8752,0.246942
13.2,6,0.762349,44.9951,1,1,1.59163,11.8326,4.09255,0.461015
13.2,7,0.9,42.6604,1,1,1.72622,5.14,3.52385,0.5
13.3,0,0.191717,40.0563,1,1,0.603712,0.603712,2.60964,0.252688
13.3,1,0.143446,39.9642,1,1,0.569064,0.569064,2.59269,0.238185
13.3,2,0.424742,42.2543,1,1,1.62303,8.33233,3.77404,0.334428
13.3,3,0.472275,42.5932,1,1,1.71304,8.79445,3.8618,0.352976
13.3,4,0.240398,40.0764,1,1,0.640765,0.640765,2.62792,0.268196
13.3,5,0.172367,40.0225,1,1,0.589572,0.589572,2.6027,0.246769
13.3,6,0.762063,45.0673,1,1,4.47412,9.24759,5.40547,0.46095
13.3,7,0.9,42.5849,1,1,1.19458,1.19458,2.91767,0.5
13.4,0,0.191078,40.0469,1,1,0.939665,5.8362,3.21997,0.252527
13.4,1,0.142818,39.9522,1,1,0.88574,5.50127,3.16463,0.238035
13.4,2,0.424049,42.2286,1,1,1.24335,7.25777,3.492,0.334139
13.4,3,0.471568,42.5672,1,1,1.31231,7.66035,3.56226,0.352674
13.4,4,0.239747,40.0711,1,1,0.997335,6.19438,3.27944,0.268026
13.4,5,0.171732,40.0119,1,1,0.917659,5.69952,3.19736,0.246613
13.4,6,0.761852,45.0312,1,1,1.71489,10.0103,3.97841,0.460863
13.4,7,0.9,42.6066,1,1,1.86052,11.5556,4.19755,0.5
13.5,0,0.190415,40.0469,1,1,0.846321,7.5661,3.34359,0.25233
13.5,1,0.142167,39.9491,1,1,0.797763,7.132,3.28139,0.237853
13.5,2,0.423364,42.2005,1,1,1.11981,7.4562,3.45422,0.333872
13.5,3,0.470869,42.5385,1,1,1.18194,7.86987,3.52187,0.352395
13.5,4,0.23907,40.0757,1,1,0.89825,8.03035,3.41035,0.267813
13.5,5,0.171074,40.0106,1,1,0.826505,7.38895,3.31817,0.246422
13.5,6,0.761645,44.9916,1,1,1.54553,10.2908,3.9231,0.460799
13.5,7,0.9,42.6459,1,1,1.67701,14.9925,4.43643,0.5
13.6,0,0.189805,40.0266,1,1,1.0507,3.74939,3.07432,0.252125
13.6,1,0.141566,39.927,1,1,0.990431,3.53433,3.02727,0.237663
13.6,2,0.422612,42.198,1,1,1.39027,9.65949,3.78909,0.333608
13.6,3,0.4701,42.537,1,1,1.46742,10.1955,3.87672,0.35212
13.6,4,0.23845,40.0588,1,1,1.11515,3.97939,3.12496,0.267591
13.6,5,0.170468,39.9895,1,1,1.0261,3.66162,3.05508,0.246223
13.6,6,0.761412,44.9882,1,1,1.92006,13.3404,4.39777,0.460736
13.6,7,0.9,42.6457,1,1,2.08369,7.43558,3.91821,0.5
13.7,0,0.189325,39.9576,1,1,0.18554,0.18554,2.41828,0.251937
13.7,1,0.141087,39.8592,1,1,0.1749,0.1749,2.41391,0.237489
13.7,2,0.421867,42.1929,1,1,1.84003,6.98794,3.75344,0.333319
13.7,3,0.469338,42.5328,1,1,1.94215,7.37576,3.84105,0.351818
13.7,4,0.23797,39.9896,1,1,0.19692,0.19692,2.42298,0.267389
13.7,5,0.169988,39.9209,1,1,0.181198,0.181198,2.41649,0.246041
13.7,6,0.761118,45.0727,1,1,5.08605,7.1147,5.56813,0.460666
13.7,7,0.9,42.5389,1,1,0.368227,0.368227,2.49788,0.5
13.8,0,0.188854,39.8861,1,1,0.061795,0.061795,2.37044,0.251789
13.8,1,0.140617,39.7893,1,1,0.0582513,0.0582513,2.36919,0.23735
13.8,2,0.421108,42.1935,1,1,1.47006,9.6821,3.829,0.333032
13.8,3,0.46856,42.5345,1,1,1.55166,10.2195,3.91924,0.351518
13.8,4,0.237499,39.9176,1,1,0.0655851,0.0655851,2.37178,0.267232
13.8,5,0.169518,39.85,1,1,0.0603488,0.0603488,2.36993,0.245896
13.8,6,0.760834,45.1408,1,1,4.06613,11.3571,5.36833,0.460576
13.8,7,0.9,42.4261,1,1,0.122712,0.122712,2.39311,0.5
13.9,0,0.188215,39.8796,1,1,1.05334,5.31183,3.22126,0.251644
13.9,1,0.139989,39.7802,1,1,0.992937,5.00722,3.1655,0.237213
13.9,2,0.420335,42.1989,1,1,1.3928,10.7284,3.89235,0.33274
13.9,3,0.467769,42.5412,1,1,1.47012,11.324,3.98581,0.351212
13.9,4,0.236848,39.9151,1,1,1.11795,5.63762,3.28122,0.267078
13.9,5,0.168884,39.8424,1,1,1.02869,5.18751,3.19847,0.245755
13.9,6,0.760593,45.146,1,1,1.92754,14.8474,4.54578,0.46049
13.9,7,0.9,42.4521,1,1,2.09292,10.5543,4.21869,0.5
14,0,0.187578,39.8726,1,1,1.14498,4.78436,3.21351,0.251447
14,1,0.139362,39.7707,1,1,1.07934,4.51006,3.15792,0.237031
14,2,0.41964,42.1749,1,1,1.5138,6.0089,3.50168,0.332443
14,3,0.46706,42.5169,1,1,1.59785,6.34253,3.57365,0.350901
14,4,0.236199,39.912,1,1,1.21519,5.07774,3.27332,0.266866
14,5,0.16825,39.8343,1,1,1.11819,4.67242,3.19078,0.245564
14,6,0.760381,45.1109,1,1,2.09654,8.32202,4.00851,0.460416
14,7,0.9,42.4772,1,1,2.27679,9.51365,4.21383,0.5
14.1,0,0.186966,39.8558,1,1,0.740589,5.27728,3.08094,0.251251
14.1,1,0.13876,39.7521,1,1,0.69814,4.9748,3.03445,0.236849
14.1,2,0.418936,42.155,1,1,0.979126,9.13418,3.5512,0.332176
14.1,3,0.466341,42.4967,1,1,1.0335,9.64141,3.62378,0.350622
14.1,4,0.235577,39.8983,1,1,0.785992,5.60081,3.13089,0.266654
14.1,5,0.167643,39.8167,1,1,0.723265,5.15383,3.06194,0.245373
14.1,6,0.760166,45.0802,1,1,1.35694,12.6588,4.06026,0.460352
14.1,7,0.9,42.4791,1,1,1.47381,10.502,3.90902,0.5
14.2,0,0.186318,39.8533,1,1,0.955469,6.27936,3.2689,0.251063
14.2,1,0.138123,39.7471,1,1,0.900715,5.91952,3.21073,0.236675
14.2,2,0.418218,42.1405,1,1,1.26313,8.50287,3.6195,0.331905
14.2,3,0.465608,42.4824,1,1,1.33329,8.97512,3.69712,0.350339
14.2,4,0.234916,39.8998,1,1,1.01404,6.66426,3.33142,0.266452
14.2,5,0.166999,39.8132,1,1,0.933124,6.1325,3.24513,0.245191
14.2,6,0.759946,45.058,1,1,1.75171,11.7918,4.16645,0.460286
14.2,7,0.9,42.511,1,1,1.90285,12.5056,4.30935,0.5
14.3,0,0.185715,39.8338,1,1,0.922677,4.00135,3.0402,0.250863
14.3,1,0.137529,39.7259,1,1,0.869815,3.7721,2.99559,0.236491
14.3,2,0.41751,42.1225,1,1,1.21974,8.17417,3.56818,0.33163
14.3,3,0.464885,42.4642,1,1,1.28749,8.62823,3.64274,0.350051
14.3,4,0.234304,39.8831,1,1,0.97922,4.24655,3.0882,0.266237
14.3,5,0.166399,39.7929,1,1,0.901103,3.90779,3.02196,0.244998
14.3,6,0.759729,45.0309,1,1,1.69269,11.3437,4.09479,0.460219
14.3,7,0.9,42.5076,1,1,1.839,7.97515,3.84621,0.5
14.4,0,0.185109,39.8155,1,1,0.887603,4.29245,3.05184,0.250678
14.4,1,0.136932,39.706,1,1,0.836761,4.04658,3.00664,0.236319
14.4,2,0.416858,42.0834,1,1,1.17328,5.40208,3.28439,0.331358
14.4,3,0.464222,42.4238,1,1,1.23846,5.7022,3.34272,0.349767
14.4,4,0.233688,39.8676,1,1,0.941988,4.55545,3.10046,0.266037
14.4,5,0.165798,39.7739,1,1,0.866854,4.19211,3.03337,0.244818
14.4,6,0.759533,44.9744,1,1,1.62931,7.5018,3.69836,0.460153
14.4,7,0.9,42.5059,1,1,1.77041,8.56169,3.86788,0.5
14.5,0,0.184531,39.7872,1,1,0.647027,3.93588,2.91532,0.250492
14.5,1,0.136361,39.6768,1,1,0.609972,3.71048,2.87884,0.236147
14.5,2,0.416166,42.0602,1,1,0.855259,9.02777,3.48702,0.331108
14.5,3,0.463516,42.4001,1,1,0.902784,9.52942,3.55556,0.349507
14.5,4,0.233102,39.8414,1,1,0.686664,4.17699,2.95452,0.265837
14.5,5,0.165222,39.7452,1,1,0.631904,3.84389,2.90041,0.244637
14.5,6,0.759323,44.9393,1,1,1.18843,12.5446,3.97156,0.460093
14.5,7,0.9,42.482,1,1,1.29151,7.8563,3.57117,0.5
14.6,0,0.183929,39.7681,1,1,0.933935,3.85862,3.03195,0.250315
14.6,1,0.135768,39.6563,1,1,0.880458,3.63767,2.98782,0.235982
14.6,2,0.415486,42.0332,1,1,1.23439,6.6543,3.43068,0.330843
14.6,3,0.462822,42.3724,1,1,1.30299,7.02412,3.49757,0.34923
14.6,4,0.232491,39.825,1,1,0.99114,4.09496,3.07944,0.265647
14.6,5,0.164624,39.7255,1,1,0.91211,3.76845,3.01391,0.244465
14.6,6,0.759117,44.9,1,1,1.71639,9.25265,3.907,0.460029
14.6,7,0.9,42.4782,1,1,1.86552,7.70753,3.83407,0.5
14.7,0,0.183315,39.7542,1,1,0.745521,5.41976,3.09651,0.25013
14.7,1,0.135163,39.6407,1,1,0.702841,5.10948,3.04915,0.235811
14.7,2,0.414829,41.9976,1,1,0.985308,6.58055,3.31068,0.330582
14.7,3,0.462154,42.3356,1,1,1.04008,6.94634,3.36983,0.348957
14.7,4,0.231867,39.814,1,1,0.791177,5.75167,3.1474,0.265449
14.7,5,0.164014,39.7108,1,1,0.728102,5.29313,3.07716,0.244286
14.7,6,0.758919,44.8483,1,1,1.37094,9.15607,3.73201,0.459966
14.7,7,0.9,42.483,1,1,1.49026,10.8339,3.94854,0.5
14.8,0,0.182721,39.7327,1,1,0.77008,4.19036,2.99123,0.249942
14.8,1,0.134578,39.6179,1,1,0.726003,3.95052,2.94997,0.235636
14.8,2,0.414153,41.9695,1,1,1.01776,7.40104,3.40307,0.33033
14.8,3,0.461466,42.3068,1,1,1.07434,7.81251,3.46757,0.348695
14.8,4,0.231264,39.7947,1,1,0.817231,4.44693,3.03559,0.265246
14.8,5,0.163423,39.6887,1,1,0.752091,4.09247,2.97437,0.244104
14.8,6,0.758715,44.8072,1,1,1.41698,10.3042,3.86321,0.459905
14.8,7,0.9,42.4721,1,1,1.54052,8.38266,3.73898,0.5
14.9,0,0.182211,39.6802,1,1,0.530068,0.530068,2.57381,0.249761
14.9,1,0.13407,39.5663,1,1,0.499734,0.499734,2.55927,0.235468
14.9,2,0.413452,41.952,1,1,1.40203,6.94496,3.53664,0.330071
14.9,3,0.460749,42.2891,1,1,1.48,7.33113,3.61025,0.348425
14.9,4,0.230751,39.7424,1,1,0.562518,0.562518,2.58951,0.265051
14.9,5,0.162914,39.6365,1,1,0.517688,0.517688,2.56786,0.243927
14.9,6,0.758454,44.8471,1,1,3.90652,7.72219,4.93377,0.459843
14.9,7,0.9,42.3943,1,1,1.06115,1.06115,2.84542,0.5
15,0,0.181615,39.6605,1,1,0.789014,4.19257,2.99958,0.249604
15,1,0.133483,39.5453,1,1,0.743865,3.95266,2.95779,0.235322
15,2,0.412801,41.9155,1,1,1.04252,5.99387,3.2807,0.329803
15,3,0.460087,42.2513,1,1,1.1005,6.32721,3.33839,0.348144
15,4,0.230147,39.725,1,1,0.837314,4.44922,3.04452,0.264884
15,5,0.162322,39.6162,1,1,0.770587,4.09466,2.9825,0.243775
15,6,0.758258,44.7935,1,1,1.45334,8.35579,3.69477,0.459763
15,7,0.9,42.3863,1,1,1.58053,8.39842,3.75975,0.5
15.1,0,0.181018,39.6418,1,1,0.665184,4.84912,3.00879,0.249423
15.1,1,0.132895,39.5254,1,1,0.627128,4.57169,2.96681,0.235153
15.1,2,0.412163,41.8747,1,1,0.878885,6.06402,3.21488,0.329553
15.1,3,0.459439,42.2089,1,1,0.927772,6.40132,3.26826,0.347884
15.1,4,0.229541,39.7086,1,1,0.705898,5.14591,3.05388,0.264689
15.1,5,0.161729,39.597,1,1,0.649653,4.73589,2.99164,0.243599
15.1,6,0.758068,44.7334,1,1,1.22598,8.45886,3.59816,0.459703
15.1,7,0.9,42.3792,1,1,1.33345,9.72069,3.7683,0.5
15.2,0,0.180389,39.6357,1,1,0.688784,6.46646,3.17204,0.24924
15.2,1,0.132276,39.5174,1,1,0.649385,6.09658,3.12051,0.234984
15.2,2,0.41147,41.8554,1,1,0.910058,8.84064,3.49286,0.329309
15.2,3,0.458732,42.1892,1,1,0.960688,9.33248,3.56203,0.34763
15.2,4,0.2289,39.7055,1,1,0.730934,6.86218,3.22737,0.264493
15.2,5,0.161103,39.5901,1,1,0.672704,6.3155,3.15099,0.243422
15.2,6,0.757857,44.7037,1,1,1.27024,12.3396,3.98943,0.459645
15.2,7,0.9,42.3972,1,1,1.38177,12.9723,4.10192,0.5
15.3,0,0.179774,39.624,1,1,0.921775,4.61656,3.09723,0.249048
15.3,1,0.13167,39.5041,1,1,0.869062,4.35255,3.04932,0.234806
15.3,2,0.410748,41.8472,1,1,1.21786,8.8928,3.63577,0.329044
15.3,3,0.457995,42.1813,1,1,1.28562,9.38762,3.71425,0.347353
15.3,4,0.228276,39.6966,1,1,0.978172,4.89901,3.14875,0.264286
15.3,5,0.160493,39.5777,1,1,0.900261,4.50881,3.07765,0.243235
15.3,6,0.757634,44.6905,1,1,1.70099,12.4207,4.20178,0.45958
15.3,7,0.9,42.4053,1,1,1.8506,9.26841,3.97468,0.5
15.4,0,0.179131,39.6236,1,1,0.955854,6.01325,3.24387,0.248861
15.4,1,0.131038,39.5014,1,1,0.901203,5.66944,3.18729,0.234632
15.4,2,0.410054,41.829,1,1,1.26277,7.26166,3.50137,0.328769
15.4,3,0.457286,42.1629,1,1,1.33305,7.66577,3.57247,0.347065
15.4,4,0.22762,39.6995,1,1,1.01432,6.38108,3.3047,0.264084
15.4,5,0.159854,39.5763,1,1,0.933549,5.87293,3.22075,0.243054
15.4,6,0.757422,44.6635,1,1,1.76495,10.1494,4.01621,0.459512
15.4,7,0.9,42.4361,1,1,1.92046,12.0815,4.2776,0.5
15.5,0,0.178432,39.644,1,1,0.870451,9.32493,3.52199,0.248665
15.5,1,0.130354,39.5184,1,1,0.820696,8.79191,3.44964,0.234451
15.5,2,0.409389,41.7998,1,1,1.14993,6.21562,3.35035,0.328503
15.5,3,0.456609,42.1328,1,1,1.21393,6.56156,3.41245,0.346787
15.5,4,0.226906,39.7245,1,1,0.923685,9.89521,3.59966,0.263872
15.5,5,0.159161,39.5953,1,1,0.850144,9.10739,3.49243,0.242864
15.5,6,0.757221,44.6209,1,1,1.60829,8.6932,3.80118,0.459446
15.5,7,0.9,42.5079,1,1,1.75025,18.75,4.83272,0.5
15.6,0,0.177759,39.6544,1,1,1.32022,5.83288,3.39317,0.248452
15.6,1,0.129694,39.526,1,1,1.24478,5.49957,3.32661,0.234255
15.6,2,0.408619,41.811,1,1,1.74425,8.85603,3.88296,0.328249
15.6,3,0.45582,42.1456,1,1,1.84135,9.34901,3.97775,0.346522
15.6,4,0.226218,39.739,1,1,1.40094,6.18949,3.4648,0.263642
15.6,5,0.158493,39.6045,1,1,1.28943,5.69684,3.36595,0.242658
15.6,6,0.756979,44.6369,1,1,2.44108,12.394,4.57327,0.459385
15.6,7,0.9,42.5629,1,1,2.6569,11.7384,4.6243,0.5
15.7,0,0.177065,39.6724,1,1,1.00209,8.44993,3.49603,0.248247
15.7,1,0.129014,39.5407,1,1,0.944847,7.96723,3.42471,0.234066
15.7,2,0.407984,41.7706,1,1,1.32385,3.71113,3.1974,0.327955
15.7,3,0.455175,42.1037,1,1,1.39755,3.91773,3.25133,0.346213
15.7,4,0.225509,39.7612,1,1,1.06334,8.9664,3.57263,0.26342
15.7,5,0.157805,39.6211,1,1,0.978729,8.25292,3.46689,0.242459
15.7,6,0.756789,44.579,1,1,1.85408,5.19753,3.59265,0.45931
15.7,7,0.9,42.6302,1,1,2.01834,17.0192,4.79941,0.5
15.8,0,0.176367,39.6918,1,1,1.1805,7.84848,3.51918,0.248036
15.8,1,0.12833,39.5568,1,1,1.11308,7.40028,3.44586,0.233872
15.8,2,0.407237,41.7734,1,1,1.55971,8.55508,3.7646,0.327713
15.8,3,0.45441,42.1075,1,1,1.64656,9.03143,3.8519,0.34596
15.8,4,0.224795,39.7851,1,1,1.25263,8.32804,3.598,0.263192
15.8,5,0.157113,39.6391,1,1,1.15299,7.66555,3.48921,0.242255
15.8,6,0.756556,44.5829,1,1,2.18575,11.9889,4.40275,0.459252
15.8,7,0.9,42.7015,1,1,2.37969,15.8212,4.86905,0.5
15.9,0,0.175737,39.6849,1,1,1.12766,4.42948,3.17246,0.247824
15.9,1,0.127711,39.5482,1,1,1.06328,4.1766,3.11958,0.233676
15.9,2,0.406426,41.8004,1,1,1.48987,12.2786,4.08651,0.327428
15.9,3,0.453579,42.1367,1,1,1.57284,12.9623,4.19161,0.345661
15.9,4,0.224155,39.7809,1,1,1.19654,4.70004,3.22939,0.262962
15.9,5,0.156488,39.6314,1,1,1.10138,4.32627,3.15084,0.24205
15.9,6,0.756299,44.6206,1,1,2.08937,17.2192,4.85439,0.45918
15.9,7,0.9,42.7184,1,1,2.27512,8.93673,4.15824,0.5
16,0,0.175227,39.6332,1,1,0.531616,0.531616,2.57456,0.247633
16,1,0.127203,39.4977,1,1,0.501274,0.501274,2.56001,0.2335
16,2,0.405653,41.8127,1,1,2.29498,6.06545,3.89804,0.327119
16,3,0.452786,42.1508,1,1,2.42279,6.40323,3.99619,0.345336
16,4,0.223641,39.7288,1,1,0.564082,0.564082,2.59027,0.262756
16,5,0.155978,39.5802,1,1,0.519233,0.519233,2.5686,0.241865
16,6,0.755969,44.761,1,1,6.44186,5.29172,6.23146,0.459101
16,7,0.9,42.637,1,1,1.07339,1.07339,2.852,0.5
16.1,0,0.174721,39.5805,1,1,0.235528,1.73235,2.54875,0.247479
16.1,1,0.126701,39.4462,1,1,0.222086,1.63348,2.5348,0.233355
16.1,2,0.404903,41.8159,1,1,1.28847,10.05,3.7788,0.326825
16.1,3,0.452019,42.1549,1,1,1.36023,10.6097,3.86572,0.345026
16.1,4,0.223132,39.6756,1,1,0.249911,1.83814,2.56372,0.262591
16.1,5,0.155473,39.5279,1,1,0.230042,1.692,2.54305,0.241714
16.1,6,0.755704,44.8069,1,1,3.18227,12.7417,5.00333,0.458999
16.1,7,0.9,42.5534,1,1,0.475856,3.5,2.80471,0.5
16.2,0,0.174061,39.5869,1,1,1.07255,6.33013,3.32602,0.247325
16.2,1,0.126053,39.4502,1,1,1.01134,5.96889,3.26436,0.233211
16.2,2,0.4041,41.8393,1,1,1.41607,12.2452,4.04839,0.326539
16.2,3,0.451195,42.1803,1,1,1.49494,12.9272,4.15103,0.344727
16.2,4,0.222459,39.6854,1,1,1.13804,6.71667,3.39233,0.262428
16.2,5,0.154818,39.5334,1,1,1.04757,6.18269,3.30082,0.241565
16.2,6,0.75545,44.837,1,1,1.99014,17.2094,4.80351,0.458917
16.2,7,0.9,42.5961,1,1,2.1683,12.7972,4.47102,0.5
16.3,0,0.173535,39.5426,1,1,0.686235,0.686235,2.65058,0.247126
16.3,1,0.125531,39.4067,1,1,0.647085,0.647085,2.63106,0.233027
16.3,2,0.403372,41.8339,1,1,2.28269,3.67075,3.67081,0.326233
16.3,3,0.45045,42.1757,1,1,2.40984,3.87521,3.75571,0.344405
16.3,4,0.221929,39.641,1,1,0.728127,0.728127,2.67167,0.262212
16.3,5,0.154294,39.4893,1,1,0.670256,0.670256,2.64259,0.241371
16.3,6,0.755172,44.9005,1,1,5.16148,3.21187,5.25504,0.458839
16.3,7,0.9,42.5297,1,1,1.38843,1.38843,3.02491,0.5
16.4,0,0.172978,39.5109,1,1,0.563362,3.17438,2.80972,0.246966
16.4,1,0.124979,39.3751,1,1,0.531225,2.9933,2.77981,0.232878
16.4,2,0.402749,41.7887,1,1,0.743547,5.8565,3.13706,0.325956
16.4,3,0.449818,42.1283,1,1,0.784967,6.18274,3.18563,0.344114
16.4,4,0.221365,39.6102,1,1,0.59775,3.36815,2.84188,0.262042
16.4,5,0.153739,39.4577,1,1,0.550245,3.10047,2.79749,0.241216
16.4,6,0.754987,44.8311,1,1,1.04647,8.24248,3.49602,0.458753
16.4,7,0.9,42.49,1,1,1.14056,6.42675,3.36603,0.5
16.5,0,0.172349,39.5068,1,1,0.624654,6.71514,3.16928,0.246798
16.5,1,0.124361,39.3694,1,1,0.589026,6.33213,3.11826,0.232721
16.5,2,0.402134,41.7415,1,1,0.824407,5.12479,3.10243,0.32572
16.5,3,0.449193,42.0791,1,1,0.870339,5.41032,3.14932,0.343867
16.5,4,0.220725,39.6085,1,1,0.66278,7.125,3.22404,0.261861
16.5,5,0.153114,39.4528,1,1,0.610112,6.55882,3.14844,0.241053
16.5,6,0.754805,44.7593,1,1,1.16097,7.21701,3.45025,0.458696
16.5,7,0.9,42.5067,1,1,1.26552,13.6045,4.10851,0.5
16.6,0,0.171721,39.5024,1,1,0.916769,5.36253,3.16515,0.246608
16.6,1,0.123743,39.3634,1,1,0.864491,5.05674,3.11343,0.232546
16.6,2,0.401449,41.7213,1,1,1.21,6.97866,3.45013,0.325486
16.6,3,0.448495,42.0583,1,1,1.27742,7.36754,3.51821,0.343623
16.6,4,0.220086,39.6065,1,1,0.972711,5.68976,3.22077,0.261656
16.6,5,0.152491,39.4478,1,1,0.895431,5.23772,3.14401,0.240868
16.6,6,0.754595,44.7267,1,1,1.705,9.83358,3.95673,0.458639
16.6,7,0.9,42.5247,1,1,1.85876,10.8726,4.1315,0.5
16.7,0,0.171095,39.4974,1,1,0.784309,5.87556,3.1562,0.246418
16.7,1,0.123127,39.3569,1,1,0.739596,5.54059,3.10544,0.23237
16.7,2,0.40071,41.722,1,1,1.03514,10.6994,3.72575,0.325226
16.7,3,0.447739,42.0596,1,1,1.09283,11.2957,3.80864,0.343351
16.7,4,0.219449,39.6039,1,1,0.832158,6.23402,3.21074,0.261452
16.7,5,0.151868,39.4421,1,1,0.766059,5.73884,3.13546,0.240684
16.7,6,0.754366,44.7236,1,1,1.45957,15.0864,4.34125,0.458575
16.7,7,0.9,42.5402,1,1,1.59142,11.9219,4.10099,0.5
16.8,0,0.170448,39.5001,1,1,1.11054,5.41775,3.25715,0.246229
16.8,1,0.122492,39.3576,1,1,1.04724,5.10896,3.19944,0.232195
16.8,2,0.399933,41.737,1,1,1.46556,10.6167,3.91605,0.324945
16.8,3,0.446943,42.0762,1,1,1.54724,11.2085,4.01156,0.343056
16.8,4,0.218791,39.6095,1,1,1.17827,5.74821,3.31925,0.261248
16.8,5,0.151227,39.4439,1,1,1.0847,5.29172,3.23356,0.240501
16.8,6,0.754121,44.742,1,1,2.06793,14.9804,4.62895,0.458503
16.8,7,0.9,42.5737,1,1,2.25509,11.0014,4.34414,0.5
16.9,0,0.169815,39.4979,1,1,1.14352,4.57413,3.19321,0.246035
16.9,1,0.121869,39.3537,1,1,1.07836,4.31349,3.13916,0.232015
16.9,2,0.399148,41.7546,1,1,1.50891,10.7939,3.95361,0.32465
16.9,3,0.44614,42.0954,1,1,1.59302,11.3955,4.05143,0.342746
16.9,4,0.218146,39.6098,1,1,1.21326,4.85306,3.25141,0.261038
16.9,5,0.150598,39.441,1,1,1.11693,4.46775,3.17111,0.240313
16.9,6,0.753873,44.7644,1,1,2.13069,15.2417,4.68576,0.458428
16.9,7,0.9,42.5971,1,1,2.32391,9.2957,4.2175,0.5
17,0,0.169161,39.5034,1,1,1.16455,5.55535,3.29479,0.245844
17,1,0.121227,39.3571,1,1,1.09821,5.23888,3.23473,0.231839
17,2,0.398475,41.7301,1,1,1.53644,4.7656,3.39636,0.324352
17,3,0.445453,42.0702,1,1,1.62209,5.03125,3.46265,0.342432
17,4,0.217479,39.6183,1,1,1.23555,5.89404,3.35943,0.260832
17,5,0.149949,39.4456,1,1,1.13747,5.42618,3.27024,0.240128
17,6,0.753667,44.7273,1,1,2.17118,6.7344,3.89688,0.458351
17,7,0.9,42.6362,1,1,2.36848,11.2985,4.43104,0.5
17.1,0,0.168578,39.4818,1,1,0.839316,3.27139,2.93597,0.245647
17.1,1,0.120652,39.3352,1,1,0.791515,3.08508,2.89801,0.231657
17.1,2,0.397791,41.7098,1,1,1.10736,7.44081,3.44712,0.324097
17.1,3,0.444755,42.0493,1,1,1.16909,7.85563,3.51464,0.342165
17.1,4,0.216888,39.5979,1,1,0.890471,3.47078,2.97683,0.260619
17.1,5,0.149369,39.4239,1,1,0.819806,3.19534,2.92045,0.239937
17.1,6,0.753457,44.6951,1,1,1.56585,10.5216,3.95489,0.458287
17.1,7,0.9,42.6165,1,1,1.70838,6.65872,3.65736,0.5
17.2,0,0.16793,39.4857,1,1,0.809302,6.95839,3.26978,0.245472
17.2,1,0.120015,39.3372,1,1,0.763219,6.56217,3.21244,0.231494
17.2,2,0.397094,41.6945,1,1,1.06767,8.28203,3.50929,0.323837
17.2,3,0.444045,42.0336,1,1,1.12719,8.7438,3.58017,0.341893
17.2,4,0.216227,39.6045,1,1,0.85862,7.38243,3.33139,0.260431
17.2,5,0.148725,39.427,1,1,0.790493,6.79667,3.24635,0.239767
17.2,6,0.753243,44.6701,1,1,1.51072,11.7189,4.04289,0.458222
17.2,7,0.9,42.6487,1,1,1.64846,14.1735,4.34409,0.5
17.3,0,0.167334,39.4694,1,1,0.97019,3.35833,3.00201,0.245277
17.3,1,0.119428,39.3202,1,1,0.914961,3.16715,2.95982,0.231314
17.3,2,0.396333,41.7039,1,1,1.27989,10.6836,3.83539,0.323574
17.3,3,0.443266,42.0442,1,1,1.35126,11.2794,3.92555,0.341617
17.3,4,0.215623,39.5896,1,1,1.0293,3.56293,3.04744,0.26022
17.3,5,0.148133,39.4104,1,1,0.947648,3.2803,2.98476,0.239578
17.3,6,0.753005,44.6809,1,1,1.81223,15.1272,4.51547,0.458155
17.3,7,0.9,42.6403,1,1,1.97774,6.84599,3.80902,0.5
17.4,0,0.166704,39.4666,1,1,1.13276,4.46147,3.17778,0.245098
17.4,1,0.118808,39.3159,1,1,1.06829,4.20754,3.12473,0.231148
17.4,2,0.395586,41.708,1,1,1.49411,8.90988,3.76689,0.323286
17.4,3,0.442501,42.0492,1,1,1.57743,9.40673,3.85416,0.341313
17.4,4,0.214981,39.5891,1,1,1.20176,4.73323,3.2349,0.260028
17.4,5,0.147507,39.4069,1,1,1.10644,4.35782,3.15609,0.239404
17.4,6,0.75277,44.685,1,1,2.11709,12.6249,4.42849,0.458081
17.4,7,0.9,42.6607,1,1,2.31082,9.10138,4.1923,0.5
17.5,0,0.16612,39.4462,1,1,0.985209,2.62914,2.94263,0.244909
17.5,1,0.118231,39.2951,1,1,0.92915,2.47954,2.90403,0.230974
17.5,2,0.394934,41.676,1,1,1.29936,4.79263,3.28593,0.323003
17.5,3,0.441838,42.0159,1,1,1.37182,5.0599,3.34502,0.341016
17.5,4,0.214389,39.5697,1,1,1.04521,2.78925,2.98424,0.259824
17.5,5,0.146926,39.3863,1,1,0.962328,2.56808,2.92684,0.239221
17.5,6,0.752573,44.6372,1,1,1.84245,6.7958,3.73654,0.458008
17.5,7,0.9,42.6429,1,1,2.01138,5.36758,3.6876,0.5
17.6,0,0.165549,39.4211,1,1,0.576975,3.82529,2.876,0.244734
17.6,1,0.117667,39.27,1,1,0.544151,3.60767,2.84224,0.230811
17.6,2,0.394259,41.6532,1,1,0.760917,8.5674,3.40279,0.322756
17.6,3,0.44115,41.9923,1,1,0.803357,9.04525,3.46647,0.340758
17.6,4,0.213811,39.5453,1,1,0.612106,4.0582,2.91229,0.259635
17.6,5,0.146358,39.3612,1,1,0.563577,3.73646,2.86221,0.239051
17.6,6,0.752367,44.6013,1,1,1.07964,12.156,3.88515,0.457947
17.6,7,0.9,42.6125,1,1,1.17878,7.81519,3.51523,0.5
17.7,0,0.164911,39.4218,1,1,0.883547,6.03077,3.21376,0.244563
17.7,1,0.117041,39.2692,1,1,0.833291,5.68774,3.15946,0.230652
17.7,2,0.393588,41.6291,1,1,1.16512,6.43934,3.37845,0.322501
17.7,3,0.440467,41.9672,1,1,1.23011,6.79853,3.44235,0.34049
17.7,4,0.213162,39.5483,1,1,0.937337,6.39792,3.27214,0.259452
17.7,5,0.145725,39.3612,1,1,0.863034,5.89076,3.19157,0.238885
17.7,6,0.752162,44.5645,1,1,1.65422,9.14249,3.86618,0.457883
17.7,7,0.9,42.6373,1,1,1.80638,12.3297,4.24475,0.5
17.8,0,0.164259,39.428,1,1,0.863616,6.89112,3.28678,0.244372
17.8,1,0.1164,39.2735,1,1,0.814505,6.49925,3.22834,0.230476
17.8,2,0.392847,41.6322,1,1,1.13883,10.3325,3.73719,0.322247
17.8,3,0.439709,41.971,1,1,1.20236,10.9089,3.82126,0.340225
17.8,4,0.212497,39.5571,1,1,0.916179,7.31055,3.34958,0.259246
17.8,5,0.145078,39.3666,1,1,0.84357,6.73117,3.2629,0.2387
17.8,6,0.751931,44.5668,1,1,1.61794,14.6794,4.37784,0.457819
17.8,7,0.9,42.673,1,1,1.76701,14.0996,4.39478,0.5
17.9,0,0.163651,39.4175,1,1,1.08652,3.49389,3.06714,0.244177
17.9,1,0.115801,39.2621,1,1,1.02475,3.29526,3.02084,0.230296
17.9,2,0.392084,41.6433,1,1,1.43267,10.0181,3.84331,0.321967
17.9,3,0.438928,41.9833,1,1,1.5126,10.577,3.93466,0.33993
17.9,4,0.211879,39.5482,1,1,1.15263,3.70649,3.11702,0.259035
17.9,5,0.144473,39.3558,1,1,1.06131,3.41282,3.0482,0.238511
17.9,6,0.75169,44.5814,1,1,2.03685,14.2428,4.54265,0.457747
17.9,7,0.9,42.6757,1,1,2.22486,7.15442,3.96395,0.5
18,0,0.163047,39.4056,1,1,1.08471,3.26071,3.04499,0.243995
18,1,0.115205,39.2494,1,1,1.02305,3.07537,3.00003,0.230127
18,2,0.391337,41.6485,1,1,1.43006,9.24984,3.76882,0.32168
18,3,0.438163,41.9894,1,1,1.50985,9.76592,3.85596,0.339627
18,4,0.211265,39.5378,1,1,1.1507,3.45907,3.09343,0.258839
18,5,0.143872,39.3435,1,1,1.05954,3.18506,3.0266,0.238335
18,6,0.751456,44.5879,1,1,2.03463,13.1603,4.43795,0.457672
18,7,0.9,42.675,1,1,2.2228,6.6819,3.91848,0.5
18.1,0,0.162436,39.3963,1,1,1.01184,3.97499,3.07761,0.243815
18.1,1,0.114604,39.2393,1,1,0.954346,3.74911,3.03091,0.22996
18.1,2,0.390554,41.667,1,1,1.33382,11.5711,3.94532,0.321397
18.1,3,0.437361,42.0094,1,1,1.40824,12.2167,4.04197,0.33933
18.1,4,0.210644,39.5301,1,1,1.07339,4.21676,3.12791,0.258645
18.1,5,0.143265,39.3338,1,1,0.988375,3.88279,3.05851,0.23816
18.1,6,0.751208,44.613,1,1,1.89906,16.4747,4.68761,0.457598
18.1,7,0.9,42.679,1,1,2.07503,8.15165,3.98146,0.5
18.2,0,0.161844,39.38,1,1,1.22281,1.81681,2.98146,0.243633
18.2,1,0.114021,39.2225,1,1,1.15334,1.71359,2.94027,0.229791
18.2,2,0.389768,41.6861,1,1,1.61163,10.3273,3.95841,0.321102
18.2,3,0.436556,42.0302,1,1,1.70156,10.9035,4.05708,0.339019
18.2,4,0.210044,39.5148,1,1,1.29717,1.9273,3.02592,0.258448
18.2,5,0.142677,39.3173,1,1,1.19445,1.77468,2.9646,0.237983
18.2,6,0.750958,44.6401,1,1,2.29632,14.7147,4.72003,0.457521
18.2,7,0.9,42.669,1,1,2.50953,3.72859,3.79487,0.5
18.3,0,0.161205,39.3819,1,1,1.13149,4.93049,3.22099,0.243456
18.3,1,0.113393,39.2228,1,1,1.06722,4.65043,3.16552,0.229628
18.3,2,0.389007,41.6958,1,1,1.49099,9.67716,3.83849,0.320806
18.3,3,0.435776,42.0411,1,1,1.57418,10.2171,3.92984,0.338707
18.3,4,0.209393,39.519,1,1,1.20029,5.23027,3.28072,0.258258
18.3,5,0.142043,39.3185,1,1,1.10526,4.81618,3.19831,0.237812
18.3,6,0.750717,44.6537,1,1,2.12602,13.7988,4.54527,0.457443
18.3,7,0.9,42.6967,1,1,2.32381,10.126,4.2963,0.5
18.4,0,0.160609,39.3676,1,1,1.05859,2.94737,3.0046,0.243266
18.4,1,0.112805,39.208,1,1,0.99848,2.78,2.96218,0.229452
18.4,2,0.388229,41.7114,1,1,1.39477,10.9884,3.91813,0.320519
18.4,3,0.43498,42.0581,1,1,1.4726,11.6016,4.01353,0.338404
18.4,4,0.208788,39.5058,1,1,1.12294,3.12652,3.05033,0.258053
18.4,5,0.14145,39.3039,1,1,1.03406,2.87905,2.98725,0.237627
18.4,6,0.750471,44.6754,1,1,1.99028,15.68,4.65693,0.457368
18.4,7,0.9,42.6895,1,1,2.1758,6.05792,3.83585,0.5
18.5,0,0.160003,39.357,1,1,1.17396,2.88545,3.05216,0.243088
18.5,1,0.112208,39.1967,1,1,1.10731,2.72163,3.00663,0.229287
18.5,2,0.387456,41.7253,1,1,1.54649,10.0272,3.89842,0.320226
18.5,3,0.434187,42.0733,1,1,1.63278,10.5868,3.99341,0.338096
18.5,4,0.208172,39.4966,1,1,1.24531,3.06081,3.10125,0.257862
18.5,5,0.140848,39.293,1,1,1.14675,2.81858,3.03353,0.237455
18.5,6,0.750226,44.6952,1,1,2.20842,14.3191,4.63704,0.45729
18.5,7,0.9,42.6908,1,1,2.41468,5.93498,3.9482,0.5
18.6,0,0.159387,39.3506,1,1,1.09741,3.85383,3.10524,0.242908
18.6,1,0.111602,39.1893,1,1,1.03512,3.63508,3.05672,0.22912
18.6,2,0.386738,41.7179,1,1,1.4454,7.59276,3.61856,0.319935
18.6,3,0.433454,42.0661,1,1,1.52606,8.01646,3.69727,0.337789
18.6,4,0.207546,39.4918,1,1,1.16409,4.08799,3.15751,0.257667
18.6,5,0.140236,39.2862,1,1,1.07198,3.76454,3.0854,0.23728
18.6,6,0.750002,44.6844,1,1,2.0656,10.8507,4.23308,0.457214
18.6,7,0.9,42.7,1,1,2.2589,7.93269,4.05487,0.5
18.7,0,0.158801,39.3329,1,1,0.857122,3.37624,2.95343,0.242725
18.7,1,0.111023,39.1714,1,1,0.808481,3.18464,2.91453,0.228951
18.7,2,0.386021,41.7102,1,1,1.12882,9.06412,3.61147,0.319665
18.7,3,0.432722,42.0583,1,1,1.19181,9.56994,3.68844,0.337504
18.7,4,0.206952,39.4749,1,1,0.909189,3.58134,2.99531,0.25747
18.7,5,0.139653,39.2684,1,1,0.837268,3.29803,2.93752,0.237103
18.7,6,0.749779,44.6722,1,1,1.61429,12.9623,4.21156,0.457143
18.7,7,0.9,42.6835,1,1,1.76562,6.95487,3.71345,0.5
18.8,0,0.158221,39.3135,1,1,0.966755,2.53374,2.92577,0.242551
18.8,1,0.11045,39.1518,1,1,0.911904,2.38998,2.88834,0.228789
18.8,2,0.385334,41.6916,1,1,1.27304,6.84198,3.46637,0.319396
18.8,3,0.43202,42.0391,1,1,1.34409,7.22383,3.53573,0.337221
18.8,4,0.206363,39.4561,1,1,1.02547,2.68763,2.96613,0.257283
18.8,5,0.139075,39.2489,1,1,0.944366,2.47506,2.91046,0.236934
18.8,6,0.749567,44.6451,1,1,1.8218,9.79126,4.01014,0.457074
18.8,7,0.9,42.6637,1,1,1.99289,5.22312,3.66481,0.5
18.9,0,0.157644,39.2931,1,1,0.769777,3.30218,2.90855,0.242379
18.9,1,0.10988,39.1314,1,1,0.726109,3.11486,2.87252,0.228629
18.9,2,0.384672,41.6637,1,1,1.01356,6.71697,3.3362,0.319138
18.9,3,0.431346,42.0099,1,1,1.07013,7.09187,3.39715,0.33695
18.9,4,0.205778,39.4362,1,1,0.816522,3.50271,2.94733,0.257097
18.9,5,0.138501,39.2285,1,1,0.751953,3.22572,2.89382,0.236766
18.9,6,0.749365,44.6038,1,1,1.45142,9.61874,3.8141,0.457007
18.9,7,0.9,42.6403,1,1,1.58796,6.81203,3.61311,0.5
19,0,0.157081,39.2677,1,1,0.73338,2.70187,2.83791,0.242207
19,1,0.109324,39.1063,1,1,0.691785,2.54863,2.80619,0.22847
19,2,0.383998,41.6405,1,1,0.965564,7.55864,3.3949,0.318889
19,3,0.43066,41.9859,1,1,1.01946,7.98056,3.459,0.336689
19,4,0.205208,39.411,1,1,0.777907,2.86592,2.87208,0.256913
19,5,0.137941,39.2032,1,1,0.716401,2.63932,2.82494,0.2366
19,6,0.749159,44.5694,1,1,1.38358,10.831,3.89782,0.456944
19,7,0.9,42.6059,1,1,1.51395,5.5776,3.46128,0.5
19.1,0,0.156492,39.2525,1,1,0.808747,3.76148,2.96793,0.242041
19.1,1,0.108743,39.0909,1,1,0.762885,3.54818,2.92832,0.228315
19.1,2,0.383247,41.6472,1,1,1.06468,11.1969,3.78656,0.318636
19.1,3,0.429892,41.9932,1,1,1.12412,11.822,3.87314,0.336424
19.1,4,0.204611,39.3967,1,1,0.857843,3.98983,3.01057,0.256734
19.1,5,0.137355,39.1879,1,1,0.790027,3.67441,2.95173,0.236438
19.1,6,0.748922,44.5782,1,1,1.5266,16.0548,4.466,0.456879
19.1,7,0.9,42.5932,1,1,1.67068,7.77035,3.74394,0.5
19.2,0,0.155874,39.2486,1,1,1.16342,3.62738,3.11474,0.241866
19.2,1,0.108134,39.0859,1,1,1.09746,3.42173,3.06553,0.228153
19.2,2,0.382473,41.6623,1,1,1.53135,10.1228,3.90028,0.318354
19.2,3,0.429099,42.0097,1,1,1.61684,10.6879,3.99534,0.336126
19.2,4,0.203983,39.3943,1,1,1.23404,3.84755,3.16777,0.256546
19.2,5,0.136741,39.1835,1,1,1.1365,3.54344,3.09461,0.236269
19.2,6,0.748676,44.6007,1,1,2.19732,14.5252,4.65109,0.456805
19.2,7,0.9,42.6067,1,1,2.4051,7.49874,4.08982,0.5
19.3,0,0.15528,39.2356,1,1,1.10593,2.57376,2.9928,0.241683
19.3,1,0.107549,39.0725,1,1,1.04324,2.42787,2.95109,0.227984
19.3,2,0.381687,41.6815,1,1,1.45544,11.1193,3.95928,0.318064
19.3,3,0.428294,42.0305,1,1,1.53669,11.74,4.05732,0.33582
19.3,4,0.20338,39.3822,1,1,1.17304,2.72994,3.03778,0.256349
19.3,5,0.136151,39.1703,1,1,1.08034,2.51421,2.97573,0.236091
19.3,6,0.748426,44.6291,1,1,2.08996,15.9668,4.7346,0.456727
19.3,7,0.9,42.6002,1,1,2.28797,5.32465,3.82541,0.5
19.4,0,0.154688,39.2221,1,1,1.19351,2.00609,2.98381,0.241508
19.4,1,0.106965,39.0586,1,1,1.12587,1.8924,2.94259,0.227821
19.4,2,0.380908,41.6983,1,1,1.57038,10.2408,3.93027,0.31777
19.4,3,0.427495,42.0487,1,1,1.65805,10.8125,4.02721,0.335509
19.4,4,0.202779,39.3696,1,1,1.26592,2.1278,3.02832,0.25616
19.4,5,0.135562,39.1566,1,1,1.1659,1.95968,2.96694,0.235921
19.4,6,0.748177,44.6545,1,1,2.25671,14.7165,4.69982,0.456648
19.4,7,0.9,42.5928,1,1,2.47095,4.15326,3.81313,0.5
19.5,0,0.15415,39.1883,1,1,0.645259,1.68933,2.71035,0.241333
19.5,1,0.106432,39.0258,1,1,0.608699,1.59361,2.68659,0.227659
19.5,2,0.380175,41.6967,1,1,1.68378,7.13545,3.69028,0.317478
19.5,3,0.426746,42.0476,1,1,1.77777,7.53378,3.77412,0.335201
19.5,4,0.202236,39.3353,1,1,0.684399,1.7918,2.73597,0.255972
19.5,5,0.135026,39.1232,1,1,0.630336,1.65026,2.70063,0.235751
19.5,6,0.747918,44.6943,1,1,3.62218,9.06089,4.89853,0.45657
19.5,7,0.9,42.5385,1,1,1.33687,3.5,3.18425,0.5
19.6,0,0.153576,39.1688,1,1,0.837447,2.80181,2.89228,0.241174
19.6,1,0.105865,39.0064,1,1,0.790004,2.64308,2.85714,0.227511
19.6,2,0.37942,41.704,1,1,1.10145,11.2439,3.80754,0.317204
19.6,3,0.425973,42.0556,1,1,1.16294,11.8716,3.89546,0.334912
19.6,4,0.201655,39.3162,1,1,0.888239,2.97175,2.93014,0.255801
19.6,5,0.134455,39.1037,1,1,0.818081,2.73702,2.87791,0.235597
19.6,6,0.747679,44.704,1,1,1.5851,16.1811,4.50609,0.456488
19.6,7,0.9,42.5155,1,1,1.73619,5.8087,3.5912,0.5
19.7,0,0.152986,39.1559,1,1,1.17246,2.04679,2.97748,0.241005
19.7,1,0.105282,38.9932,0,1,1.10605,1.93086,2.93669,0.227354
19.7,2,0.378746,41.6802,1,1,1.54179,4.71515,3.39427,0.316921
19.7,3,0.425287,42.0309,1,1,1.62786,4.97838,3.46055,0.334614
19.7,4,0.201055,39.3042,1,1,1.24356,2.17091,3.02151,0.255619
19.7,5,0.133868,39.0907,1,1,1.14535,1.99947,2.96079,0.235432
19.7,6,0.747472,44.6701,1,1,2.2204,6.79051,3.92744,0.456413
19.7,7,0.9,42.5087,1,1,2.43245,4.24638,3.8014,0.5
19.8,0,0.152391,39.1449,1,1,0.594336,5.04523,2.99811,0.24083
19.8,1,0.104696,38.9818,0,1,0.560679,4.75952,2.95738,0.227192
19.8,2,0.378086,41.6516,1,1,0.781496,7.67262,3.32601,0.316669
19.8,3,0.424615,42.001,1,1,0.825127,8.10098,3.38551,0.334349
19.8,4,0.200452,39.2939,1,1,0.63037,5.35112,3.04187,0.255432
19.8,5,0.133276,39.0794,1,1,0.580597,4.9286,2.98147,0.235263
19.8,6,0.747271,44.6274,1,1,1.1262,11.0569,3.8008,0.456348
19.8,7,0.9,42.5014,1,1,1.23393,10.4747,3.7942,0.5
19.9,0,0.151794,39.1348,1,1,0.803096,4.22455,3.00865,0.240655
19.9,1,0.104107,38.9712,0,1,0.757626,3.98536,2.96673,0.22703
19.9,2,0.377396,41.635,1,1,1.05594,8.01416,3.4785,0.316423
19.9,3,0.423911,41.9837,1,1,1.1149,8.46163,3.5477,0.33409
19.9,4,0.199846,39.2847,1,1,0.851778,4.48063,3.05376,0.255243
19.9,5,0.132683,39.0692,1,1,0.784535,4.12691,2.99151,0.235093
19.9,6,0.747057,44.6027,1,1,1.52268,11.5565,4.03307,0.456284
19.9,7,0.9,42.4976,1,1,1.66856,8.77719,3.83843,0.5
20,0,0.151164,39.1373,1,1,0.861653,5.71651,3.17447,0.240479
20,1,0.103487,38.9726,0,1,0.812878,5.39292,3.12277,0.226867
20,2,0.376656,41.6374,1,1,1.13284,10.2782,3.72929,0.316165
20,3,0.423154,41.9866,1,1,1.19609,10.8521,3.81296,0.333819
20,4,0.199205,39.2889,1,1,0.913875,6.06296,3.23008,0.255054
20,5,0.132057,39.0712,1,1,0.841743,5.58442,3.15334,0.234923
20,6,0.746824,44.606,1,1,1.63465,14.8311,4.40045,0.456217
20,7,0.9,42.5206,1,1,1.79153,11.8856,4.19499,0.5
20.1,0,0.150485,39.1584,1,1,1.08409,7.30329,3.42353,0.240294
20.1,1,0.102821,38.9915,0,1,1.02274,6.88999,3.35672,0.226695
20.1,2,0.375921,41.6381,1,1,1.42513,8.61304,3.70585,0.315889
20.1,3,0.422402,41.9877,1,1,1.50471,9.09398,3.78948,0.333528
20.1,4,0.198511,39.3129,1,1,1.14977,7.74581,3.49538,0.254854
20.1,5,0.131383,39.0914,1,1,1.05904,7.13458,3.39622,0.234743
20.1,6,0.746593,44.6078,1,1,2.05789,12.4372,4.38058,0.456143
20.1,7,0.9,42.5845,1,1,2.25575,15.1966,4.74529,0.5
20.2,0,0.149822,39.173,1,1,1.04755,6.59853,3.34019,0.240094
20.2,1,0.102171,39.0041,0,1,0.988288,6.22523,3.27833,0.226511
20.2,2,0.375263,41.6094,1,1,1.37705,4.70744,3.31464,0.315614
20.2,3,0.421733,41.9578,1,1,1.45395,4.9703,3.37574,0.333238
20.2,4,0.197835,39.3299,1,1,1.111,6.99822,3.40674,0.254637
20.2,5,0.130725,39.1051,1,1,1.02336,6.44615,3.3149,0.23455
20.2,6,0.746391,44.5669,1,1,1.98987,6.80236,3.81103,0.45607
20.2,7,0.9,42.634,1,1,2.18154,13.7415,4.56805,0.5
20.3,0,0.149246,39.1543,1,1,0.954985,2.30918,2.90054,0.2399
20.3,1,0.101603,38.9856,0,1,0.900975,2.17858,2.86479,0.226332
20.3,2,0.3746,41.5835,1,1,1.25541,5.65185,3.34586,0.315369
20.3,3,0.421056,41.9308,1,1,1.32552,5.96746,3.40832,0.33298
20.3,4,0.197252,39.3115,1,1,1.01281,2.44901,2.93909,0.254427
20.3,5,0.130153,39.0865,1,1,0.932938,2.25587,2.88591,0.234361
20.3,6,0.746187,44.5297,1,1,1.81525,8.17225,3.8531,0.456006
20.3,7,0.9,42.612,1,1,1.99038,4.81279,3.62549,0.5
20.4,0,0.148699,39.1253,1,1,0.656327,2.18661,2.75857,0.239731
20.4,1,0.10106,38.9574,0,1,0.619215,2.06297,2.73184,0.226175
20.4,2,0.373977,41.5422,1,1,0.86273,5.29441,3.13506,0.315122
20.4,3,0.420425,41.8874,1,1,0.910911,5.59009,3.18405,0.33272
20.4,4,0.196699,39.282,1,1,0.696064,2.319,2.78737,0.254245
20.4,5,0.129608,39.0578,1,1,0.641178,2.13614,2.74764,0.234197
20.4,6,0.746,44.4692,1,1,1.24826,7.66036,3.53249,0.455942
20.4,7,0.9,42.5658,1,1,1.36888,4.56056,3.29711,0.5
20.5,0,0.148152,39.0966,1,1,0.585119,2.50241,2.75698,0.23957
20.5,1,0.100519,38.9296,0,1,0.552038,2.36093,2.73042,0.226026
20.5,2,0.373349,41.504,1,1,0.769077,6.04476,3.16576,0.31489
20.5,3,0.419787,41.8471,1,1,0.812032,6.38238,3.21617,0.332477
20.5,4,0.196147,39.2529,1,1,0.62054,2.6539,2.78557,0.254073
20.5,5,0.129063,39.0294,1,1,0.571615,2.44466,2.74612,0.234041
20.5,6,0.745811,44.4128,1,1,1.11343,8.75131,3.57466,0.455882
20.5,7,0.9,42.5197,1,1,1.22118,5.22271,3.28968,0.5
20.6,0,0.147597,39.0714,1,1,0.647568,2.65131,2.79671,0.23941
20.6,1,0.0999696,38.905,0,1,0.610962,2.50143,2.76769,0.225876
20.6,2,0.372665,41.4876,1,1,0.851097,8.64842,3.44896,0.314656
20.6,3,0.419089,41.83,1,1,0.898638,9.1315,3.5157,0.332232
20.6,4,0.195585,39.2274,1,1,0.686764,2.81179,2.82796,0.253901
20.6,5,0.12851,39.0045,1,1,0.632625,2.59013,2.78484,0.233886
20.6,6,0.7456,44.3885,1,1,1.23293,12.5284,3.99035,0.455823
20.6,7,0.9,42.4813,1,1,1.35242,5.53717,3.38053,0.5
20.7,0,0.14702,39.0552,1,1,0.902865,2.68214,2.91043,0.239248
20.7,1,0.0993993,38.8888,0,1,0.851835,2.53055,2.87417,0.225725
20.7,2,0.371971,41.4751,1,1,1.18648,7.59962,3.49826,0.314401
20.7,3,0.418381,41.8172,1,1,1.25276,8.02415,3.56914,0.331964
20.7,4,0.195,39.2115,1,1,0.957506,2.84447,2.94951,0.253727
20.7,5,0.127936,38.9882,0,1,0.882034,2.62026,2.8956,0.233728
20.7,6,0.745384,44.3711,1,1,1.71992,11.0164,4.07682,0.455756
20.7,7,0.9,42.4635,1,1,1.88688,5.60537,3.64706,0.5
20.8,0,0.146449,39.0365,1,1,0.835146,2.60833,2.87379,0.239079
20.8,1,0.0988359,38.8703,0,1,0.787953,2.46094,2.83986,0.225568
20.8,2,0.37128,41.4617,1,1,1.09736,7.85202,3.48171,0.314143
20.8,3,0.417676,41.8033,1,1,1.15866,8.29066,3.55129,0.331692
20.8,4,0.194423,39.1929,1,1,0.88568,2.76616,2.91036,0.253545
20.8,5,0.127368,38.9696,0,1,0.815881,2.54816,2.85991,0.233564
20.8,6,0.74517,44.352,1,1,1.5918,11.3899,4.05031,0.455687
20.8,7,0.9,42.4397,1,1,1.74659,5.45497,3.56326,0.5
20.9,0,0.14589,39.0139,1,1,0.850772,1.90551,2.81865,0.238912
20.9,1,0.0982827,38.8482,0,1,0.802704,1.79786,2.78811,0.225414
20.9,2,0.370633,41.4319,1,1,1.11776,5.42203,3.26084,0.313886
20.9,3,0.417018,41.7721,1,1,1.1802,5.72494,3.31795,0.331422
20.9,4,0.193857,39.1703,1,1,0.902243,2.0208,2.85159,0.253366
20.9,5,0.126811,38.9472,0,1,0.83115,1.86157,2.80616,0.233402
20.9,6,0.744973,44.3093,1,1,1.62247,7.87031,3.72994,0.455619
20.9,7,0.9,42.4073,1,1,1.78051,3.9879,3.4443,0.5
21,0,0.145318,38.9968,0,1,0.621787,3.73146,2.8857,0.238748
21,1,0.0977169,38.8313,0,1,0.586663,3.52067,2.8515,0.225262
21,2,0.370021,41.3895,1,1,0.816848,4.984,3.0859,0.313646
21,3,0.416396,41.7274,1,1,0.862485,5.26245,3.13194,0.331169
21,4,0.193277,39.1533,1,1,0.659399,3.95717,2.92248,0.25319
21,5,0.126242,38.9302,0,1,0.607449,3.64541,2.87172,0.233243
21,6,0.744789,44.2472,1,1,1.18643,7.23904,3.464,0.455557
21,7,0.9,42.3851,1,1,1.30218,7.81462,3.57218,0.5
21.1,0,0.144743,38.9807,0,1,0.551567,4.15463,2.89659,0.238581
21.1,1,0.097149,38.8154,0,1,0.520415,3.91998,2.86194,0.225106
21.1,2,0.369391,41.3545,1,1,0.72458,6.34583,3.17554,0.313419
21.1,3,0.415756,41.6906,1,1,0.765066,6.70041,3.22638,0.330931
21.1,4,0.192695,39.1374,1,1,0.584925,4.4059,2.93384,0.25301
21.1,5,0.12567,38.9142,0,1,0.53885,4.05884,2.88243,0.233081
21.1,6,0.744599,44.1959,1,1,1.05305,9.22254,3.59248,0.455498
21.1,7,0.9,42.3646,1,1,1.15593,8.70695,3.58971,0.5
21.2,0,0.144169,38.9647,0,1,0.672296,3.58567,2.89322,0.238413
21.2,1,0.0965819,38.7995,0,1,0.634333,3.38319,2.85848,0.224951
21.2,2,0.368727,41.3327,1,1,0.883142,7.4096,3.34461,0.313185
21.2,3,0.415081,41.6679,1,1,0.932492,7.82365,3.4056,0.330685
21.2,4,0.192114,39.1216,1,1,0.71295,3.80249,2.93061,0.25283
21.2,5,0.125098,38.8982,0,1,0.656799,3.50301,2.87902,0.232918
21.2,6,0.744396,44.1644,1,1,1.28428,10.7752,3.84617,0.455438
21.2,7,0.9,42.3448,1,1,1.40994,7.51985,3.59483,0.5
21.3,0,0.143584,38.9531,0,1,0.788557,3.64623,2.94848,0.238246
21.3,1,0.0960044,38.7878,0,1,0.744037,3.44037,2.91024,0.224795
21.3,2,0.36804,41.3203,1,1,1.03578,7.95544,3.46388,0.312938
21.3,3,0.41438,41.655,1,1,1.09366,8.40001,3.53223,0.330426
21.3,4,0.19152,39.1105,1,1,0.836233,3.86668,2.98966,0.25265
21.3,5,0.124517,38.8865,0,1,0.770384,3.5622,2.93285,0.232755
21.3,6,0.744183,44.1471,1,1,1.50721,11.5764,4.02759,0.455373
21.3,7,0.9,42.3351,1,1,1.65492,7.65224,3.72506,0.5
21.4,0,0.142956,38.958,0,1,0.855036,5.66078,3.16633,0.238076
21.4,1,0.0953863,38.7917,0,1,0.806773,5.34125,3.11526,0.224637
21.4,2,0.367376,41.2992,1,1,1.12299,6.28592,3.3447,0.312684
21.4,3,0.413704,41.6329,1,1,1.18575,6.63721,3.40664,0.330158
21.4,4,0.190881,39.1169,1,1,0.906721,6.00296,3.22126,0.252467
21.4,5,0.123892,38.891,0,1,0.835334,5.53035,3.14545,0.23259
21.4,6,0.743978,44.1173,1,1,1.63521,9.15307,3.85795,0.455305
21.4,7,0.9,42.361,1,1,1.79572,11.8886,4.19734,0.5
21.5,0,0.142374,38.9451,0,1,0.813852,3.32559,2.92983,0.237893
21.5,1,0.0948124,38.7788,0,1,0.767925,3.13792,2.89264,0.224468
21.5,2,0.36673,41.2718,1,1,1.06888,5.61644,3.25695,0.312438
21.5,3,0.413046,41.6042,1,1,1.12861,5.93033,3.31368,0.329899
21.5,4,0.190292,39.1043,1,1,0.863035,3.52656,2.96989,0.252269
21.5,5,0.123314,38.8781,0,1,0.795104,3.24898,2.91462,0.232413
21.5,6,0.743781,44.0783,1,1,1.55742,8.18349,3.7282,0.45524
21.5,7,0.9,42.3483,1,1,1.71054,6.98969,3.68963,0.5
21.6,0,0.141796,38.9314,0,1,0.63583,3.99447,2.91614,0.237724
21.6,1,0.0942409,38.7651,0,1,0.599956,3.7691,2.88019,0.224311
21.6,2,0.366074,41.2487,1,1,0.835024,7.23918,3.30757,0.312198
21.6,3,0.412378,41.5799,1,1,0.881695,7.64379,3.36629,0.329647
21.6,4,0.189706,39.0909,1,1,0.674248,4.23582,2.95482,0.252087
21.6,5,0.122738,38.8644,0,1,0.621186,3.90247,2.90145,0.232248
21.6,6,0.74358,44.0449,1,1,1.21745,10.5546,3.79427,0.455178
21.6,7,0.9,42.3325,1,1,1.33733,8.4015,3.6444,0.5
21.7,0,0.141196,38.9259,0,1,0.76797,4.5238,3.02158,0.237555
21.7,1,0.0936498,38.7591,0,1,0.724649,4.26861,2.97917,0.224155
21.7,2,0.365406,41.2303,1,1,1.00849,7.05082,3.36564,0.311955
21.7,3,0.411698,41.5607,1,1,1.06486,7.44492,3.42833,0.329392
21.7,4,0.189097,39.0861,1,1,0.814363,4.79708,3.06723,0.251906
21.7,5,0.122142,38.8586,0,1,0.750286,4.41963,3.00424,0.232085
21.7,6,0.743375,44.019,1,1,1.47129,10.2865,3.88725,0.455114
21.7,7,0.9,42.335,1,1,1.6164,9.52157,3.88392,0.5
21.8,0,0.140606,38.9167,0,1,0.766588,4.01239,2.9731,0.237381
21.8,1,0.0930678,38.7498,0,1,0.723355,3.7861,2.93351,0.223994
21.8,2,0.36477,41.2,1,1,1.00662,5.348,3.20366,0.311708
21.8,3,0.411052,41.529,1,1,1.06288,5.64694,3.25712,0.329132
21.8,4,0.188499,39.0775,1,1,0.812888,4.25473,3.01571,0.251719
21.8,5,0.121556,38.8494,0,1,0.748939,3.92001,2.95691,0.231916
21.8,6,0.743182,43.9758,1,1,1.46951,7.80729,3.65038,0.455048
21.8,7,0.9,42.3296,1,1,1.61468,8.45135,3.78129,0.5
21.9,0,0.140107,38.8734,0,1,0.405793,0.405793,2.51512,0.23721
21.9,1,0.0925708,38.7085,0,1,0.382913,0.382913,2.50459,0.223835
21.9,2,0.364073,41.1938,1,1,1.0583,8.40289,3.51661,0.311473
21.9,3,0.41034,41.5226,1,1,1.11746,8.87262,3.58805,0.328885
21.9,4,0.187997,39.0323,1,1,0.430298,0.430298,2.5265,0.251534
21.9,5,0.121058,38.8069,0,1,0.396453,0.396453,2.51081,0.23175
21.9,6,0.74293,44.0167,1,1,3.09185,10.7287,4.76237,0.454987
21.9,7,0.9,42.2461,1,1,0.855346,0.855346,2.73683,0.5
22,0,0.139525,38.8624,0,1,0.900126,2.97435,2.93565,0.237065
22,1,0.0919959,38.6974,0,1,0.849377,2.80666,2.89797,0.223699
22,2,0.363337,41.2021,1,1,1.18167,9.83299,3.70893,0.311215
22,3,0.409588,41.5316,1,1,1.24773,10.3827,3.79176,0.328613
22,4,0.187407,39.0217,1,1,0.954478,3.15395,2.97626,0.25138
22,5,0.120478,38.7958,0,1,0.879409,2.9059,2.92024,0.231609
22,6,0.742697,44.0299,1,1,1.72726,14.373,4.40151,0.454906
22,7,0.9,42.2373,1,1,1.89848,6.27328,3.71538,0.5
22.1,0,0.138994,38.832,0,1,0.734185,0.734185,2.67474,0.236897
22.1,1,0.0914693,38.6681,0,1,0.6928,0.6928,2.65388,0.223543
22.1,2,0.362578,41.2187,1,1,1.83417,7.74363,3.8219,0.310943
22.1,3,0.408811,41.5497,1,1,1.9367,8.1765,3.91402,0.328325
22.1,4,0.186872,38.9903,0,1,0.778508,0.778508,2.69728,0.251198
22.1,5,0.119949,38.7658,0,1,0.717291,0.717291,2.6662,0.231445
22.1,6,0.742386,44.1537,1,1,5.36586,8.64404,5.88003,0.454832
22.1,7,0.9,42.1837,1,1,1.54959,1.54959,3.11592,0.5
22.2,0,0.138396,38.8276,0,1,0.911531,3.79558,3.01617,0.236743
22.2,1,0.0908793,38.6634,0,1,0.860155,3.58166,2.97371,0.2234
22.2,2,0.36193,41.1935,1,1,1.19615,5.12482,3.26892,0.310663
22.2,3,0.408151,41.5233,1,1,1.26301,5.41129,3.3268,0.328029
22.2,4,0.186098,39.0496,0,1,1.93311,8.0494,3.90019,0.502067
22.2,5,0.119354,38.7613,0,1,0.890558,3.70825,2.99881,0.231296
22.2,6,0.742187,44.1163,1,1,1.75086,7.50144,3.75779,0.454732
22.2,7,0.9,42.1893,1,1,1.92515,8.01626,3.89306,0.5
22.3,0,0.137895,38.7865,0,1,0.426373,0.426373,2.52467,0.23657
22.3,1,0.0903806,38.6242,0,1,0.402347,0.402347,2.51353,0.223239
22.3,2,0.361229,41.1885,1,1,1.05268,8.58852,3.5318,0.310424
22.3,3,0.407436,41.5183,1,1,1.11153,9.06863,3.60408,0.327777
22.3,4,0.18555,39.0226,0,1,0.904025,0.904025,2.76218,0.501591
22.3,5,0.118854,38.721,0,1,0.416565,0.416565,2.52011,0.231128
22.3,6,0.741933,44.1568,1,1,3.08367,11.0375,4.78724,0.454669
22.3,7,0.9,42.1098,1,1,0.901157,0.901157,2.76068,0.5
22.4,0,0.137276,38.7905,0,1,0.917865,4.84185,3.11663,0.236425
22.4,1,0.0897718,38.6272,0,1,0.866149,4.56904,3.06832,0.223104
22.4,2,0.360606,41.1542,1,1,1.20415,3.69702,3.14001,0.310166
22.4,3,0.406803,41.4822,1,1,1.27146,3.90368,3.19043,0.327504
22.4,4,0.184733,39.0977,0,1,1.94601,10.2654,4.11712,0.501255
22.4,5,0.11824,38.7246,0,1,0.896753,4.73048,3.09688,0.230987
22.4,6,0.741745,44.1052,1,1,1.76483,5.41846,3.56887,0.454588
22.4,7,0.9,42.1331,1,1,1.94114,10.2397,4.11223,0.5
22.5,0,0.136748,38.7602,0,1,0.706365,0.706365,2.66069,0.236246
22.5,1,0.0892478,38.5981,0,1,0.666575,0.666575,2.64076,0.222938
22.5,2,0.35992,41.1442,1,1,1.25843,6.81252,3.45679,0.309936
22.5,3,0.406103,41.472,1,1,1.32878,7.19337,3.52567,0.327263
22.5,4,0.184121,39.0942,0,1,1.49723,1.49723,3.08617,0.500754
22.5,5,0.117713,38.6948,0,1,0.690122,0.690122,2.65253,0.230813
22.5,6,0.741488,44.1506,1,1,3.69103,8.14519,4.85109,0.454527
22.5,7,0.9,42.0789,1,1,1.49498,1.49498,3.0849,0.5
22.6,0,0.136162,38.7527,0,1,0.768505,3.84013,2.95786,0.236094
22.6,1,0.0886686,38.5904,0,1,0.725221,3.62385,2.9192,0.222796
22.6,2,0.359281,41.1167,1,1,1.00805,5.52065,3.22057,0.309683
22.6,3,0.405454,41.443,1,1,1.0644,5.82928,3.27501,0.326996
22.6,4,0.183375,39.1412,0,1,1.62877,8.1388,3.75846,0.500378
22.6,5,0.11713,38.6872,0,1,0.750835,3.75184,2.94205,0.230665
22.6,6,0.741293,44.1076,1,1,1.47926,8.10128,3.68293,0.454445
22.6,7,0.9,42.0761,1,1,1.62754,8.13265,3.75728,0.5
22.7,0,0.135667,38.7104,0,1,0.35557,0.35557,2.49212,0.235924
22.7,1,0.0881759,38.5502,0,1,0.335548,0.335548,2.48309,0.222639
22.7,2,0.358588,41.1101,1,1,1.08729,8.01724,3.49289,0.309448
22.7,3,0.404747,41.4362,1,1,1.14808,8.46547,3.56312,0.326749
22.7,4,0.182842,39.1068,0,1,0.753451,0.753451,2.68451,0.499921
22.7,5,0.116636,38.6457,0,1,0.347397,0.347397,2.48843,0.230501
22.7,6,0.741041,44.1466,1,1,3.19308,10.1757,4.76534,0.454383
22.7,7,0.9,41.9928,1,1,0.753569,0.753569,2.68457,0.5
22.8,0,0.13505,38.7153,0,1,0.867141,5.0301,3.11207,0.235782
22.8,1,0.0875679,38.5542,0,1,0.818316,4.74687,3.06421,0.222506
22.8,2,0.357877,41.1105,1,1,1.13713,8.75352,3.58561,0.309193
22.8,3,0.40402,41.4369,1,1,1.2007,9.24292,3.66129,0.326479
22.8,4,0.182029,39.1793,0,1,1.83738,10.6582,4.10046,0.499595
22.8,5,0.116022,38.6502,0,1,0.847209,4.91448,3.09251,0.230362
22.8,6,0.740817,44.1447,1,1,1.6708,12.8617,4.22929,0.454302
22.8,7,0.9,42.0172,1,1,1.83887,10.6669,4.10202,0.5
22.9,0,0.134482,38.7014,0,1,0.942079,1.93843,2.86239,0.235604
22.9,1,0.0870066,38.5404,0,1,0.889047,1.82931,2.82919,0.222341
22.9,2,0.357187,41.1027,1,1,1.23528,7.13946,3.47705,0.308931
22.9,3,0.403316,41.429,1,1,1.30435,7.53861,3.54699,0.326203
22.9,4,0.181322,39.2102,0,1,1.99568,4.10633,3.56315,0.499098
22.9,5,0.115457,38.6363,0,1,0.920429,1.89388,2.8488,0.230189
22.9,6,0.740602,44.1312,1,1,1.81627,10.4973,4.07468,0.45423
22.9,7,0.9,42.001,1,1,1.99929,4.11375,3.56566,0.5
23,0,0.133907,38.6904,0,1,0.797811,3.05615,2.8981,0.23544
23,1,0.0864386,38.5295,0,1,0.752909,2.88414,2.86292,0.222189
23,2,0.35651,41.0902,1,1,1.04598,7.35126,3.41095,0.308678
23,3,0.402627,41.4159,1,1,1.10446,7.76226,3.47637,0.325935
23,4,0.180601,39.2457,0,1,1.68978,6.47297,3.63075,0.498666
23,5,0.114885,38.6253,0,1,0.77948,2.98593,2.88372,0.230031
23,6,0.740392,44.1101,1,1,1.53897,10.816,3.9701,0.454161
23,7,0.9,41.9903,1,1,1.6943,6.49029,3.6346,0.5
23.1,0,0.13339,38.6577,0,1,0.402535,1.64692,2.60581,0.235275
23.1,1,0.0859249,38.4981,0,1,0.379884,1.55425,2.58864,0.222036
23.1,2,0.355844,41.0739,1,1,1.22252,5.94632,3.35832,0.308429
23.1,3,0.401948,41.3989,1,1,1.29087,6.27877,3.42144,0.325673
23.1,4,0.180014,39.2303,0,1,0.852423,3.48758,2.96163,0.498226
23.1,5,0.114369,38.5932,0,1,0.393288,1.60909,2.59879,0.22987
23.1,6,0.740162,44.1166,1,1,2.82285,7.73167,4.33317,0.454094
23.1,7,0.9,41.9294,1,1,0.855459,3.5,2.9641,0.5
23.2,0,0.132832,38.6406,0,1,0.683131,2.60972,2.80802,0.235126
23.2,1,0.0853737,38.4816,0,1,0.644695,2.46288,2.77841,0.221897
23.2,2,0.355169,41.0611,1,1,0.895393,7.94827,3.40128,0.308184
23.2,3,0.40126,41.3855,1,1,0.945455,8.39266,3.46556,0.325415
23.2,4,0.179334,39.25,0,1,1.4465,5.52595,3.42411,0.497868
23.2,5,0.113814,38.5763,0,1,0.66744,2.54977,2.79591,0.229725
23.2,6,0.739953,44.0943,1,1,1.3191,11.7095,3.95172,0.45402
23.2,7,0.9,41.9045,1,1,1.45269,5.54962,3.42929,0.5
23.3,0,0.132261,38.6291,0,1,0.842823,2.61592,2.87785,0.234966
23.3,1,0.0848094,38.4701,0,1,0.79541,2.46876,2.84382,0.221748
23.3,2,0.354472,41.0568,1,1,1.10457,8.12866,3.5113,0.307937
23.3,3,0.400549,41.3811,1,1,1.16633,8.58315,3.58265,0.325154
23.3,4,0.178622,39.2817,0,1,1.78437,5.53824,3.58972,0.497453
23.3,5,0.113246,38.5648,0,1,0.823467,2.55584,2.86393,0.22957
23.3,6,0.739735,44.0854,1,1,1.62833,11.9831,4.12465,0.453953
23.3,7,0.9,41.8925,1,1,1.7935,5.56659,3.5969,0.5
23.4,0,0.131768,38.5884,0,1,0.0791693,1.64361,2.48596,0.234802
23.4,1,0.0843182,38.4313,0,1,0.0747166,1.55117,2.47585,0.221596
23.4,2,0.353746,41.0637,1,1,1.50301,7.75051,3.661,0.307681
23.4,3,0.399807,41.3888,1,1,1.58705,8.18385,3.74253,0.324884
23.4,4,0.178089,39.2453,0,1,0.167583,3.47914,2.68869,0.49702
23.4,5,0.112754,38.5249,0,1,0.0773515,1.60587,2.48183,0.229411
23.4,6,0.739454,44.1652,1,1,4.28137,9.36917,5.30457,0.453882
23.4,7,0.9,41.8128,1,1,0.168588,3.5,2.69102,0.5
23.5,0,0.131264,38.5526,0,1,0.239553,1.64262,2.54212,0.23466
23.5,1,0.0838164,38.3971,0,1,0.226081,1.55024,2.52878,0.221463
23.5,2,0.352968,41.0899,1,1,1.43631,10.7916,3.91891,0.307415
23.5,3,0.39901,41.4167,1,1,1.51661,11.395,4.01473,0.324602
23.5,4,0.17753,39.219,0,1,0.507052,3.47687,2.81502,0.496695
23.5,5,0.112251,38.4897,0,1,0.234053,1.60491,2.53667,0.229273
23.5,6,0.739164,44.2568,1,1,3.77719,14.2732,5.48096,0.453792
23.5,7,0.9,41.7439,1,1,0.510426,3.5,2.81854,0.5
23.6,0,0.130791,38.5053,0,1,0.0924159,0.0924159,2.38157,0.234516
23.6,1,0.0833443,38.3523,0,1,0.0872191,0.0872191,2.37964,0.221328
23.6,2,0.352193,41.1146,1,1,2.03611,7.55495,3.90533,0.30713
23.6,3,0.398216,41.4434,1,1,2.14993,7.97731,4.00313,0.3243
23.6,4,0.177049,39.1637,0,1,0.1956,0.1956,2.42244,0.496355
23.6,5,0.111778,38.4435,0,1,0.0902944,0.0902944,2.38078,0.229132
23.6,6,0.738835,44.4033,1,1,6.01555,8.15255,6.23187,0.453699
23.6,7,0.9,41.6466,1,1,0.197036,0.197036,2.42303,0.5
23.7,0,0.130216,38.4977,0,1,0.914903,2.5001,2.89948,0.23438
23.7,1,0.082776,38.3446,0,1,0.863459,2.35952,2.86405,0.221201
23.7,2,0.351492,41.1112,1,1,1.19777,7.93993,3.5358,0.306846
23.7,3,0.3975,41.44,1,1,1.26473,8.38377,3.6089,0.323999
23.7,4,0.176327,39.2009,0,1,1.93638,5.29143,3.64265,0.496063
23.7,5,0.111206,38.4358,0,1,0.893901,2.4427,2.88499,0.229
23.7,6,0.738614,44.3927,1,1,1.7706,11.7371,4.1705,0.453592
23.7,7,0.9,41.6432,1,1,1.95175,5.33342,3.65429,0.5
23.8,0,0.129711,38.4636,0,1,0.245447,1.63951,2.54405,0.234215
23.8,1,0.0822739,38.312,0,1,0.231648,1.54734,2.53059,0.221048
23.8,2,0.350772,41.1147,1,1,1.41458,7.83003,3.62645,0.30659
23.8,3,0.396765,41.4439,1,1,1.49365,8.26771,3.70561,0.323727
23.8,4,0.175767,39.1756,0,1,0.519391,3.46937,2.81929,0.495624
23.8,5,0.110702,38.4022,0,1,0.239814,1.60188,2.53855,0.22884
23.8,6,0.738348,44.447,1,1,3.70975,9.96529,5.03338,0.453521
23.8,7,0.9,41.5777,1,1,0.523976,3.5,2.824,0.5
23.9,0,0.129149,38.4516,0,1,0.882244,1.9073,2.83283,0.234071
23.9,1,0.081718,38.3002,0,1,0.832651,1.80009,2.80155,0.220913
23.9,2,0.350104,41.0987,1,1,1.15458,6.38007,3.36802,0.306327
23.9,3,0.396084,41.4272,1,1,1.21912,6.73668,3.43142,0.323449
23.9,4,0.175074,39.2013,0,1,1.86679,4.03578,3.49174,0.495285
23.9,5,0.110143,38.3904,0,1,0.861998,1.86353,2.82003,0.228699
23.9,6,0.73814,44.417,1,1,1.70906,9.444,3.92162,0.453435
23.9,7,0.9,41.5642,1,1,1.88457,4.0742,3.50417,0.5
24,0,0.128651,38.4156,0,1,0.148196,1.63737,2.50855,0.23391
24,1,0.0812226,38.2658,0,1,0.139867,1.54535,2.49717,0.220764
24,2,0.349359,41.112,1,1,1.19013,10.2637,3.75396,0.306082
24,3,0.395322,41.4413,1,1,1.25666,10.8374,3.83936,0.323191
24,4,0.174531,39.17,0,1,0.313527,3.46405,2.73886,0.494865
24,5,0.109646,38.355,0,1,0.144796,1.5998,2.5039,0.228543
24,6,0.737869,44.478,1,1,3.23841,13.727,5.12811,0.453368
24,7,0.9,41.4939,1,1,0.316781,3.5,2.74347,0.5
24.1,0,0.128035,38.4248,0,1,1.09347,3.86545,3.10451,0.233768
24.1,1,0.0806161,38.274,0,1,1.03202,3.64822,3.05653,0.220631
24.1,2,0.348615,41.1247,1,1,1.43046,9.05179,3.75014,0.30581
24.1,3,0.394561,41.455,1,1,1.51041,9.55771,3.83638,0.322903
24.1,4,0.173716,39.2418,0,1,2.31324,8.17735,4.10608,0.494536
24.1,5,0.109034,38.3638,0,1,1.06839,3.77677,3.08489,0.228405
24.1,6,0.73763,44.4913,1,1,2.12027,13.4168,4.50581,0.453281
24.1,7,0.9,41.5286,1,1,2.3388,8.26771,4.12787,0.5
24.2,0,0.127466,38.4163,0,1,1.00085,1.70684,2.86937,0.233592
24.2,1,0.0800535,38.2654,0,1,0.944622,1.61095,2.8358,0.220468
24.2,2,0.347869,41.1381,1,1,1.30912,9.76898,3.76156,0.305539
24.2,3,0.393797,41.4694,1,1,1.38228,10.315,3.8479,0.322615
24.2,4,0.173006,39.2729,0,1,2.11678,3.60994,3.5797,0.494043
24.2,5,0.108467,38.3552,0,1,0.977897,1.66769,2.85563,0.228234
24.2,6,0.737391,44.5053,1,1,1.9418,14.4903,4.51868,0.453204
24.2,7,0.9,41.5228,1,1,2.14231,3.65347,3.59674,0.5
24.3,0,0.126856,38.4234,0,1,1.05795,3.73808,3.07657,0.23343
24.3,1,0.0794522,38.2716,0,1,0.998522,3.5281,3.03034,0.220317
24.3,2,0.347084,41.1657,1,1,1.38353,11.4282,3.9549,0.305267
24.3,3,0.392993,41.4988,1,1,1.46085,12.0669,4.05247,0.322326
24.3,4,0.172204,39.3381,0,1,2.23715,7.90459,4.04101,0.493613
24.3,5,0.10786,38.3619,0,1,1.03369,3.65236,3.05766,0.228077
24.3,6,0.737137,44.5411,1,1,2.05366,16.9636,4.81185,0.453126
24.3,7,0.9,41.5524,1,1,2.2661,8.00686,4.06559,0.5
24.4,0,0.126357,38.3881,0,1,0.159483,1.63279,2.51209,0.233256
24.4,1,0.0789561,38.238,0,1,0.150527,1.5411,2.50052,0.220156
24.4,2,0.346289,41.1968,1,1,2.06378,8.4766,4.00652,0.304981
24.4,3,0.392178,41.5321,1,1,2.1791,8.95026,4.11017,0.322023
24.4,4,0.171659,39.3051,0,1,0.337165,3.4519,2.74653,0.493129
24.4,5,0.107363,38.3273,0,1,0.155826,1.59535,2.50736,0.227908
24.4,6,0.736805,44.6857,1,1,5.82168,9.8359,6.27045,0.453044
24.4,7,0.9,41.483,1,1,0.341863,3.5,2.75283,0.5
24.5,0,0.125759,38.391,0,1,1.00707,3.3011,3.01338,0.233114
24.5,1,0.0783666,38.2402,0,1,0.950525,3.11573,2.97101,0.220024
24.5,2,0.345637,41.1733,1,1,1.3163,4.70855,3.28605,0.304691
24.5,3,0.391514,41.5075,1,1,1.38984,4.97163,3.34532,0.321715
24.5,4,0.170886,39.3591,0,1,2.12895,6.97849,3.89821,0.4928
24.5,5,0.106768,38.3299,0,1,0.983988,3.22542,2.99605,0.22777
24.5,6,0.736603,44.6436,1,1,1.95673,6.99947,3.81289,0.452937
24.5,7,0.9,41.5025,1,1,2.16005,7.08045,3.92371,0.5
24.6,0,0.125213,38.3744,0,1,0.575767,2.52537,2.75518,0.232943
24.6,1,0.0778251,38.2242,0,1,0.543444,2.38359,2.72893,0.219866
24.6,2,0.344997,41.1457,1,1,0.75252,6.75963,3.2267,0.304454
24.6,3,0.390863,41.4784,1,1,0.794565,7.13731,3.28053,0.321464
24.6,4,0.170231,39.3671,0,1,1.2169,5.33744,3.29845,0.492333
24.6,5,0.106224,38.3136,0,1,0.562571,2.46749,2.74444,0.227604
24.6,6,0.736407,44.5938,1,1,1.11936,10.0549,3.70184,0.452871
24.6,7,0.9,41.4761,1,1,1.23585,5.42056,3.31504,0.5
24.7,0,0.124618,38.3764,0,1,0.717981,4.50044,2.99811,0.232788
24.7,1,0.0772384,38.2256,0,1,0.677681,4.24783,2.95739,0.219721
24.7,2,0.344396,41.1039,1,1,0.9383,3.81185,3.02956,0.304221
24.7,3,0.390253,41.4342,1,1,0.990727,4.02483,3.07274,0.321219
24.7,4,0.169471,39.4153,0,1,1.51727,9.51055,3.83516,0.491939
24.7,5,0.105632,38.3153,0,1,0.701528,4.39731,2.98146,0.227453
24.7,6,0.736227,44.5233,1,1,1.39658,5.67362,3.41422,0.452808
24.7,7,0.9,41.4912,1,1,1.54214,9.6664,3.86193,0.5
24.8,0,0.124048,38.3688,0,1,0.651828,3.44239,2.8713,0.232619
24.8,1,0.0766752,38.218,0,1,0.615249,3.24921,2.8381,0.219565
24.8,2,0.343754,41.0779,1,1,0.851855,6.38075,3.23318,0.304002
24.8,3,0.389601,41.4069,1,1,0.899454,6.73728,3.28774,0.320989
24.8,4,0.168765,39.4417,0,1,1.37719,7.27314,3.55598,0.49148
24.8,5,0.105065,38.3077,0,1,0.636895,3.36352,2.85773,0.227289
24.8,6,0.73603,44.4768,1,1,1.26866,9.50282,3.71739,0.452749
24.8,7,0.9,41.4847,1,1,1.40107,7.39921,3.57919,0.5
24.9,0,0.123461,38.3679,0,1,0.691306,4.19934,2.95857,0.232457
24.9,1,0.0760958,38.2167,0,1,0.652519,3.96373,2.92022,0.219414
24.9,2,0.343154,41.0369,1,1,0.903382,3.94192,3.02614,0.303769
24.9,3,0.388992,41.3636,1,1,0.953861,4.16219,3.06902,0.320743
24.9,4,0.168021,39.4821,0,1,1.46036,8.87094,3.74711,0.491056
24.9,5,0.104481,38.3066,0,1,0.675471,4.10315,2.94289,0.227132
24.9,6,0.73585,44.4078,1,1,1.34625,5.87436,3.4093,0.452685
24.9,7,0.9,41.4931,1,1,1.48696,9.03252,3.77515,0.5
25,0,0.122869,38.3689,0,1,0.610892,4.82878,2.9844,0.23229
25,1,0.0755115,38.2173,0,1,0.576625,4.55792,2.9448,0.21926
25,2,0.342513,41.0119,1,1,0.798299,6.5889,3.22992,0.303551
25,3,0.388341,41.3372,1,1,0.842909,6.9571,3.2841,0.320514
25,4,0.167269,39.5253,0,1,1.29024,10.1986,3.79383,0.490609
25,5,0.103892,38.3074,0,1,0.596902,4.7182,2.96822,0.22697
25,6,0.735653,44.3628,1,1,1.19035,9.82476,3.71211,0.452627
25,7,0.9,41.505,1,1,1.31493,10.3939,3.82395,0.5
25.1,0,0.122379,38.3312,0,1,0.0259773,1.62486,2.46823,0.232122
25.1,1,0.0750236,38.1814,0,1,0.0245204,1.53373,2.45913,0.219104
25.1,2,0.341818,41.0079,1,1,1.21894,7.51605,3.50524,0.303318
25.1,3,0.387631,41.3332,1,1,1.28706,7.93606,3.57668,0.320268
25.1,4,0.166743,39.4819,0,1,0.0548545,3.4311,2.64924,0.490157
25.1,5,0.103403,38.2705,0,1,0.0253825,1.58765,2.46452,0.226807
25.1,6,0.735393,44.4087,1,1,3.58677,9.44618,4.91501,0.452563
25.1,7,0.9,41.4292,1,1,0.055956,3.5,2.65616,0.5
25.2,0,0.121804,38.3265,0,1,0.835085,2.89734,2.89991,0.231983
25.2,1,0.0744552,38.1766,0,1,0.788256,2.73486,2.86468,0.218974
25.2,2,0.341103,41.011,1,1,1.09097,9.10993,3.59874,0.303066
25.2,3,0.386902,41.3366,1,1,1.15193,9.61899,3.67494,0.320001
25.2,4,0.166022,39.513,0,1,1.76331,6.11784,3.63357,0.489842
25.2,5,0.102831,38.2657,0,1,0.815966,2.83101,2.8855,0.226672
25.2,6,0.735167,44.4062,1,1,1.62881,13.6012,4.27976,0.452478
25.2,7,0.9,41.4301,1,1,1.79988,6.24471,3.66357,0.5
25.3,0,0.121267,38.3074,0,1,0.79602,0.79602,2.70624,0.23182
25.3,1,0.0739228,38.1582,0,1,0.751391,0.751391,2.68346,0.218823
25.3,2,0.340314,41.0426,1,1,1.6987,10.0936,3.97843,0.302807
25.3,3,0.386092,41.3702,1,1,1.79361,10.6576,4.07878,0.319727
25.3,4,0.165389,39.5105,0,1,1.68053,1.68053,3.19099,0.48941
25.3,5,0.102296,38.2469,0,1,0.7778,0.7778,2.69692,0.226514
25.3,6,0.734845,44.5383,1,1,5.07583,12.5423,6.07366,0.452405
25.3,7,0.9,41.3972,1,1,1.71689,1.71689,3.21201,0.5
25.4,0,0.120655,38.3168,0,1,1.12774,3.46117,3.08305,0.231668
25.4,1,0.0733203,38.1667,0,1,1.06452,3.26715,3.03635,0.218682
25.4,2,0.339604,41.0437,1,1,1.47265,7.04595,3.57976,0.302521
25.4,3,0.385367,41.3716,1,1,1.55492,7.4396,3.65647,0.319423
25.4,4,0.164584,39.573,0,1,2.38056,7.30621,4.05889,0.48903
25.4,5,0.101688,38.2559,0,1,1.10193,3.38196,3.06395,0.226366
25.4,6,0.734619,44.5331,1,1,2.20176,10.5344,4.2723,0.4523
25.4,7,0.9,41.4316,1,1,2.43396,7.4701,4.10221,0.5
25.5,0,0.120057,38.3208,0,1,0.814826,4.21506,3.01284,0.231495
25.5,1,0.0727308,38.1701,0,1,0.769161,3.97884,2.97107,0.218522
25.5,2,0.338894,41.0445,1,1,1.06392,8.99681,3.57579,0.302264
25.5,3,0.384643,41.3725,1,1,1.12336,9.49943,3.65056,0.31915
25.5,4,0.163815,39.6207,0,1,1.71961,8.89547,3.87462,0.488548
25.5,5,0.101094,38.2597,0,1,0.796182,4.11862,2.99576,0.226199
25.5,6,0.734395,44.5262,1,1,1.59176,13.4604,4.24841,0.452227
25.5,7,0.9,41.4513,1,1,1.75992,9.10399,3.91423,0.5
25.6,0,0.119562,38.2861,0,1,0.121115,1.61928,2.49754,0.231326
25.6,1,0.0722374,38.1371,0,1,0.114329,1.52856,2.48683,0.218365
25.6,2,0.338203,41.0385,1,1,1.62266,5.27454,3.4856,0.302007
25.6,3,0.383937,41.3665,1,1,1.7133,5.56919,3.55752,0.318878
25.6,4,0.163277,39.5806,0,1,0.255548,3.41662,2.71324,0.488089
25.6,5,0.100599,38.2257,0,1,0.118345,1.58224,2.49316,0.226035
25.6,6,0.734121,44.5878,1,1,4.62203,5.70419,5.1611,0.452153
25.6,7,0.9,41.3813,1,1,0.261785,3.5,2.72337,0.5
25.7,0,0.119052,38.2574,0,1,0.316486,1.6183,2.56928,0.231186
25.7,1,0.0717306,38.1097,0,1,0.298755,1.52764,2.55439,0.218234
25.7,2,0.337527,41.0266,1,1,1.01088,7.45556,3.40519,0.301757
25.7,3,0.383248,41.3539,1,1,1.06735,7.87204,3.47009,0.318613
25.7,4,0.162706,39.5532,0,1,0.667735,3.41437,2.87539,0.487767
25.7,5,0.10009,38.1975,0,1,0.309247,1.58129,2.56319,0.225898
25.7,6,0.733891,44.588,1,1,2.40996,10.2737,4.35508,0.452064
25.7,7,0.9,41.3251,1,1,0.684482,3.5,2.8904,0.5
25.8,0,0.11849,38.2491,0,1,0.8103,2.29979,2.83528,0.231043
25.8,1,0.0711743,38.1015,0,1,0.764909,2.17096,2.804,0.2181
25.8,2,0.336847,41.0165,1,1,1.05745,7.46834,3.42723,0.301513
25.8,3,0.382555,41.3434,1,1,1.11652,7.88552,3.49356,0.318355
25.8,4,0.162014,39.5723,0,1,1.70948,4.85183,3.48881,0.487426
25.8,5,0.0995303,38.1892,0,1,0.791768,2.2472,2.82248,0.225758
25.8,6,0.733678,44.5636,1,1,1.58519,11.1956,4.02856,0.451989
25.8,7,0.9,41.3172,1,1,1.75357,4.97699,3.5222,0.5
25.9,0,0.117848,38.2709,0,1,0.81608,6.5633,3.2351,0.230884
25.9,1,0.0705432,38.1217,0,1,0.770374,6.1957,3.18064,0.217953
25.9,2,0.336237,40.9801,1,1,1.06486,3.66896,3.07334,0.301267
25.9,3,0.381936,41.305,1,1,1.12434,3.8739,3.11942,0.318095
25.9,4,0.161151,39.6555,0,1,1.72139,13.8442,4.348,0.487013
25.9,5,0.0988928,38.2103,0,1,0.797419,6.41322,3.21284,0.225604
25.9,6,0.733493,44.4997,1,1,1.59735,5.50367,3.49469,0.45192
25.9,7,0.9,41.3757,1,1,1.7673,14.2134,4.40582,0.5
26,0,0.117246,38.277,0,1,0.921699,3.89639,3.03002,0.230703
26,1,0.0699505,38.127,0,1,0.870092,3.67823,2.98701,0.217786
26,2,0.335562,40.969,1,1,1.20274,6.52135,3.40349,0.301047
26,3,0.381248,41.2934,1,1,1.26992,6.88563,3.46905,0.317863
26,4,0.160373,39.7054,0,1,1.94365,8.21659,3.9213,0.486499
26,5,0.0982951,38.2161,0,1,0.90063,3.80732,3.01243,0.225429
26,6,0.733281,44.4748,1,1,1.80526,9.78829,4.00168,0.451859
26,7,0.9,41.4005,1,1,1.99759,8.44461,3.97002,0.5
26.1,0,0.116712,38.2576,0,1,0.61883,1.61374,2.69261,0.230534
26.1,1,0.0694207,38.1085,0,1,0.584189,1.5234,2.67023,0.217629
26.1,2,0.334941,40.9374,1,1,1.01715,4.49365,3.12827,0.300803
26.1,3,0.380617,41.2601,1,1,1.07397,4.74465,3.17739,0.317605
26.1,4,0.159746,39.6973,0,1,1.30468,3.40225,3.16013,0.486036
26.1,5,0.0977627,38.1971,0,1,0.604687,1.57686,2.68346,0.225265
26.1,6,0.733085,44.4279,1,1,1.84267,6.43427,3.70264,0.45179
26.1,7,0.9,41.3661,1,1,1.34217,3.5,3.18676,0.5
26.2,0,0.116151,38.2489,0,1,0.527587,3.5428,2.82946,0.230383
26.2,1,0.0688653,38.1,0,1,0.498058,3.34452,2.79904,0.217489
26.2,2,0.334295,40.9162,1,1,0.688338,7.37802,3.25877,0.300579
26.2,3,0.37996,41.2377,1,1,0.726788,7.79015,3.31416,0.317369
26.2,4,0.159061,39.7112,0,1,1.11219,7.46846,3.45193,0.485663
26.2,5,0.0972037,38.1884,0,1,0.515531,3.46185,2.81703,0.225119
26.2,6,0.732886,44.3863,1,1,1.03447,11.0881,3.76267,0.451726
26.2,7,0.9,41.355,1,1,1.14502,7.68893,3.48781,0.5
26.3,0,0.115572,38.2469,0,1,0.772293,3.39602,2.91829,0.230225
26.3,1,0.0682935,38.0978,0,1,0.729076,3.20599,2.88218,0.217342
26.3,2,0.333603,40.9125,1,1,1.00751,8.33179,3.48716,0.300346
26.3,3,0.379254,41.2338,1,1,1.06379,8.79719,3.55668,0.317123
26.3,4,0.158334,39.7409,0,1,1.6278,7.15794,3.6651,0.485256
26.3,5,0.0966276,38.1864,0,1,0.754649,3.31844,2.90353,0.224966
26.3,6,0.732668,44.3724,1,1,1.5151,12.5294,4.12253,0.451661
26.3,7,0.9,41.3606,1,1,1.67725,7.37543,3.70977,0.5
26.4,0,0.115035,38.2292,0,1,0.653479,1.61044,2.70716,0.230063
26.4,1,0.067761,38.0808,0,1,0.616919,1.52034,2.6839,0.217192
26.4,2,0.332979,40.883,1,1,1.27112,3.38059,3.14236,0.300097
26.4,3,0.378621,41.2027,1,1,1.34212,3.56941,3.19308,0.316859
26.4,4,0.1577,39.7348,0,1,1.37711,3.39377,3.19369,0.484824
26.4,5,0.0960924,38.1689,0,1,0.638553,1.57365,2.69764,0.224808
26.4,6,0.732463,44.3405,1,1,2.54289,4.45706,3.87889,0.45159
26.4,7,0.9,41.3297,1,1,1.42022,3.5,3.22393,0.5
26.5,0,0.114469,38.2225,0,1,0.445474,4.1096,2.85011,0.229912
26.5,1,0.0672017,38.0742,0,1,0.420555,3.87972,2.81871,0.217051
26.5,2,0.332337,40.8611,1,1,0.581029,7.61559,3.23759,0.299873
26.5,3,0.377968,41.1796,1,1,0.613483,8.04097,3.2914,0.316622
26.5,4,0.157008,39.7508,0,1,0.938661,8.65936,3.48804,0.484448
26.5,5,0.0955294,38.1622,0,1,0.4353,4.01575,2.83727,0.224661
26.5,6,0.732266,44.2978,1,1,0.874864,11.4669,3.72909,0.451523
26.5,7,0.9,41.3222,1,1,0.968793,8.93734,3.52783,0.5
26.6,0,0.113937,38.2032,0,1,0.7467,0.7467,2.68108,0.229753
26.6,1,0.0666739,38.0558,0,1,0.704939,0.704939,2.65997,0.216904
26.6,2,0.331655,40.8544,1,1,1.36505,6.05786,3.43543,0.299641
26.6,3,0.377272,41.1727,1,1,1.4413,6.39623,3.50345,0.316378
26.6,4,0.156387,39.7397,0,1,1.57313,1.57313,3.12934,0.484038
26.6,5,0.0949992,38.1433,0,1,0.729649,0.729649,2.67244,0.224507
26.6,6,0.732001,44.3505,1,1,4.11334,7.07047,4.99145,0.451458
26.6,7,0.9,41.287,1,1,1.625,1.625,3.15903,0.5
26.7,0,0.11331,38.22,0,1,0.710988,6.22976,3.1588,0.229604
26.7,1,0.066057,38.0714,0,1,0.67123,5.8814,3.1091,0.216765
26.7,2,0.330951,40.8565,1,1,0.927105,9.38239,3.55209,0.299396
26.7,3,0.376553,41.175,1,1,0.978887,9.90643,3.62493,0.316119
26.7,4,0.15556,39.8068,0,1,1.49772,13.1233,4.17113,0.48367
26.7,5,0.0943765,38.1596,0,1,0.694756,6.08754,3.13849,0.224362
26.7,6,0.731778,44.3447,1,1,1.39771,14.1449,4.2218,0.451372
26.7,7,0.9,41.3334,1,1,1.54829,13.5663,4.2377,0.5
26.8,0,0.112716,38.2245,0,1,0.987525,3.22295,2.99741,0.229429
26.8,1,0.0654705,38.0752,0,1,0.932319,3.04277,2.95622,0.216603
26.8,2,0.330186,40.8814,1,1,1.2876,10.8582,3.85565,0.299143
26.8,3,0.37577,41.2014,1,1,1.35951,11.4646,3.94713,0.31585
26.8,4,0.154795,39.8492,0,1,2.07975,6.78759,3.85518,0.483181
26.8,5,0.0937851,38.1638,0,1,0.964986,3.14939,2.98056,0.224192
26.8,6,0.731529,44.3748,1,1,1.94252,16.3811,4.70026,0.451298
26.8,7,0.9,41.3548,1,1,2.15214,7.02386,3.91434,0.5
26.9,0,0.112099,38.2373,0,1,1.16356,3.57757,3.11023,0.229262
26.9,1,0.064863,38.0869,0,1,1.09853,3.37762,3.06199,0.216449
26.9,2,0.32945,40.8947,1,1,1.51683,8.15001,3.70552,0.298868
26.9,3,0.375018,41.2156,1,1,1.60153,8.60512,3.78954,0.315558
26.9,4,0.153978,39.9104,0,1,2.44996,7.53284,4.11649,0.482729
26.9,5,0.0931719,38.1762,0,1,1.13701,3.49593,3.09049,0.224031
26.9,6,0.731292,44.3883,1,1,2.29003,12.3045,4.48639,0.451217
26.9,7,0.9,41.3963,1,1,2.53762,7.80235,4.18795,0.5
27,0,0.111479,38.2511,0,1,0.926231,4.89207,3.12504,0.229089
27,1,0.0642525,38.0996,0,1,0.874478,4.61872,3.07662,0.216289
27,2,0.328733,40.9008,1,1,1.20729,8.7154,3.614,0.298605
27,3,0.374286,41.2222,1,1,1.2747,9.20204,3.69149,0.315278
27,4,0.15316,39.9711,0,1,1.94977,10.2981,4.12211,0.482246
27,5,0.0925558,38.1895,0,1,0.905101,4.78047,3.10524,0.223863
27,6,0.731063,44.3902,1,1,1.824,13.1674,4.33357,0.451139
27,7,0.9,41.4376,1,1,2.02155,10.6772,4.1943,0.5
27.1,0,0.110981,38.2184,0,1,0.390391,0.390391,2.50802,0.228916
27.1,1,0.0637569,38.0686,0,1,0.368583,0.368583,2.49804,0.216129
27.1,2,0.327993,40.9158,1,1,1.65236,7.74782,3.73287,0.298347
27.1,3,0.373528,41.2383,1,1,1.74461,8.1804,3.81901,0.315005
27.1,4,0.152621,39.9255,0,1,0.821593,0.821593,2.71939,0.481764
27.1,5,0.092059,38.1575,0,1,0.381487,0.381487,2.50393,0.223695
27.1,6,0.730761,44.4954,1,1,4.99631,9.21558,5.7114,0.451064
27.1,7,0.9,41.3688,1,1,0.852693,0.852693,2.73546,0.5
27.2,0,0.110375,38.227,0,1,0.901025,4.23753,3.05263,0.228777
27.2,1,0.0631599,38.0764,0,1,0.850698,4.00085,3.00847,0.215999
27.2,2,0.327315,40.9067,1,1,1.17398,6.79581,3.41626,0.298082
27.2,3,0.372837,41.2288,1,1,1.23952,7.17519,3.48239,0.314723
27.2,4,0.151834,39.9741,0,1,1.89614,8.91759,3.96402,0.481446
27.2,5,0.0914569,38.1658,0,1,0.880477,4.1409,3.03457,0.22356
27.2,6,0.730547,44.473,1,1,1.7761,10.2813,4.03427,0.450964
27.2,7,0.9,41.3985,1,1,1.96922,9.26127,4.03324,0.5
27.3,0,0.109805,38.2219,0,1,0.764034,2.93015,2.87193,0.228608
27.3,1,0.0625967,38.0714,0,1,0.72137,2.76653,2.83863,0.215843
27.3,2,0.326578,40.9202,1,1,0.995412,10.7617,3.7141,0.297839
27.3,3,0.372084,41.2431,1,1,1.05098,11.3625,3.7963,0.314465
27.3,4,0.151127,39.9916,0,1,1.6075,6.16493,3.56163,0.480982
27.3,5,0.0908897,38.1607,0,1,0.746615,2.86335,2.85831,0.223396
27.3,6,0.73031,44.4845,1,1,1.50694,16.292,4.47941,0.450894
27.3,7,0.9,41.3963,1,1,1.67106,6.40868,3.61554,0.5
27.4,0,0.109171,38.2414,0,1,1.12725,4.6977,3.19728,0.228449
27.4,1,0.0619729,38.0893,0,1,1.06431,4.43543,3.14414,0.215695
27.4,2,0.325854,40.9284,1,1,1.46834,7.79016,3.6482,0.297575
27.4,3,0.371344,41.252,1,1,1.5503,8.22499,3.72871,0.314185
27.4,4,0.150275,40.0641,0,1,2.37128,9.88209,4.29774,0.480567
27.4,5,0.0902597,38.1796,0,1,1.10155,4.59062,3.17555,0.223242
27.4,6,0.730077,44.4901,1,1,2.22448,11.8018,4.40472,0.450816
27.4,7,0.9,41.452,1,1,2.46717,10.2817,4.38572,0.5
27.5,0,0.108555,38.2536,0,1,0.887784,4.86434,3.10551,0.228273
27.5,1,0.0613661,38.1006,0,1,0.838234,4.59284,3.05838,0.215532
27.5,2,0.325136,40.9345,1,1,1.15631,9.03454,3.62113,0.297317
27.5,3,0.37061,41.2585,1,1,1.22084,9.53877,3.69877,0.31391
27.5,4,0.149466,40.1186,0,1,1.86704,10.2299,4.07435,0.480065
27.5,5,0.0896473,38.1914,0,1,0.867554,4.75349,3.08624,0.223071
27.5,6,0.729847,44.4914,1,1,1.75299,13.6966,4.34931,0.45074
27.5,7,0.9,41.4893,1,1,1.94457,10.6547,4.15349,0.5
27.6,0,0.108054,38.2219,0,1,0.42199,0.42199,2.52263,0.228101
27.6,1,0.0608677,38.0706,0,1,0.398444,0.398444,2.51173,0.215373
27.6,2,0.324354,40.9644,1,1,1.69701,9.6923,3.93937,0.29706
27.6,3,0.369809,41.2904,1,1,1.79171,10.2332,4.03737,0.313637
27.6,4,0.148964,40.0566,0,1,0.443625,0.443625,2.53273,0.239795
27.6,5,0.0891477,38.1604,0,1,0.412377,0.412377,2.51817,0.222905
27.6,6,0.729525,44.6224,1,1,5.149,12.1295,6.07838,0.450664
27.6,7,0.9,41.4225,1,1,0.925008,0.925008,2.77317,0.5
27.7,0,0.107431,38.2373,0,1,1.09251,4.28524,3.14298,0.227962
27.7,1,0.060254,38.0847,0,1,1.03156,4.04615,3.09311,0.215243
27.7,2,0.32359,40.9871,1,1,1.42233,10.142,3.85025,0.296781
27.7,3,0.369027,41.3145,1,1,1.50169,10.7079,3.94196,0.31334
27.7,4,0.148331,40.0448,0,1,1.14852,4.50491,3.18906,0.239648
27.7,5,0.0885281,38.1752,0,1,1.06762,4.18762,3.12258,0.222769
27.7,6,0.729276,44.649,1,1,2.15931,15.3971,4.7152,0.450558
27.7,7,0.9,41.4686,1,1,2.39626,9.39902,4.26488,0.5
27.8,0,0.10683,38.2436,0,1,1.1095,2.93095,3.02645,0.227788
27.8,1,0.0596621,38.0904,0,1,1.04762,2.76747,2.98338,0.215083
27.8,2,0.322862,40.9958,1,1,1.44422,8.12566,3.66857,0.296508
27.8,3,0.368283,41.3239,1,1,1.52479,8.57898,3.75009,0.31305
27.8,4,0.147723,40.024,0,1,1.16636,3.08117,3.06629,0.239462
27.8,5,0.0879311,38.1813,0,1,1.08423,2.86421,3.00883,0.222601
27.8,6,0.729041,44.6546,1,1,2.19416,12.3451,4.44104,0.450476
27.8,7,0.9,41.4946,1,1,2.43538,6.4335,4.00562,0.5
27.9,0,0.106267,38.2359,0,1,0.918319,1.79694,2.83957,0.227622
27.9,1,0.0591049,38.0828,0,1,0.867111,1.69674,2.80812,0.214929
27.9,2,0.322157,40.9957,1,1,1.19519,8.12871,3.55257,0.296248
27.9,3,0.367563,41.3238,1,1,1.26186,8.58215,3.62646,0.312774
27.9,4,0.147153,39.9888,0,1,0.965371,1.88901,2.86868,0.239284
27.9,5,0.0873703,38.1736,0,1,0.897412,1.75603,2.8267,0.222439
27.9,6,0.728816,44.646,1,1,1.81709,12.3584,4.25278,0.450398
27.9,7,0.9,41.4866,1,1,2.01721,3.94721,3.55954,0.5
28,0,0.105707,38.2268,0,1,0.894884,1.70199,2.821,0.227465
28,1,0.0585512,38.0741,0,1,0.844992,1.6071,2.79073,0.214784
28,2,0.321491,40.9808,1,1,1.1645,6.21006,3.35649,0.295997
28,3,0.366885,41.3081,1,1,1.22945,6.55644,3.41914,0.312507
28,4,0.146588,39.9527,0,1,0.940726,1.78918,2.84902,0.239118
28,5,0.086813,38.1647,0,1,0.874514,1.66325,2.80861,0.222287
28,6,0.728607,44.615,1,1,1.77165,9.44787,3.9527,0.450324
28,7,0.9,41.4755,1,1,1.96708,3.74121,3.51536,0.5
28.1,0,0.105206,38.196,0,1,0.433875,0.433875,2.52817,0.22731
28.1,1,0.0580518,38.045,0,1,0.40969,0.40969,2.51692,0.214639
28.1,2,0.320817,40.9692,1,1,1.22811,6.32193,3.39635,0.29576
28.1,3,0.366198,41.296,1,1,1.29661,6.67454,3.46151,0.312256
28.1,4,0.146084,39.8938,0,1,0.456097,0.456097,2.53859,0.238952
28.1,5,0.0863123,38.1346,0,1,0.424001,0.424001,2.52357,0.222137
28.1,6,0.728351,44.6513,1,1,3.73926,7.75468,4.84169,0.450255
28.1,7,0.9,41.4101,1,1,0.954369,0.954369,2.78862,0.5
28.2,0,0.104641,38.1894,0,1,0.724892,2.81448,2.8445,0.227171
28.2,1,0.0574937,38.0385,0,1,0.684489,2.65761,2.81295,0.214509
28.2,2,0.320221,40.9286,1,1,0.94299,3.55788,3.00818,0.29552
28.2,3,0.365593,41.2531,1,1,0.995581,3.75631,3.05005,0.312001
28.2,4,0.145514,39.8611,0,1,0.762016,2.95861,2.87366,0.238805
28.2,5,0.0857505,38.128,0,1,0.708396,2.75043,2.8316,0.222001
28.2,6,0.72817,44.5794,1,1,1.43647,5.41978,3.40939,0.450171
28.2,7,0.9,41.4034,1,1,1.59548,6.19462,3.55859,0.5
28.3,0,0.104136,38.1604,0,1,0.258561,1.5891,2.54446,0.227015
28.3,1,0.0569915,38.011,0,1,0.244153,1.50055,2.53111,0.214364
28.3,2,0.319594,40.8998,1,1,0.65471,6.43894,3.1553,0.295308
28.3,3,0.364957,41.2226,1,1,0.691224,6.79805,3.20465,0.311777
28.3,4,0.145007,39.8052,0,1,0.271801,1.67047,2.55677,0.238639
28.3,5,0.0852467,38.0996,0,1,0.252679,1.55295,2.539,0.22185
28.3,6,0.727969,44.5382,1,1,1.48317,9.32905,3.80159,0.450111
28.3,7,0.9,41.3432,1,1,0.569482,3.5,2.84252,0.5
28.4,0,0.103551,38.1624,0,1,0.681227,4.15835,2.95048,0.226875
28.4,1,0.0564135,38.0127,0,1,0.64327,3.92666,2.91289,0.214234
28.4,2,0.318934,40.8845,1,1,0.886038,7.23584,3.32932,0.295085
28.4,3,0.364285,41.2064,1,1,0.935453,7.63939,3.38934,0.311542
28.4,4,0.144415,39.7823,0,1,0.716105,4.37125,2.98517,0.238491
28.4,5,0.0846644,38.1015,0,1,0.66573,4.06375,2.93511,0.221714
28.4,6,0.727763,44.5053,1,1,1.35133,11.0356,3.90227,0.450044
28.4,7,0.9,41.3555,1,1,1.50133,9.16442,3.79457,0.5
28.5,0,0.102975,38.1608,0,1,0.780002,3.19983,2.90355,0.226713
28.5,1,0.0558444,38.0109,0,1,0.736552,3.02158,2.86844,0.214084
28.5,2,0.31825,40.8785,1,1,1.01443,7.90161,3.44923,0.29485
28.5,3,0.363587,41.2,1,1,1.071,8.34227,3.51653,0.311294
28.5,4,0.143832,39.7562,0,1,0.819928,3.36362,2.93598,0.238318
28.5,5,0.0840911,38.0998,0,1,0.762262,3.12706,2.88919,0.221557
28.5,6,0.727546,44.4872,1,1,1.54814,12.0588,4.09329,0.449976
28.5,7,0.9,41.3604,1,1,1.72024,7.05701,3.70075,0.5
28.6,0,0.102464,38.1347,0,1,0.535708,0.535708,2.57653,0.226554
28.6,1,0.055336,37.9862,0,1,0.505873,0.505873,2.5622,0.213936
28.6,2,0.317553,40.8771,1,1,1.48478,6.24704,3.51016,0.294607
28.6,3,0.362876,41.1987,1,1,1.56758,6.5954,3.58281,0.311036
28.6,4,0.143318,39.7045,0,1,0.563124,0.563124,2.5898,0.238148
28.6,5,0.083581,38.0743,0,1,0.523527,0.523527,2.57067,0.221402
28.6,6,0.727268,44.5566,1,1,4.53492,7.27261,5.2557,0.449905
28.6,7,0.9,41.3061,1,1,1.1823,1.1823,2.91096,0.5
28.7,0,0.101874,38.1385,0,1,0.742761,4.09581,2.97069,0.226413
28.7,1,0.0547543,37.9897,0,1,0.7014,3.86773,2.9318,0.213804
28.7,2,0.316877,40.8681,1,1,0.965667,7.7031,3.40871,0.29436
28.7,3,0.362187,41.1893,1,1,1.01951,8.13262,3.47351,0.310773
28.7,4,0.142722,39.6849,0,1,0.780769,4.30539,3.00659,0.237998
28.7,5,0.0829948,38.078,0,1,0.725874,4.00268,2.95479,0.221265
28.7,6,0.727055,44.533,1,1,1.47564,11.7711,4.03119,0.449813
28.7,7,0.9,41.3231,1,1,1.64028,9.04501,3.85014,0.5
28.8,0,0.101352,38.1168,0,1,0.475211,1.58375,2.62986,0.22625
28.8,1,0.0542362,37.969,0,1,0.448754,1.49558,2.61143,0.213654
28.8,2,0.316226,40.8497,1,1,1.2377,5.04954,3.28112,0.29412
28.8,3,0.361524,41.1699,1,1,1.3067,5.33108,3.3397,0.310519
28.8,4,0.142197,39.6386,0,1,0.499522,1.66477,2.64688,0.237825
28.8,5,0.0824745,38.0567,0,1,0.464409,1.54775,2.62232,0.221107
28.8,6,0.72683,44.5264,1,1,2.84052,6.77335,4.25271,0.449742
28.8,7,0.9,41.2798,1,1,1.05019,3.5,3.05114,0.5
28.9,0,0.100793,38.1096,0,1,0.604167,3.0903,2.81879,0.226106
28.9,1,0.0536828,37.9621,0,1,0.570536,2.91827,2.78899,0.21352
28.9,2,0.315573,40.8323,1,1,0.785287,7.27499,3.2897,0.293889
28.9,3,0.36086,41.1515,1,1,0.829069,7.68059,3.34708,0.310274
28.9,4,0.141632,39.6081,0,1,0.635072,3.24837,2.84629,0.237672
28.9,5,0.0819176,38.0496,0,1,0.590436,3.02006,2.80661,0.220967
28.9,6,0.726626,44.4891,1,1,1.20153,11.1312,3.84215,0.449667
28.9,7,0.9,41.2706,1,1,1.33603,6.83373,3.49501,0.5
29,0,0.100181,38.1225,0,1,0.774627,5.17469,3.08574,0.225952
29,1,0.0530796,37.9741,0,1,0.731515,4.88669,3.04021,0.213377
29,2,0.314914,40.8174,1,1,1.00674,6.57368,3.31957,0.293658
29,3,0.36019,41.1357,1,1,1.06287,6.94016,3.37948,0.310029
29,4,0.141011,39.5993,0,1,0.814243,5.43934,3.12774,0.237508
29,5,0.0813091,38.0621,0,1,0.757024,5.0571,3.06713,0.220818
29,6,0.72642,44.4567,1,1,1.54135,10.0645,3.89951,0.4496
29,7,0.9,41.3081,1,1,1.71414,11.4509,4.11549,0.5
29.1,0,0.0996903,38.0892,0,1,0.0537762,1.58048,2.47208,0.225783
29.1,1,0.0525909,37.9425,0,1,0.0507841,1.49255,2.46285,0.213221
29.1,2,0.314232,40.8118,1,1,1.26435,6.60741,3.44014,0.293425
29.1,3,0.359494,41.1299,1,1,1.33483,6.97575,3.50789,0.309782
29.1,4,0.140519,39.542,0,1,0.0565257,1.66129,2.48056,0.237328
29.1,5,0.0808193,38.0295,0,1,0.0525545,1.54458,2.46831,0.220654
29.1,6,0.72616,44.5005,1,1,3.76694,8.29272,4.90793,0.449532
29.1,7,0.9,41.2369,1,1,0.119088,3.5,2.67495,0.5
29.2,0,0.0990947,38.0962,0,1,0.756689,4.36863,3.00219,0.225648
29.2,1,0.0520033,37.9489,0,1,0.71459,4.12558,2.9615,0.213095
29.2,2,0.313597,40.7882,1,1,0.98316,5.41559,3.19955,0.293183
29.2,3,0.358848,41.105,1,1,1.03796,5.71747,3.25255,0.309526
29.2,4,0.139916,39.5276,0,1,0.795374,4.59197,3.03976,0.237185
29.2,5,0.0802269,38.0363,0,1,0.7395,4.26939,2.98555,0.220523
29.2,6,0.725964,44.4542,1,1,1.50717,8.30201,3.71533,0.449445
29.2,7,0.9,41.2609,1,1,1.6767,9.68016,3.92831,0.5
29.3,0,0.0985257,38.093,0,1,0.640199,3.45218,2.86734,0.225485
29.3,1,0.0514409,37.9457,0,1,0.604591,3.26017,2.83469,0.212943
29.3,2,0.312956,40.7672,1,1,0.831773,6.4209,3.22832,0.292959
29.3,3,0.358197,41.0828,1,1,0.878136,6.7788,3.2824,0.309289
29.3,4,0.139341,39.5028,0,1,0.672922,3.62863,2.89749,0.23701
29.3,5,0.0796607,38.0331,0,1,0.62566,3.37378,2.85399,0.220364
29.3,6,0.725765,44.4115,1,1,1.27589,9.84925,3.7538,0.44938
29.3,7,0.9,41.2608,1,1,1.41961,7.65503,3.61222,0.5
29.4,0,0.097952,38.0917,0,1,0.697296,3.45728,2.89186,0.225328
29.4,1,0.0508739,37.9443,0,1,0.65852,3.26502,2.85767,0.212798
29.4,2,0.312313,40.7477,1,1,0.905884,6.2458,3.2439,0.292733
29.4,3,0.357542,41.0622,1,1,0.956376,6.59393,3.29914,0.309049
29.4,4,0.138761,39.4803,0,1,0.73293,3.63396,2.92343,0.236843
29.4,5,0.0790897,38.0317,0,1,0.681464,3.37878,2.87788,0.220212
29.4,6,0.725565,44.3716,1,1,1.39044,9.58666,3.78223,0.449314
29.4,7,0.9,41.2654,1,1,1.54729,7.67165,3.67477,0.5
29.5,0,0.0973772,38.0908,0,1,0.687638,3.55366,2.89672,0.225171
29.5,1,0.050306,37.9432,0,1,0.649407,3.35608,2.86228,0.212652
29.5,2,0.311668,40.729,1,1,0.893267,6.36979,3.25015,0.292505
29.5,3,0.356886,41.0424,1,1,0.943054,6.72481,3.30568,0.308808
29.5,4,0.13818,39.4586,0,1,0.722771,3.73522,2.92852,0.236675
29.5,5,0.0785177,38.0307,0,1,0.672028,3.47299,2.88264,0.220059
29.5,6,0.725364,44.3332,1,1,1.37193,9.78312,3.79227,0.449248
29.5,7,0.9,41.2708,1,1,1.52692,7.89102,3.68579,0.5
29.6,0,0.0968455,38.0736,0,1,0.744267,0.744267,2.67984,0.225013
29.6,1,0.0497784,37.9269,0,1,0.702896,0.702896,2.65895,0.212506
29.6,2,0.310995,40.7211,1,1,1.20957,6.34672,3.39013,0.292278
29.6,3,0.356201,41.0341,1,1,1.27698,6.70044,3.45481,0.308567
29.6,4,0.137644,39.4201,0,1,0.782285,0.782285,2.69921,0.236507
29.6,5,0.0779877,38.0138,0,1,0.727375,0.727375,2.67129,0.219906
29.6,6,0.725108,44.3742,1,1,3.7178,7.89493,4.84271,0.449181
29.6,7,0.9,41.2378,1,1,1.65383,1.65383,3.1756,0.5
29.7,0,0.096284,38.0679,0,1,0.72669,2.64598,2.82997,0.224867
29.7,1,0.049223,37.9214,0,1,0.686303,2.49893,2.79935,0.21237
29.7,2,0.310347,40.7042,1,1,0.943769,6.31898,3.26749,0.292041
29.7,3,0.355541,41.0162,1,1,0.996364,6.67112,3.32419,0.308315
29.7,4,0.137077,39.3941,0,1,0.763805,2.78113,2.85825,0.236352
29.7,5,0.0774287,38.0083,0,1,0.7102,2.58594,2.81745,0.219765
29.7,6,0.724906,44.338,1,1,1.45132,9.71723,3.82345,0.449096
29.7,7,0.9,41.2326,1,1,1.61582,5.88343,3.53925,0.5
29.8,0,0.0957675,38.0453,0,1,0.411435,1.573,2.60294,0.224714
29.8,1,0.0487098,37.9,0,1,0.388573,1.48559,2.58617,0.212227
29.8,2,0.309679,40.6949,1,1,1.03141,6.95413,3.36669,0.291812
29.8,3,0.354861,41.0065,1,1,1.08889,7.34165,3.42934,0.308073
29.8,4,0.136558,39.3506,0,1,0.432444,1.65332,2.61843,0.236188
29.8,5,0.0769136,37.9862,0,1,0.4021,1.53731,2.59608,0.219615
29.8,6,0.724679,44.3377,1,1,2.35206,9.93577,4.29286,0.449028
29.8,7,0.9,41.1863,1,1,0.915464,3.5,2.9906,0.5
29.9,0,0.0951948,38.0444,0,1,0.768188,3.06954,2.88648,0.224572
29.9,1,0.0481439,37.899,0,1,0.725509,2.899,2.85248,0.212095
29.9,2,0.309039,40.6751,1,1,0.997388,5.60723,3.22397,0.291577
29.9,3,0.35421,40.9856,1,1,1.05296,5.91967,3.27838,0.307824
29.9,4,0.135979,39.3303,0,1,0.80741,3.22626,2.91788,0.236038
29.9,5,0.0763436,37.9852,0,1,0.750762,2.9999,2.87257,0.219478
29.9,6,0.72448,44.2974,1,1,1.53572,8.63369,3.76054,0.448953
29.9,7,0.9,41.1922,1,1,1.71034,6.83418,3.67486,0.5
30,0,0.0946267,38.0418,0,1,0.635416,3.43301,2.86356,0.224416
30,1,0.0475821,37.8963,0,1,0.600121,3.24232,2.83118,0.21195
30,2,0.308404,40.654,1,1,0.82494,6.16765,3.20134,0.291352
30,3,0.353565,40.9632,1,1,0.870904,6.51131,3.25384,0.307585
30,4,0.135405,39.3084,0,1,0.667852,3.60826,2.89346,0.235871
30,5,0.0757781,37.9825,0,1,0.621005,3.35515,2.85032,0.219326
30,6,0.724283,44.2547,1,1,1.27099,9.50253,3.71844,0.448887
30,7,0.9,41.193,1,1,1.41571,7.64878,3.60979,0.5
30.1,0,0.0941183,38.0166,0,1,0.309473,1.56982,2.56227,0.22426
30.1,1,0.0470766,37.8725,0,1,0.292286,1.48264,2.54792,0.211806
30.1,2,0.307753,40.6392,1,1,1.03062,6.0619,3.28178,0.291128
30.1,3,0.352902,40.9476,1,1,1.08804,6.39965,3.33961,0.307349
30.1,4,0.134894,39.2631,0,1,0.325268,1.64994,2.57551,0.235706
30.1,5,0.0752709,37.9579,0,1,0.302456,1.53423,2.5564,0.219175
30.1,6,0.724058,44.2528,1,1,2.55838,8.37589,4.25302,0.448821
30.1,7,0.9,41.1401,1,1,0.689986,3.5,2.89273,0.5
30.2,0,0.0935252,38.0238,0,1,0.682512,4.5656,2.98929,0.224122
30.2,1,0.0464913,37.8792,0,1,0.644614,4.31208,2.94961,0.211677
30.2,2,0.307136,40.6118,1,1,0.885868,4.92407,3.11029,0.290899
30.2,3,0.352276,40.9186,1,1,0.935222,5.19841,3.15782,0.307106
30.2,4,0.134293,39.2523,0,1,0.717341,4.79859,3.02591,0.235559
30.2,5,0.074681,37.9649,0,1,0.667038,4.46209,2.97307,0.21904
30.2,6,0.723868,44.2005,1,1,1.36656,7.59596,3.58157,0.448746
30.2,7,0.9,41.1638,1,1,1.52264,10.1855,3.90209,0.5
30.3,0,0.0930136,38.0001,0,1,0.35053,1.56772,2.57816,0.22396
30.3,1,0.0459828,37.8567,0,1,0.331071,1.48069,2.56288,0.211527
30.3,2,0.306494,40.5942,1,1,0.9828,5.78548,3.23429,0.290682
30.3,3,0.351623,40.9,1,1,1.03755,6.10779,3.28923,0.306876
30.3,4,0.133779,39.2092,0,1,0.368414,1.6477,2.59227,0.235386
30.3,5,0.0741707,37.9417,0,1,0.342585,1.53218,2.57191,0.218883
30.3,6,0.723651,44.1887,1,1,2.33175,8.11543,4.10982,0.448683
30.3,7,0.9,41.1143,1,1,0.782574,3.5,2.93235,0.5
30.4,0,0.0924456,37.9982,0,1,0.651431,3.35501,2.86303,0.22382
30.4,1,0.0454212,37.8547,0,1,0.615272,3.16878,2.83066,0.211397
30.4,2,0.305832,40.5847,1,1,0.845379,7.51715,3.33851,0.290457
30.4,3,0.350949,40.8899,1,1,0.892473,7.93591,3.39883,0.306638
30.4,4,0.133205,39.1894,0,1,0.684663,3.52616,2.89291,0.235238
30.4,5,0.0736052,37.9397,0,1,0.636668,3.27897,2.84979,0.218748
30.4,6,0.723443,44.1641,1,1,1.30569,11.6102,3.93599,0.44861
30.4,7,0.9,41.1168,1,1,1.45526,7.49487,3.61397,0.5
30.5,0,0.0918112,38.0213,0,1,0.804942,6.21257,3.19701,0.223665
30.5,1,0.0447971,37.8764,0,1,0.760271,5.8678,3.14523,0.211253
30.5,2,0.305179,40.5716,1,1,1.04448,6.07075,3.28884,0.290224
30.5,3,0.350285,40.8761,1,1,1.10266,6.40892,3.3471,0.306391
30.5,4,0.132561,39.1962,0,1,0.845996,6.52943,3.24477,0.235073
30.5,5,0.0729751,37.9623,0,1,0.786702,6.0718,3.17584,0.218597
30.5,6,0.723238,44.1349,1,1,1.61424,9.38232,3.86961,0.448541
30.5,7,0.9,41.1775,1,1,1.79943,13.8881,4.39045,0.5
30.6,0,0.0912843,38.0035,0,1,0.696934,0.696934,2.65595,0.223493
30.6,1,0.044274,37.8595,0,1,0.658269,0.658269,2.63662,0.211093
30.6,2,0.304477,40.5775,1,1,1.51644,6.38792,3.53862,0.289996
30.6,3,0.349568,40.8825,1,1,1.6009,6.74373,3.61294,0.306148
30.6,4,0.132031,39.1602,0,1,0.732469,0.732469,2.67387,0.234888
30.6,5,0.0724497,37.9448,0,1,0.681147,0.681147,2.64804,0.21843
30.6,6,0.722954,44.2189,1,1,4.69028,7.53366,5.37162,0.448472
30.6,7,0.9,41.1419,1,1,1.55919,1.55919,3.12138,0.5
30.7,0,0.0906667,38.0202,0,1,0.760974,5.52092,3.11265,0.223349
30.7,1,0.0436657,37.8751,0,1,0.718763,5.21467,3.06579,0.21096
30.7,2,0.303754,40.5913,1,1,0.987207,10.0903,3.6462,0.28975
30.7,3,0.348829,40.8971,1,1,1.04219,10.6523,3.72437,0.305887
30.7,4,0.131405,39.1609,0,1,0.799769,5.80237,3.15588,0.234736
30.7,5,0.0718359,37.9611,0,1,0.743739,5.39587,3.0935,0.218291
30.7,6,0.72272,44.2304,1,1,1.52767,15.6144,4.42424,0.448377
30.7,7,0.9,41.1877,1,1,1.70355,12.3594,4.19717,0.5
30.8,0,0.0900537,38.0349,0,1,1.06657,3.83665,3.08958,0.223181
30.8,1,0.0430619,37.8888,0,1,1.00742,3.62389,3.04317,0.210805
30.8,2,0.303046,40.5991,1,1,1.38348,7.36808,3.56794,0.289496
30.8,3,0.348106,40.9054,1,1,1.46052,7.77837,3.64335,0.305617
30.8,4,0.130783,39.1598,0,1,1.12092,4.03219,3.13249,0.234556
30.8,5,0.0712267,37.9754,0,1,1.04242,3.74978,3.0706,0.218128
30.8,6,0.722491,44.2343,1,1,2.14239,11.4098,4.32538,0.448299
30.8,7,0.9,41.2318,1,1,2.38946,8.59536,4.1852,0.5
30.9,0,0.0894479,38.0467,0,1,0.842726,4.51307,3.05285,0.223015
30.9,1,0.0424648,37.8997,0,1,0.796005,4.26286,3.00917,0.210651
30.9,2,0.302405,40.5814,1,1,1.09301,5.22127,3.23071,0.289248
30.9,3,0.347454,40.8868,1,1,1.15386,5.51197,3.28581,0.305353
30.9,4,0.130169,39.1558,0,1,0.885665,4.74302,3.09319,0.234378
30.9,5,0.0706245,37.9867,0,1,0.82365,4.41091,3.03499,0.217967
30.9,6,0.722291,44.1976,1,1,1.69374,8.09093,3.78558,0.448223
30.9,7,0.9,41.2669,1,1,1.88939,10.1183,4.07484,0.5
31,0,0.0888165,38.0679,0,1,0.668981,6.6612,3.18237,0.22285
31,1,0.0418434,37.9196,0,1,0.631902,6.292,3.13192,0.210499
31,2,0.301773,40.5604,1,1,0.867629,5.77512,3.18262,0.289024
31,3,0.346812,40.8646,1,1,0.915934,6.09665,3.23418,0.305115
31,4,0.129529,39.162,0,1,0.703058,7.00051,3.22888,0.234202
31,5,0.0699972,38.0074,0,1,0.653841,6.51046,3.16175,0.217807
31,6,0.722095,44.1552,1,1,1.34533,8.9548,3.70082,0.448156
31,7,0.9,41.3218,1,1,1.50096,14.9455,4.34735,0.5
31.1,0,0.0883141,38.04,0,1,0.442819,0.442819,2.53235,0.222679
31.1,1,0.0413433,37.8933,0,1,0.418282,0.418282,2.52091,0.210341
31.1,2,0.301092,40.5586,1,1,1.58326,4.92288,3.43367,0.288803
31.1,3,0.346117,40.8628,1,1,1.6714,5.19694,3.5022,0.304882
31.1,4,0.129024,39.1167,0,1,0.465369,0.465369,2.54296,0.234019
31.1,5,0.0694956,37.9802,0,1,0.4328,0.4328,2.52767,0.217641
31.1,6,0.721815,44.2324,1,1,4.91299,5.18155,5.28539,0.44809
31.1,7,0.9,41.2605,1,1,0.994297,0.994297,2.80975,0.5
31.2,0,0.087712,38.0503,0,1,0.626679,5.29045,3.0346,0.222543
31.2,1,0.0407495,37.9029,0,1,0.591959,4.99734,2.9926,0.210214
31.2,2,0.300434,40.5479,1,1,0.812597,7.4243,3.31558,0.288566
31.2,3,0.345448,40.8515,1,1,0.85783,7.83757,3.37444,0.304628
31.2,4,0.128414,39.1119,0,1,0.658588,5.55983,3.07332,0.233875
31.2,5,0.0688969,37.9902,0,1,0.612502,5.17077,3.01743,0.217509
31.2,6,0.721608,44.2049,1,1,1.26155,11.5262,3.90752,0.447996
31.2,7,0.9,41.2903,1,1,1.40799,11.8863,4.01024,0.5
31.3,0,0.0872187,38.0192,0,1,0.104426,1.55666,2.48609,0.22238
31.3,1,0.0402582,37.8735,0,1,0.0986418,1.47044,2.47615,0.210063
31.3,2,0.299773,40.5388,1,1,1.32659,5.15591,3.33264,0.288336
31.3,3,0.344774,40.8419,1,1,1.40043,5.44289,3.3944,0.304385
31.3,4,0.127919,39.0639,0,1,0.109742,1.6359,2.49525,0.2337
31.3,5,0.0684045,37.9598,0,1,0.102064,1.52146,2.48203,0.217351
31.3,6,0.721355,44.2441,1,1,3.91135,6.15916,4.79058,0.447927
31.3,7,0.9,41.2223,1,1,0.234792,3.5,2.71376,0.5
31.4,0,0.0866741,38.0081,0,1,0.624581,2.18176,2.74467,0.222246
31.4,1,0.0397186,37.8629,0,1,0.589991,2.06093,2.71934,0.209938
31.4,2,0.299138,40.5198,1,1,0.809665,6.2322,3.2009,0.288105
31.4,3,0.344129,40.8219,1,1,0.854727,6.57906,3.25326,0.30414
31.4,4,0.12737,39.0371,0,1,0.656373,2.29281,2.76807,0.233559
31.4,5,0.0678619,37.9489,0,1,0.610458,2.13242,2.73431,0.217221
31.4,6,0.721157,44.2032,1,1,1.25858,9.68758,3.73036,0.447842
31.4,7,0.9,41.2029,1,1,1.40515,4.90842,3.3467,0.5
31.5,0,0.0860919,38.0114,0,1,0.678569,4.00014,2.93454,0.222099
31.5,1,0.0391436,37.8659,0,1,0.640995,3.77864,2.8981,0.209801
31.5,2,0.298473,40.5125,1,1,0.879557,7.49637,3.35131,0.287884
31.5,3,0.343452,40.8141,1,1,0.928506,7.91356,3.41242,0.303905
31.5,4,0.126781,39.0257,0,1,0.713102,4.20371,2.96818,0.233402
31.5,5,0.0672827,37.9521,0,1,0.663227,3.9097,2.91964,0.217078
31.5,6,0.720947,44.1808,1,1,1.36807,11.6599,3.96982,0.447776
31.5,7,0.9,41.2173,1,1,1.52762,9.00529,3.792,0.5
31.6,0,0.0856004,37.9803,0,1,0.0777718,1.55359,2.47706,0.221942
31.6,1,0.038654,37.8365,0,1,0.0734663,1.46759,2.46762,0.209655
31.6,2,0.297823,40.4998,1,1,1.36127,4.38144,3.27689,0.287652
31.6,3,0.34279,40.8007,1,1,1.43702,4.62525,3.33554,0.303659
31.6,4,0.126288,38.9784,0,1,0.0817288,1.63264,2.48575,0.233234
31.6,5,0.0667919,37.9217,0,1,0.0760138,1.51848,2.4732,0.216925
31.6,6,0.720695,44.2187,1,1,4.0805,4.85752,4.76742,0.447706
31.6,7,0.9,41.149,1,1,0.175207,3.5,2.69323,0.5
31.7,0,0.0850046,37.9892,0,1,0.553526,5.26615,3.00252,0.221809
31.7,1,0.0380662,37.8448,0,1,0.522887,4.97465,2.96257,0.209531
31.7,2,0.297155,40.494,1,1,0.717273,8.38654,3.36718,0.287426
31.7,3,0.34211,40.7945,1,1,0.757184,8.85318,3.42855,0.303419
31.7,4,0.125685,38.9734,0,1,0.581687,5.53407,3.03934,0.233094
31.7,5,0.0661994,37.9303,0,1,0.541016,5.14713,2.98619,0.216796
31.7,6,0.720484,44.1976,1,1,1.11704,13.0607,3.98871,0.447621
31.7,7,0.9,41.1749,1,1,1.24775,11.8709,3.93417,0.5
31.8,0,0.0844446,37.9844,0,1,0.877551,1.81381,2.82272,0.221648
31.8,1,0.0375121,37.8401,0,1,0.828987,1.71343,2.79256,0.209382
31.8,2,0.296439,40.5062,1,1,1.13706,8.97716,3.60691,0.287193
31.8,3,0.341379,40.8075,1,1,1.20032,9.47662,3.68342,0.303172
31.8,4,0.125119,38.9543,0,1,0.922185,1.90607,2.85064,0.232922
31.8,5,0.0656418,37.9256,0,1,0.857722,1.77283,2.81038,0.21664
31.8,6,0.720252,44.2066,1,1,1.77194,13.9896,4.38666,0.44755
31.8,7,0.9,41.1718,1,1,1.9796,4.09164,3.55367,0.5
31.9,0,0.083865,37.9871,0,1,0.975072,2.43942,2.92113,0.221497
31.9,1,0.0369397,37.8425,0,1,0.921122,2.30445,2.88489,0.209242
31.9,2,0.295718,40.5203,1,1,1.26318,8.64713,3.63326,0.286944
31.9,3,0.340642,40.8224,1,1,1.33345,9.12816,3.71178,0.302907
31.9,4,0.124533,38.9433,0,1,1.02466,2.56348,2.95466,0.232761
31.9,5,0.0650652,37.9281,0,1,0.953044,2.38432,2.90631,0.216494
31.9,6,0.720017,44.2192,1,1,1.96985,13.4847,4.43644,0.447472
31.9,7,0.9,41.1871,1,1,2.20109,5.50667,3.79744,0.5
32,0,0.0832765,37.993,0,1,0.955569,3.03404,2.96583,0.221341
32,1,0.036359,37.848,0,1,0.902711,2.86621,2.92698,0.209098
32,2,0.295059,40.5106,1,1,1.23771,5.45578,3.31921,0.286694
32,3,0.339972,40.8122,1,1,1.30655,5.75923,3.37983,0.30264
32,4,0.123937,38.9361,0,1,1.00415,3.1883,3.00175,0.232595
32,5,0.0644799,37.9339,0,1,0.933986,2.96552,2.94994,0.216342
32,6,0.719809,44.1947,1,1,1.93147,8.51388,3.94337,0.447393
32,7,0.9,41.2099,1,1,2.15859,6.85377,3.90164,0.5
32.1,0,0.0827467,37.9768,0,1,0.725463,0.725463,2.67032,0.221183
32.1,1,0.0358331,37.8326,0,1,0.685343,0.685343,2.65014,0.208951
32.1,2,0.294416,40.4954,1,1,1.11469,5.25757,3.24399,0.286465
32.1,3,0.339317,40.7962,1,1,1.17668,5.54997,3.29986,0.302397
32.1,4,0.123404,38.9055,0,1,0.762337,0.762337,2.68903,0.232425
32.1,5,0.0639517,37.918,0,1,0.709082,0.709082,2.66206,0.216188
32.1,6,0.719567,44.218,1,1,3.48124,6.46921,4.57621,0.447323
32.1,7,0.9,41.1774,1,1,1.63996,1.63996,3.16763,0.5
32.2,0,0.0821685,37.9791,0,1,0.614615,4.06837,2.91428,0.22104
32.2,1,0.0352619,37.8347,0,1,0.580631,3.84341,2.8792,0.208818
32.2,2,0.293789,40.4741,1,1,0.795912,5.86647,3.1603,0.286242
32.2,3,0.33868,40.7737,1,1,0.840172,6.19271,3.21028,0.30216
32.2,4,0.122819,38.8947,0,1,0.64585,4.27513,2.94665,0.232274
32.2,5,0.0633763,37.9202,0,1,0.600739,3.97652,2.89994,0.21605
32.2,6,0.719372,44.1732,1,1,1.24358,9.16613,3.67368,0.447241
32.2,7,0.9,41.1886,1,1,1.39028,9.20277,3.74555,0.5
32.3,0,0.0816081,37.9746,0,1,0.642647,2.97527,2.82427,0.220885
32.3,1,0.0347075,37.8303,0,1,0.607121,2.81079,2.79429,0.208674
32.3,2,0.293169,40.4505,1,1,0.832166,5.31724,3.12395,0.286025
32.3,3,0.338051,40.7487,1,1,0.87844,5.61291,3.17199,0.301929
32.3,4,0.122253,38.877,0,1,0.6753,3.12644,2.85196,0.232108
32.3,5,0.0628184,37.9157,0,1,0.628141,2.90811,2.81201,0.215899
32.3,6,0.719181,44.1251,1,1,1.30102,8.31306,3.61903,0.447176
32.3,7,0.9,41.1845,1,1,1.45471,6.73488,3.5418,0.5
32.4,0,0.0810111,37.984,0,1,0.593212,5.16408,3.00891,0.220734
32.4,1,0.0341185,37.8391,0,1,0.560425,4.87866,2.96856,0.208535
32.4,2,0.292534,40.4329,1,1,0.768098,6.39597,3.19871,0.28581
32.4,3,0.337406,40.73,1,1,0.810807,6.75161,3.25075,0.301702
32.4,4,0.121649,38.8742,0,1,0.623346,5.42641,3.04612,0.231948
32.4,5,0.0622246,37.9249,0,1,0.579824,5.04754,2.99242,0.215753
32.4,6,0.718983,44.0864,1,1,1.20159,10.0057,3.73453,0.447112
32.4,7,0.9,41.2119,1,1,1.34372,11.6975,3.96204,0.5
32.5,0,0.0804356,37.9851,0,1,0.719139,3.44904,2.90039,0.220574
32.5,1,0.0335498,37.8401,0,1,0.679402,3.25846,2.86588,0.208386
32.5,2,0.291914,40.4101,1,1,0.93111,4.86542,3.12469,0.28559
32.5,3,0.336776,40.7058,1,1,0.98288,5.13593,3.1731,0.301469
32.5,4,0.121067,38.8629,0,1,0.755662,3.62421,2.93226,0.231776
32.5,5,0.061652,37.926,0,1,0.702914,3.37123,2.88628,0.215598
32.5,6,0.718791,44.0403,1,1,1.4575,7.61602,3.62652,0.447045
32.5,7,0.9,41.2213,1,1,1.63015,7.81833,3.72874,0.5
32.6,0,0.0799041,37.9696,0,1,0.559224,1.74717,2.67888,0.22042
32.6,1,0.0330225,37.8254,0,1,0.528331,1.65065,2.65762,0.208243
32.6,2,0.291241,40.4075,1,1,0.724021,8.60468,3.39087,0.285375
32.6,3,0.336091,40.7031,1,1,0.764275,9.08307,3.45354,0.301241
32.6,4,0.120532,38.8342,0,1,0.587619,1.83589,2.69853,0.231612
32.6,5,0.0611222,37.9108,0,1,0.54661,1.70776,2.67018,0.215448
32.6,6,0.718578,44.0257,1,1,1.13403,13.4774,4.03634,0.44698
32.6,7,0.9,41.1906,1,1,1.26854,3.96328,3.19456,0.5
32.7,0,0.0792371,38.0056,0,1,0.900087,7.51161,3.3617,0.220277
32.7,1,0.0323676,37.8592,0,1,0.850372,7.09672,3.30061,0.208111
32.7,2,0.290576,40.4021,1,1,1.16514,6.1599,3.35205,0.285143
32.7,3,0.335414,40.6974,1,1,1.22991,6.50233,3.41423,0.300994
32.7,4,0.119854,38.86,0,1,0.945782,7.89296,3.41804,0.23146
32.7,5,0.0604601,37.9459,0,1,0.879788,7.34221,3.33673,0.21531
32.7,6,0.718366,44.0085,1,1,1.82613,9.6545,3.99927,0.446908
32.7,7,0.9,41.2818,1,1,2.04308,17.0503,4.81484,0.5
32.8,0,0.0786446,38.0128,0,1,1.05061,2.78213,2.98606,0.220099
32.8,1,0.0317831,37.8658,0,1,0.992601,2.62851,2.94592,0.207946
32.8,2,0.289894,40.4033,1,1,1.35999,6.11667,3.43858,0.284913
32.8,3,0.334718,40.6988,1,1,1.43558,6.45666,3.50643,0.30075
32.8,4,0.119254,38.8558,0,1,1.10393,2.92332,3.0232,0.231269
32.8,5,0.0598709,37.9528,0,1,1.02692,2.7194,2.96964,0.215137
32.8,6,0.718147,44.0028,1,1,2.13291,9.59294,4.14758,0.446837
32.8,7,0.9,41.3082,1,1,2.38668,6.32017,3.96955,0.5
32.9,0,0.0780517,38.02,0,1,0.721457,4.3829,2.98854,0.21994
32.9,1,0.031198,37.8726,0,1,0.681632,4.14096,2.94902,0.207799
32.9,2,0.289246,40.3915,1,1,0.933809,6.34443,3.26552,0.284677
32.9,3,0.334059,40.6863,1,1,0.985708,6.69704,3.32191,0.300499
32.9,4,0.118653,38.8517,0,1,0.758061,4.60528,3.025,0.231099
32.9,5,0.0592811,37.9599,0,1,0.705196,4.28412,2.97238,0.214983
32.9,6,0.717943,43.975,1,1,1.46549,9.95674,3.85302,0.446763
32.9,7,0.9,41.3317,1,1,1.64012,9.96385,3.93755,0.5
33,0,0.0774501,38.0304,0,1,0.702386,4.92984,3.03198,0.219782
33,1,0.0306047,37.8823,0,1,0.663623,4.65777,2.99008,0.207653
33,2,0.288567,40.3918,1,1,0.909065,8.12975,3.42455,0.284454
33,3,0.333366,40.6866,1,1,0.959584,8.58153,3.4898,0.300261
33,4,0.118044,38.8511,0,1,0.738013,5.1799,3.07065,0.23093
33,5,0.058683,37.97,0,1,0.686559,4.81875,3.01485,0.214829
33,6,0.717726,43.9666,1,1,1.42756,12.7666,4.10374,0.446694
33,7,0.9,41.3623,1,1,1.59792,11.2153,4.03657,0.5
33.1,0,0.0769661,37.9962,0,1,0.234842,0.234842,2.43895,0.219621
33.1,1,0.0301219,37.8501,0,1,0.221885,0.221885,2.43345,0.207504
33.1,2,0.287845,40.408,1,1,1.50523,7.47798,3.63623,0.284219
33.1,3,0.332629,40.7038,1,1,1.58887,7.89349,3.71586,0.300012
33.1,4,0.117559,38.8036,0,1,0.246751,0.246751,2.44404,0.230758
33.1,5,0.0581995,37.9366,0,1,0.229551,0.229551,2.43669,0.214674
33.1,6,0.717431,44.0682,1,1,4.73062,9.38555,5.56942,0.446621
33.1,7,0.9,41.2828,1,1,0.534652,0.534652,2.57602,0.5
33.2,0,0.076383,38,0,1,0.867175,3.17044,2.93896,0.219492
33.2,1,0.0295461,37.8536,0,1,0.819335,2.99554,2.90196,0.207383
33.2,2,0.2872,40.3949,1,1,1.12192,5.28183,3.24956,0.28397
33.2,3,0.331973,40.69,1,1,1.18425,5.57526,3.30572,0.299747
33.2,4,0.116969,38.7965,0,1,0.911146,3.3312,2.97316,0.230622
33.2,5,0.0576194,37.9403,0,1,0.847641,3.09902,2.92382,0.214548
33.2,6,0.717228,44.0384,1,1,1.76413,8.30525,3.84045,0.446521
33.2,7,0.9,41.2996,1,1,1.97541,7.22222,3.84329,0.5
33.3,0,0.0758365,37.9899,0,1,0.618275,2.32358,2.75471,0.219336
33.3,1,0.0290047,37.844,0,1,0.584175,2.19542,2.7289,0.207239
33.3,2,0.286553,40.3831,1,1,0.799842,6.93651,3.26365,0.283748
33.3,3,0.331314,40.6775,1,1,0.844273,7.32183,3.31942,0.299511
33.3,4,0.116418,38.775,0,1,0.649618,2.44137,2.77855,0.230456
33.3,5,0.0570749,37.9304,0,1,0.604351,2.27125,2.74415,0.214397
33.3,6,0.717024,44.0097,1,1,1.25848,10.914,3.84752,0.446452
33.3,7,0.9,41.2818,1,1,1.40942,5.29683,3.385,0.5
33.4,0,0.0752516,37.9945,0,1,0.747025,3.83078,2.94777,0.219191
33.4,1,0.0284272,37.8482,0,1,0.705831,3.61953,2.91055,0.207104
33.4,2,0.285863,40.3874,1,1,0.966284,8.404,3.47581,0.283525
33.4,3,0.330611,40.682,1,1,1.01996,8.8708,3.54413,0.299274
33.4,4,0.115826,38.769,0,1,0.784888,4.02494,2.98214,0.230301
33.4,5,0.056493,37.9348,0,1,0.730205,3.74452,2.93255,0.214256
33.4,6,0.716802,44.0073,1,1,1.52132,13.2313,4.19272,0.446384
33.4,7,0.9,41.2994,1,1,1.70405,8.73845,3.85208,0.5
33.5,0,0.0746425,38.0082,0,1,0.904866,4.40323,3.0698,0.219035
33.5,1,0.0278269,37.861,0,1,0.854981,4.16047,3.02522,0.20696
33.5,2,0.285139,40.4048,1,1,1.17031,9.27848,3.65079,0.283288
33.5,3,0.329871,40.7004,1,1,1.2353,9.79378,3.72977,0.299021
33.5,4,0.115209,38.7729,0,1,0.950719,4.62635,3.11097,0.230134
33.5,5,0.0558876,37.9481,0,1,0.884497,4.30411,3.05157,0.214105
33.5,6,0.716565,44.0267,1,1,1.84377,14.6179,4.48221,0.446308
33.5,7,0.9,41.3395,1,1,2.06557,10.0514,4.15696,0.5
33.6,0,0.0741176,37.9898,0,1,0.676265,0.676265,2.64559,0.218873
33.6,1,0.0273057,37.8437,0,1,0.638993,0.638993,2.62704,0.20681
33.6,2,0.284441,40.4117,1,1,1.73993,4.97471,3.51524,0.283039
33.6,3,0.329159,40.7078,1,1,1.83655,5.25095,3.58887,0.298756
33.6,4,0.114681,38.743,0,1,0.710525,0.710525,2.66279,0.229961
33.6,5,0.0553641,37.9302,0,1,0.661047,0.661047,2.638,0.213947
33.6,6,0.716268,44.1313,1,1,5.48622,5.09982,5.62322,0.446228
33.6,7,0.9,41.3007,1,1,1.54488,1.54488,3.11323,0.5
33.7,0,0.0735766,37.9778,0,1,0.648637,1.86006,2.72654,0.218733
33.7,1,0.0267695,37.8323,0,1,0.612893,1.75755,2.70242,0.20668
33.7,2,0.28378,40.405,1,1,0.838621,7.51819,3.3357,0.2828
33.7,3,0.328485,40.7007,1,1,0.885179,7.93558,3.39563,0.2985
33.7,4,0.114135,38.7202,0,1,0.681492,1.95427,2.74883,0.229813
33.7,5,0.0548251,37.9184,0,1,0.634042,1.8182,2.71667,0.213812
33.7,6,0.716058,44.11,1,1,1.32296,11.8602,3.96794,0.446127
33.7,7,0.9,41.2782,1,1,1.48271,4.25188,3.32288,0.5
33.8,0,0.0729991,37.9798,0,1,0.807423,3.14417,2.91035,0.21859
33.8,1,0.026199,37.8341,0,1,0.762937,2.97094,2.87518,0.206546
33.8,2,0.283162,40.3816,1,1,1.04376,4.18075,3.11112,0.282572
33.8,3,0.327859,40.676,1,1,1.1017,4.41283,3.15904,0.298259
33.8,4,0.113551,38.7122,0,1,0.848313,3.3034,2.94286,0.22966
33.8,5,0.0542505,37.9203,0,1,0.789259,3.07344,2.89597,0.213672
33.8,6,0.715866,44.0632,1,1,1.64764,6.59954,3.62207,0.446056
33.8,7,0.9,41.2901,1,1,1.84689,7.19194,3.77609,0.5
33.9,0,0.0724013,37.9894,0,1,0.504836,5.5825,3.01316,0.218436
33.9,1,0.0256092,37.8431,0,1,0.477028,5.275,2.97296,0.206404
33.9,2,0.282522,40.3672,1,1,0.652574,7.19419,3.22644,0.282361
33.9,3,0.327208,40.6607,1,1,0.688797,7.59352,3.27954,0.298034
33.9,4,0.112946,38.7124,0,1,0.530397,5.86515,3.05022,0.229496
33.9,5,0.0536559,37.9297,0,1,0.493482,5.45694,2.99673,0.213523
33.9,6,0.715666,44.0295,1,1,1.03075,11.3633,3.78738,0.445991
33.9,7,0.9,41.317,1,1,1.15557,12.7783,3.97903,0.5
34,0,0.0717993,38.0005,0,1,0.760365,4.69248,3.03419,0.218278
34,1,0.0250155,37.8535,0,1,0.718492,4.43407,2.99208,0.206257
34,2,0.281849,40.3654,1,1,0.982831,7.43764,3.39102,0.282141
34,3,0.326523,40.6588,1,1,1.03738,7.85045,3.4546,0.297801
34,4,0.112337,38.7144,0,1,0.798853,4.93,3.07305,0.229327
34,5,0.0530573,37.9405,0,1,0.743267,4.58697,3.01698,0.21337
34,6,0.71545,44.0174,1,1,1.55336,11.7552,4.06675,0.445923
34,7,0.9,41.3497,1,1,1.74174,10.7489,4.06198,0.5
34.1,0,0.0712816,37.9795,0,1,0.436483,1.52683,2.6091,0.218118
34.1,1,0.0245012,37.8337,0,1,0.412453,1.44277,2.59213,0.20611
34.1,2,0.281121,40.3847,1,1,1.21422,9.2876,3.67175,0.281911
34.1,3,0.325778,40.6792,1,1,1.2816,9.80302,3.75204,0.297556
34.1,4,0.111816,38.6827,0,1,0.458571,1.60409,2.62479,0.229156
34.1,5,0.052541,37.92,0,1,0.426671,1.49251,2.60216,0.213215
34.1,6,0.715188,44.0727,1,1,2.94844,13.6605,4.96367,0.44585
34.1,7,0.9,41.3044,1,1,1.00057,3.5,3.02868,0.5
34.2,0,0.0707496,37.9643,0,1,0.610146,1.52587,2.68147,0.217981
34.2,1,0.0239734,37.8193,0,1,0.57656,1.44187,2.66016,0.205982
34.2,2,0.28037,40.412,1,1,1.48596,9.11335,3.78237,0.281661
34.2,3,0.32501,40.7081,1,1,1.56841,9.619,3.87003,0.297289
34.2,4,0.11128,38.6572,0,1,0.641018,1.60307,2.70119,0.22901
34.2,5,0.0520107,37.9051,0,1,0.596432,1.49157,2.67275,0.213082
34.2,6,0.714912,44.1455,1,1,3.45567,13.3189,5.20944,0.445761
34.2,7,0.9,41.2737,1,1,1.39954,3.5,3.21405,0.5
34.3,0,0.0701726,37.9663,0,1,1.0247,2.03212,2.90799,0.21784
34.3,1,0.0234034,37.8211,0,1,0.968307,1.92027,2.87269,0.205851
34.3,2,0.279665,40.4219,1,1,1.32371,7.54433,3.55657,0.281405
34.3,3,0.32429,40.7186,1,1,1.39713,7.96283,3.63081,0.297015
34.3,4,0.110696,38.6501,0,1,1.07654,2.13492,2.94066,0.228861
34.3,5,0.0514366,37.907,0,1,1.00168,1.98645,2.89354,0.212945
34.3,6,0.714682,44.1529,1,1,2.09638,11.9481,4.35336,0.445668
34.3,7,0.9,41.2873,1,1,2.35196,4.66423,3.79763,0.5
34.4,0,0.0695449,37.9875,0,1,0.857511,5.6187,3.16342,0.217688
34.4,1,0.0227856,37.8409,0,1,0.810327,5.30954,3.11379,0.20571
34.4,2,0.278959,40.4316,1,1,1.10755,8.59166,3.55678,0.281164
34.4,3,0.32357,40.7289,1,1,1.16898,9.06818,3.63012,0.296758
34.4,4,0.11006,38.6633,0,1,0.900882,5.90288,3.20923,0.228698
34.4,5,0.050813,37.9277,0,1,0.838246,5.49246,3.14313,0.212797
34.4,6,0.714452,44.1594,1,1,1.75526,13.6161,4.34271,0.445589
34.4,7,0.9,41.3444,1,1,1.96959,12.9054,4.38091,0.5
34.5,0,0.0689127,38.01,0,1,0.937974,5.49051,3.18657,0.217522
34.5,1,0.0221635,37.8621,0,1,0.886378,5.18848,3.1354,0.205556
34.5,2,0.278237,40.4473,1,1,1.21136,8.95538,3.63875,0.280923
34.5,3,0.322832,40.7455,1,1,1.27854,9.45199,3.71711,0.296501
34.5,4,0.109418,38.6781,0,1,0.985399,5.76812,3.23381,0.22852
34.5,5,0.0501849,37.9496,0,1,0.916906,5.36719,3.16565,0.212636
34.5,6,0.714215,44.1762,1,1,1.92108,14.2022,4.48077,0.445511
34.5,7,0.9,41.4056,1,1,2.15604,12.6206,4.4479,0.5
34.6,0,0.0683817,37.9939,0,1,0.597814,1.52148,2.67585,0.217355
34.6,1,0.0216367,37.8468,0,1,0.564939,1.43782,2.6549,0.205402
34.6,2,0.27757,40.4419,1,1,1.43565,4.91103,3.36147,0.280676
34.6,3,0.322152,40.74,1,1,1.51524,5.18331,3.42503,0.296238
34.6,4,0.108883,38.6523,0,1,0.628031,1.59839,2.69523,0.228341
34.6,5,0.0496556,37.9338,0,1,0.584391,1.48732,2.66728,0.212475
34.6,6,0.713976,44.1954,1,1,3.33161,6.74051,4.51818,0.445431
34.6,7,0.9,41.3723,1,1,1.3752,3.5,3.20245,0.5
34.7,0,0.0678119,37.9927,0,1,0.61396,3.61976,2.87202,0.217215
34.7,1,0.0210733,37.8457,0,1,0.580204,3.42074,2.83953,0.205272
34.7,2,0.276954,40.4175,1,1,0.792691,5.30019,3.10533,0.280449
34.7,3,0.321527,40.7141,1,1,0.836634,5.594,3.15204,0.295995
34.7,4,0.108307,38.6424,0,1,0.644988,3.80269,2.90201,0.228192
34.7,5,0.0490884,37.9327,0,1,0.600177,3.5385,2.85874,0.212338
34.7,6,0.713785,44.1462,1,1,1.25878,8.41664,3.60928,0.445349
34.7,7,0.9,41.375,1,1,1.41326,8.33221,3.67353,0.5
34.8,0,0.0672815,37.9766,0,1,0.589479,1.53244,2.67324,0.217065
34.8,1,0.020547,37.8305,0,1,0.557076,1.4482,2.65245,0.205133
34.8,2,0.276323,40.3991,1,1,0.76104,6.24644,3.1815,0.280239
34.8,3,0.320886,40.6946,1,1,0.803225,6.59269,3.23239,0.295773
34.8,4,0.107773,38.617,0,1,0.619263,1.60987,2.69247,0.228032
34.8,5,0.0485597,37.917,0,1,0.576248,1.49804,2.66473,0.212193
34.8,6,0.713588,44.1069,1,1,1.20925,9.92526,3.73036,0.445284
34.8,7,0.9,41.3418,1,1,1.35784,3.52991,3.19693,0.5
34.9,0,0.0666533,37.9978,0,1,0.678037,6.45109,3.16611,0.216925
34.9,1,0.0199286,37.8504,0,1,0.640772,6.09654,3.11696,0.205003
34.9,2,0.275755,40.3569,1,1,0.875263,2.24611,2.85926,0.280024
34.9,3,0.320312,40.6499,1,1,0.923776,2.3706,2.89194,0.295544
34.9,4,0.107136,38.6309,0,1,0.71229,6.77699,3.21143,0.227884
34.9,5,0.0479355,37.9377,0,1,0.662821,6.30632,3.14602,0.212057
34.9,6,0.713417,44.0297,1,1,1.3916,3.57114,3.21675,0.445217
34.9,7,0.9,41.3972,1,1,1.56284,14.8694,4.36958,0.5
35,0,0.065998,38.0289,0,1,0.890461,6.93387,3.30251,0.216759
35,1,0.0192847,37.8796,0,1,0.841537,6.5529,3.24507,0.20485
35,2,0.275151,40.3295,1,1,1.14956,2.95268,3.0469,0.279831
35,3,0.319699,40.6209,1,1,1.21328,3.11633,3.09129,0.29534
35,4,0.10647,38.6554,0,1,0.935432,7.28405,3.3555,0.227706
35,5,0.0472849,37.968,0,1,0.870485,6.77831,3.27903,0.211897
35,6,0.71323,43.9775,1,1,1.82874,4.69716,3.53359,0.445159
35,7,0.9,41.4778,1,1,2.05403,15.9944,4.7191,0.5
35.1,0,0.0654974,38.001,0,1,0.423443,0.423443,2.52331,0.216587
35.1,1,0.0187862,37.8534,0,1,0.400186,0.400186,2.51253,0.204691
35.1,2,0.274443,40.3415,1,1,1.68226,5.83512,3.56716,0.279625
35.1,3,0.318976,40.6338,1,1,1.77549,6.1585,3.6434,0.295122
35.1,4,0.105968,38.6178,0,1,0.444821,0.444821,2.53329,0.227522
35.1,5,0.0467851,37.9407,0,1,0.413947,0.413947,2.5189,0.21173
35.1,6,0.71293,44.0875,1,1,5.35551,6.61034,5.6836,0.445095
35.1,7,0.9,41.4133,1,1,0.977535,0.977535,2.80086,0.5
35.2,0,0.0649101,38.0063,0,1,0.727393,4.04887,2.95975,0.216456
35.2,1,0.0182064,37.8584,0,1,0.687447,3.82651,2.92206,0.204568
35.2,2,0.273829,40.3178,1,1,0.938864,4.48139,3.09214,0.279384
35.2,3,0.318353,40.6087,1,1,0.990886,4.7297,3.13856,0.294865
35.2,4,0.105373,38.6154,0,1,0.764112,4.25325,2.99456,0.227382
35.2,5,0.0462009,37.9459,0,1,0.711083,3.95808,2.94434,0.211602
35.2,6,0.712739,44.0393,1,1,1.49539,7.13778,3.59931,0.444993
35.2,7,0.9,41.4321,1,1,1.68024,9.35266,3.89885,0.5
35.3,0,0.0643502,38.0012,0,1,0.596607,3.16112,2.8222,0.216301
35.3,1,0.0176523,37.8535,0,1,0.563851,2.98756,2.79263,0.204426
35.3,2,0.273117,40.3316,1,1,0.77003,10.4691,3.58874,0.279176
35.3,3,0.317626,40.6232,1,1,0.812693,11.0491,3.66242,0.294644
35.3,4,0.104808,38.6022,0,1,0.626716,3.32065,2.8495,0.227217
35.3,5,0.0456434,37.9409,0,1,0.583233,3.09025,2.81011,0.211452
35.3,6,0.712507,44.051,1,1,1.22721,16.6848,4.38665,0.444928
35.3,7,0.9,41.4253,1,1,1.37911,7.30721,3.56011,0.5
35.4,0,0.0637372,38.0162,0,1,1.11969,3.5672,3.08906,0.216154
35.4,1,0.0170486,37.8675,0,1,1.05823,3.37139,3.04301,0.204289
35.4,2,0.272353,40.3652,1,1,1.44489,10.0721,3.85425,0.278934
35.4,3,0.316843,40.6587,1,1,1.52494,10.63,3.94562,0.294386
35.4,4,0.104187,38.6104,0,1,1.17619,3.74719,3.13165,0.227061
35.4,5,0.0450342,37.9555,0,1,1.0946,3.48725,3.07022,0.21131
35.4,6,0.71225,44.0975,1,1,2.30434,16.0631,4.85327,0.444849
35.4,7,0.9,41.4709,1,1,2.59003,8.2515,4.258,0.5
35.5,0,0.0630999,38.0401,0,1,1.11478,4.91603,3.212,0.215994
35.5,1,0.0164218,37.89,0,1,1.0536,4.64625,3.15896,0.204141
35.5,2,0.271637,40.3796,1,1,1.43828,7.51043,3.60737,0.278675
35.5,3,0.316112,40.6741,1,1,1.51794,7.92637,3.68483,0.294108
35.5,4,0.10354,38.6281,0,1,1.17101,5.164,3.261,0.226889
35.5,5,0.0444012,37.9788,0,1,1.0898,4.80588,3.19031,0.211154
35.5,6,0.712015,44.1136,1,1,2.29548,11.9865,4.45886,0.444761
35.5,7,0.9,41.5376,1,1,2.58057,11.38,4.5498,0.5
35.6,0,0.0625872,38.0166,0,1,0.551211,0.551211,2.58402,0.215827
35.6,1,0.015912,37.8678,0,1,0.520973,0.520973,2.56944,0.203987
35.6,2,0.270908,40.3987,1,1,1.49015,7.92501,3.6714,0.278432
35.6,3,0.315368,40.6943,1,1,1.57266,8.36382,3.75267,0.293849
35.6,4,0.103024,38.5958,0,1,0.579006,0.579006,2.59754,0.22671
35.6,5,0.0438897,37.9559,0,1,0.538865,0.538865,2.57805,0.210992
35.6,6,0.711714,44.2204,1,1,4.75981,10.277,5.67084,0.44468
35.6,7,0.9,41.4842,1,1,1.27698,1.27698,2.96294,0.5
35.7,0,0.0619967,38.0229,0,1,0.911703,3.36149,2.97618,0.215693
35.7,1,0.0153292,37.8737,0,1,0.861696,3.17711,2.93715,0.203862
35.7,2,0.270216,40.4038,1,1,1.17585,7.56908,3.49049,0.278186
35.7,3,0.314661,40.6998,1,1,1.24095,7.98809,3.56025,0.293585
35.7,4,0.102427,38.5951,0,1,0.95767,3.53097,3.01226,0.226567
35.7,5,0.0433023,37.9619,0,1,0.891285,3.2862,2.96022,0.210862
35.7,6,0.711489,44.2194,1,1,1.87917,12.0964,4.25847,0.444578
35.7,7,0.9,41.507,1,1,2.11343,7.79231,3.96702,0.5
35.8,0,0.061441,38.0159,0,1,0.846947,1.7171,2.80085,0.215538
35.8,1,0.0147792,37.867,0,1,0.800503,1.62294,2.77231,0.203719
35.8,2,0.269512,40.4133,1,1,1.0922,8.59322,3.54999,0.277951
35.8,3,0.313942,40.7098,1,1,1.15265,9.06884,3.62274,0.293335
35.8,4,0.101866,38.5806,0,1,0.889638,1.80365,2.82726,0.226402
35.8,5,0.0427489,37.9551,0,1,0.827983,1.67865,2.78917,0.210712
35.8,6,0.711259,44.2254,1,1,1.74664,13.7423,4.35058,0.444501
35.8,7,0.9,41.4971,1,1,1.96473,3.98328,3.53623,0.5
35.9,0,0.0608624,38.0177,0,1,0.93819,2.56884,2.91606,0.215393
35.9,1,0.0142076,37.8686,0,1,0.886754,2.42801,2.8805,0.203584
35.9,2,0.269027,40.3395,1,1,0.239601,0.239601,2.44098,0.277713
35.9,3,0.313457,40.6315,1,1,0.252861,0.252861,2.44667,0.293081
35.9,4,0.101243,38.5895,0,1,1.47821,2.20557,3.13651,0.226248
35.9,5,0.042139,37.9697,0,1,1.37578,2.05275,3.07407,0.210571
35.9,6,0.711126,44.0928,1,1,0.383432,0.383432,2.50483,0.444422
35.9,7,0.9,41.5949,1,1,4.64102,3.5,4.97086,0.5
36,0,0.0602749,38.0228,0,1,0.438072,5.30979,2.96111,0.215242
36,1,0.0136274,37.8734,0,1,0.41406,5.01875,2.92418,0.203444
36,2,0.268364,40.3346,1,1,0.564884,8.79127,3.34369,0.277549
36,3,0.312782,40.6262,1,1,0.596146,9.2778,3.40286,0.29291
36,4,0.100649,38.5876,0,1,0.460122,5.57706,2.99511,0.226076
36,5,0.0415545,37.9745,0,1,0.42825,5.19074,2.946,0.210416
36,6,0.710915,44.074,1,1,0.90442,14.0755,3.99225,0.444377
36,7,0.9,41.609,1,1,1.01763,12.3345,3.87467,0.5
36.1,0,0.0597663,37.998,0,1,0.508041,0.508041,2.56324,0.215088
36.1,1,0.0131215,37.8501,0,1,0.480201,0.480201,2.54998,0.203302
36.1,2,0.267596,40.3694,1,1,1.5581,9.68072,3.87096,0.277325
36.1,3,0.311995,40.663,1,1,1.64432,10.2164,3.96367,0.292671
36.1,4,0.100138,38.5543,0,1,0.533607,0.533607,2.57552,0.225912
36.1,5,0.041047,37.9501,0,1,0.496653,0.496653,2.5578,0.210267
36.1,6,0.710594,44.2113,1,1,4.99248,13.0133,6.06855,0.444304
36.1,7,0.9,41.5504,1,1,1.18101,1.18101,2.91026,0.5
36.2,0,0.0591454,38.016,0,1,1.08891,4.15502,3.12924,0.214956
36.2,1,0.0125102,37.867,0,1,1.02924,3.92736,3.08105,0.203178
36.2,2,0.266913,40.3713,1,1,1.40354,5.93241,3.44183,0.277066
36.2,3,0.311299,40.6652,1,1,1.48118,6.26059,3.50971,0.292393
36.2,4,0.0995083,38.5664,0,1,1.1437,4.36408,3.17374,0.225772
36.2,5,0.04043,37.9675,0,1,1.0645,4.06189,3.10949,0.210138
36.2,6,0.710372,44.2061,1,1,2.25017,9.51089,4.19984,0.444194
36.2,7,0.9,41.6017,1,1,2.53286,9.66481,4.36162,0.5
36.3,0,0.0585726,38.0156,0,1,0.710895,3.34259,2.88702,0.214794
36.3,1,0.011944,37.8666,0,1,0.671956,3.1595,2.85359,0.203029
36.3,2,0.266215,40.3788,1,1,0.916232,9.04678,3.51525,0.276836
36.3,3,0.310588,40.673,1,1,0.966909,9.54716,3.58529,0.292148
36.3,4,0.0989294,38.5592,0,1,0.746654,3.51073,2.91787,0.225598
36.3,5,0.0398599,37.9669,0,1,0.694967,3.2677,2.87333,0.209982
36.3,6,0.710145,44.2078,1,1,1.46988,14.5134,4.29116,0.444118
36.3,7,0.9,41.6053,1,1,1.65483,7.78092,3.73721,0.5
36.4,0,0.0579564,38.0316,0,1,0.965604,4.49869,3.10565,0.214645
36.4,1,0.011337,37.8816,0,1,0.912726,4.25234,3.05917,0.202891
36.4,2,0.265524,40.3837,1,1,1.24432,7.15574,3.48277,0.276601
36.4,3,0.309883,40.6782,1,1,1.31313,7.55145,3.5523,0.291897
36.4,4,0.0983047,38.5693,0,1,1.01416,4.72493,3.14854,0.225439
36.4,5,0.0392475,37.9822,0,1,0.943974,4.39792,3.08661,0.209837
36.4,6,0.70992,44.2071,1,1,1.99756,11.4874,4.25949,0.44404
36.4,7,0.9,41.6504,1,1,2.2493,10.4794,4.29146,0.5
36.5,0,0.0573075,38.0597,0,1,0.814207,6.94617,3.27072,0.214485
36.5,1,0.010699,37.9081,0,1,0.769633,6.5659,3.21552,0.202743
36.5,2,0.264801,40.4007,1,1,1.04912,9.79799,3.64572,0.276368
36.5,3,0.309144,40.6962,1,1,1.10713,10.3397,3.72356,0.291649
36.5,4,0.0976456,38.5923,0,1,0.855141,7.29539,3.32159,0.225268
36.5,5,0.038603,38.0095,0,1,0.795974,6.79062,3.24812,0.209682
36.5,6,0.709681,44.2254,1,1,1.68533,15.7397,4.51213,0.443963
36.5,7,0.9,41.7224,1,1,1.89806,16.1927,4.66007,0.5
36.6,0,0.0567473,38.0538,0,1,0.937156,1.50021,2.82327,0.214316
36.6,1,0.0101447,37.9025,0,1,0.885868,1.41811,2.79345,0.202587
36.6,2,0.264091,40.4126,1,1,1.40378,7.39773,3.58034,0.276125
36.6,3,0.308419,40.7088,1,1,1.48138,7.80666,3.65598,0.291388
36.6,4,0.09708,38.5796,0,1,0.984254,1.57561,2.85087,0.225087
36.6,5,0.0380453,38.0035,0,1,0.916177,1.46663,2.81104,0.209518
36.6,6,0.709439,44.2473,1,1,2.57228,11.5765,4.56414,0.443881
36.6,7,0.9,41.7141,1,1,2.18639,3.5,3.60555,0.5
36.7,0,0.0561365,38.0671,0,1,0.853339,4.73755,3.07854,0.214171
36.7,1,0.00954277,37.915,0,1,0.806649,4.47833,3.03395,0.202452
36.7,2,0.263442,40.4011,1,1,1.09924,5.62521,3.27154,0.275886
36.7,3,0.307758,40.6966,1,1,1.15999,5.9361,3.32857,0.291133
36.7,4,0.096461,38.5872,0,1,0.896216,4.97559,3.11967,0.224932
36.7,5,0.0374381,38.0163,0,1,0.834241,4.63152,3.06028,0.209377
36.7,6,0.709232,44.22,1,1,1.76827,9.04889,3.9131,0.443798
36.7,7,0.9,41.7517,1,1,1.9922,11.0602,4.21604,0.5
36.8,0,0.0555724,38.0626,0,1,0.698344,2.92383,2.84313,0.214012
36.8,1,0.00898477,37.9106,0,1,0.660145,2.76389,2.81229,0.202306
36.8,2,0.26275,40.4059,1,1,0.899533,8.82726,3.487,0.275668
36.8,3,0.307053,40.7016,1,1,0.949241,9.31504,3.55534,0.290901
36.8,4,0.0958912,38.5761,0,1,0.733423,3.07069,2.8716,0.224762
36.8,5,0.0368765,38.0116,0,1,0.682719,2.85841,2.83049,0.209224
36.8,6,0.709007,44.2185,1,1,1.44793,14.2087,4.25156,0.443727
36.8,7,0.9,41.7452,1,1,1.63155,6.83098,3.63606,0.5
36.9,0,0.0549644,38.0747,0,1,0.943267,4.15727,3.06385,0.213866
36.9,1,0.00838559,37.9219,0,1,0.891682,3.92992,3.01986,0.20217
36.9,2,0.262024,40.4233,1,1,1.21482,9.11731,3.65579,0.275435
36.9,3,0.306312,40.7201,1,1,1.28194,9.62104,3.73482,0.290653
36.9,4,0.0952753,38.5827,0,1,0.990638,4.36605,3.10445,0.224606
36.9,5,0.0362721,38.0232,0,1,0.922167,4.06428,3.04583,0.209082
36.9,6,0.708767,44.2391,1,1,1.95674,14.6854,4.54484,0.44365
36.9,7,0.9,41.7809,1,1,2.20528,9.71936,4.19658,0.5
37,0,0.054352,38.0883,0,1,1.00208,4.11927,3.08661,0.213708
37,1,0.00778218,37.9347,0,1,0.947292,3.89406,3.04118,0.202024
37,2,0.261299,40.4405,1,1,1.29038,8.76395,3.65701,0.275192
37,3,0.30557,40.7383,1,1,1.36165,9.24804,3.73642,0.290393
37,4,0.0946545,38.591,0,1,1.05239,4.32608,3.12855,0.224438
37,5,0.0356634,38.0363,0,1,0.979668,4.02715,3.068,0.208929
37,6,0.708526,44.2599,1,1,2.07989,14.1261,4.5532,0.443567
37,7,0.9,41.8208,1,1,2.3445,9.63759,4.26062,0.5
37.1,0,0.0538462,38.0613,0,1,0.479047,0.479047,2.54943,0.21355
37.1,1,0.0072788,37.9094,0,1,0.452864,0.452864,2.53707,0.201878
37.1,2,0.26059,40.4511,1,1,1.67424,5.93317,3.57243,0.274949
37.1,3,0.304846,40.7496,1,1,1.7667,6.26083,3.64866,0.290133
37.1,4,0.0941464,38.5565,0,1,0.503091,0.503091,2.56087,0.224268
37.1,5,0.0351586,38.0098,0,1,0.468337,0.468337,2.54436,0.208775
37.1,6,0.708222,44.3691,1,1,5.401,6.86953,5.7353,0.443484
37.1,7,0.9,41.7563,1,1,1.12163,1.12163,2.878,0.5
37.2,0,0.0532602,38.0652,0,1,0.738121,3.93254,2.95346,0.213419
37.2,1,0.00670017,37.9129,0,1,0.697784,3.71764,2.91627,0.201756
37.2,2,0.259984,40.4228,1,1,0.950105,4.03224,3.05526,0.274712
37.2,3,0.304232,40.7196,1,1,1.00256,4.25487,3.09944,0.289879
37.2,4,0.0935536,38.5546,0,1,0.775164,4.1299,2.98776,0.224129
37.2,5,0.0345756,38.0134,0,1,0.721622,3.84464,2.93822,0.208648
37.2,6,0.708034,44.3131,1,1,1.53345,6.50796,3.55811,0.44338
37.2,7,0.9,41.7702,1,1,1.72928,9.21321,3.90956,0.5
37.3,0,0.052711,38.055,0,1,0.583419,2.62754,2.76766,0.213267
37.3,1,0.00615625,37.9033,0,1,0.551544,2.48398,2.74138,0.201616
37.3,2,0.259367,40.399,1,1,0.750952,5.54186,3.11038,0.274509
37.3,3,0.303605,40.6944,1,1,0.79241,5.84782,3.15704,0.289664
37.3,4,0.0929997,38.5381,0,1,0.61269,2.75937,2.79191,0.223967
37.3,5,0.0340286,38.0032,0,1,0.570381,2.56882,2.7569,0.208501
37.3,6,0.707842,44.2641,1,1,1.21274,8.94978,3.63885,0.443315
37.3,7,0.9,41.7492,1,1,1.36781,6.1602,3.44637,0.5
37.4,0,0.0521316,38.0564,0,1,0.610709,4.15004,2.92034,0.213126
37.4,1,0.00558376,37.9047,0,1,0.57735,3.92334,2.88535,0.201484
37.4,2,0.258677,40.403,1,1,0.78601,9.22094,3.47592,0.274302
37.4,3,0.302902,40.6985,1,1,0.8294,9.72995,3.54312,0.289444
37.4,4,0.0924138,38.5339,0,1,0.641344,4.35821,2.95259,0.223816
37.4,5,0.033452,38.0045,0,1,0.597064,4.05731,2.90601,0.208364
37.4,6,0.707618,44.2607,1,1,1.27013,14.9002,4.23495,0.443249
37.4,7,0.9,41.7563,1,1,1.43275,9.73613,3.81645,0.5
37.5,0,0.0515411,38.062,0,1,0.97121,3.06819,2.97596,0.212976
37.5,1,0.00500102,37.9099,0,1,0.918172,2.90064,2.93699,0.201345
37.5,2,0.257956,40.419,1,1,1.24982,8.73198,3.63517,0.274072
37.5,3,0.302165,40.7154,1,1,1.3188,9.21391,3.71312,0.289198
37.5,4,0.0918162,38.5343,0,1,1.01992,3.22206,3.01196,0.223657
37.5,5,0.0328647,38.0097,0,1,0.949515,2.99966,2.95999,0.208219
37.5,6,0.707378,44.2789,1,1,2.02094,14.1195,4.52284,0.443172
37.5,7,0.9,41.7768,1,1,2.28009,7.20314,3.99704,0.5
37.6,0,0.0510199,38.0413,0,1,0.639013,0.639013,2.62705,0.212824
37.6,1,0.0044832,37.8904,0,1,0.604125,0.604125,2.60984,0.201204
37.6,2,0.257198,40.4482,1,1,1.66217,8.58377,3.81694,0.273831
37.6,3,0.30139,40.7465,1,1,1.75389,9.05741,3.90683,0.288941
37.6,4,0.0912918,38.5069,0,1,0.671051,0.671051,2.64299,0.223494
37.6,5,0.0323448,37.9894,0,1,0.624742,0.624742,2.61999,0.208071
37.6,6,0.707054,44.4173,1,1,5.37916,11.1999,6.12914,0.443089
37.6,7,0.9,41.7288,1,1,1.50127,1.50127,3.08846,0.5
37.7,0,0.050409,38.0549,0,1,0.994776,4.07029,3.07878,0.212689
37.7,1,0.00388123,37.9031,0,1,0.940474,3.84811,3.03389,0.201079
37.7,2,0.256526,40.445,1,1,1.27956,6.00018,3.38989,0.273578
37.7,3,0.300705,40.7431,1,1,1.35015,6.33117,3.45417,0.28867
37.7,4,0.0906727,38.5158,0,1,1.04464,4.27433,3.12022,0.223351
37.7,5,0.0317376,38.0024,0,1,0.972564,3.97941,3.06039,0.20794
37.7,6,0.706836,44.4033,1,1,2.07186,9.71548,4.1282,0.442977
37.7,7,0.9,41.7688,1,1,2.33856,9.56863,4.251,0.5
37.8,0,0.0498438,38.051,0,1,0.706918,2.94338,2.84858,0.212532
37.8,1,0.00332221,37.8994,0,1,0.668341,2.78275,2.81748,0.200934
37.8,2,0.255868,40.4362,1,1,0.909221,6.97002,3.31414,0.273354
37.8,3,0.300036,40.7337,1,1,0.959368,7.35445,3.37273,0.28843
37.8,4,0.0901018,38.5064,0,1,0.742344,3.09088,2.87729,0.223183
37.8,5,0.031175,37.9984,0,1,0.691138,2.87767,2.83584,0.207788
37.8,6,0.706625,44.3787,1,1,1.47317,11.2932,3.98431,0.442902
37.8,7,0.9,41.7638,1,1,1.66308,6.92454,3.66025,0.5
37.9,0,0.0492013,38.0763,0,1,0.765239,6.82692,3.23849,0.212387
37.9,1,0.00269018,37.9233,0,1,0.723488,6.45445,3.18542,0.200799
37.9,2,0.255181,40.4385,1,1,0.984116,8.17637,3.46197,0.273135
37.9,3,0.299335,40.7361,1,1,1.03839,8.62726,3.5291,0.288197
37.9,4,0.0894496,38.5278,0,1,0.803579,7.16897,3.28739,0.223028
37.9,5,0.0305367,38.023,0,1,0.748161,6.67456,3.21676,0.207647
37.9,6,0.706401,44.373,1,1,1.59553,13.2562,4.23067,0.442829
37.9,7,0.9,41.8295,1,1,1.80152,16.0719,4.60078,0.5
38,0,0.0485934,38.0882,0,1,0.948282,4.13081,3.06362,0.212222
38,1,0.00209103,37.9344,0,1,0.896562,3.90551,3.01975,0.200647
38,2,0.254506,40.4364,1,1,1.21944,6.42988,3.40254,0.272906
38,3,0.298648,40.7339,1,1,1.28668,6.78439,3.46727,0.287953
38,4,0.0888337,38.5351,0,1,0.995777,4.3377,3.10411,0.222851
38,5,0.0299324,38.0344,0,1,0.927126,4.03865,3.04565,0.207487
38,6,0.706181,44.3613,1,1,1.97837,10.4316,4.14917,0.442752
38,7,0.9,41.865,1,1,2.23418,9.7323,4.21265,0.5
38.1,0,0.0480656,38.0695,0,1,0.568293,1.48446,2.66023,0.212066
38.1,1,0.00156714,37.9169,0,1,0.537307,1.40352,2.64039,0.200503
38.1,2,0.25382,40.4386,1,1,1.03026,7.9392,3.45987,0.272681
38.1,3,0.297948,40.7362,1,1,1.08705,8.37685,3.52705,0.287713
38.1,4,0.0883022,38.5105,0,1,0.596748,1.55879,2.67855,0.222684
38.1,5,0.0294062,38.0161,0,1,0.555618,1.45135,2.6521,0.207336
38.1,6,0.705947,44.3708,1,1,2.1588,12.4024,4.42846,0.442676
38.1,7,0.9,41.8228,1,1,1.3399,3.5,3.18569,0.5
38.2,0,0.0474772,38.0741,0,1,0.871391,3.44071,2.96564,0.21193
38.2,1,0.000986278,37.9211,0,1,0.823887,3.25314,2.92754,0.200377
38.2,2,0.253145,40.4365,1,1,1.12024,6.90118,3.40172,0.272453
38.2,3,0.29726,40.7339,1,1,1.18199,7.28153,3.46599,0.287469
38.2,4,0.0877068,38.5103,0,1,0.915015,3.61296,3.00082,0.22254
38.2,5,0.0288209,38.0204,0,1,0.85196,3.36398,2.95003,0.207204
38.2,6,0.705728,44.3588,1,1,1.81981,11.2108,4.14449,0.442595
38.2,7,0.9,41.8401,1,1,2.05585,8.11756,3.9685,0.5
38.3,0,0.0468909,38.0779,0,1,0.779386,3.75849,2.95495,0.211779
38.3,1,0.000407374,37.9246,0,1,0.736908,3.55365,2.91768,0.200237
38.3,2,0.252489,40.427,1,1,1.00185,6.43441,3.30419,0.272229
38.3,3,0.296593,40.7238,1,1,1.05706,6.78897,3.36252,0.28723
38.3,4,0.0871137,38.5094,0,1,0.818394,3.9466,2.98934,0.222379
38.3,5,0.0282376,38.0239,0,1,0.762011,3.6747,2.93968,0.207058
38.3,6,0.705517,44.3346,1,1,1.62855,10.4594,3.9792,0.442519
38.3,7,0.9,41.8543,1,1,1.84009,8.87361,3.93195,0.5
38.4,0,0.0462562,38.0998,0,1,0.722612,6.59702,3.19862,0.211629
38.4,1,0,37.9453,0,0,0.683239,6.23756,3.14795,0.200098
38.4,2,0.251878,40.401,1,1,0.928789,4.4107,3.08107,0.272011
38.4,3,0.295973,40.6963,1,1,0.979962,4.65371,3.12656,0.286998
38.4,4,0.0864698,38.5276,0,1,0.758769,6.92711,3.24529,0.222218
38.4,5,0.0276071,38.0451,0,1,0.706507,6.44999,3.17787,0.206912
38.4,6,0.705326,44.2831,1,1,1.51074,7.17433,3.61013,0.442446
38.4,7,0.9,41.9115,1,1,1.70726,15.5863,4.50808,0.5
38.5,0,0.0456496,38.1108,0,1,0.914252,4.22765,3.05754,0.211466
38.5,1,0,37.7408,0,0,0.1,0.1,0.15,0.2
38.5,2,0.251231,40.3889,1,1,1.17513,5.14663,3.26127,0.271809
38.5,3,0.295314,40.6835,1,1,1.23987,5.43015,3.31781,0.286782
38.5,4,0.0858552,38.5345,0,1,0.959982,4.43912,3.09758,0.222044
38.5,5,0.027004,38.0557,0,1,0.893882,4.13346,3.03977,0.206755
38.5,6,0.705119,44.2558,1,1,1.91258,8.37636,3.92088,0.44238
38.5,7,0.9,41.9447,1,1,2.16169,9.99603,4.20058,0.5
38.6,0,0.0451648,38.0755,0,1,0.244862,0.244862,2.44323,0.211311
38.6,1,0,37.5397,0,0,0.1,0.1,0.15,0.2
38.6,2,0.250564,40.3844,1,1,1.10065,6.55451,3.35998,0.271594
38.6,3,0.294635,40.6787,1,1,1.16128,6.91554,3.42179,0.286554
38.6,4,0.0853694,38.4925,0,1,0.257106,0.257106,2.4485,0.221878
38.6,5,0.0265197,38.0212,0,1,0.239408,0.239408,2.44089,0.206605
38.6,6,0.704862,44.2994,1,1,3.58498,8.88196,4.86073,0.442309
38.6,7,0.9,41.8571,1,1,0.579387,0.579387,2.59772,0.5
38.7,0,0.0445515,38.0894,0,1,0.744067,5.3664,3.09085,0.211187
38.7,1,0,37.342,0,0,0.1,0.1,0.15,0.2
38.7,2,0.249918,40.3723,1,1,0.956117,6.1618,3.25805,0.271373
38.7,3,0.293978,40.6659,1,1,1.00877,6.50114,3.3136,0.286318
38.7,4,0.0847479,38.5026,0,1,0.781271,5.63472,3.13208,0.221747
38.7,5,0.02591,38.0346,0,1,0.727496,5.24688,3.07253,0.206484
38.7,6,0.704655,44.2706,1,1,1.55805,10.041,3.90529,0.44222
38.7,7,0.9,41.8955,1,1,1.76163,12.7053,4.25866,0.5
38.8,0,0.0439771,38.0884,0,1,0.763242,3.18701,2.89512,0.211031
38.8,1,0,37.1475,0,0,0.1,0.1,0.15,0.2
38.8,2,0.249226,40.3775,1,1,0.98071,8.43429,3.48506,0.271159
38.8,3,0.293273,40.6713,1,1,1.03471,8.89871,3.55337,0.28609
38.8,4,0.0841673,38.497,0,1,0.801393,3.34632,2.92631,0.221579
38.8,5,0.0253383,38.0334,0,1,0.746248,3.11605,2.88128,0.206332
38.8,6,0.704429,44.2704,1,1,1.59913,13.7528,4.27997,0.442148
38.8,7,0.9,41.8983,1,1,1.80837,7.55106,3.79089,0.5
38.9,0,0.043354,38.1058,0,1,0.915271,5.10688,3.1404,0.210884
38.9,1,0,36.9563,0,0,0.1,0.1,0.15,0.2
38.9,2,0.248504,40.3942,1,1,1.17588,9.13514,3.63965,0.27093
38.9,3,0.292535,40.689,1,1,1.24062,9.63805,3.71735,0.285846
38.9,4,0.0835354,38.5109,0,1,0.96101,5.36209,3.18466,0.221423
38.9,5,0.0247191,38.0503,0,1,0.894898,4.9932,3.12075,0.20619
38.9,6,0.704188,44.2903,1,1,1.91865,14.9055,4.54693,0.44207
38.9,7,0.9,41.9471,1,1,2.17008,12.1083,4.40613,0.5
39,0,0.0427828,38.1032,0,1,1.00247,1.80994,2.87881,0.210725
39,1,0,36.7683,0,0,0.1,0.1,0.15,0.2
39,2,0.247791,40.407,1,1,1.28774,8.09438,3.59205,0.270692
39,3,0.291808,40.7025,1,1,1.35862,8.53989,3.66754,0.28559
39,4,0.0829582,38.5039,0,1,1.05255,1.90036,2.90942,0.221253
39,5,0.0241506,38.0477,0,1,0.98016,1.76966,2.86524,0.206036
39,6,0.703951,44.3046,1,1,2.10263,13.2165,4.4777,0.441986
39,7,0.9,41.948,1,1,2.37861,4.29454,3.77761,0.5
39.1,0,0.0422997,38.0675,0,1,0.224865,0.224865,2.43471,0.21058
39.1,1,0,36.5834,0,0,0.1,0.1,0.15,0.2
39.1,2,0.247129,40.4006,1,1,1.56233,4.00292,3.33845,0.270456
39.1,3,0.291133,40.6959,1,1,1.6483,4.22319,3.40064,0.285338
39.1,4,0.0824741,38.4618,0,1,0.236096,0.236096,2.43948,0.221097
39.1,5,0.023668,38.0126,0,1,0.219863,0.219863,2.43259,0.205895
39.1,6,0.703671,44.3797,1,1,5.10544,3.98774,5.29139,0.441904
39.1,7,0.9,41.8587,1,1,0.53392,0.53392,2.57567,0.5
39.2,0,0.0416937,38.0787,0,1,0.541328,5.86133,3.05422,0.210457
39.2,1,0,36.4016,0,0,0.1,0.1,0.15,0.2
39.2,2,0.246476,40.3907,1,1,0.695094,7.67395,3.28983,0.270238
39.2,3,0.290469,40.6852,1,1,0.733335,8.09613,3.34614,0.285105
39.2,4,0.0818605,38.4694,0,1,0.568362,6.15405,3.09295,0.220967
39.2,5,0.0230654,38.0235,0,1,0.529286,5.73094,3.037,0.205775
39.2,6,0.703462,44.3528,1,1,1.1364,12.546,3.94808,0.441807
39.2,7,0.9,41.8889,1,1,1.28608,13.9253,4.14875,0.5
39.3,0,0.0411218,38.077,0,1,0.814112,2.8106,2.88284,0.210303
39.3,1,0,36.2228,0,0,0.1,0.1,0.15,0.2
39.3,2,0.245882,40.3586,1,1,1.0453,2.88032,2.99248,0.270023
39.3,3,0.289867,40.6513,1,1,1.1028,3.03876,3.03311,0.284876
39.3,4,0.0812824,38.4634,0,1,0.854758,2.95092,2.91344,0.220802
39.3,5,0.0224961,38.0217,0,1,0.796007,2.7481,2.86926,0.205626
39.3,6,0.703278,44.291,1,1,1.71002,4.71197,3.47611,0.441734
39.3,7,0.9,41.8903,1,1,1.93557,6.68227,3.7724,0.5
39.4,0,0.0405388,38.0794,0,1,0.452776,5.00876,2.93817,0.210157
39.4,1,0,36.047,0,0,0.1,0.1,0.15,0.2
39.4,2,0.245268,40.3351,1,1,0.581332,6.16112,3.09885,0.269827
39.4,3,0.289243,40.6263,1,1,0.613306,6.49999,3.14413,0.284668
39.4,4,0.080693,38.4619,0,1,0.475375,5.25877,2.97077,0.220647
39.4,5,0.021916,38.0239,0,1,0.442709,4.8974,2.92368,0.205485
39.4,6,0.703086,44.2417,1,1,0.951562,10.0849,3.63,0.44167
39.4,7,0.9,41.8984,1,1,1.07723,11.9167,3.86114,0.5
39.5,0,0.0399474,38.0849,0,1,0.682211,4.47202,2.98036,0.210009
39.5,1,0,35.8741,0,0,0.1,0.1,0.15,0.2
39.5,2,0.244641,40.3165,1,1,0.87587,5.4994,3.16014,0.269624
39.5,3,0.288606,40.6066,1,1,0.924039,5.80184,3.20984,0.284452
39.5,4,0.0800946,38.4637,0,1,0.716254,4.69518,3.0157,0.220489
39.5,5,0.0213278,38.0292,0,1,0.667047,4.37262,2.96466,0.205341
39.5,6,0.702888,44.2021,1,1,1.43454,9.00718,3.74783,0.441604
39.5,7,0.9,41.9164,1,1,1.62424,10.6472,3.99504,0.5
39.6,0,0.0394615,38.0505,0,1,0.259197,0.259197,2.4494,0.209859
39.6,1,0,35.7042,0,0,0.1,0.1,0.15,0.2
39.6,2,0.24399,40.3071,1,1,1.10205,5.68012,3.27799,0.269418
39.6,3,0.287945,40.5966,1,1,1.16265,5.99246,3.3351,0.284233
39.6,4,0.0796075,38.4234,0,1,0.272128,0.272128,2.45502,0.220328
39.6,5,0.0208423,37.9956,0,1,0.253437,0.253437,2.44692,0.205196
39.6,6,0.702637,44.2381,1,1,3.61218,7.50276,4.74631,0.441535
39.6,7,0.9,41.8307,1,1,0.617551,0.617551,2.61645,0.5
39.7,0,0.0389113,38.041,0,1,0.659971,2.32952,2.77289,0.209736
39.7,1,0,35.537,0,0,0.1,0.1,0.15,0.2
39.7,2,0.243345,40.2956,1,1,0.847098,6.568,3.24891,0.269204
39.7,3,0.287289,40.5844,1,1,0.893671,6.9291,3.30345,0.284005
39.7,4,0.0790525,38.4095,0,1,0.692892,2.44572,2.79738,0.220198
39.7,5,0.0202943,37.9861,0,1,0.645307,2.27776,2.76202,0.205076
39.7,6,0.702431,44.2095,1,1,1.38909,10.7704,3.89461,0.441448
39.7,7,0.9,41.8117,1,1,1.57334,5.55346,3.4877,0.5
39.8,0,0.0383517,38.0352,0,1,0.721653,2.56343,2.82033,0.209596
39.8,1,0,35.3726,0,0,0.1,0.1,0.15,0.2
39.8,2,0.24268,40.2921,1,1,0.926157,7.28843,3.35184,0.268992
39.8,3,0.286612,40.5806,1,1,0.977068,7.68907,3.41241,0.283779
39.8,4,0.0784875,38.3995,0,1,0.757644,2.69128,2.84743,0.220049
39.8,5,0.0197371,37.9803,0,1,0.705622,2.50649,2.80831,0.20494
39.8,6,0.702215,44.1946,1,1,1.51968,11.9592,4.07016,0.441376
39.8,7,0.9,41.8025,1,1,1.72153,6.11517,3.61271,0.5
39.9,0,0.0377577,38.0424,0,1,0.79955,4.08068,2.99367,0.209455
39.9,1,0,35.211,0,0,0.1,0.1,0.15,0.2
39.9,2,0.241973,40.3045,1,1,1.02599,9.04691,3.56363,0.268774
39.9,3,0.285891,40.5936,1,1,1.08238,9.54413,3.63635,0.283546
39.9,4,0.0778863,38.4035,0,1,0.839417,4.28414,3.02998,0.219898
39.9,5,0.0191463,37.9873,0,1,0.781792,3.99005,2.97755,0.204803
39.9,6,0.701981,44.2067,1,1,1.68458,14.8542,4.42685,0.441301
39.9,7,0.9,41.8261,1,1,1.90865,9.74119,4.04854,0.5
40,0,0.0371504,38.0546,0,1,0.980518,3.94561,3.06081,0.209304
40,1,0,35.0521,0,0,0.1,0.1,0.15,0.2
40,2,0.241439,40.2515,1,1,0.772593,0.772593,2.69426,0.268542
40,3,0.285352,40.5374,1,1,0.815045,0.815045,2.71601,0.283298
40,4,0.0772325,38.4272,0,1,1.54409,3.62759,3.29525,0.219738
40,5,0.0185071,38.0125,0,1,1.43812,3.37863,3.22148,0.204657
40,6,0.701825,44.1085,1,1,1.26938,1.26938,2.95875,0.441219
40,7,0.9,42.037,1,1,7.02698,4.74088,6.55074,0.5
40.1,0,0.0366544,38.0245,0,1,0.371977,0.371977,2.49959,0.209151
40.1,1,0,34.8958,0,0,0.1,0.1,0.15,0.2
40.1,2,0.24088,40.2084,1,1,0.848212,1.87857,2.81519,0.268367
40.1,3,0.284787,40.4919,1,1,0.894818,1.98179,2.84488,0.283112
40.1,4,0.0767349,38.3915,0,1,0.390496,0.390496,2.50807,0.219563
40.1,5,0.0180119,37.9828,0,1,0.363705,0.363705,2.49582,0.2045
40.1,6,0.701657,44.0281,1,1,1.39437,3.08815,3.17426,0.441165
40.1,7,0.9,41.9596,1,1,0.889256,0.889256,2.75447,0.5
40.2,0,0.0361408,38.0016,0,1,0.265479,2.04602,2.58855,0.209026
40.2,1,0,34.7421,0,0,0.1,0.1,0.15,0.2
40.2,2,0.240328,40.1638,1,1,0.340615,3.84973,2.78541,0.268184
40.2,3,0.284229,40.4446,1,1,0.359329,4.06124,2.81247,0.282918
40.2,4,0.0762184,38.3636,0,1,0.278694,2.14787,2.60285,0.21943
40.2,5,0.0174996,37.96,0,1,0.259576,2.00052,2.58218,0.204378
40.2,6,0.701492,43.944,1,1,0.560241,6.33201,3.10664,0.441106
40.2,7,0.9,41.902,1,1,0.63504,4.89419,3.00053,0.5
40.3,0,0.035605,37.9875,0,1,0.407997,2.67188,2.70079,0.208896
40.3,1,0,34.591,0,0,0.1,0.1,0.15,0.2
40.3,2,0.239728,40.1378,1,1,0.523439,5.59706,3.02193,0.268003
40.3,3,0.283622,40.4169,1,1,0.552197,5.90457,3.06269,0.282727
40.3,4,0.0756785,38.3449,0,1,0.428303,2.80486,2.72109,0.219293
40.3,5,0.0169655,37.9459,0,1,0.398927,2.61248,2.69175,0.204252
40.3,6,0.701307,43.8913,1,1,0.861419,9.21103,3.5072,0.441049
40.3,7,0.9,41.867,1,1,0.976557,6.39525,3.28923,0.5
40.4,0,0.0350707,37.973,0,1,0.595946,1.73121,2.69296,0.208761
40.4,1,0,34.4424,0,0,0.1,0.1,0.15,0.2
40.4,2,0.239053,40.1404,1,1,0.764502,8.52035,3.3998,0.267806
40.4,3,0.282935,40.4196,1,1,0.8065,8.98841,3.46238,0.282518
40.4,4,0.0751402,38.326,0,1,0.6256,1.81736,2.713,0.219149
40.4,5,0.0164329,37.9315,0,1,0.582699,1.69273,2.68405,0.20412
40.4,6,0.701087,43.8874,1,1,1.25887,14.0301,4.14627,0.440985
40.4,7,0.9,41.8323,1,1,1.42734,4.1464,3.2866,0.5
40.5,0,0.0344741,37.9822,0,1,0.904133,3.72767,3.0066,0.208626
40.5,1,0,34.2963,0,0,0.1,0.1,0.15,0.2
40.5,2,0.238434,40.1222,1,1,1.15965,3.71673,3.1212,0.267586
40.5,3,0.282306,40.4003,1,1,1.22334,3.92087,3.16954,0.282283
40.5,4,0.0745363,38.3322,0,1,0.949115,3.91313,3.04377,0.219005
40.5,5,0.0158397,37.9402,0,1,0.88404,3.64483,2.99006,0.20399
40.5,6,0.700891,43.8507,1,1,1.91079,6.12415,3.70756,0.440908
40.5,7,0.9,41.8595,1,1,2.16688,8.93387,4.10236,0.5
40.6,0,0.0339855,37.9506,0,1,0.289702,0.289702,2.46271,0.208476
40.6,1,0,34.1526,0,0,0.1,0.1,0.15,0.2
40.6,2,0.237791,40.1133,1,1,0.989385,5.83829,3.24222,0.267383
40.6,3,0.281652,40.3909,1,1,1.04372,6.15891,3.29684,0.282067
40.6,4,0.0740464,38.2951,0,1,0.304111,0.304111,2.46906,0.218845
40.6,5,0.0153516,37.909,0,1,0.283266,0.283266,2.45988,0.203844
40.6,6,0.700648,43.8813,1,1,3.26243,7.99448,4.59748,0.44084
40.6,7,0.9,41.7776,1,1,0.69481,0.69481,2.65488,0.5
40.7,0,0.0333977,37.9569,0,1,0.66504,4.35624,2.96228,0.208353
40.7,1,0,34.0113,0,0,0.1,0.1,0.15,0.2
40.7,2,0.23719,40.0885,1,1,0.852789,4.19504,3.02749,0.267173
40.7,3,0.281043,40.3646,1,1,0.899614,4.42538,3.06955,0.281843
40.7,4,0.0734519,38.2983,0,1,0.698114,4.57289,2.99654,0.218715
40.7,5,0.0147669,37.9149,0,1,0.650266,4.25947,2.94702,0.203724
40.7,6,0.700461,43.8319,1,1,1.40684,6.92055,3.53661,0.440755
40.7,7,0.9,41.7952,1,1,1.59595,10.454,3.96293,0.5
40.8,0,0.0328477,37.9489,0,1,0.627215,2.4763,2.77224,0.208205
40.8,1,0,33.8724,0,0,0.1,0.1,0.15,0.2
40.8,2,0.236579,40.0681,1,1,0.804266,4.99263,3.08128,0.266977
40.8,3,0.280422,40.343,1,1,0.848421,5.26673,3.12623,0.281635
40.8,4,0.072897,38.2864,0,1,0.658399,2.59941,2.79658,0.218557
40.8,5,0.014219,37.9068,0,1,0.613285,2.4213,2.76141,0.203581
40.8,6,0.700269,43.7898,1,1,1.32757,8.24114,3.62458,0.44069
40.8,7,0.9,41.7772,1,1,1.50624,5.94677,3.49221,0.5
40.9,0,0.0322618,37.9545,0,1,0.56472,4.69614,2.95302,0.208067
40.9,1,0,33.7357,0,0,0.1,0.1,0.15,0.2
40.9,2,0.235954,40.053,1,1,0.72407,6.05115,3.14732,0.266778
40.9,3,0.279788,40.327,1,1,0.763818,6.38332,3.19568,0.281422
40.9,4,0.0723044,38.2889,0,1,0.592791,4.92958,2.98653,0.218409
40.9,5,0.013636,37.912,0,1,0.552181,4.59187,2.93809,0.203447
40.9,6,0.700072,43.7565,1,1,1.19591,9.99435,3.73085,0.440623
40.9,7,0.9,41.7922,1,1,1.35707,11.2852,3.92882,0.5
41,0,0.0316823,37.9577,0,1,0.660053,3.931,2.92031,0.20792
41,1,0,33.6014,0,0,0.1,0.1,0.15,0.2
41,2,0.235331,40.0378,1,1,0.846256,5.44208,3.14184,0.266574
41,3,0.279155,40.3108,1,1,0.892704,5.74078,3.19031,0.281206
41,4,0.0717186,38.2889,0,1,0.692854,4.12635,2.95238,0.218252
41,5,0.0130594,37.9147,0,1,0.645401,3.84374,2.90602,0.203304
41,6,0.699874,43.7236,1,1,1.39856,8.99385,3.72955,0.440554
41,7,0.9,41.8021,1,1,1.58728,9.45317,3.86333,0.5
41.1,0,0.0311768,37.9328,0,1,0.475956,0.475956,2.54797,0.207774
41.1,1,0,33.4693,0,0,0.1,0.1,0.15,0.2
41.1,2,0.234729,40.0145,1,1,1.04726,3.30179,3.03165,0.266371
41.1,3,0.278545,40.2862,1,1,1.10473,3.48299,3.07447,0.28099
41.1,4,0.0712108,38.2594,0,1,0.499603,0.499603,2.55921,0.218097
41.1,5,0.0125549,37.8902,0,1,0.465393,0.465393,2.54297,0.203163
41.1,6,0.699646,43.7351,1,1,3.4636,3.7282,4.31419,0.440485
41.1,7,0.9,41.7389,1,1,1.14537,1.14537,2.89087,0.5
41.2,0,0.0306048,37.9334,0,1,0.423783,4.54331,2.88274,0.207647
41.2,1,0,33.3394,0,0,0.1,0.1,0.15,0.2
41.2,2,0.234124,39.9933,1,1,0.543231,5.84146,3.05309,0.266176
41.2,3,0.277931,40.2636,1,1,0.57304,6.16199,3.09559,0.280781
41.2,4,0.070633,38.2568,0,1,0.444834,4.769,2.91231,0.217962
41.2,5,0.0119855,37.8906,0,1,0.414379,4.44249,2.86956,0.20304
41.2,6,0.699457,43.6904,1,1,0.898812,9.66507,3.56681,0.440405
41.2,7,0.9,41.7406,1,1,1.02044,10.94,3.74225,0.5
41.3,0,0.0300586,37.9244,0,1,0.622169,2.28706,2.75307,0.207504
41.3,1,0,33.2116,0,0,0.1,0.1,0.15,0.2
41.3,2,0.233491,39.9827,1,1,0.797496,6.17592,3.19034,0.265979
41.3,3,0.277288,40.2523,1,1,0.841251,6.51477,3.24133,0.280572
41.3,4,0.0700821,38.2441,0,1,0.653068,2.40064,2.77635,0.217809
41.3,5,0.0114413,37.8815,0,1,0.608366,2.23632,2.74271,0.202901
41.3,6,0.699256,43.6646,1,1,1.32029,10.2245,3.81026,0.440339
41.3,7,0.9,41.7202,1,1,1.49917,5.51088,3.44793,0.5
41.4,0,0.0295059,37.9179,0,1,0.679594,2.37758,2.78557,0.207367
41.4,1,0,33.086,0,0,0.1,0.1,0.15,0.2
41.4,2,0.23284,39.979,1,1,0.871003,6.79959,3.28128,0.265773
41.4,3,0.276626,40.2484,1,1,0.918784,7.17259,3.33759,0.280352
41.4,4,0.0695245,38.2341,0,1,0.713338,2.49563,2.81064,0.217664
41.4,5,0.0108908,37.8749,0,1,0.66452,2.32485,2.77441,0.202768
41.4,6,0.699046,43.6511,1,1,1.44287,11.2639,3.96715,0.440268
41.4,7,0.9,41.7067,1,1,1.63862,5.73277,3.53623,0.5
41.5,0,0.0289157,37.9257,0,1,0.747617,4.11422,2.97449,0.207229
41.5,1,0,32.9625,0,0,0.1,0.1,0.15,0.2
41.5,2,0.232183,39.9778,1,1,0.958061,6.71557,3.31143,0.265562
41.5,3,0.275957,40.247,1,1,1.01061,7.0839,3.36973,0.280127
41.5,4,0.0689274,38.2393,0,1,0.78473,4.31846,3.00952,0.217516
41.5,5,0.0103038,37.8822,0,1,0.731038,4.02298,2.95888,0.202634
41.5,6,0.698833,43.642,1,1,1.58808,11.1317,4.02385,0.440195
41.5,7,0.9,41.7293,1,1,1.80384,9.92674,4.01416,0.5
41.6,0,0.0284285,37.8944,0,1,0.040361,1.44957,2.45565,0.207082
41.6,1,0,32.841,0,0,0.1,0.1,0.15,0.2
41.6,2,0.231518,39.9794,1,1,1.26067,5.68034,3.35099,0.265348
41.6,3,0.27528,40.2488,1,1,1.3298,5.99183,3.41262,0.279899
41.6,4,0.0684386,38.2034,0,1,0.0423641,1.52151,2.46307,0.217359
41.6,5,0.00981719,37.8514,0,1,0.0394663,1.41744,2.45234,0.202491
41.6,6,0.698568,43.7074,1,1,4.09625,7.41647,5.01396,0.440121
41.6,7,0.9,41.6506,1,1,0.097452,3.5,2.66826,0.5
41.7,0,0.027787,37.922,0,1,0.67671,7.16042,3.23318,0.20696
41.7,1,0,32.7216,0,0,0.1,0.1,0.15,0.2
41.7,2,0.230873,39.9734,1,1,0.866921,6.46511,3.24772,0.265133
41.7,3,0.274625,40.2424,1,1,0.914451,6.81956,3.30212,0.279669
41.7,4,0.0677876,38.2294,0,1,0.71029,7.51574,3.28105,0.21723
41.7,5,0.00917992,37.8781,0,1,0.66171,7.0017,3.21183,0.202372
41.7,6,0.69836,43.6891,1,1,1.43879,10.7298,3.91417,0.440028
41.7,7,0.9,41.7209,1,1,1.63488,17.2991,4.63737,0.5
41.8,0,0.0271506,37.9472,0,1,0.978884,5.51693,3.2072,0.2068
41.8,1,0,32.6042,0,0,0.1,0.1,0.15,0.2
41.8,2,0.230217,39.9719,1,1,1.25401,5.25649,3.30809,0.264924
41.8,3,0.273957,40.2409,1,1,1.32275,5.54463,3.36727,0.279446
41.8,4,0.0671419,38.253,0,1,1.02744,5.7906,3.25472,0.217058
41.8,5,0.00854777,37.9024,0,1,0.957193,5.39468,3.18604,0.202217
41.8,6,0.698147,43.6807,1,1,2.08252,8.72937,4.03998,0.439955
41.8,7,0.9,41.7891,1,1,2.36674,13.3388,4.62483,0.5
41.9,0,0.0265509,37.9581,0,1,0.811354,4.33452,3.02251,0.206641
41.9,1,0,32.4887,0,0,0.1,0.1,0.15,0.2
41.9,2,0.229572,39.9663,1,1,1.03936,5.70098,3.25162,0.264711
41.9,3,0.273301,40.2349,1,1,1.09632,6.01343,3.30684,0.279219
41.9,4,0.0665347,38.2616,0,1,0.851587,4.54947,3.06013,0.216888
41.9,5,0.00795139,37.9128,0,1,0.793381,4.23851,3.00576,0.202064
41.9,6,0.697939,43.6643,1,1,1.72714,9.47352,3.93328,0.43988
41.9,7,0.9,41.8203,1,1,1.9632,10.488,4.14694,0.5
42,0,0.0259318,37.9761,0,1,0.657237,6.05935,3.12021,0.206492
42,1,0,32.3751,0,0,0.1,0.1,0.15,0.2
42,2,0.228938,39.9562,1,1,0.841879,5.99454,3.19223,0.264503
42,3,0.272657,40.2242,1,1,0.88801,6.32301,3.24342,0.278996
42,4,0.0659073,38.2778,0,1,0.689819,6.35973,3.16232,0.216728
42,5,0.00733602,37.9302,0,1,0.642682,5.92517,3.10145,0.201919
42,6,0.697736,43.64,1,1,1.39985,9.96754,3.823,0.439807
42,7,0.9,41.8673,1,1,1.59144,14.6721,4.36438,0.5
42.1,0,0.0252895,38.0027,0,1,0.838947,6.48284,3.2373,0.206338
42.1,1,0,32.2635,0,0,0.1,0.1,0.15,0.2
42.1,2,0.228311,39.9439,1,1,1.07461,4.55105,3.15959,0.264298
42.1,3,0.27202,40.2112,1,1,1.13348,4.80039,3.20973,0.278778
42.1,4,0.0652553,38.3029,0,1,0.880523,6.80412,3.28585,0.216563
42.1,5,0.006698,37.9559,0,1,0.820374,6.33932,3.21567,0.20177
42.1,6,0.697536,43.613,1,1,1.78792,7.57199,3.78275,0.439736
42.1,7,0.9,41.9373,1,1,2.03295,15.7093,4.68116,0.5
42.2,0,0.0246556,38.0255,0,1,0.914515,5.68654,3.19475,0.206178
42.2,1,0,32.1536,0,0,0.1,0.1,0.15,0.2
42.2,2,0.227646,39.9464,1,1,1.17141,6.15141,3.35412,0.264095
42.2,3,0.271342,40.2138,1,1,1.23558,6.48837,3.41554,0.278562
42.2,4,0.0646122,38.3243,0,1,0.95982,5.96825,3.24137,0.216392
42.2,5,0.00606824,37.978,0,1,0.894276,5.56069,3.17398,0.201615
42.2,6,0.697318,43.6116,1,1,1.95017,10.2409,4.11686,0.439666
42.2,7,0.9,41.9993,1,1,2.21778,13.7904,4.59125,0.5
42.3,0,0.0240445,38.0395,0,1,0.824501,4.88649,3.08002,0.20602
42.3,1,0,32.0457,0,0,0.1,0.1,0.15,0.2
42.3,2,0.226987,39.9466,1,1,1.05606,6.38287,3.32358,0.263881
42.3,3,0.270671,40.214,1,1,1.1139,6.73244,3.38284,0.278332
42.3,4,0.063993,38.3363,0,1,0.865333,5.12849,3.12055,0.216223
42.3,5,0.0054607,37.9913,0,1,0.806261,4.77839,3.06197,0.201463
42.3,6,0.697104,43.6058,1,1,1.75925,10.633,4.05952,0.43959
42.3,7,0.9,42.0382,1,1,2.00102,11.8593,4.29672,0.5
42.4,0,0.0234236,38.0568,0,1,0.725443,5.8562,3.12939,0.205869
42.4,1,0,31.9395,0,0,0.1,0.1,0.15,0.2
42.4,2,0.226323,39.9482,1,1,0.929117,7.18566,3.34336,0.263668
42.4,3,0.269996,40.2157,1,1,0.979991,7.57911,3.40323,0.278105
42.4,4,0.0633636,38.3519,0,1,0.761358,6.14613,3.1721,0.216061
42.4,5,0.00484357,38.0081,0,1,0.709399,5.72668,3.11035,0.201316
42.4,6,0.696887,43.6022,1,1,1.54877,11.9779,4.08586,0.439514
42.4,7,0.9,42.0846,1,1,1.76191,14.2231,4.40411,0.5
42.5,0,0.0227874,38.0797,0,1,0.82209,6.23639,3.20663,0.205715
42.5,1,0,31.8351,0,0,0.1,0.1,0.15,0.2
42.5,2,0.225717,39.9283,1,1,1.05283,3.54699,3.05665,0.263454
42.5,3,0.269381,40.1946,1,1,1.11047,3.74117,3.10082,0.277877
42.5,4,0.0627181,38.3734,0,1,0.862777,6.54504,3.25352,0.215896
42.5,5,0.00421148,38.0302,0,1,0.803914,6.09851,3.18574,0.201166
42.5,6,0.696696,43.563,1,1,1.75611,5.91634,3.61111,0.439438
42.5,7,0.9,42.1457,1,1,1.99813,15.1579,4.61082,0.5
42.6,0,0.0221402,38.1064,0,1,0.881634,6.54652,3.26185,0.205557
42.6,1,0,31.7324,0,0,0.1,0.1,0.15,0.2
42.6,2,0.225063,39.9265,1,1,1.12912,5.70238,3.29241,0.263259
42.6,3,0.268716,40.1926,1,1,1.19092,6.01451,3.35017,0.277669
42.6,4,0.062061,38.3989,0,1,0.925253,6.87041,3.31169,0.215727
42.6,5,0.00356869,38.056,0,1,0.862148,6.40183,3.23965,0.201014
42.6,6,0.696484,43.5547,1,1,1.88446,9.5171,4.01516,0.439371
42.6,7,0.9,42.2168,1,1,2.1445,15.9239,4.75814,0.5
42.7,0,0.0214842,38.1359,0,1,0.927795,6.79859,3.30598,0.205397
42.7,1,0,31.6315,0,0,0.1,0.1,0.15,0.2
42.7,2,0.224398,39.9294,1,1,1.18821,6.08879,3.35593,0.263049
42.7,3,0.268038,40.1957,1,1,1.25324,6.42201,3.41745,0.277444
42.7,4,0.0613947,38.4274,0,1,0.973681,7.13483,3.35817,0.215555
42.7,5,0.00291736,38.0846,0,1,0.907297,6.64839,3.28273,0.200859
42.7,6,0.696266,43.555,1,1,1.98434,10.1684,4.12711,0.439297
42.7,7,0.9,42.2955,1,1,2.25855,16.5499,4.87638,0.5
42.8,0,0.02084,38.1605,0,1,0.965036,6.00244,3.24692,0.205234
42.8,1,0,31.5322,0,0,0.1,0.1,0.15,0.2
42.8,2,0.223745,39.9272,1,1,1.23588,5.13175,3.28797,0.262834
42.8,3,0.267374,40.1934,1,1,1.3035,5.41254,3.34584,0.277215
42.8,4,0.0607407,38.4508,0,1,1.01275,6.29919,3.29624,0.215381
42.8,5,0.00227749,38.1084,0,1,0.943722,5.86987,3.22495,0.200702
42.8,6,0.696053,43.547,1,1,2.06526,8.57562,4.01665,0.43922
42.8,7,0.9,42.3627,1,1,2.35106,14.6234,4.73954,0.5
42.9,0,0.0202371,38.169,0,1,0.870258,4.23232,3.03861,0.205075
42.9,1,0,31.4346,0,0,0.1,0.1,0.15,0.2
42.9,2,0.223118,39.9154,1,1,1.11448,4.36996,3.16089,0.262625
42.9,3,0.266737,40.181,1,1,1.17544,4.60902,3.21115,0.276991
42.9,4,0.0601302,38.4574,0,1,0.913267,4.44148,3.07708,0.21521
42.9,5,0.00167799,38.1166,0,1,0.851045,4.13888,3.02148,0.200547
42.9,6,0.695852,43.5225,1,1,1.86356,7.30719,3.79527,0.439145
42.9,7,0.9,42.3892,1,1,2.1218,10.3189,4.21096,0.5
43,0,0.0196109,38.1862,0,1,0.637359,6.52271,3.15614,0.204926
43,1,0,31.3386,0,0,0.1,0.1,0.15,0.2
43,2,0.222509,39.8971,1,1,0.816186,4.81057,3.06928,0.262423
43,3,0.266119,40.1615,1,1,0.860827,5.07368,3.11342,0.276776
43,4,0.0594953,38.4731,0,1,0.668848,6.84497,3.19983,0.215051
43,5,0.00105563,38.1332,0,1,0.623292,6.37875,3.13665,0.200403
43,6,0.69566,43.4856,1,1,1.3656,8.04882,3.62413,0.439075
43,7,0.9,42.4343,1,1,1.55509,15.9148,4.46616,0.5
43.1,0,0.0189781,38.2056,0,1,0.894334,5.71925,3.18899,0.204772
43.1,1,0,31.2442,0,0,0.1,0.1,0.15,0.2
43.1,2,0.221831,39.9051,1,1,1.14527,6.95467,3.41819,0.262228
43.1,3,0.265428,40.1701,1,1,1.2079,7.335,3.48297,0.276568
43.1,4,0.0588534,38.4912,0,1,0.938505,6.00172,3.23512,0.214885
43.1,5,0.000426976,38.152,0,1,0.874602,5.59306,3.16844,0.200254
43.1,6,0.695436,43.4951,1,1,1.91735,11.6431,4.23418,0.439007
43.1,7,0.9,42.488,1,1,2.18374,13.9649,4.59054,0.5
43.2,0,0.0183635,38.2179,0,1,0.826068,5.06789,3.09779,0.204616
43.2,1,0,31.1514,0,0,0.1,0.1,0.15,0.2
43.2,2,0.221112,39.9284,1,1,1.05778,9.52133,3.62315,0.26201
43.2,3,0.264694,40.1946,1,1,1.11561,10.0419,3.6989,0.276336
43.2,4,0.0582305,38.5018,0,1,0.866853,5.3181,3.13909,0.214718
43.2,5,0,38.1637,0,0,0.807848,4.95611,3.07938,0.200103
43.2,6,0.695194,43.5299,1,1,1.77203,15.9504,4.57465,0.438928
43.2,7,0.9,42.5233,1,1,2.01858,12.3839,4.35567,0.5
43.3,0,0.017732,38.2363,0,1,1.03195,5.00665,3.18295,0.204464
43.3,1,0,31.0601,0,0,0.1,0.1,0.15,0.2
43.3,2,0.220402,39.9479,1,1,1.32123,7.76925,3.57676,0.26178
43.3,3,0.26397,40.2152,1,1,1.39344,8.19391,3.65102,0.276089
43.3,4,0.0575898,38.519,0,1,1.08288,5.25376,3.22917,0.214556
43.3,5,0,37.9556,0,0,0.1,0.1,0.15,0.2
43.3,6,0.694955,43.5599,1,1,2.21488,13.0242,4.51652,0.438843
43.3,7,0.9,42.5764,1,1,2.52354,12.2433,4.60206,0.5
43.4,0,0.0170919,38.2577,0,1,0.886844,6.14537,3.22606,0.204309
43.4,1,0,30.9703,0,0,0.1,0.1,0.15,0.2
43.4,2,0.219736,39.9506,1,1,1.13532,6.36961,3.35824,0.261553
43.4,3,0.263291,40.2181,1,1,1.19736,6.71767,3.41959,0.275845
43.4,4,0.0569402,38.5392,0,1,0.9306,6.44858,3.27398,0.214389
43.4,5,0,37.7509,0,0,0.1,0.1,0.15,0.2
43.4,6,0.694737,43.5608,1,1,1.90452,10.6851,4.13638,0.438759
43.4,7,0.9,42.6349,1,1,2.17035,15.0394,4.68656,0.5
43.5,0,0.0164428,38.2821,0,1,0.87835,6.66326,3.27151,0.204151
43.5,1,0,30.8821,0,0,0.1,0.1,0.15,0.2
43.5,2,0.219056,39.9585,1,1,1.1244,7.15249,3.42746,0.26134
43.5,3,0.262598,40.2264,1,1,1.18583,7.54324,3.49261,0.275617
43.5,4,0.0562812,38.5627,0,1,0.921672,6.9919,3.32167,0.214221
43.5,5,0,37.5496,0,0,0.1,0.1,0.15,0.2
43.5,6,0.694511,43.5705,1,1,1.8874,12.0061,4.25393,0.438682
43.5,7,0.9,42.701,1,1,2.15122,16.3194,4.79946,0.5
43.6,0,0.0158086,38.3004,0,1,0.941965,5.57425,3.19624,0.203992
43.6,1,0,30.7953,0,0,0.1,0.1,0.15,0.2
43.6,2,0.218347,39.9773,1,1,1.20577,8.30619,3.57432,0.261122
43.6,3,0.261875,40.2462,1,1,1.27163,8.75986,3.64792,0.275385
43.6,4,0.0556378,38.5798,0,1,0.988407,5.84908,3.2428,0.21405
43.6,5,0,37.3517,0,0,0.1,0.1,0.15,0.2
43.6,6,0.694273,43.5991,1,1,2.02531,13.9517,4.50898,0.438602
43.6,7,0.9,42.7529,1,1,2.30883,13.6629,4.62586,0.5
43.7,0,0.0151463,38.3291,0,1,0.928148,7.1322,3.33785,0.203836
43.7,1,0,30.71,0,0,0.1,0.1,0.15,0.2
43.7,2,0.217622,40.0014,1,1,1.18796,9.18723,3.65014,0.260896
43.7,3,0.261135,40.2717,1,1,1.25283,9.68889,3.72783,0.275142
43.7,4,0.0549649,38.6079,0,1,0.973893,7.48372,3.39145,0.213883
43.7,5,0,37.1571,0,0,0.1,0.1,0.15,0.2
43.7,6,0.694028,43.6369,1,1,1.99675,15.442,4.63736,0.438518
43.7,7,0.9,42.8302,1,1,2.2767,17.4949,4.9763,0.5
43.8,0,0.0145053,38.3492,0,1,1.01245,5.60752,3.23073,0.203674
43.8,1,0,30.626,0,0,0.1,0.1,0.15,0.2
43.8,2,0.216896,40.026,1,1,1.29575,8.78725,3.66172,0.260665
43.8,3,0.260393,40.2977,1,1,1.36648,9.26693,3.74048,0.274894
43.8,4,0.0543142,38.627,0,1,1.06233,5.88379,3.27922,0.213708
43.8,5,0,36.9657,0,0,0.1,0.1,0.15,0.2
43.8,6,0.693781,43.6763,1,1,2.17942,14.7799,4.66634,0.438432
43.8,7,0.9,42.8876,1,1,2.48547,13.7659,4.72748,0.5
43.9,0,0.0138829,38.362,0,1,0.984051,4.74431,3.13687,0.203517
43.9,1,0,30.5435,0,0,0.1,0.1,0.15,0.2
43.9,2,0.21619,40.0424,1,1,1.25926,7.86581,3.5571,0.260433
43.9,3,0.259673,40.315,1,1,1.32798,8.29506,3.6299,0.274646
43.9,4,0.0536832,38.6384,0,1,1.03252,4.97797,3.18051,0.21354
43.9,5,0,36.7776,0,0,0.1,0.1,0.15,0.2
43.9,6,0.693543,43.7017,1,1,2.1195,13.2392,4.48843,0.438344
43.9,7,0.9,42.9263,1,1,2.41762,11.6558,4.49064,0.5
44,0,0.0132524,38.3776,0,1,0.890686,5.61712,3.17774,0.203364
44,1,0,30.4624,0,0,0.1,0.1,0.15,0.2
44,2,0.215546,40.0354,1,1,1.13965,5.19074,3.24912,0.260208
44,3,0.259017,40.3076,1,1,1.20182,5.47393,3.3043,0.274405
44,4,0.0530437,38.6529,0,1,0.934537,5.89367,3.22314,0.213377
44,5,0,36.5925,0,0,0.1,0.1,0.15,0.2
44,6,0.693334,43.6869,1,1,1.91947,8.74259,3.95906,0.438261
44,7,0.9,42.9709,1,1,2.18988,13.8105,4.5789,0.5
44.1,0,0.0126387,38.3866,0,1,0.812859,5.07569,3.09282,0.20321
44.1,1,0,30.3826,0,0,0.1,0.1,0.15,0.2
44.1,2,0.214864,40.0425,1,1,1.04004,7.64435,3.43617,0.260003
44.1,3,0.258322,40.3151,1,1,1.09677,8.06132,3.50136,0.274185
44.1,4,0.0524219,38.6603,0,1,0.852865,5.3255,3.1337,0.213211
44.1,5,0,36.4106,0,0,0.1,0.1,0.15,0.2
44.1,6,0.693108,43.6958,1,1,1.75279,12.8831,4.27134,0.438187
44.1,7,0.9,42.9981,1,1,2.00004,12.4888,4.35636,0.5
44.2,0,0.0120191,38.3978,0,1,0.847804,5.23684,3.12314,0.20306
44.2,1,0,30.3041,0,0,0.1,0.1,0.15,0.2
44.2,2,0.214192,40.0457,1,1,1.08464,6.8958,3.38509,0.259786
44.2,3,0.257638,40.3184,1,1,1.14379,7.27185,3.44761,0.273953
44.2,4,0.0517938,38.6701,0,1,0.889516,5.49449,3.16564,0.213051
44.2,5,0,36.2316,0,0,0.1,0.1,0.15,0.2
44.2,6,0.692886,43.6984,1,1,1.82915,11.6292,4.18905,0.438107
44.2,7,0.9,43.0311,1,1,2.08757,12.8948,4.43931,0.5
44.3,0,0.011409,38.4051,0,1,0.779151,5.03734,3.07471,0.202909
44.3,1,0,30.227,0,0,0.1,0.1,0.15,0.2
44.3,2,0.213577,40.0274,1,1,0.996736,4.29398,3.10047,0.259573
44.3,3,0.257014,40.2991,1,1,1.05108,4.52809,3.14679,0.273725
44.3,4,0.0511758,38.6758,0,1,0.817474,5.2851,3.11457,0.212889
44.3,5,0,36.0557,0,0,0.1,0.1,0.15,0.2
44.3,6,0.69269,43.6642,1,1,1.68199,7.24608,3.69986,0.438028
44.3,7,0.9,43.0538,1,1,1.91995,12.4128,4.30901,0.5
44.4,0,0.0107929,38.4145,0,1,0.726528,5.59652,3.10522,0.20276
44.4,1,0,30.1511,0,0,0.1,0.1,0.15,0.2
44.4,2,0.212949,40.0144,1,1,0.929399,5.30439,3.16523,0.259378
44.4,3,0.256376,40.2852,1,1,0.980062,5.59354,3.21495,0.273517
44.4,4,0.0505515,38.6839,0,1,0.762251,5.8717,3.14644,0.21273
44.4,5,0,35.8827,0,0,0.1,0.1,0.15,0.2
44.4,6,0.692489,43.6387,1,1,1.56929,8.95646,3.80738,0.437959
44.4,7,0.9,43.0812,1,1,1.7916,13.8009,4.37824,0.5
44.5,0,0.0101862,38.4203,0,1,0.789796,4.80809,3.05768,0.20261
44.5,1,0,30.0765,0,0,0.1,0.1,0.15,0.2
44.5,2,0.212295,40.0113,1,1,1.01031,6.30481,3.29568,0.259178
44.5,3,0.255711,40.2819,1,1,1.06537,6.64843,3.35293,0.273304
44.5,4,0.0499371,38.6881,0,1,0.828617,5.04443,3.09668,0.212569
44.5,5,0,35.7125,0,0,0.1,0.1,0.15,0.2
44.5,6,0.692275,43.6307,1,1,1.70694,10.6521,4.03572,0.437888
44.5,7,0.9,43.1002,1,1,1.94906,11.8654,4.27124,0.5
44.6,0,0.00958548,38.4237,0,1,0.714293,4.83091,3.02767,0.202462
44.6,1,0,30.0032,0,0,0.1,0.1,0.15,0.2
44.6,2,0.211687,39.9909,1,1,0.913657,4.29506,3.06357,0.258971
44.6,3,0.255094,40.2603,1,1,0.963443,4.5291,3.10753,0.273082
44.6,4,0.049329,38.6898,0,1,0.749392,5.06829,3.06494,0.212411
44.6,5,0,35.5453,0,0,0.1,0.1,0.15,0.2
44.6,6,0.692083,43.5928,1,1,1.54462,7.26117,3.63462,0.437812
44.6,7,0.9,43.1125,1,1,1.76402,11.9304,4.18574,0.5
44.7,0,0.00897018,38.4326,0,1,0.69265,5.70332,3.10112,0.202316
44.7,1,0,29.931,0,0,0.1,0.1,0.15,0.2
44.7,2,0.211093,39.9657,1,1,0.885955,3.70184,2.99618,0.258778
44.7,3,0.254492,40.2337,1,1,0.934223,3.90353,3.03625,0.272877
44.7,4,0.0487056,38.6973,0,1,0.726675,5.98348,3.14199,0.212254
44.7,5,0,35.3807,0,0,0.1,0.1,0.15,0.2
44.7,6,0.691897,43.5468,1,1,1.49866,6.26197,3.51822,0.437744
44.7,7,0.9,43.1382,1,1,1.7118,14.0951,4.36735,0.5
44.8,0,0.00835821,38.44,0,1,0.798905,5.04944,3.08433,0.202166
44.8,1,0,29.8601,0,0,0.1,0.1,0.15,0.2
44.8,2,0.210442,39.9621,1,1,1.02188,6.06048,3.27773,0.25859
44.8,3,0.25383,40.2298,1,1,1.07754,6.39062,3.334,0.272677
44.8,4,0.0480856,38.7034,0,1,0.838137,5.29741,3.12466,0.212094
44.8,5,0,35.219,0,0,0.1,0.1,0.15,0.2
44.8,6,0.691685,43.5384,1,1,1.72958,10.2577,4.00918,0.437678
44.8,7,0.9,43.1617,1,1,1.97586,12.4883,4.34418,0.5
44.9,0,0.00772468,38.4555,0,1,0.730505,6.5028,3.19297,0.202018
44.9,1,0,29.7903,0,0,0.1,0.1,0.15,0.2
44.9,2,0.209797,39.9566,1,1,0.93433,6.18326,3.25047,0.258384
44.9,3,0.253174,40.2239,1,1,0.985216,6.52002,3.3049,0.272457
44.9,4,0.047443,38.7179,0,1,0.766368,6.82203,3.23851,0.211935
44.9,5,0,35.0599,0,0,0.1,0.1,0.15,0.2
44.9,6,0.691475,43.5263,1,1,1.58239,10.4721,3.95812,0.437603
44.9,7,0.9,43.2044,1,1,1.80802,16.0946,4.60616,0.5
45,0,0.00710342,38.4661,0,1,0.903475,5.06372,3.13115,0.201864
45,1,0,29.7217,0,0,0.1,0.1,0.15,0.2
45,2,0.209171,39.9439,1,1,1.15553,4.09887,3.15457,0.25818
45,3,0.252539,40.2105,1,1,1.21845,4.32206,3.20437,0.272239
45,4,0.0468133,38.7273,0,1,0.947813,5.31223,3.17411,0.21177
45,5,0,34.9035,0,0,0.1,0.1,0.15,0.2
45,6,0.691274,43.5031,1,1,1.95823,6.94621,3.80863,0.437529
45,7,0.9,43.2372,1,1,2.23783,12.5424,4.48226,0.5
45.1,0,0.00647879,38.4777,0,1,0.745343,5.96535,3.14815,0.201713
45.1,1,0,29.6543,0,0,0.1,0.1,0.15,0.2
45.1,2,0.208538,39.9343,1,1,0.953262,5.48632,3.19294,0.257983
45.1,3,0.251895,40.2003,1,1,1.00516,5.78501,3.24422,0.272028
45.1,4,0.04618,38.7379,0,1,0.781909,6.258,3.19147,0.211609
45.1,5,0,34.7497,0,0,0.1,0.1,0.15,0.2
45.1,6,0.691069,43.4845,1,1,1.61643,9.30308,3.86313,0.437458
45.1,7,0.9,43.2708,1,1,1.84753,14.7867,4.50025,0.5
45.2,0,0.0058711,38.4828,0,1,0.838207,4.63977,3.06278,0.201562
45.2,1,0,29.588,0,0,0.1,0.1,0.15,0.2
45.2,2,0.207898,39.9271,1,1,1.072,5.24433,3.22335,0.257783
45.2,3,0.251245,40.1927,1,1,1.13035,5.52979,3.27673,0.271814
45.2,4,0.0455645,38.7415,0,1,0.879314,4.86732,3.10208,0.211447
45.2,5,0,34.5985,0,0,0.1,0.1,0.15,0.2
45.2,6,0.690862,43.4707,1,1,1.81889,8.89817,3.92377,0.437385
45.2,7,0.9,43.289,1,1,2.07928,11.5095,4.30283,0.5
45.3,0,0.0052651,38.4872,0,1,0.684248,5.24548,3.05422,0.201415
45.3,1,0,29.5228,0,0,0.1,0.1,0.15,0.2
45.3,2,0.2073,39.9045,1,1,0.875055,3.95773,3.01513,0.257581
45.3,3,0.250638,40.1687,1,1,0.922677,4.17311,3.05619,0.271599
45.3,4,0.0449509,38.7445,0,1,0.717794,5.50265,3.09264,0.21129
45.3,5,0,34.4497,0,0,0.1,0.1,0.15,0.2
45.3,6,0.690674,43.4295,1,1,1.48564,6.71928,3.5551,0.437312
45.3,7,0.9,43.3035,1,1,1.6986,13.0216,4.25811,0.5
45.4,0,0.00464033,38.4985,0,1,0.740676,5.9937,3.14887,0.201268
45.4,1,0,29.4586,0,0,0.1,0.1,0.15,0.2
45.4,2,0.206692,39.8859,1,1,0.947216,4.14713,3.06466,0.257392
45.4,3,0.250022,40.149,1,1,0.998756,4.37279,3.10872,0.271398
45.4,4,0.0443175,38.7548,0,1,0.776978,6.28746,3.19217,0.211133
45.4,5,0,34.3035,0,0,0.1,0.1,0.15,0.2
45.4,6,0.690481,43.3957,1,1,1.60908,7.04493,3.64533,0.437245
45.4,7,0.9,43.3364,1,1,1.84002,14.8898,4.50642,0.5
45.5,0,0.00400714,38.5129,0,1,0.841165,5.98742,3.19125,0.201117
45.5,1,0,29.3956,0,0,0.1,0.1,0.15,0.2
45.5,2,0.206094,39.8639,1,1,1.07573,2.96923,3.01441,0.257201
45.5,3,0.249415,40.1257,1,1,1.13426,3.13076,3.05593,0.271194
45.5,4,0.0436753,38.7683,0,1,0.882378,6.28077,3.23695,0.210971
45.5,5,0,34.1597,0,0,0.1,0.1,0.15,0.2
45.5,6,0.690292,43.3566,1,1,1.82847,5.04693,3.56588,0.437176
45.5,7,0.9,43.3782,1,1,2.09123,14.8854,4.63163,0.5
45.6,0,0.00336811,38.5292,0,1,0.852924,6.24473,3.22074,0.200964
45.6,1,0,29.3336,0,0,0.1,0.1,0.15,0.2
45.6,2,0.20547,39.852,1,1,1.0908,4.30706,3.14423,0.257013
45.6,3,0.248782,40.1131,1,1,1.15014,4.54134,3.1932,0.270993
45.6,4,0.0430269,38.784,0,1,0.894698,6.55058,3.26793,0.210807
45.6,5,0,34.0183,0,0,0.1,0.1,0.15,0.2
45.6,6,0.690091,43.3351,1,1,1.85516,7.32515,3.79278,0.437109
45.6,7,0.9,43.4251,1,1,2.12208,15.5369,4.70967,0.5
45.7,0,0.00272728,38.546,0,1,0.886526,6.18603,3.22978,0.20081
45.7,1,0,29.2726,0,0,0.1,0.1,0.15,0.2
45.7,2,0.204824,39.8488,1,1,1.13378,5.31633,3.25822,0.256816
45.7,3,0.248124,40.1098,1,1,1.19544,5.60547,3.31372,0.270784
45.7,4,0.0423766,38.8,0,1,0.92993,6.4889,3.27751,0.210642
45.7,5,0,33.8792,0,0,0.1,0.1,0.15,0.2
45.7,6,0.68988,43.329,1,1,1.92941,9.04709,3.99294,0.437038
45.7,7,0.9,43.4736,1,1,2.20737,15.4027,4.74025,0.5
45.8,0,0.00212244,38.5489,0,1,0.88339,4.27552,3.04841,0.200656
45.8,1,0,29.2126,0,0,0.1,0.1,0.15,0.2
45.8,2,0.204221,39.8292,1,1,1.12974,2.96237,3.03861,0.256613
45.8,3,0.247513,40.0891,1,1,1.19117,3.12345,3.08164,0.270566
45.8,4,0.0417641,38.8016,0,1,0.926625,4.48477,3.08703,0.210476
45.8,5,0,33.7425,0,0,0.1,0.1,0.15,0.2
45.8,6,0.689689,43.2945,1,1,1.92374,5.04436,3.61333,0.436963
45.8,7,0.9,43.4869,1,1,2.20126,10.6539,4.28341,0.5
45.9,0,0.00153116,38.5465,0,1,0.644395,4.63618,2.98005,0.20051
45.9,1,0,29.1537,0,0,0.1,0.1,0.15,0.2
45.9,2,0.203618,39.8101,1,1,0.824089,4.46345,3.04011,0.256424
45.9,3,0.246901,40.0688,1,1,0.868892,4.70611,3.08238,0.270364
45.9,4,0.041166,38.7976,0,1,0.675924,4.86301,3.01458,0.210321
45.9,5,0,33.608,0,0,0.1,0.1,0.15,0.2
45.9,6,0.689499,43.2596,1,1,1.40408,7.60483,3.60012,0.436895
45.9,7,0.9,43.4844,1,1,1.60689,11.561,4.07393,0.5
46,0,0.000916973,38.5529,0,1,0.659604,5.78887,3.09549,0.200368
46,1,0,29.0957,0,0,0.1,0.1,0.15,0.2
46,2,0.203021,39.7886,1,1,0.843515,3.99021,3.00434,0.256235
46,3,0.246297,40.046,1,1,0.889366,4.2071,3.04465,0.270163
46,4,0.0405438,38.8029,0,1,0.691867,6.07202,3.13581,0.210168
46,5,0,33.4758,0,0,0.1,0.1,0.15,0.2
46,6,0.689311,43.2208,1,1,1.43802,6.80249,3.54024,0.436827
46,7,0.9,43.504,1,1,1.64598,14.4456,4.36897,0.5
46.1,0,0.000280544,38.5676,0,1,0.805465,6.32182,3.2076,0.20022
46.1,1,0,29.0387,0,0,0.1,0.1,0.15,0.2
46.1,2,0.202378,39.7853,1,1,1.03005,5.6505,3.24268,0.256048
46.1,3,0.245643,40.0425,1,1,1.08603,5.9576,3.2969,0.269964
46.1,4,0.0398982,38.8169,0,1,0.84485,6.63094,3.25392,0.21001
46.1,5,0,33.3458,0,0,0.1,0.1,0.15,0.2
46.1,6,0.689101,43.2144,1,1,1.75704,9.63852,3.96366,0.436761
46.1,7,0.9,43.5464,1,1,2.01145,15.7872,4.67781,0.5
46.2,0,0,38.5758,0,0,0.89023,5.05012,3.12406,0.200067
46.2,1,0,28.9826,0,0,0.1,0.1,0.15,0.2
46.2,2,0.201776,39.7664,1,1,1.13843,2.86665,3.034,0.255846
46.2,3,0.245032,40.0225,1,1,1.20028,3.02242,3.07674,0.269748
46.2,4,0.0392699,38.8241,0,1,0.933744,5.29697,3.16645,0.209847
46.2,5,0,33.2179,0,0,0.1,0.1,0.15,0.2
46.2,6,0.688911,43.1815,1,1,1.9431,4.89289,3.60903,0.436686
46.2,7,0.9,43.5735,1,1,2.22483,12.6211,4.4831,0.5
46.3,0,0,38.3608,0,0,0.1,0.1,0.15,0.2
46.3,1,0,28.9275,0,0,0.1,0.1,0.15,0.2
46.3,2,0.201138,39.7614,1,1,0.948865,5.73915,3.21486,0.255657
46.3,3,0.244384,40.0172,1,1,1.00042,6.05096,3.26724,0.269547
46.3,4,0.0386627,38.8232,0,1,0.778248,4.88832,3.06028,0.209687
46.3,5,0,33.0922,0,0,0.1,0.1,0.15,0.2
46.3,6,0.688704,43.1719,1,1,1.6205,9.80147,3.91257,0.436618
46.3,7,0.9,43.5793,1,1,1.85574,11.6562,4.20479,0.5
46.4,0,0,38.1494,0,0,0.1,0.1,0.15,0.2
46.4,1,0,28.8733,0,0,0.1,0.1,0.15,0.2
46.4,2,0.200515,39.7509,1,1,0.862934,5.33862,3.13932,0.255458
46.4,3,0.243752,40.0059,1,1,0.909807,5.6286,3.1872,0.269334
46.4,4,0.0380361,38.8296,0,1,0.707802,6.23645,3.1581,0.209533
46.4,5,0,32.9686,0,0,0.1,0.1,0.15,0.2
46.4,6,0.688504,43.1524,1,1,1.47464,9.12302,3.7779,0.436545
46.4,7,0.9,43.602,1,1,1.689,14.8817,4.43164,0.5
46.5,0,0,37.9414,0,0,0.1,0.1,0.15,0.2
46.5,1,0,28.82,0,0,0.1,0.1,0.15,0.2
46.5,2,0.19992,39.7299,1,1,1.05747,2.88883,2.9988,0.255263
46.5,3,0.243149,39.9838,1,1,1.1149,3.04572,3.03931,0.269126
46.5,4,0.0373876,38.8443,0,1,0.867374,6.67973,3.26831,0.209375
46.5,5,0,32.847,0,0,0.1,0.1,0.15,0.2
46.5,6,0.688316,43.1158,1,1,1.80817,4.93961,3.54581,0.436473
46.5,7,0.9,43.6463,1,1,2.07134,15.9516,4.72373,0.5
46.6,0,0,37.737,0,0,0.1,0.1,0.15,0.2
46.6,1,0,28.7676,0,0,0.1,0.1,0.15,0.2
46.6,2,0.199357,39.6973,1,1,0.91716,1.78554,2.83808,0.255077
46.6,3,0.24258,39.9492,1,1,0.966961,1.88249,2.86884,0.268928
46.6,4,0.0367103,38.8695,0,1,1.03785,7.41554,3.41342,0.209211
46.6,5,0,32.7275,0,0,0.1,0.1,0.15,0.2
46.6,6,0.688144,43.058,1,1,1.56915,3.05485,3.25562,0.436407
46.6,7,0.9,43.7408,1,1,3.16299,17.0401,5.4034,0.5
46.7,0,0,37.536,0,0,0.1,0.1,0.15,0.2
46.7,1,0,28.716,0,0,0.1,0.1,0.15,0.2
46.7,2,0.19874,39.6856,1,1,1.28745,2.9395,3.11014,0.254901
46.7,3,0.241953,39.9369,1,1,1.35735,3.0991,3.15761,0.268741
46.7,4,0.0360456,38.8897,0,1,1.05581,6.66762,3.35045,0.20904
46.7,5,0,32.61,0,0,0.1,0.1,0.15,0.2
46.7,6,0.687945,43.0387,1,1,2.20388,5.0319,3.7548,0.436345
46.7,7,0.9,43.8002,1,1,2.52538,15.9482,4.95716,0.5
46.8,0,0,37.3383,0,0,0.1,0.1,0.15,0.2
46.8,1,0,28.6653,0,0,0.1,0.1,0.15,0.2
46.8,2,0.198085,39.6884,1,1,1.17635,5.55761,3.30042,0.254709
46.8,3,0.241287,39.9398,1,1,1.2402,5.8593,3.35832,0.268535
46.8,4,0.0354026,38.9012,0,1,0.964653,5.93441,3.24031,0.208872
46.8,5,0,32.4944,0,0,0.1,0.1,0.15,0.2
46.8,6,0.687729,43.0441,1,1,2.01489,9.51928,4.08074,0.436275
46.8,7,0.9,43.8377,1,1,2.3092,14.2059,4.67797,0.5
46.9,0,0,37.1439,0,0,0.1,0.1,0.15,0.2
46.9,1,0,28.6155,0,0,0.1,0.1,0.15,0.2
46.9,2,0.197506,39.6625,1,1,1.05079,2.02763,2.91954,0.254505
46.9,3,0.2407,39.9125,1,1,1.10782,2.13768,2.95532,0.268317
46.9,4,0.0347678,38.9095,0,1,0.861714,5.98379,3.19981,0.20871
46.9,5,0,32.3807,0,0,0.1,0.1,0.15,0.2
46.9,6,0.687549,42.9989,1,1,1.80096,3.47518,3.40779,0.436198
46.9,7,0.9,43.8662,1,1,2.06438,14.3352,4.56538,0.5
47,0,0,36.9528,0,0,0.1,0.1,0.15,0.2
47,1,0,28.5665,0,0,0.1,0.1,0.15,0.2
47,2,0.196884,39.6532,1,1,1.0427,4.4371,3.13451,0.254324
47,3,0.240069,39.9026,1,1,1.09928,4.67788,3.18266,0.268125
47,4,0.0341346,38.917,0,1,0.855031,5.92525,3.19136,0.20855
47,5,0,32.269,0,0,0.1,0.1,0.15,0.2
47,6,0.687349,42.9829,1,1,1.7881,7.60906,3.78634,0.436133
47,7,0.9,43.8927,1,1,2.04995,14.2058,4.54571,0.5
47.1,0,0,36.7648,0,0,0.1,0.1,0.15,0.2
47.1,1,0,28.5183,0,0,0.1,0.1,0.15,0.2
47.1,2,0.196305,39.6279,1,1,1.03277,2.11233,2.91862,0.254131
47.1,3,0.239483,39.8758,1,1,1.0888,2.22693,2.95432,0.267918
47.1,4,0.0335319,38.9129,0,1,0.846887,4.3264,3.03719,0.20839
47.1,5,0,32.1591,0,0,0.1,0.1,0.15,0.2
47.1,6,0.687168,42.9387,1,1,1.77213,3.62453,3.40699,0.436062
47.1,7,0.9,43.8906,1,1,2.03197,10.3805,4.1713,0.5
47.2,0,0,36.58,0,0,0.1,0.1,0.15,0.2
47.2,1,0,28.4709,0,0,0.1,0.1,0.15,0.2
47.2,2,0.195676,39.6218,1,1,0.78804,5.99079,3.16872,0.25395
47.2,3,0.238844,39.8692,1,1,0.830788,6.31577,3.21791,0.267726
47.2,4,0.0329283,38.9092,0,1,0.64619,5.28813,3.04243,0.208239
47.2,5,0,32.051,0,0,0.1,0.1,0.15,0.2
47.2,6,0.686966,42.9271,1,1,1.35295,10.2854,3.83133,0.435998
47.2,7,0.9,43.8875,1,1,1.55156,12.6973,4.15603,0.5
47.3,0,0,36.3982,0,0,0.1,0.1,0.15,0.2
47.3,1,0,28.4243,0,0,0.1,0.1,0.15,0.2
47.3,2,0.194989,39.6378,1,1,0.903928,8.56021,3.4634,0.253755
47.3,3,0.238144,39.8861,1,1,0.952953,9.02447,3.52919,0.267517
47.3,4,0.0323016,38.9142,0,1,0.741249,6.09266,3.15851,0.208087
47.3,5,0,31.9447,0,0,0.1,0.1,0.15,0.2
47.3,6,0.686735,42.9545,1,1,1.55286,14.7056,4.34909,0.435925
47.3,7,0.9,43.9067,1,1,1.7811,14.6397,4.45344,0.5
47.4,0,0,36.2195,0,0,0.1,0.1,0.15,0.2
47.4,1,0,28.3785,0,0,0.1,0.1,0.15,0.2
47.4,2,0.194379,39.6245,1,1,1.18202,3.10059,3.07531,0.253541
47.4,3,0.237525,39.872,1,1,1.24611,3.26871,3.12046,0.267289
47.4,4,0.0316537,38.9272,0,1,0.969377,6.17812,3.26547,0.20793
47.4,5,0,31.8402,0,0,0.1,0.1,0.15,0.2
47.4,6,0.68654,42.9323,1,1,2.03192,5.32998,3.69452,0.435843
47.4,7,0.9,43.9479,1,1,2.33102,14.8563,4.75147,0.5
47.5,0,0,36.0438,0,0,0.1,0.1,0.15,0.2
47.5,1,0,28.3334,0,0,0.1,0.1,0.15,0.2
47.5,2,0.193772,39.6101,1,1,1.08861,3.38173,3.05782,0.253352
47.5,3,0.236909,39.8568,1,1,1.14762,3.56506,3.10172,0.267087
47.5,4,0.0309957,38.9439,0,1,0.892739,7.07065,3.31651,0.207767
47.5,5,0,31.7375,0,0,0.1,0.1,0.15,0.2
47.5,6,0.686346,42.9079,1,1,1.87244,5.81668,3.65958,0.435773
47.5,7,0.9,43.997,1,1,2.14841,17.0158,4.8648,0.5
47.6,0,0,35.8709,0,0,0.1,0.1,0.15,0.2
47.6,1,0,28.2891,0,0,0.1,0.1,0.15,0.2
47.6,2,0.193143,39.6046,1,1,1.21292,4.01494,3.17337,0.253164
47.6,3,0.23627,39.851,1,1,1.27866,4.23255,3.22418,0.266886
47.6,4,0.0303487,38.956,0,1,0.994633,6.00972,3.26076,0.207602
47.6,5,0,31.6364,0,0,0.1,0.1,0.15,0.2
47.6,6,0.686142,42.8998,1,1,2.08748,6.90985,3.87061,0.435704
47.6,7,0.9,44.0365,1,1,2.39553,14.4741,4.74832,0.5
47.7,0,0,35.701,0,0,0.1,0.1,0.15,0.2
47.7,1,0,28.2456,0,0,0.1,0.1,0.15,0.2
47.7,2,0.192485,39.6099,1,1,1.06687,6.25693,3.31654,0.252969
47.7,3,0.2356,39.8566,1,1,1.12469,6.59599,3.37482,0.266677
47.7,4,0.0296788,38.9766,0,1,0.874861,7.779,3.37622,0.20744
47.7,5,0,31.5371,0,0,0.1,0.1,0.15,0.2
47.7,6,0.685924,42.9098,1,1,1.83724,10.7749,4.11151,0.435631
47.7,7,0.9,44.0951,1,1,2.10871,18.75,5.01106,0.5
47.8,0,0,35.5339,0,0,0.1,0.1,0.15,0.2
47.8,1,0,28.2027,0,0,0.1,0.1,0.15,0.2
47.8,2,0.191806,39.6228,1,1,1.38066,5.79641,3.41821,0.252765
47.8,3,0.234909,39.8702,1,1,1.45546,6.11045,3.48328,0.266459
47.8,4,0.0290235,38.9914,0,1,1.13217,5.79709,3.30273,0.207272
47.8,5,0,31.4394,0,0,0.1,0.1,0.15,0.2
47.8,6,0.685696,42.9347,1,1,2.37909,9.98812,4.31187,0.435553
47.8,7,0.9,44.1427,1,1,2.73111,13.9842,4.878,0.5
47.9,0,0,35.3696,0,0,0.1,0.1,0.15,0.2
47.9,1,0,28.1606,0,0,0.1,0.1,0.15,0.2
47.9,2,0.191141,39.6307,1,1,1.05539,6.72095,3.35532,0.252555
47.9,3,0.234231,39.8786,1,1,1.11255,7.08497,3.41567,0.266234
47.9,4,0.0283603,39.0089,0,1,0.865472,7.46595,3.34231,0.207109
47.9,5,0,31.3433,0,0,0.1,0.1,0.15,0.2
47.9,6,0.685475,42.9493,1,1,1.81976,11.5887,4.18054,0.435472
47.9,7,0.9,44.1935,1,1,2.08942,18.0243,4.93165,0.5
48,0,0,35.208,0,0,0.1,0.1,0.15,0.2
48,1,0,28.1192,0,0,0.1,0.1,0.15,0.2
48,2,0.190457,39.6453,1,1,1.26892,6.63427,3.4448,0.252349
48,3,0.233535,39.8939,1,1,1.33763,6.9935,3.51088,0.266014
48,4,0.0277326,39.0127,0,1,1.0406,4.76017,3.16374,0.206943
48,5,0,31.2488,0,0,0.1,0.1,0.15,0.2
48,6,0.685244,42.9766,1,1,2.18934,11.4465,4.35283,0.435392
48,7,0.9,44.2131,1,1,2.51421,11.5012,4.52642,0.5
48.1,0,0,35.0491,0,0,0.1,0.1,0.15,0.2
48.1,1,0,28.0784,0,0,0.1,0.1,0.15,0.2
48.1,2,0.189858,39.6278,1,1,0.987072,3.48459,3.02118,0.252138
48.1,3,0.232927,39.8754,1,1,1.04051,3.67322,3.06267,0.265787
48.1,4,0.0270937,39.0207,0,1,0.809528,6.437,3.22029,0.206786
48.1,5,0,31.1559,0,0,0.1,0.1,0.15,0.2
48.1,6,0.685054,42.9466,1,1,1.70415,6.01605,3.59487,0.43531
48.1,7,0.9,44.2401,1,1,1.9574,15.5644,4.62939,0.5
48.2,0,0,34.8929,0,0,0.1,0.1,0.15,0.2
48.2,1,0,28.0384,0,0,0.1,0.1,0.15,0.2
48.2,2,0.189241,39.6171,1,1,1.10367,3.86582,3.10921,0.251953
48.2,3,0.232301,39.8642,1,1,1.1634,4.07506,3.156,0.26559
48.2,4,0.0264481,39.031,0,1,0.905118,6.35245,3.25368,0.206627
48.2,5,0,31.0646,0,0,0.1,0.1,0.15,0.2
48.2,6,0.684855,42.9293,1,1,1.90655,6.6781,3.75746,0.435242
48.2,7,0.9,44.274,1,1,2.19022,15.3718,4.72853,0.5
48.3,0,0,34.7393,0,0,0.1,0.1,0.15,0.2
48.3,1,0,27.999,0,0,0.1,0.1,0.15,0.2
48.3,2,0.188586,39.6211,1,1,1.10537,5.90781,3.30097,0.251763
48.3,3,0.231634,39.8683,1,1,1.16518,6.2275,3.35845,0.265387
48.3,4,0.0258204,39.0344,0,1,0.90649,5.39096,3.16331,0.206466
48.3,5,0,30.9748,0,0,0.1,0.1,0.15,0.2
48.3,6,0.684639,42.9376,1,1,1.91062,10.2116,4.09431,0.435171
48.3,7,0.9,44.291,1,1,2.19525,13.0553,4.50945,0.5
48.4,0,0,34.5882,0,0,0.1,0.1,0.15,0.2
48.4,1,0,27.9602,0,0,0.1,0.1,0.15,0.2
48.4,2,0.187953,39.6165,1,1,0.959112,5.39998,3.18739,0.251561
48.4,3,0.230992,39.8634,1,1,1.011,5.69212,3.23806,0.265171
48.4,4,0.0251946,39.0371,0,1,0.786586,5.84378,3.15416,0.20631
48.4,5,0,30.8864,0,0,0.1,0.1,0.15,0.2
48.4,6,0.684433,42.9302,1,1,1.65886,9.33966,3.8872,0.435093
48.4,7,0.9,44.3047,1,1,1.90632,14.1626,4.46963,0.5
48.5,0,0,34.4396,0,0,0.1,0.1,0.15,0.2
48.5,1,0,27.9222,0,0,0.1,0.1,0.15,0.2
48.5,2,0.187314,39.6147,1,1,1.0098,5.55412,3.22451,0.251366
48.5,3,0.230342,39.8614,1,1,1.06442,5.85454,3.2774,0.264962
48.5,4,0.0245706,39.039,0,1,0.82817,5.55726,3.1449,0.206154
48.5,5,0,30.7996,0,0,0.1,0.1,0.15,0.2
48.5,6,0.684224,42.9281,1,1,1.74758,9.61207,3.9565,0.43502
48.5,7,0.9,44.3171,1,1,2.00862,13.4784,4.45529,0.5
48.6,0,0,34.2936,0,0,0.1,0.1,0.15,0.2
48.6,1,0,27.8847,0,0,0.1,0.1,0.15,0.2
48.6,2,0.186667,39.6154,1,1,0.972466,6.07041,3.25664,0.251169
48.6,3,0.229685,39.8621,1,1,1.02505,6.39868,3.31116,0.264752
48.6,4,0.0239336,39.0458,0,1,0.797578,6.38826,3.21054,0.205999
48.6,5,0,30.7142,0,0,0.1,0.1,0.15,0.2
48.6,6,0.684011,42.9301,1,1,1.684,10.512,4.01116,0.434944
48.6,7,0.9,44.3411,1,1,1.93588,15.5055,4.61301,0.5
48.7,0,0,34.1499,0,0,0.1,0.1,0.15,0.2
48.7,1,0,27.8479,0,0,0.1,0.1,0.15,0.2
48.7,2,0.186013,39.6191,1,1,1.09432,5.92661,3.29773,0.250971
48.7,3,0.229019,39.866,1,1,1.15349,6.24703,3.35494,0.264539
48.7,4,0.0232752,39.0606,0,1,0.89754,7.06691,3.31825,0.205841
48.7,5,0,30.6302,0,0,0.1,0.1,0.15,0.2
48.7,6,0.683795,42.9382,1,1,1.89618,10.2693,4.0926,0.434868
48.7,7,0.9,44.3859,1,1,2.18018,17.1659,4.89537,0.5
48.8,0,0,34.0087,0,0,0.1,0.1,0.15,0.2
48.8,1,0,27.8117,0,0,0.1,0.1,0.15,0.2
48.8,2,0.185389,39.6114,1,1,1.21285,3.71496,3.1457,0.25077
48.8,3,0.228385,39.8578,1,1,1.27841,3.91576,3.19481,0.264324
48.8,4,0.0226365,39.0677,0,1,0.994767,5.57045,3.21933,0.205678
48.8,5,0,30.5476,0,0,0.1,0.1,0.15,0.2
48.8,6,0.683592,42.9268,1,1,2.10288,6.44109,3.83442,0.434791
48.8,7,0.9,44.4132,1,1,2.41826,13.5417,4.67098,0.5
48.9,0,0,33.8698,0,0,0.1,0.1,0.15,0.2
48.9,1,0,27.776,0,0,0.1,0.1,0.15,0.2
48.9,2,0.1848,39.5904,1,1,0.999804,2.83266,2.96752,0.250578
48.9,3,0.227789,39.8357,1,1,1.05383,2.98574,3.0059,0.264119
48.9,4,0.0219832,39.0801,0,1,0.820021,7.1475,3.29239,0.205519
48.9,5,0,30.4664,0,0,0.1,0.1,0.15,0.2
48.9,6,0.683407,42.8911,1,1,1.73452,4.91427,3.50696,0.434718
48.9,7,0.9,44.4514,1,1,1.99499,17.3889,4.82316,0.5
49,0,0,33.7332,0,0,0.1,0.1,0.15,0.2
49,1,0,27.741,0,0,0.1,0.1,0.15,0.2
49,2,0.18418,39.5818,1,1,1.21342,3.50838,3.12703,0.250397
49,3,0.227159,39.8265,1,1,1.27898,3.69795,3.17506,0.263927
49,4,0.0213367,39.0899,0,1,0.995156,5.98495,3.25865,0.205358
49,5,0,30.3865,0,0,0.1,0.1,0.15,0.2
49,6,0.683205,42.8781,1,1,2.1063,6.09001,3.80328,0.434651
49,7,0.9,44.4851,1,1,2.42298,14.572,4.77195,0.5
49.1,0,0,33.5989,0,0,0.1,0.1,0.15,0.2
49.1,1,0,27.7066,0,0,0.1,0.1,0.15,0.2
49.1,2,0.183548,39.5775,1,1,1.06307,4.85999,3.18325,0.250207
49.1,3,0.226517,39.822,1,1,1.12049,5.12253,3.23396,0.263723
49.1,4,0.0206829,39.1021,0,1,0.871834,6.93832,3.29483,0.205198
49.1,5,0,30.308,0,0,0.1,0.1,0.15,0.2
49.1,6,0.682999,42.8722,1,1,1.84642,8.44121,3.89406,0.434579
49.1,7,0.9,44.5235,1,1,2.12437,16.9064,4.84211,0.5
49.2,0,0,33.4668,0,0,0.1,0.1,0.15,0.2
49.2,1,0,27.6727,0,0,0.1,0.1,0.15,0.2
49.2,2,0.182888,39.5839,1,1,1.18949,5.7572,3.32526,0.250014
49.2,3,0.225846,39.8288,1,1,1.25373,6.06814,3.38428,0.263517
49.2,4,0.0200309,39.1136,0,1,0.9755,6.36667,3.28605,0.205036
49.2,5,0,30.2308,0,0,0.1,0.1,0.15,0.2
49.2,6,0.682779,42.8859,1,1,2.06724,10.0056,4.15344,0.434505
49.2,7,0.9,44.5611,1,1,2.37885,15.5257,4.84031,0.5
49.3,0,0,33.337,0,0,0.1,0.1,0.15,0.2
49.3,1,0,27.6394,0,0,0.1,0.1,0.15,0.2
49.3,2,0.182227,39.5909,1,1,1.11819,6.18755,3.33322,0.249812
49.3,3,0.225173,39.836,1,1,1.17857,6.52164,3.3924,0.2633
49.3,4,0.0194314,39.1049,0,1,0.91705,3.82738,3.02156,0.204875
49.3,5,0,30.1549,0,0,0.1,0.1,0.15,0.2
49.3,6,0.682559,42.9,1,1,1.94455,10.7602,4.16354,0.434426
49.3,7,0.9,44.5484,1,1,2.23807,9.34075,4.17747,0.5
49.4,0,0,33.2093,0,0,0.1,0.1,0.15,0.2
49.4,1,0,27.6067,0,0,0.1,0.1,0.15,0.2
49.4,2,0.181593,39.5874,1,1,0.912478,5.71379,3.19643,0.249609
49.4,3,0.224528,39.8323,1,1,0.961735,6.02222,3.24733,0.263084
49.4,4,0.0188208,39.1007,0,1,0.748406,5.20457,3.07739,0.204727
49.4,5,0,30.0802,0,0,0.1,0.1,0.15,0.2
49.4,6,0.682352,42.895,1,1,1.58781,9.9426,3.91022,0.434347
49.4,7,0.9,44.5445,1,1,1.82781,12.711,4.29178,0.5
49.5,0,0,33.0837,0,0,0.1,0.1,0.15,0.2
49.5,1,0,27.5745,0,0,0.1,0.1,0.15,0.2
49.5,2,0.180987,39.5731,1,1,0.906551,4.194,3.051,0.249416
49.5,3,0.223914,39.8172,1,1,0.955476,4.42035,3.09382,0.262876
49.5,4,0.0181768,39.1091,0,1,0.743575,7.00323,3.24613,0.204577
49.5,5,0,30.0068,0,0,0.1,0.1,0.15,0.2
49.5,6,0.682159,42.8708,1,1,1.57845,7.30243,3.65484,0.434273
49.5,7,0.9,44.5719,1,1,1.81735,17.1164,4.70878,0.5
49.6,0,0,32.9602,0,0,0.1,0.1,0.15,0.2
49.6,1,0,27.5428,0,0,0.1,0.1,0.15,0.2
49.6,2,0.180299,39.5904,1,1,1.17972,7.32784,3.46935,0.249231
49.6,3,0.223213,39.8354,1,1,1.24337,7.72324,3.5362,0.262679
49.6,4,0.0175072,39.1271,0,1,0.9676,7.33519,3.37453,0.204418
49.6,5,0,29.9346,0,0,0.1,0.1,0.15,0.2
49.6,6,0.681926,42.9038,1,1,2.05527,12.7664,4.41071,0.434203
49.6,7,0.9,44.6256,1,1,2.36672,17.9416,5.06555,0.5
49.7,0,0,32.8388,0,0,0.1,0.1,0.15,0.2
49.7,1,0,27.5117,0,0,0.1,0.1,0.15,0.2
49.7,2,0.17958,39.6191,1,1,1.2643,8.55176,3.6247,0.249021
49.7,3,0.222479,39.8657,1,1,1.3325,9.01307,3.70037,0.262454
49.7,4,0.0168405,39.1436,0,1,1.03701,6.86027,3.36029,0.204254
49.7,5,0,29.8636,0,0,0.1,0.1,0.15,0.2
49.7,6,0.681677,42.9572,1,1,2.20406,14.9083,4.69121,0.434119
49.7,7,0.9,44.6769,1,1,2.53854,16.7935,5.04503,0.5
49.8,0,0,32.7194,0,0,0.1,0.1,0.15,0.2
49.8,1,0,27.4811,0,0,0.1,0.1,0.15,0.2
49.8,2,0.178897,39.6336,1,1,1.22593,6.82145,3.44259,0.248802
49.8,3,0.221783,39.881,1,1,1.29204,7.18929,3.50811,0.262218
49.8,4,0.0161867,39.155,0,1,1.00562,6.32245,3.29526,0.20409
49.8,5,0,29.7938,0,0,0.1,0.1,0.15,0.2
49.8,6,0.681446,42.9857,1,1,2.13861,11.8999,4.37021,0.43403
49.8,7,0.9,44.715,1,1,2.46367,15.4894,4.88095,0.5
49.9,0,0,32.602,0,0,0.1,0.1,0.15,0.2
49.9,1,0,27.451,0,0,0.1,0.1,0.15,0.2
49.9,2,0.178233,39.6405,1,1,1.11575,6.30737,3.34344,0.248594
49.9,3,0.221107,39.8882,1,1,1.1759,6.64739,3.40308,0.261995
49.9,4,0.0155372,39.1646,0,1,0.915287,6.51003,3.27309,0.203929
49.9,5,0,29.7251,0,0,0.1,0.1,0.15,0.2
49.9,6,0.681224,43.0001,1,1,1.94767,11.0102,4.18893,0.433947
49.9,7,0.9,44.7474,1,1,2.24413,15.9615,4.8126,0.5
50,0,0,32.4865,0,0,0.1,0.1,0.15,0.2
50,1,0,27.4214,0,0,0.1,0.1,0.15,0.2
50,2,0.17757,39.6473,1,1,1.13053,6.24149,3.34394,0.248392
50,3,0.220432,39.8954,1,1,1.19146,6.57787,3.40365,0.261779
50,4,0.0148658,39.1823,0,1,0.927439,7.61836,3.38382,0.20377
50,5,0,29.6576,0,0,0.1,0.1,0.15,0.2
50,6,0.681003,43.0145,1,1,1.97471,10.902,4.19217,0.433867
50,7,0.9,44.8001,1,1,2.2757,18.6936,5.09078,0.5
50.1,0,0,32.373,0,0,0.1,0.1,0.15,0.2
50.1,1,0,27.3923,0,0,0.1,0.1,0.15,0.2
50.1,2,0.176914,39.6511,1,1,1.30109,4.99729,3.30584,0.24819
50.1,3,0.219765,39.8994,1,1,1.37119,5.26654,3.36404,0.261562
50.1,4,0.0141888,39.2019,0,1,1.06736,7.26295,3.41216,0.203605
50.1,5,0,29.5912,0,0,0.1,0.1,0.15,0.2
50.1,6,0.680784,43.0247,1,1,2.27405,8.73428,4.13851,0.433787
50.1,7,0.9,44.8592,1,1,2.62116,17.8359,5.18839,0.5
50.2,0,0,32.2614,0,0,0.1,0.1,0.15,0.2
50.2,1,0,27.3637,0,0,0.1,0.1,0.15,0.2
50.2,2,0.176251,39.6575,1,1,1.5724,3.98168,3.34139,0.247991
50.2,3,0.219089,39.9063,1,1,1.6571,4.19616,3.40247,0.261349
50.2,4,0.0136843,39.1559,0,1,0.292004,1.42408,2.54268,0.203439
50.2,5,0,29.526,0,0,0.1,0.1,0.15,0.2
50.2,6,0.680507,43.1167,1,1,4.87739,4.83609,5.23245,0.433708
50.2,7,0.9,44.746,1,1,0.717669,3.5,2.90449,0.5
50.3,0,0,32.1516,0,0,0.1,0.1,0.15,0.2
50.3,1,0,27.3355,0,0,0.1,0.1,0.15,0.2
50.3,2,0.175642,39.6433,1,1,0.693697,5.34501,3.06759,0.247789
50.3,3,0.218472,39.8911,1,1,0.731054,5.63285,3.11057,0.261133
50.3,4,0.0130692,39.1525,0,1,0.569192,6.229,3.10042,0.203316
50.3,5,0,29.4618,0,0,0.1,0.1,0.15,0.2
50.3,6,0.680312,43.0906,1,1,1.21391,9.35328,3.67788,0.433609
50.3,7,0.9,44.7421,1,1,1.39977,15.3185,4.33537,0.5
50.4,0,0,32.0437,0,0,0.1,0.1,0.15,0.2
50.4,1,0,27.3079,0,0,0.1,0.1,0.15,0.2
50.4,2,0.175096,39.6059,1,1,0.741454,1.73323,2.75571,0.247605
50.4,3,0.21792,39.8515,1,1,0.781375,1.82655,2.78118,0.260936
50.4,4,0.0124072,39.1668,0,1,0.969528,6.92489,3.33638,0.203165
50.4,5,0,29.3987,0,0,0.1,0.1,0.15,0.2
50.4,6,0.680147,43.0234,1,1,1.29823,3.03477,3.1238,0.433538
50.4,7,0.9,44.8166,1,1,3.27486,16.1537,5.37999,0.5
50.5,0,0,31.9375,0,0,0.1,0.1,0.15,0.2
50.5,1,0,27.2806,0,0,0.1,0.1,0.15,0.2
50.5,2,0.17449,39.5916,1,1,1.20185,2.7681,3.05461,0.247439
50.5,3,0.217306,39.8364,1,1,1.26655,2.91712,3.09829,0.26076
50.5,4,0.0117379,39.1837,0,1,0.986017,7.2376,3.3734,0.203004
50.5,5,0,29.3366,0,0,0.1,0.1,0.15,0.2
50.5,6,0.679952,42.9995,1,1,2.10547,4.84933,3.68741,0.433479
50.5,7,0.9,44.8678,1,1,2.42857,17.8263,5.08658,0.5
50.6,0,0,31.8331,0,0,0.1,0.1,0.15,0.2
50.6,1,0,27.2539,0,0,0.1,0.1,0.15,0.2
50.6,2,0.173855,39.5884,1,1,1.25203,4.10019,3.19947,0.247255
50.6,3,0.216661,39.833,1,1,1.31942,4.32088,3.25151,0.260564
50.6,4,0.0110888,39.1927,0,1,1.02712,5.96647,3.2712,0.20284
50.6,5,0,29.2756,0,0,0.1,0.1,0.15,0.2
50.6,6,0.679743,42.9959,1,1,2.19465,7.18713,3.9515,0.433408
50.6,7,0.9,44.8998,1,1,2.53185,14.7073,4.84179,0.5
50.7,0,0,31.7305,0,0,0.1,0.1,0.15,0.2
50.7,1,0,27.2276,0,0,0.1,0.1,0.15,0.2
50.7,2,0.173245,39.5759,1,1,1.06479,3.68935,3.07519,0.247063
50.7,3,0.216042,39.8197,1,1,1.12209,3.88788,3.11968,0.260358
50.7,4,0.0104814,39.1857,0,1,0.873517,4.45872,3.06121,0.202682
50.7,5,0,29.2156,0,0,0.1,0.1,0.15,0.2
50.7,6,0.679546,42.9748,1,1,1.86757,6.47088,3.71849,0.433333
50.7,7,0.9,44.8901,1,1,2.1549,10.9993,4.29262,0.5
50.8,0,0,31.6296,0,0,0.1,0.1,0.15,0.2
50.8,1,0,27.2017,0,0,0.1,0.1,0.15,0.2
50.8,2,0.172608,39.5737,1,1,0.811873,6.32129,3.2103,0.246879
50.8,3,0.215394,39.8174,1,1,0.855553,6.66139,3.26144,0.260161
50.8,4,0.00985222,39.1871,0,1,0.666044,6.55681,3.17121,0.202534
50.8,5,0,29.1566,0,0,0.1,0.1,0.15,0.2
50.8,6,0.679337,42.9709,1,1,1.4248,11.0936,3.94233,0.433262
50.8,7,0.9,44.8987,1,1,1.64428,16.1869,4.53515,0.5
50.9,0,0,31.5303,0,0,0.1,0.1,0.15,0.2
50.9,1,0,27.1762,0,0,0.1,0.1,0.15,0.2
50.9,2,0.172001,39.5602,1,1,1.09968,3.33643,3.05875,0.246686
50.9,3,0.214779,39.8031,1,1,1.15883,3.51589,3.10239,0.259955
50.9,4,0.00920274,39.1962,0,1,0.902173,6.57384,3.27341,0.202381
50.9,5,0,29.0985,0,0,0.1,0.1,0.15,0.2
50.9,6,0.679142,42.9484,1,1,1.93106,5.85885,3.6929,0.433187
50.9,7,0.9,44.9294,1,1,2.2289,16.2412,4.8316,0.5
51,0,0,31.4328,0,0,0.1,0.1,0.15,0.2
51,1,0,27.1512,0,0,0.1,0.1,0.15,0.2
51,2,0.1714,39.5447,1,1,1.13824,2.81204,3.029,0.246503
51,3,0.21417,39.7867,1,1,1.19945,2.96327,3.07102,0.259759
51,4,0.00854636,39.2077,0,1,0.933772,6.79392,3.30816,0.202223
51,5,0,29.0415,0,0,0.1,0.1,0.15,0.2
51,6,0.678949,42.9224,1,1,1.99993,4.94087,3.64218,0.433116
51,7,0.9,44.9667,1,1,2.30877,16.7981,4.92599,0.5
51.1,0,0,31.3368,0,0,0.1,0.1,0.15,0.2
51.1,1,0,27.1266,0,0,0.1,0.1,0.15,0.2
51.1,2,0.170766,39.5417,1,1,1.17661,4.39968,3.1922,0.246321
51.1,3,0.213526,39.7835,1,1,1.23987,4.63624,3.24355,0.259566
51.1,4,0.00787941,39.223,0,1,0.9652,7.20823,3.3614,0.202063
51.1,5,0,28.9854,0,0,0.1,0.1,0.15,0.2
51.1,6,0.678741,42.9191,1,1,2.06854,7.73487,3.93876,0.433047
51.1,7,0.9,45.0139,1,1,2.38836,17.8365,5.06669,0.5
51.2,0,0,31.2424,0,0,0.1,0.1,0.15,0.2
51.2,1,0,27.1024,0,0,0.1,0.1,0.15,0.2
51.2,2,0.170127,39.541,1,1,1.24449,4.38312,3.22216,0.246131
51.2,3,0.212876,39.7828,1,1,1.31139,4.61874,3.27538,0.259361
51.2,4,0.00725596,39.2216,0,1,1.02086,4.6248,3.14219,0.201902
51.2,5,0,28.9302,0,0,0.1,0.1,0.15,0.2
51.2,6,0.678529,42.9203,1,1,2.1892,7.7104,3.99803,0.432971
51.2,7,0.9,45.0201,1,1,2.52811,11.4531,4.52914,0.5
51.3,0,0,31.1496,0,0,0.1,0.1,0.15,0.2
51.3,1,0,27.0786,0,0,0.1,0.1,0.15,0.2
51.3,2,0.16948,39.5433,1,1,0.859628,6.65074,3.2622,0.245938
51.3,3,0.212218,39.7851,1,1,0.905826,7.00817,3.31628,0.259155
51.3,4,0.00661536,39.2267,0,1,0.705178,6.98899,3.22866,0.20175
51.3,5,0,28.876,0,0,0.1,0.1,0.15,0.2
51.3,6,0.678316,42.9249,1,1,1.5131,11.7065,4.04284,0.432895
51.3,7,0.9,45.0385,1,1,1.74765,17.3209,4.69422,0.5
51.4,0,0,31.0584,0,0,0.1,0.1,0.15,0.2
51.4,1,0,27.0552,0,0,0.1,0.1,0.15,0.2
51.4,2,0.168852,39.5383,1,1,1.17149,4.13513,3.16529,0.245743
51.4,3,0.21158,39.7798,1,1,1.23443,4.35731,3.21508,0.258947
51.4,4,0.00595753,39.2383,0,1,0.961031,6.74418,3.31545,0.201595
51.4,5,0,28.8226,0,0,0.1,0.1,0.15,0.2
51.4,6,0.67811,42.9181,1,1,2.0633,7.28305,3.89347,0.432817
51.4,7,0.9,45.0763,1,1,2.38357,16.727,4.95784,0.5
51.5,0,0,30.9687,0,0,0.1,0.1,0.15,0.2
51.5,1,0,27.0322,0,0,0.1,0.1,0.15,0.2
51.5,2,0.168242,39.5264,1,1,1.17317,3.09645,3.07083,0.245554
51.5,3,0.210962,39.7671,1,1,1.23619,3.26278,3.11527,0.258744
51.5,4,0.0052843,39.2554,0,1,0.962391,7.55384,3.39305,0.201436
51.5,5,0,28.7701,0,0,0.1,0.1,0.15,0.2
51.5,6,0.677912,42.8988,1,1,2.0675,5.4569,3.72441,0.432743
51.5,7,0.9,45.1283,1,1,2.38883,18.75,5.15455,0.5
51.6,0,0,30.8804,0,0,0.1,0.1,0.15,0.2
51.6,1,0,27.0096,0,0,0.1,0.1,0.15,0.2
51.6,2,0.167578,39.5355,1,1,1.41259,4.90709,3.35011,0.245371
51.6,3,0.210285,39.7768,1,1,1.48845,5.17063,3.41096,0.258549
51.6,4,0.00461085,39.2724,0,1,1.15872,6.63683,3.39421,0.201273
51.6,5,0,28.7186,0,0,0.1,0.1,0.15,0.2
51.6,6,0.677688,42.9188,1,1,2.49087,8.65285,4.24367,0.432672
51.6,7,0.9,45.1825,1,1,2.87847,16.4871,5.19621,0.5
51.7,0,0,30.7937,0,0,0.1,0.1,0.15,0.2
51.7,1,0,26.9874,0,0,0.1,0.1,0.15,0.2
51.7,2,0.166938,39.5352,1,1,1.18697,4.70922,3.22582,0.245171
51.7,3,0.209635,39.7765,1,1,1.2507,4.96206,3.27899,0.258335
51.7,4,0.00397785,39.2738,0,1,0.973656,5.36225,3.1903,0.20111
51.7,5,0,28.6678,0,0,0.1,0.1,0.15,0.2
51.7,6,0.677476,42.9206,1,1,2.09434,8.30915,4.00618,0.43259
51.7,7,0.9,45.1951,1,1,2.4207,13.3316,4.65218,0.5
51.8,0,0,30.7084,0,0,0.1,0.1,0.15,0.2
51.8,1,0,26.9655,0,0,0.1,0.1,0.15,0.2
51.8,2,0.166313,39.529,1,1,0.964748,4.94465,3.14705,0.244979
51.8,3,0.209001,39.7698,1,1,1.01653,5.21006,3.19513,0.258129
51.8,4,0.00333802,39.2778,0,1,0.791386,6.56596,3.22478,0.200957
51.8,5,0,28.618,0,0,0.1,0.1,0.15,0.2
51.8,6,0.677272,42.9107,1,1,1.70327,8.72983,3.85088,0.432514
51.8,7,0.9,45.2117,1,1,1.96904,16.3367,4.70925,0.5
51.9,0,0,30.6245,0,0,0.1,0.1,0.15,0.2
51.9,1,0,26.944,0,0,0.1,0.1,0.15,0.2
51.9,2,0.165709,39.5152,1,1,1.12027,3.07778,3.04468,0.244792
51.9,3,0.208388,39.7552,1,1,1.18039,3.24295,3.08747,0.257929
51.9,4,0.00269481,39.2829,0,1,0.918961,6.16283,3.24177,0.200803
51.9,5,0,28.5689,0,0,0.1,0.1,0.15,0.2
51.9,6,0.677078,42.8881,1,1,1.97903,5.43708,3.67771,0.43244
51.9,7,0.9,45.2331,1,1,2.28822,15.3455,4.77623,0.5
52,0,0,30.542,0,0,0.1,0.1,0.15,0.2
52,1,0,26.9228,0,0,0.1,0.1,0.15,0.2
52,2,0.165096,39.5052,1,1,1.07835,3.81031,3.09252,0.244611
52,3,0.207766,39.7447,1,1,1.13621,4.01475,3.13789,0.257735
52,4,0.00204593,39.2902,0,1,0.88454,6.62228,3.27031,0.200648
52,5,0,28.5207,0,0,0.1,0.1,0.15,0.2
52,6,0.676879,42.8721,1,1,1.90607,6.73503,3.76257,0.432369
52,7,0.9,45.2591,1,1,2.20421,16.5022,4.84399,0.5
52.1,0,0,30.4609,0,0,0.1,0.1,0.15,0.2
52.1,1,0,26.902,0,0,0.1,0.1,0.15,0.2
52.1,2,0.164537,39.4745,1,1,0.878528,1.71099,2.81443,0.244427
52.1,3,0.207201,39.7122,1,1,0.925655,1.80277,2.84337,0.257539
52.1,4,0.0014309,39.2845,0,1,1.04613,4.04694,3.09977,0.200492
52.1,5,0,28.4732,0,0,0.1,0.1,0.15,0.2
52.1,6,0.676707,42.8177,1,1,1.55378,3.02608,3.24556,0.432297
52.1,7,0.9,45.282,1,1,3.42069,9.28074,4.80651,0.5
52.2,0,0,30.3811,0,0,0.1,0.1,0.15,0.2
52.2,1,0,26.8816,0,0,0.1,0.1,0.15,0.2
52.2,2,0.163972,39.4469,1,1,0.775614,2.61168,2.84804,0.24426
52.2,3,0.20663,39.6829,1,1,0.817214,2.75176,2.87886,0.257361
52.2,4,0.000824339,39.2757,0,1,0.636163,5.48625,3.05707,0.200344
52.2,5,0,28.4266,0,0,0.1,0.1,0.15,0.2
52.2,6,0.676532,42.7685,1,1,1.3725,4.62154,3.30449,0.432235
52.2,7,0.9,45.2641,1,1,1.58768,13.6921,4.26864,0.5
52.3,0,0,30.3027,0,0,0.1,0.1,0.15,0.2
52.3,1,0,26.8615,0,0,0.1,0.1,0.15,0.2
52.3,2,0.1634,39.4222,1,1,0.932414,2.21006,2.88165,0.244091
52.3,3,0.206052,39.6568,1,1,0.982417,2.32858,2.91465,0.257181
52.3,4,0.000204901,39.2719,0,1,0.764744,5.60233,3.12197,0.200198
52.3,5,0,28.3807,0,0,0.1,0.1,0.15,0.2
52.3,6,0.676353,42.7254,1,1,1.65087,3.91298,3.37342,0.432172
52.3,7,0.9,45.2605,1,1,1.90997,13.992,4.4551,0.5
52.4,0,0,30.2255,0,0,0.1,0.1,0.15,0.2
52.4,1,0,26.8417,0,0,0.1,0.1,0.15,0.2
52.4,2,0.162813,39.4039,1,1,0.969702,2.90194,2.9602,0.24392
52.4,3,0.205457,39.6373,1,1,1.0217,3.05754,2.99779,0.256999
52.4,4,0,39.2747,0,0,0.795293,6.37916,3.2087,0.200049
52.4,5,0,28.3356,0,0,0.1,0.1,0.15,0.2
52.4,6,0.676167,42.694,1,1,1.71784,5.14081,3.51979,0.432107
52.4,7,0.9,45.2739,1,1,1.98774,15.944,4.68096,0.5
52.5,0,0,30.1497,0,0,0.1,0.1,0.15,0.2
52.5,1,0,26.8223,0,0,0.1,0.1,0.15,0.2
52.5,2,0.162233,39.383,1,1,1.09269,1.84244,2.92298,0.243745
52.5,3,0.20487,39.6153,1,1,1.15127,1.94122,2.95855,0.256812
52.5,4,0,39.048,0,0,0.1,0.1,0.15,0.2
52.5,5,0,28.2913,0,0,0.1,0.1,0.15,0.2
52.5,6,0.675984,42.6583,1,1,1.9368,3.26574,3.45707,0.43204
52.5,7,0.9,45.3038,1,1,2.24146,16.9339,4.90443,0.5
52.6,0,0,30.0751,0,0,0.1,0.1,0.15,0.2
52.6,1,0,26.8031,0,0,0.1,0.1,0.15,0.2
52.6,2,0.161628,39.3721,1,1,1.16765,2.90708,3.05117,0.243572
52.6,3,0.204256,39.6037,1,1,1.23023,3.0629,3.09438,0.256628
52.6,4,0,38.8252,0,0,0.1,0.1,0.15,0.2
52.6,5,0,28.2477,0,0,0.1,0.1,0.15,0.2
52.6,6,0.675789,42.6414,1,1,2.07081,5.15568,3.6981,0.431973
52.6,7,0.9,45.3288,1,1,2.39692,15.4743,4.84476,0.5
52.7,0,0,30.0018,0,0,0.1,0.1,0.15,0.2
52.7,1,0,26.7843,0,0,0.1,0.1,0.15,0.2
52.7,2,0.161024,39.3608,1,1,1.08743,3.21992,3.04251,0.243392
52.7,3,0.203644,39.5917,1,1,1.1457,3.39247,3.08504,0.256435
52.7,4,0,38.606,0,0,0.1,0.1,0.15,0.2
52.7,5,0,28.2048,0,0,0.1,0.1,0.15,0.2
52.7,6,0.675594,42.6233,1,1,1.92965,5.71379,3.67864,0.431902
52.7,7,0.9,45.3052,1,1,2.2339,9.62861,4.20266,0.5
52.8,0,0,29.9297,0,0,0.1,0.1,0.15,0.2
52.8,1,0,26.7659,0,0,0.1,0.1,0.15,0.2
52.8,2,0.160442,39.3416,1,1,0.721276,3.81308,2.93514,0.243212
52.8,3,0.203055,39.5713,1,1,0.759921,4.01738,2.9707,0.256243
52.8,4,0,38.3905,0,0,0.1,0.1,0.15,0.2
52.8,5,0,28.1627,0,0,0.1,0.1,0.15,0.2
52.8,6,0.675411,42.5893,1,1,1.28065,6.77026,3.46312,0.431832
52.8,7,0.9,45.2821,1,1,1.48281,13.5549,4.2054,0.5
52.9,0,0,29.8588,0,0,0.1,0.1,0.15,0.2
52.9,1,0,26.7477,0,0,0.1,0.1,0.15,0.2
52.9,2,0.159923,39.2985,1,1,0.4062,1.70127,2.61205,0.243038
52.9,3,0.202533,39.5256,1,1,0.42796,1.79241,2.62885,0.256058
52.9,4,0,38.1785,0,0,0.1,0.1,0.15,0.2
52.9,5,0,28.1212,0,0,0.1,0.1,0.15,0.2
52.9,6,0.675259,42.5108,1,1,0.721626,3.02236,2.86211,0.431765
52.9,7,0.9,45.3112,1,1,3.96781,6.92728,4.89443,0.5
53,0,0,29.789,0,0,0.1,0.1,0.15,0.2
53,1,0,26.7298,0,0,0.1,0.1,0.15,0.2
53,2,0.159403,39.2568,1,1,0.432016,1.70019,2.62236,0.242884
53,3,0.202009,39.4815,1,1,0.455157,1.79126,2.63976,0.255894
53,4,0,37.9702,0,0,0.1,0.1,0.15,0.2
53,5,0,28.0804,0,0,0.1,0.1,0.15,0.2
53,6,0.675107,42.4351,1,1,0.767879,3.02197,2.88199,0.43171
53,7,0.9,45.3357,1,1,2.30697,15.9153,4.84047,0.5
53.1,0,0,29.7205,0,0,0.1,0.1,0.15,0.2
53.1,1,0,26.7122,0,0,0.1,0.1,0.15,0.2
53.1,2,0.158867,39.2218,1,1,0.78487,0.78487,2.70053,0.24273
53.1,3,0.201469,39.4443,1,1,0.826908,0.826908,2.72212,0.25573
53.1,4,0,37.7652,0,0,0.1,0.1,0.15,0.2
53.1,5,0,28.0403,0,0,0.1,0.1,0.15,0.2
53.1,6,0.674947,42.3717,1,1,1.39576,1.39576,3.02901,0.431655
53.1,7,0.9,45.5245,1,1,6.83334,11.2503,7.03591,0.5
53.2,0,0,29.653,0,0,0.1,0.1,0.15,0.2
53.2,1,0,26.6949,0,0,0.1,0.1,0.15,0.2
53.2,2,0.158259,39.2148,1,1,1.09664,3.44513,3.0673,0.24257
53.2,3,0.200852,39.4369,1,1,1.15537,3.62964,3.11122,0.255561
53.2,4,0,37.5637,0,0,0.1,0.1,0.15,0.2
53.2,5,0,28.0009,0,0,0.1,0.1,0.15,0.2
53.2,6,0.674749,42.3618,1,1,1.95121,6.12979,3.7284,0.431596
53.2,7,0.9,45.5347,1,1,2.26045,14.6717,4.69746,0.5
53.3,0,0,29.5867,0,0,0.1,0.1,0.15,0.2
53.3,1,0,26.6779,0,0,0.1,0.1,0.15,0.2
53.3,2,0.157657,39.2055,1,1,1.02605,3.4386,3.03455,0.24239
53.3,3,0.200241,39.4271,1,1,1.08099,3.62272,3.07644,0.255368
53.3,4,0,37.3656,0,0,0.1,0.1,0.15,0.2
53.3,5,0,27.9621,0,0,0.1,0.1,0.15,0.2
53.3,6,0.674555,42.3473,1,1,1.82666,6.12172,3.66533,0.431525
53.3,7,0.9,45.5485,1,1,2.11652,15.9601,4.74741,0.5
53.4,0,0,29.5216,0,0,0.1,0.1,0.15,0.2
53.4,1,0,26.6612,0,0,0.1,0.1,0.15,0.2
53.4,2,0.157022,39.2085,1,1,1.09459,4.85171,3.19678,0.242211
53.4,3,0.199597,39.4302,1,1,1.15319,5.11144,3.24789,0.255177
53.4,4,0,37.1707,0,0,0.1,0.1,0.15,0.2
53.4,5,0,27.924,0,0,0.1,0.1,0.15,0.2
53.4,6,0.674346,42.3556,1,1,1.94981,8.64242,3.96475,0.431454
53.4,7,0.9,45.5588,1,1,2.25958,14.7439,4.70392,0.5
53.5,0,0,29.4574,0,0,0.1,0.1,0.15,0.2
53.5,1,0,26.6448,0,0,0.1,0.1,0.15,0.2
53.5,2,0.15636,39.2219,1,1,1.02881,6.65703,3.33733,0.242023
53.5,3,0.198923,39.4444,1,1,1.08387,7.01331,3.39589,0.254976
53.5,4,0,36.9791,0,0,0.1,0.1,0.15,0.2
53.5,5,0,27.8865,0,0,0.1,0.1,0.15,0.2
53.5,6,0.674123,42.3823,1,1,1.83373,11.8654,4.21388,0.431378
53.5,7,0.9,45.5478,1,1,2.12544,12.5028,4.42108,0.5
53.6,0,0,29.3944,0,0,0.1,0.1,0.15,0.2
53.6,1,0,26.6286,0,0,0.1,0.1,0.15,0.2
53.6,2,0.155734,39.2215,1,1,0.959952,5.04494,3.15434,0.241827
53.6,3,0.198288,39.4438,1,1,1.01131,5.31487,3.20265,0.254766
53.6,4,0,36.7907,0,0,0.1,0.1,0.15,0.2
53.6,5,0,27.8497,0,0,0.1,0.1,0.15,0.2
53.6,6,0.673917,42.3837,1,1,1.71207,8.99761,3.88063,0.431297
53.6,7,0.9,45.5455,1,1,1.98479,14.4434,4.5357,0.5
53.7,0,0,29.3324,0,0,0.1,0.1,0.15,0.2
53.7,1,0,26.6127,0,0,0.1,0.1,0.15,0.2
53.7,2,0.155103,39.2231,1,1,0.992436,5.18871,3.18233,0.241642
53.7,3,0.197646,39.4455,1,1,1.04552,5.46626,3.23227,0.254568
53.7,4,0,36.6055,0,0,0.1,0.1,0.15,0.2
53.7,5,0,27.8134,0,0,0.1,0.1,0.15,0.2
53.7,6,0.673709,42.389,1,1,1.77105,9.25951,3.9345,0.431222
53.7,7,0.9,45.5593,1,1,2.05353,16.3174,4.74981,0.5
53.8,0,0,29.2715,0,0,0.1,0.1,0.15,0.2
53.8,1,0,26.5971,0,0,0.1,0.1,0.15,0.2
53.8,2,0.154526,39.2042,1,1,1.08812,1.69019,2.90805,0.241455
53.8,3,0.197063,39.4255,1,1,1.14631,1.78058,2.94262,0.254368
53.8,4,0,36.4233,0,0,0.1,0.1,0.15,0.2
53.8,5,0,27.7778,0,0,0.1,0.1,0.15,0.2
53.8,6,0.673527,42.3571,1,1,1.94296,3.01803,3.438,0.431147
53.8,7,0.9,45.5923,1,1,2.38258,17.2704,5.0094,0.5
53.9,0,0,29.2115,0,0,0.1,0.1,0.15,0.2
53.9,1,0,26.5817,0,0,0.1,0.1,0.15,0.2
53.9,2,0.153933,39.1917,1,1,1.18549,2.12495,2.99031,0.241285
53.9,3,0.196461,39.4123,1,1,1.24888,2.23857,3.02989,0.254186
53.9,4,0,36.2442,0,0,0.1,0.1,0.15,0.2
53.9,5,0,27.7428,0,0,0.1,0.1,0.15,0.2
53.9,6,0.673337,42.3376,1,1,2.118,3.79645,3.59724,0.43108
53.9,7,0.9,45.6344,1,1,2.45662,18.2021,5.13722,0.5
54,0,0,29.1526,0,0,0.1,0.1,0.15,0.2
54,1,0,26.5666,0,0,0.1,0.1,0.15,0.2
54,2,0.15333,39.1829,1,1,1.24526,2.33423,3.03654,0.24111
54,3,0.195851,39.403,1,1,1.31183,2.45901,3.07892,0.253999
54,4,0,36.068,0,0,0.1,0.1,0.15,0.2
54,5,0,27.7083,0,0,0.1,0.1,0.15,0.2
54,6,0.673142,42.3252,1,1,2.22604,4.17269,3.68715,0.431011
54,7,0.9,45.6621,1,1,2.58234,15.602,4.95394,0.5
54.1,0,0,29.0946,0,0,0.1,0.1,0.15,0.2
54.1,1,0,26.5517,0,0,0.1,0.1,0.15,0.2
54.1,2,0.152803,39.1459,1,1,0.520471,1.68652,2.65745,0.240932
54.1,3,0.195319,39.3637,1,1,0.548289,1.77666,2.67687,0.253809
54.1,4,0,35.8948,0,0,0.1,0.1,0.15,0.2
54.1,5,0,27.6744,0,0,0.1,0.1,0.15,0.2
54.1,6,0.672986,42.2579,1,1,0.930935,3.01658,2.95322,0.43094
54.1,7,0.9,45.7584,1,1,4.65888,13.0711,5.87615,0.5
54.2,0,0,29.0376,0,0,0.1,0.1,0.15,0.2
54.2,1,0,26.5371,0,0,0.1,0.1,0.15,0.2
54.2,2,0.152306,39.0979,1,1,0.382429,0.382429,2.50437,0.240776
54.2,3,0.194821,39.3129,1,1,0.402867,0.402867,2.51377,0.253644
54.2,4,0,35.7245,0,0,0.1,0.1,0.15,0.2
54.2,5,0,27.6411,0,0,0.1,0.1,0.15,0.2
54.2,6,0.672845,42.169,1,1,0.684378,0.684378,2.64965,0.430883
54.2,7,0.9,45.8934,1,1,6.64875,5.84997,6.41314,0.5
54.3,0,0,28.9816,0,0,0.1,0.1,0.15,0.2
54.3,1,0,26.5228,0,0,0.1,0.1,0.15,0.2
54.3,2,0.151848,39.0358,1,1,0.0416833,0.0416833,2.30511,0.24063
54.3,3,0.19436,39.2484,1,1,0.0439108,0.0439108,2.3215,0.253489
54.3,4,0,35.557,0,0,0.1,0.1,0.15,0.2
54.3,5,0,27.6083,0,0,0.1,0.1,0.15,0.2
54.3,6,0.67272,42.061,1,1,0.0746311,0.0746311,2.37503,0.430832
54.3,7,0.9,45.9854,1,1,4.68702,12.8183,5.8687,0.5
54.4,0,0,28.9265,0,0,0.1,0.1,0.15,0.2
54.4,1,0,26.5086,0,0,0.1,0.1,0.15,0.2
54.4,2,0.151315,39.0036,1,1,0.595705,1.68347,2.68875,0.240495
54.4,3,0.193822,39.2142,1,1,0.627537,1.77342,2.71002,0.253346
54.4,4,0,35.3923,0,0,0.1,0.1,0.15,0.2
54.4,5,0,27.5761,0,0,0.1,0.1,0.15,0.2
54.4,6,0.67256,42.0027,1,1,1.06705,3.0155,3.01463,0.430786
54.4,7,0.9,46.0431,1,1,4.08749,11.9068,5.43279,0.5
54.5,0,0,28.8723,0,0,0.1,0.1,0.15,0.2
54.5,1,0,26.4947,0,0,0.1,0.1,0.15,0.2
54.5,2,0.150713,38.9979,0,1,0.96101,3.7701,3.03583,0.240338
54.5,3,0.193212,39.2081,1,1,1.01236,3.97153,3.07752,0.253179
54.5,4,0,35.2303,0,0,0.1,0.1,0.15,0.2
54.5,5,0,27.5444,0,0,0.1,0.1,0.15,0.2
54.5,6,0.672366,41.9948,1,1,1.7223,6.75666,3.67343,0.430728
54.5,7,0.9,46.03,1,1,1.99928,14.0204,4.50247,0.5
54.6,0,0,28.819,0,0,0.1,0.1,0.15,0.2
54.6,1,0,26.4811,0,0,0.1,0.1,0.15,0.2
54.6,2,0.149912,39.0674,0,1,1.92366,9.54638,4.03751,0.480323
54.6,3,0.192581,39.2095,1,1,1.01321,5.02816,3.17654,0.25299
54.6,4,0,35.0711,0,0,0.1,0.1,0.15,0.2
54.6,5,0,27.5132,0,0,0.1,0.1,0.15,0.2
54.6,6,0.672162,42,1,1,1.72475,8.55928,3.8452,0.430657
54.6,7,0.9,46.0512,1,1,2.00246,18.7289,4.95552,0.5
54.7,0,0,28.7666,0,0,0.1,0.1,0.15,0.2
54.7,1,0,26.4676,0,0,0.1,0.1,0.15,0.2
54.7,2,0.149314,39.0587,0,1,1.2435,2.04162,3.01033,0.239926
54.7,3,0.191976,39.2016,1,1,1.3102,2.15112,3.05129,0.252795
54.7,4,0,34.9145,0,0,0.1,0.1,0.15,0.2
54.7,5,0,27.4826,0,0,0.1,0.1,0.15,0.2
54.7,6,0.67197,41.9899,1,1,2.23165,3.66398,3.64374,0.430583
54.7,7,0.9,46.0507,1,1,2.59142,12.5913,4.67098,0.5
54.8,0,0,28.7151,0,0,0.1,0.1,0.15,0.2
54.8,1,0,26.4544,0,0,0.1,0.1,0.15,0.2
54.8,2,0.148715,39.051,0,1,0.910017,3.8586,3.02134,0.239751
54.8,3,0.191368,39.1945,1,1,0.958818,4.06552,3.06224,0.252608
54.8,4,0,34.7605,0,0,0.1,0.1,0.15,0.2
54.8,5,0,27.4525,0,0,0.1,0.1,0.15,0.2
54.8,6,0.671777,41.9803,1,1,1.63409,6.92876,3.64652,0.430513
54.8,7,0.9,46.0392,1,1,1.89784,14.7885,4.52536,0.5
54.9,0,0,28.6644,0,0,0.1,0.1,0.15,0.2
54.9,1,0,26.4414,0,0,0.1,0.1,0.15,0.2
54.9,2,0.14812,39.0418,0,1,0.999409,3.18989,2.99975,0.239575
54.9,3,0.190765,39.1859,1,1,1.05299,3.36092,3.03967,0.25242
54.9,4,0,34.609,0,0,0.1,0.1,0.15,0.2
54.9,5,0,27.4229,0,0,0.1,0.1,0.15,0.2
54.9,6,0.671586,41.9682,1,1,1.79563,5.73125,3.61335,0.430442
54.9,7,0.9,46.0539,1,1,2.0858,17.4174,4.87159,0.5
55,0,0,28.6146,0,0,0.1,0.1,0.15,0.2
55,1,0,26.4287,0,0,0.1,0.1,0.15,0.2
55,2,0.147544,39.0255,0,1,1.08025,1.6758,2.90322,0.239401
55,3,0.190182,39.1698,1,1,1.13815,1.76563,2.93757,0.252233
55,4,0,34.4601,0,0,0.1,0.1,0.15,0.2
55,5,0,27.3937,0,0,0.1,0.1,0.15,0.2
55,6,0.671404,41.9432,1,1,1.94197,3.01261,3.43702,0.430373
55,7,0.9,46.0738,1,1,2.8014,14.2841,4.94417,0.5
55.1,0,0,28.5656,0,0,0.1,0.1,0.15,0.2
55.1,1,0,26.4161,0,0,0.1,0.1,0.15,0.2
55.1,2,0.147022,38.9888,0,1,0.448699,1.67462,2.62689,0.239232
55.1,3,0.189658,39.132,1,1,0.472747,1.76437,2.64456,0.252053
55.1,4,0,34.3137,0,0,0.1,0.1,0.15,0.2
55.1,5,0,27.3651,0,0,0.1,0.1,0.15,0.2
55.1,6,0.67125,41.8782,1,1,0.807075,3.01214,2.89812,0.430306
55.1,7,0.9,46.1734,1,1,4.53146,15.2672,6.01042,0.5
55.2,0,0,28.5174,0,0,0.1,0.1,0.15,0.2
55.2,1,0,26.4038,0,0,0.1,0.1,0.15,0.2
55.2,2,0.146523,38.9442,0,1,0.405919,0.405919,2.51518,0.239079
55.2,3,0.189157,39.0859,1,1,0.427672,0.427672,2.52528,0.251891
55.2,4,0,34.1698,0,0,0.1,0.1,0.15,0.2
55.2,5,0,27.3369,0,0,0.1,0.1,0.15,0.2
55.2,6,0.671109,41.7974,1,1,0.730498,0.730498,2.67287,0.43025
55.2,7,0.9,46.385,1,1,7.42451,12.4423,7.52643,0.5
55.3,0,0,28.47,0,0,0.1,0.1,0.15,0.2
55.3,1,0,26.3916,0,0,0.1,0.1,0.15,0.2
55.3,2,0.146003,38.9085,0,1,0.628611,0.628611,2.62191,0.238933
55.3,3,0.188633,39.049,1,1,0.662296,0.662296,2.63862,0.251737
55.3,4,0,34.0282,0,0,0.1,0.1,0.15,0.2
55.3,5,0,27.3092,0,0,0.1,0.1,0.15,0.2
55.3,6,0.670956,41.7337,1,1,1.13181,1.13181,2.88352,0.430199
55.3,7,0.9,46.6053,1,1,7.45006,13.9865,7.68932,0.5
55.4,0,0,28.4234,0,0,0.1,0.1,0.15,0.2
55.4,1,0,26.3797,0,0,0.1,0.1,0.15,0.2
55.4,2,0.145465,38.8801,0,1,0.808533,0.808533,2.71266,0.238781
55.4,3,0.188091,39.02,1,1,0.851855,0.851855,2.73502,0.251576
55.4,4,0,33.889,0,0,0.1,0.1,0.15,0.2
55.4,5,0,27.282,0,0,0.1,0.1,0.15,0.2
55.4,6,0.670794,41.6845,1,1,1.4565,1.4565,3.06315,0.430143
55.4,7,0.9,46.8412,1,1,8.03869,12.6699,7.9465,0.5
55.5,0,0,28.3776,0,0,0.1,0.1,0.15,0.2
55.5,1,0,26.3679,0,0,0.1,0.1,0.15,0.2
55.5,2,0.144956,38.8411,0,1,0.51098,0.51098,2.56465,0.238624
55.5,3,0.187579,38.9796,0,1,0.538356,0.538356,2.57781,0.251408
55.5,4,0,33.7521,0,0,0.1,0.1,0.15,0.2
55.5,5,0,27.2552,0,0,0.1,0.1,0.15,0.2
55.5,6,0.670648,41.6143,1,1,0.920964,0.920964,2.77105,0.430084
55.5,7,0.9,47.0576,1,1,7.76573,12.3579,7.73909,0.5
55.6,0,0,28.3326,0,0,0.1,0.1,0.15,0.2
55.6,1,0,26.3564,0,0,0.1,0.1,0.15,0.2
55.6,2,0.144442,38.8046,0,1,0.354498,1.66933,2.58868,0.238476
55.6,3,0.187,38.9656,0,1,0.746978,3.51751,2.91864,0.502502
55.6,4,0,33.6174,0,0,0.1,0.1,0.15,0.2
55.6,5,0,27.2289,0,0,0.1,0.1,0.15,0.2
55.6,6,0.670498,41.5493,1,1,0.639247,3.01021,2.82606,0.43003
55.6,7,0.9,47.1787,1,1,6.05984,10.89,6.51698,0.5
55.7,0,0,28.2883,0,0,0.1,0.1,0.15,0.2
55.7,1,0,26.345,0,0,0.1,0.1,0.15,0.2
55.7,2,0.143869,38.7911,0,1,1.0099,1.87762,2.88796,0.238326
55.7,3,0.186282,39.0041,0,1,2.12782,3.9561,3.61681,0.502146
55.7,4,0,33.4851,0,0,0.1,0.1,0.15,0.2
55.7,5,0,27.203,0,0,0.1,0.1,0.15,0.2
55.7,6,0.670318,41.5293,1,1,1.82201,3.38751,3.41037,0.429975
55.7,7,0.9,47.1771,1,1,2.11873,17.6067,4.90642,0.5
55.8,0,0,28.2447,0,0,0.1,0.1,0.15,0.2
55.8,1,0,26.3339,0,0,0.1,0.1,0.15,0.2
55.8,2,0.143269,38.7881,0,1,1.17445,2.56628,3.02386,0.238159
55.8,3,0.185503,39.0654,0,1,2.47409,5.40611,3.93017,0.501705
55.8,4,0,33.3549,0,0,0.1,0.1,0.15,0.2
55.8,5,0,27.1775,0,0,0.1,0.1,0.15,0.2
55.8,6,0.670123,41.5294,1,1,2.12004,4.63248,3.67484,0.429909
55.8,7,0.9,47.1936,1,1,2.46568,18.2729,5.14874,0.5
55.9,0,0,28.2019,0,0,0.1,0.1,0.15,0.2
55.9,1,0,26.3229,0,0,0.1,0.1,0.15,0.2
55.9,2,0.142664,38.7871,0,1,1.23386,2.56693,3.05168,0.237984
55.9,3,0.18471,39.1307,0,1,2.59868,5.40629,3.996,0.501226
55.9,4,0,33.2269,0,0,0.1,0.1,0.15,0.2
55.9,5,0,27.1525,0,0,0.1,0.1,0.15,0.2
55.9,6,0.669926,41.5337,1,1,2.22856,4.6363,3.73101,0.429838
55.9,7,0.9,47.2183,1,1,2.59233,18.75,5.26085,0.5
56,0,0,28.1598,0,0,0.1,0.1,0.15,0.2
56,1,0,26.3121,0,0,0.1,0.1,0.15,0.2
56,2,0.142056,38.787,0,1,1.2776,2.44633,3.06161,0.237808
56,3,0.183912,39.1968,0,1,2.69017,5.1511,4.02107,0.500739
56,4,0,33.101,0,0,0.1,0.1,0.15,0.2
56,5,0,27.1278,0,0,0.1,0.1,0.15,0.2
56,6,0.669727,41.5396,1,1,2.30887,4.421,3.75283,0.429766
56,7,0.9,47.2463,1,1,2.6862,18.75,5.31042,0.5
56.1,0,0,28.1184,0,0,0.1,0.1,0.15,0.2
56.1,1,0,26.3015,0,0,0.1,0.1,0.15,0.2
56.1,2,0.141426,38.7954,0,1,1.2824,3.68647,3.17561,0.237631
56.1,3,0.183065,39.2804,0,1,2.69964,7.76059,4.26992,0.50025
56.1,4,0,32.9773,0,0,0.1,0.1,0.15,0.2
56.1,5,0,27.1036,0,0,0.1,0.1,0.15,0.2
56.1,6,0.669517,41.5615,1,1,2.31888,6.66602,3.96666,0.429694
56.1,7,0.9,47.249,1,1,2.69829,15.2307,4.97972,0.5
56.2,0,0,28.0777,0,0,0.1,0.1,0.15,0.2
56.2,1,0,26.291,0,0,0.1,0.1,0.15,0.2
56.2,2,0.140847,38.7845,0,1,1.0643,1.96696,2.92052,0.237448
56.2,3,0.182332,39.3192,0,1,2.23992,4.13964,3.69131,0.499731
56.2,4,0,32.8556,0,0,0.1,0.1,0.15,0.2
56.2,5,0,27.0798,0,0,0.1,0.1,0.15,0.2
56.2,6,0.669333,41.5463,1,1,1.92565,3.55883,3.47789,0.429617
56.2,7,0.9,47.2139,1,1,2.24113,12.4665,4.4767,0.5
56.3,0,0,28.0376,0,0,0.1,0.1,0.15,0.2
56.3,1,0,26.2807,0,0,0.1,0.1,0.15,0.2
56.3,2,0.14027,38.7727,0,1,0.872456,2.78271,2.90599,0.23728
56.3,3,0.181609,39.3539,0,1,1.83582,5.85537,3.64493,0.499283
56.3,4,0,32.7359,0,0,0.1,0.1,0.15,0.2
56.3,5,0,27.0564,0,0,0.1,0.1,0.15,0.2
56.3,6,0.669151,41.5287,1,1,1.57941,5.03756,3.44247,0.429549
56.3,7,0.9,47.1881,1,1,1.83845,15.7911,4.59205,0.5
56.4,0,0,27.9982,0,0,0.1,0.1,0.15,0.2
56.4,1,0,26.2707,0,0,0.1,0.1,0.15,0.2
56.4,2,0.139682,38.7654,0,1,1.04505,2.56185,2.96381,0.237113
56.4,3,0.180858,39.3986,0,1,2.19859,5.38966,3.78527,0.498841
56.4,4,0,32.6182,0,0,0.1,0.1,0.15,0.2
56.4,5,0,27.0334,0,0,0.1,0.1,0.15,0.2
56.4,6,0.668963,41.5202,1,1,1.8929,4.64029,3.56042,0.429483
56.4,7,0.9,47.165,1,1,2.2037,14.2049,4.6237,0.5
56.5,0,0,27.9595,0,0,0.1,0.1,0.15,0.2
56.5,1,0,26.2607,0,0,0.1,0.1,0.15,0.2
56.5,2,0.139095,38.7581,0,1,0.97197,2.90344,2.96135,0.236942
56.5,3,0.180109,39.4416,0,1,2.04444,6.10708,3.77339,0.498383
56.5,4,0,32.5025,0,0,0.1,0.1,0.15,0.2
56.5,5,0,27.0107,0,0,0.1,0.1,0.15,0.2
56.5,6,0.668775,41.5114,1,1,1.76152,5.26194,3.55264,0.429414
56.5,7,0.9,47.1069,1,1,2.05107,10.0621,4.15064,0.5
56.6,0,0,27.9214,0,0,0.1,0.1,0.15,0.2
56.6,1,0,26.251,0,0,0.1,0.1,0.15,0.2
56.6,2,0.138545,38.7365,0,1,0.717017,2.00919,2.76896,0.236772
56.6,3,0.179448,39.4509,0,1,1.50787,4.22528,3.33255,0.497926
56.6,4,0,32.3887,0,0,0.1,0.1,0.15,0.2
56.6,5,0,26.9885,0,0,0.1,0.1,0.15,0.2
56.6,6,0.668607,41.4747,1,1,1.30019,3.64331,3.18002,0.429345
56.6,7,0.9,47.0546,1,1,1.51415,13.5001,4.21505,0.5
56.7,0,0,27.884,0,0,0.1,0.1,0.15,0.2
56.7,1,0,26.2414,0,0,0.1,0.1,0.15,0.2
56.7,2,0.137973,38.7239,0,1,0.88814,2.47461,2.88527,0.236613
56.7,3,0.178734,39.48,0,1,1.86748,5.20332,3.59989,0.497523
56.7,4,0,32.2768,0,0,0.1,0.1,0.15,0.2
56.7,5,0,26.9666,0,0,0.1,0.1,0.15,0.2
56.7,6,0.668426,41.4556,1,1,1.61134,4.48964,3.40716,0.429283
56.7,7,0.9,46.9958,1,1,1.87678,10.6262,4.11696,0.5
56.8,0,0,27.8472,0,0,0.1,0.1,0.15,0.2
56.8,1,0,26.2319,0,0,0.1,0.1,0.15,0.2
56.8,2,0.137405,38.7097,0,1,0.739075,2.91192,2.85949,0.236447
56.8,3,0.178033,39.5036,0,1,1.55377,6.12178,3.53155,0.497088
56.8,4,0,32.1668,0,0,0.1,0.1,0.15,0.2
56.8,5,0,26.9451,0,0,0.1,0.1,0.15,0.2
56.8,6,0.668249,41.4328,1,1,1.34163,5.28593,3.35189,0.429217
56.8,7,0.9,46.9507,1,1,1.56288,14.0077,4.28698,0.5
56.9,0,0,27.811,0,0,0.1,0.1,0.15,0.2
56.9,1,0,26.2226,0,0,0.1,0.1,0.15,0.2
56.9,2,0.136816,38.7039,0,1,0.919765,3.25471,2.96997,0.236283
56.9,3,0.177282,39.5458,0,1,1.93332,6.84132,3.78624,0.496661
56.9,4,0,32.0586,0,0,0.1,0.1,0.15,0.2
56.9,5,0,26.9239,0,0,0.1,0.1,0.15,0.2
56.9,6,0.66806,41.4265,1,1,1.67053,5.91141,3.56857,0.429152
56.9,7,0.9,46.9292,1,1,1.94632,15.226,4.59142,0.5
57,0,0,27.7754,0,0,0.1,0.1,0.15,0.2
57,1,0,26.2135,0,0,0.1,0.1,0.15,0.2
57,2,0.136219,38.7013,0,1,1.01365,3.23536,3.01034,0.236113
57,3,0.176512,39.5945,0,1,2.13025,6.79929,3.88202,0.496205
57,4,0,31.9522,0,0,0.1,0.1,0.15,0.2
57,5,0,26.9031,0,0,0.1,0.1,0.15,0.2
57,6,0.667867,41.4265,1,1,1.84209,5.87955,3.65032,0.429083
57,7,0.9,46.876,1,1,2.14654,9.68029,4.16283,0.5
57.1,0,0,27.7404,0,0,0.1,0.1,0.15,0.2
57.1,1,0,26.2045,0,0,0.1,0.1,0.15,0.2
57.1,2,0.135657,38.6853,0,1,0.697607,2.79932,2.83144,0.235941
57.1,3,0.175824,39.6113,0,1,1.46575,5.88168,3.46669,0.495737
57.1,4,0,31.8476,0,0,0.1,0.1,0.15,0.2
57.1,5,0,26.8826,0,0,0.1,0.1,0.15,0.2
57.1,6,0.667693,41.4002,1,1,1.26846,5.09002,3.29924,0.429012
57.1,7,0.9,46.8479,1,1,1.47835,16.5173,4.48747,0.5
57.2,0,0,27.706,0,0,0.1,0.1,0.15,0.2
57.2,1,0,26.1957,0,0,0.1,0.1,0.15,0.2
57.2,2,0.135067,38.6804,0,1,1.06075,2.61509,2.97573,0.235779
57.2,3,0.175068,39.6535,0,1,2.2284,5.49374,3.81031,0.495319
57.2,4,0,31.7447,0,0,0.1,0.1,0.15,0.2
57.2,5,0,26.8625,0,0,0.1,0.1,0.15,0.2
57.2,6,0.667503,41.3961,1,1,1.9298,4.7576,3.58981,0.428948
57.2,7,0.9,46.8051,1,1,2.24945,10.3965,4.28365,0.5
57.3,0,0,27.6721,0,0,0.1,0.1,0.15,0.2
57.3,1,0,26.187,0,0,0.1,0.1,0.15,0.2
57.3,2,0.134445,38.6872,0,1,0.744871,5.78655,3.13099,0.235609
57.3,3,0.174252,39.7176,0,1,1.56449,12.1538,4.11022,0.494861
57.3,4,0,31.6435,0,0,0.1,0.1,0.15,0.2
57.3,5,0,26.8427,0,0,0.1,0.1,0.15,0.2
57.3,6,0.667299,41.4121,1,1,1.35589,10.5333,3.85639,0.428878
57.3,7,0.9,46.7593,1,1,1.58074,13.3831,4.23571,0.5
57.4,0,0,27.6388,0,0,0.1,0.1,0.15,0.2
57.4,1,0,26.1785,0,0,0.1,0.1,0.15,0.2
57.4,2,0.133837,38.6893,0,1,0.880733,4.50847,3.06903,0.23543
57.4,3,0.17346,39.7718,0,1,1.84941,9.46712,3.99298,0.494367
57.4,4,0,31.544,0,0,0.1,0.1,0.15,0.2
57.4,5,0,26.8232,0,0,0.1,0.1,0.15,0.2
57.4,6,0.6671,41.42,1,1,1.60414,8.21158,3.75342,0.428803
57.4,7,0.9,46.7636,1,1,1.87048,18.75,4.89183,0.5
57.5,0,0,27.6061,0,0,0.1,0.1,0.15,0.2
57.5,1,0,26.1701,0,0,0.1,0.1,0.15,0.2
57.5,2,0.133225,38.6923,0,1,1.23373,2.90948,3.0822,0.235254
57.5,3,0.172655,39.8298,0,1,2.59007,6.1081,4.05671,0.493888
57.5,4,0,31.4462,0,0,0.1,0.1,0.15,0.2
57.5,5,0,26.8041,0,0,0.1,0.1,0.15,0.2
57.5,6,0.666899,41.4316,1,1,2.24837,5.30228,3.80283,0.428731
57.5,7,0.9,46.7888,1,1,2.62213,17.6625,5.17228,0.5
57.6,0,0,27.5739,0,0,0.1,0.1,0.15,0.2
57.6,1,0,26.1619,0,0,0.1,0.1,0.15,0.2
57.6,2,0.132622,38.6919,0,1,1.19212,2.62836,3.03761,0.235079
57.6,3,0.17187,39.8793,0,1,2.50212,5.5166,3.95518,0.493401
57.6,4,0,31.35,0,0,0.1,0.1,0.15,0.2
57.6,5,0,26.7853,0,0,0.1,0.1,0.15,0.2
57.6,6,0.666702,41.4365,1,1,2.17379,4.79271,3.7172,0.428657
57.6,7,0.9,46.7753,1,1,2.53558,12.8057,4.66204,0.5
57.7,0,0,27.5423,0,0,0.1,0.1,0.15,0.2
57.7,1,0,26.1537,0,0,0.1,0.1,0.15,0.2
57.7,2,0.132004,38.6973,0,1,0.900939,4.90583,3.11519,0.234905
57.7,3,0.171058,39.9382,0,1,1.89054,10.2944,4.09218,0.492927
57.7,4,0,31.2555,0,0,0.1,0.1,0.15,0.2
57.7,5,0,26.7668,0,0,0.1,0.1,0.15,0.2
57.7,6,0.666499,41.4508,1,1,1.64376,8.95067,3.84286,0.428584
57.7,7,0.9,46.7565,1,1,1.91766,15.3493,4.58895,0.5
57.8,0,0,27.5111,0,0,0.1,0.1,0.15,0.2
57.8,1,0,26.1458,0,0,0.1,0.1,0.15,0.2
57.8,2,0.131374,38.7071,0,1,1.01326,4.99874,3.17381,0.234728
57.8,3,0.170219,40.0064,0,1,2.12572,10.4869,4.22894,0.492437
57.8,4,0,31.1624,0,0,0.1,0.1,0.15,0.2
57.8,5,0,26.7486,0,0,0.1,0.1,0.15,0.2
57.8,6,0.666289,41.4736,1,1,1.84976,9.1255,3.96068,0.42851
57.8,7,0.9,46.7477,1,1,2.15837,15.4258,4.71746,0.5
57.9,0,0,27.4805,0,0,0.1,0.1,0.15,0.2
57.9,1,0,26.1379,0,0,0.1,0.1,0.15,0.2
57.9,2,0.130743,38.7173,0,1,1.03108,5.00834,3.18271,0.234547
57.9,3,0.169376,40.075,0,1,2.16255,10.5043,4.24937,0.491931
57.9,4,0,31.071,0,0,0.1,0.1,0.15,0.2
57.9,5,0,26.7307,0,0,0.1,0.1,0.15,0.2
57.9,6,0.666079,41.4976,1,1,1.8834,9.14841,3.97959,0.428433
57.9,7,0.9,46.7332,1,1,2.19802,14.4,4.63947,0.5
58,0,0,27.4504,0,0,0.1,0.1,0.15,0.2
58,1,0,26.1302,0,0,0.1,0.1,0.15,0.2
58,2,0.130135,38.7186,0,1,0.972506,4.0303,3.06508,0.234366
58,3,0.168584,40.1231,0,1,2.03917,8.4508,3.99161,0.491424
58,4,0,30.9811,0,0,0.1,0.1,0.15,0.2
58,5,0,26.7131,0,0,0.1,0.1,0.15,0.2
58,6,0.66588,41.5045,1,1,1.77747,7.36624,3.75814,0.428355
58,7,0.9,46.7352,1,1,2.07476,17.32,4.85668,0.5
58.1,0,0,27.4209,0,0,0.1,0.1,0.15,0.2
58.1,1,0,26.1226,0,0,0.1,0.1,0.15,0.2
58.1,2,0.129512,38.7255,0,1,1.13553,4.04931,3.14078,0.234192
58.1,3,0.167757,40.1839,0,1,2.38045,8.48875,4.17043,0.490947
58.1,4,0,30.8926,0,0,0.1,0.1,0.15,0.2
58.1,5,0,26.6958,0,0,0.1,0.1,0.15,0.2
58.1,6,0.665673,41.5228,1,1,2.07661,7.40523,3.91175,0.428282
58.1,7,0.9,46.7329,1,1,2.42435,14.8475,4.79902,0.5
58.2,0,0,27.3918,0,0,0.1,0.1,0.15,0.2
58.2,1,0,26.1152,0,0,0.1,0.1,0.15,0.2
58.2,2,0.128875,38.7376,0,1,1.01046,5.40952,3.21118,0.234014
58.2,3,0.166902,40.2537,0,1,2.11775,11.3373,4.30593,0.49045
58.2,4,0,30.8057,0,0,0.1,0.1,0.15,0.2
58.2,5,0,26.6788,0,0,0.1,0.1,0.15,0.2
58.2,6,0.665459,41.5499,1,1,1.84898,9.8985,4.03382,0.428206
58.2,7,0.9,46.7344,1,1,2.15898,16.803,4.84977,0.5
58.3,0,0,27.3631,0,0,0.1,0.1,0.15,0.2
58.3,1,0,26.1078,0,0,0.1,0.1,0.15,0.2
58.3,2,0.128185,38.7691,0,1,1.10848,7.70589,3.47283,0.233832
58.3,3,0.165936,40.3648,0,1,2.32254,16.1458,4.87058,0.489937
58.3,4,0,30.7202,0,0,0.1,0.1,0.15,0.2
58.3,5,0,26.662,0,0,0.1,0.1,0.15,0.2
58.3,6,0.66522,41.6135,1,1,2.02953,14.1089,4.52614,0.428128
58.3,7,0.9,46.7024,1,1,2.37024,10.9971,4.40325,0.5
58.4,0,0,27.335,0,0,0.1,0.1,0.15,0.2
58.4,1,0,26.1006,0,0,0.1,0.1,0.15,0.2
58.4,2,0.127539,38.7841,0,1,1.10087,5.49269,3.2598,0.233635
58.4,3,0.165059,40.4401,0,1,2.30581,11.5047,4.41824,0.489358
58.4,4,0,30.6361,0,0,0.1,0.1,0.15,0.2
58.4,5,0,26.6456,0,0,0.1,0.1,0.15,0.2
58.4,6,0.665001,41.6467,1,1,2.01689,10.0631,4.13347,0.428039
58.4,7,0.9,46.7029,1,1,2.35596,15.5368,4.82952,0.5
58.5,0,0,27.3073,0,0,0.1,0.1,0.15,0.2
58.5,1,0,26.0935,0,0,0.1,0.1,0.15,0.2
58.5,2,0.126951,38.7767,0,1,1.04427,2.5713,2.9643,0.23345
58.5,3,0.16431,40.4662,0,1,2.18665,5.38418,3.77861,0.488833
58.5,4,0,30.5534,0,0,0.1,0.1,0.15,0.2
58.5,5,0,26.6294,0,0,0.1,0.1,0.15,0.2
58.5,6,0.664812,41.6376,1,1,1.91434,4.71369,3.57798,0.427959
58.5,7,0.9,46.7219,1,1,2.2366,18.75,5.07615,0.5
58.6,0,0,27.2801,0,0,0.1,0.1,0.15,0.2
58.6,1,0,26.0865,0,0,0.1,0.1,0.15,0.2
58.6,2,0.126329,38.782,0,1,1.29061,3.17678,3.13303,0.233283
58.6,3,0.163483,40.5209,0,1,2.70194,6.65068,4.16692,0.488384
58.6,4,0,30.4721,0,0,0.1,0.1,0.15,0.2
58.6,5,0,26.6135,0,0,0.1,0.1,0.15,0.2
58.6,6,0.664605,41.6538,1,1,2.36726,5.82687,3.91335,0.427889
58.6,7,0.9,46.7554,1,1,2.7662,17.9218,5.27355,0.5
58.7,0,0,27.2534,0,0,0.1,0.1,0.15,0.2
58.7,1,0,26.0797,0,0,0.1,0.1,0.15,0.2
58.7,2,0.125677,38.7986,0,1,1.20562,5.2346,3.28359,0.233105
58.7,3,0.162594,40.5982,0,1,2.52337,10.956,4.47932,0.48789
58.7,4,0,30.3921,0,0,0.1,0.1,0.15,0.2
58.7,5,0,26.5979,0,0,0.1,0.1,0.15,0.2
58.7,6,0.664383,41.6904,1,1,2.21265,9.60694,4.18968,0.427813
58.7,7,0.9,46.7825,1,1,2.586,18.1061,5.19577,0.5
58.8,0,0,27.2271,0,0,0.1,0.1,0.15,0.2
58.8,1,0,26.0729,0,0,0.1,0.1,0.15,0.2
58.8,2,0.12506,38.802,0,1,1.2049,3.38499,3.1118,0.23292
58.8,3,0.161778,40.6466,0,1,2.52112,7.08273,4.11154,0.48736
58.8,4,0,30.3135,0,0,0.1,0.1,0.15,0.2
58.8,5,0,26.5825,0,0,0.1,0.1,0.15,0.2
58.8,6,0.664178,41.7025,1,1,2.21266,6.21616,3.8696,0.427731
58.8,7,0.9,46.7974,1,1,2.58651,16.4618,5.03846,0.5
58.9,0,0,27.2012,0,0,0.1,0.1,0.15,0.2
58.9,1,0,26.0663,0,0,0.1,0.1,0.15,0.2
58.9,2,0.124432,38.8092,0,1,1.10835,4.41753,3.16251,0.232744
58.9,3,0.160943,40.7015,0,1,2.31853,9.24094,4.20952,0.486873
58.9,4,0,30.2362,0,0,0.1,0.1,0.15,0.2
58.9,5,0,26.5674,0,0,0.1,0.1,0.15,0.2
58.9,6,0.663969,41.721,1,1,2.03653,8.11699,3.95867,0.427656
58.9,7,0.9,46.8204,1,1,2.38104,18.75,5.15051,0.5
59,0,0,27.1758,0,0,0.1,0.1,0.15,0.2
59,1,0,26.0598,0,0,0.1,0.1,0.15,0.2
59,2,0.123813,38.8131,0,1,1.2484,3.25824,3.12058,0.232566
59,3,0.160123,40.7498,0,1,2.61084,6.81409,4.13375,0.486375
59,4,0,30.1602,0,0,0.1,0.1,0.15,0.2
59,5,0,26.5525,0,0,0.1,0.1,0.15,0.2
59,6,0.663763,41.7342,1,1,2.29522,5.99035,3.89115,0.427579
59,7,0.9,46.847,1,1,2.68397,17.6503,5.20382,0.5
59.1,0,0,27.1508,0,0,0.1,0.1,0.15,0.2
59.1,1,0,26.0534,0,0,0.1,0.1,0.15,0.2
59.1,2,0.123216,38.8088,0,1,1.18137,2.40172,3.01254,0.23239
59.1,3,0.159351,40.7793,0,1,2.47004,5.02159,3.89243,0.485887
59.1,4,0,30.0854,0,0,0.1,0.1,0.15,0.2
59.1,5,0,26.5379,0,0,0.1,0.1,0.15,0.2
59.1,6,0.663568,41.7314,1,1,2.17324,4.41819,3.68243,0.427503
59.1,7,0.9,46.8581,1,1,2.54178,16.3426,5.00353,0.5
59.2,0,0,27.1262,0,0,0.1,0.1,0.15,0.2
59.2,1,0,26.0471,0,0,0.1,0.1,0.15,0.2
59.2,2,0.122604,38.81,0,1,1.09634,3.63063,3.08418,0.23222
59.2,3,0.158549,40.8193,0,1,2.29175,7.58938,4.03945,0.485428
59.2,4,0,30.0119,0,0,0.1,0.1,0.15,0.2
59.2,5,0,26.5235,0,0,0.1,0.1,0.15,0.2
59.2,6,0.663366,41.7386,1,1,2.01794,6.68262,3.81396,0.427431
59.2,7,0.9,46.8717,1,1,2.36055,17.6922,5.03844,0.5
59.3,0,0,27.102,0,0,0.1,0.1,0.15,0.2
59.3,1,0,26.0409,0,0,0.1,0.1,0.15,0.2
59.3,2,0.121956,38.8246,0,1,1.16329,5.23324,3.26395,0.232047
59.3,3,0.15767,40.8878,0,1,2.43116,10.9369,4.42922,0.484952
59.3,4,0,29.9396,0,0,0.1,0.1,0.15,0.2
59.3,5,0,26.5093,0,0,0.1,0.1,0.15,0.2
59.3,6,0.663146,41.7714,1,1,2.14242,9.63796,4.1567,0.427357
59.3,7,0.9,46.8959,1,1,2.50659,18.4121,5.18345,0.5
59.4,0,0,27.0782,0,0,0.1,0.1,0.15,0.2
59.4,1,0,26.0348,0,0,0.1,0.1,0.15,0.2
59.4,2,0.121323,38.8335,0,1,1.21257,4.20341,3.19064,0.231863
59.4,3,0.156821,40.9439,0,1,2.53342,8.78216,4.27828,0.484431
59.4,4,0,29.8686,0,0,0.1,0.1,0.15,0.2
59.4,5,0,26.4954,0,0,0.1,0.1,0.15,0.2
59.4,6,0.662934,41.7937,1,1,2.23451,7.746,4.02468,0.427275
59.4,7,0.9,46.8883,1,1,2.61484,13.4399,4.76434,0.5
59.5,0,0,27.0548,0,0,0.1,0.1,0.15,0.2
59.5,1,0,26.0288,0,0,0.1,0.1,0.15,0.2
59.5,2,0.120713,38.8335,0,1,0.929905,4.32994,3.07402,0.231684
59.5,3,0.156028,40.9781,0,1,1.94233,9.04411,3.99912,0.483928
59.5,4,0,29.7987,0,0,0.1,0.1,0.15,0.2
59.5,5,0,26.4818,0,0,0.1,0.1,0.15,0.2
59.5,6,0.662733,41.7978,1,1,1.71463,7.98387,3.78566,0.427197
59.5,7,0.9,46.8582,1,1,2.00684,13.567,4.46287,0.5
59.6,0,0,27.0318,0,0,0.1,0.1,0.15,0.2
59.6,1,0,26.0229,0,0,0.1,0.1,0.15,0.2
59.6,2,0.120145,38.8177,0,1,0.90138,2.17219,2.86441,0.231512
59.6,3,0.155325,40.9777,0,1,1.88232,4.53611,3.5455,0.483458
59.6,4,0,29.7299,0,0,0.1,0.1,0.15,0.2
59.6,5,0,26.4683,0,0,0.1,0.1,0.15,0.2
59.6,6,0.662554,41.7719,1,1,1.66298,4.00754,3.38803,0.427123
59.6,7,0.9,46.789,1,1,1.94673,8.33391,3.93396,0.5
59.7,0,0,27.0092,0,0,0.1,0.1,0.15,0.2
59.7,1,0,26.0171,0,0,0.1,0.1,0.15,0.2
59.7,2,0.119508,38.828,0,1,0.594609,7.24109,3.20727,0.231351
59.7,3,0.154483,41.0296,1,1,1.24149,15.1188,4.24277,0.483042
59.7,4,0,29.6624,0,0,0.1,0.1,0.15,0.2
59.7,5,0,26.4551,0,0,0.1,0.1,0.15,0.2
59.7,6,0.662342,41.7931,1,1,1.0976,13.3665,4.00931,0.427057
59.7,7,0.9,46.7528,1,1,1.28508,16.1242,4.35937,0.5
59.8,0,0,26.987,0,0,0.1,0.1,0.15,0.2
59.8,1,0,26.0114,0,0,0.1,0.1,0.15,0.2
59.8,2,0.118869,38.8391,0,1,1.00613,5.54073,3.22161,0.231171
59.8,3,0.153835,41.0072,1,1,1.05009,5.78283,3.26417,0.241272
59.8,4,0,29.5959,0,0,0.1,0.1,0.15,0.2
59.8,5,0,26.4421,0,0,0.1,0.1,0.15,0.2
59.8,6,0.662126,41.8185,1,1,1.85835,10.2339,4.07041,0.426978
59.8,7,0.9,46.7425,1,1,2.17616,15.111,4.69638,0.5
59.9,0,0,26.9651,0,0,0.1,0.1,0.15,0.2
59.9,1,0,26.0058,0,0,0.1,0.1,0.15,0.2
59.9,2,0.118215,38.8559,0,1,0.998296,6.39701,3.29906,0.230991
59.9,3,0.153171,40.9913,1,1,1.0419,6.67644,3.34504,0.241081
59.9,4,0,29.5306,0,0,0.1,0.1,0.15,0.2
59.9,5,0,26.4293,0,0,0.1,0.1,0.15,0.2
59.9,6,0.661903,41.8543,1,1,1.84497,11.8224,4.21534,0.426899
59.9,7,0.9,46.7452,1,1,2.1609,16.9841,4.86811,0.5
60,0,0,26.9436,0,0,0.1,0.1,0.15,0.2
60,1,0,26.0003,0,0,0.1,0.1,0.15,0.2
60,2,0.117556,38.8737,0,1,1.1047,6.07809,3.31674,0.230806
60,3,0.152504,40.9771,1,1,1.15294,6.3435,3.36381,0.240885
60,4,0,29.4663,0,0,0.1,0.1,0.15,0.2
60,5,0,26.4167,0,0,0.1,0.1,0.15,0.2
60,6,0.661678,41.8928,1,1,2.04285,11.2398,4.25868,0.426816
60,7,0.9,46.7449,1,1,2.39312,15.3258,4.82858,0.5
60.1,0,0,26.9224,0,0,0.1,0.1,0.15,0.2
60.1,1,0,25.9948,0,0,0.1,0.1,0.15,0.2
60.1,2,0.11693,38.8793,0,1,1.02159,4.7872,3.15771,0.230621
60.1,3,0.15187,40.9506,1,1,1.06619,4.99618,3.19742,0.240688
60.1,4,0,29.4031,0,0,0.1,0.1,0.15,0.2
60.1,5,0,26.4044,0,0,0.1,0.1,0.15,0.2
60.1,6,0.661469,41.9079,1,1,1.89032,8.85807,3.95546,0.426733
60.1,7,0.9,46.714,1,1,2.21487,12.019,4.42051,0.5
60.2,0,0,26.9017,0,0,0.1,0.1,0.15,0.2
60.2,1,0,25.9895,0,0,0.1,0.1,0.15,0.2
60.2,2,0.116299,38.8865,0,1,0.820027,5.96466,3.17997,0.230445
60.2,3,0.151231,40.9263,1,1,0.855815,6.22497,3.22011,0.240502
60.2,4,0,29.341,0,0,0.1,0.1,0.15,0.2
60.2,5,0,26.3922,0,0,0.1,0.1,0.15,0.2
60.2,6,0.661258,41.9248,1,1,1.51824,11.0432,3.98189,0.426656
60.2,7,0.9,46.7072,1,1,1.77923,17.5803,4.73458,0.5
60.3,0,0,26.8812,0,0,0.1,0.1,0.15,0.2
60.3,1,0,25.9843,0,0,0.1,0.1,0.15,0.2
60.3,2,0.115804,38.8422,0,1,0.117041,1.61187,2.49547,0.230267
60.3,3,0.150734,40.8486,1,1,0.122147,1.6822,2.50373,0.240314
60.3,4,0,29.2799,0,0,0.1,0.1,0.15,0.2
60.3,5,0,26.3803,0,0,0.1,0.1,0.15,0.2
60.3,6,0.661117,41.8421,1,1,0.216822,2.98604,2.65876,0.426578
60.3,7,0.9,46.8669,1,1,6.75153,10.9176,6.95268,0.5
60.4,0,0,26.8611,0,0,0.1,0.1,0.15,0.2
60.4,1,0,25.9791,0,0,0.1,0.1,0.15,0.2
60.4,2,0.115119,38.8703,0,1,1.01654,7.8961,3.44965,0.230128
60.4,3,0.150039,40.8472,1,1,1.06089,8.24058,3.5023,0.240168
60.4,4,0,29.2198,0,0,0.1,0.1,0.15,0.2
60.4,5,0,26.3685,0,0,0.1,0.1,0.15,0.2
60.4,6,0.660879,41.8992,1,1,1.88409,14.6349,4.50381,0.426526
60.4,7,0.9,46.8705,1,1,2.20864,17.1356,4.90698,0.5
60.5,0,0,26.8413,0,0,0.1,0.1,0.15,0.2
60.5,1,0,25.974,0,0,0.1,0.1,0.15,0.2
60.5,2,0.114511,38.8692,0,1,1.11315,3.36967,3.06797,0.229936
60.5,3,0.149423,40.8158,1,1,1.1617,3.51663,3.10378,0.239963
60.5,4,0,29.1607,0,0,0.1,0.1,0.15,0.2
60.5,5,0,26.3569,0,0,0.1,0.1,0.15,0.2
60.5,6,0.660678,41.9023,1,1,2.06444,6.24938,3.79688,0.426438
60.5,7,0.9,46.88,1,1,2.42057,16.8375,4.98763,0.5
60.6,0,0,26.8219,0,0,0.1,0.1,0.15,0.2
60.6,1,0,25.9691,0,0,0.1,0.1,0.15,0.2
60.6,2,0.113894,38.8712,0,1,1.10621,3.85683,3.10954,0.229765
60.6,3,0.148799,40.7883,1,1,1.15444,4.02499,3.14723,0.239783
60.6,4,0,29.1026,0,0,0.1,0.1,0.15,0.2
60.6,5,0,26.3456,0,0,0.1,0.1,0.15,0.2
60.6,6,0.660473,41.9113,1,1,2.05274,7.15692,3.87622,0.426363
60.6,7,0.9,46.871,1,1,2.40726,14.3359,4.74119,0.5
60.7,0,0,26.8028,0,0,0.1,0.1,0.15,0.2
60.7,1,0,25.9642,0,0,0.1,0.1,0.15,0.2
60.7,2,0.113266,38.8774,0,1,0.961025,5.15262,3.16495,0.229592
60.7,3,0.148163,40.7655,1,1,1.00291,5.37722,3.20476,0.2396
60.7,4,0,29.0455,0,0,0.1,0.1,0.15,0.2
60.7,5,0,26.3344,0,0,0.1,0.1,0.15,0.2
60.7,6,0.660263,41.9272,1,1,1.78435,9.56696,3.9703,0.426287
60.7,7,0.9,46.8485,1,1,2.0929,14.1357,4.5607,0.5
60.8,0,0,26.784,0,0,0.1,0.1,0.15,0.2
60.8,1,0,25.9593,0,0,0.1,0.1,0.15,0.2
60.8,2,0.112664,38.8736,0,1,0.930776,3.87917,3.03245,0.229416
60.8,3,0.147554,40.7327,1,1,0.971336,4.04821,3.06622,0.239413
60.8,4,0,28.9893,0,0,0.1,0.1,0.15,0.2
60.8,5,0,26.3234,0,0,0.1,0.1,0.15,0.2
60.8,6,0.660066,41.924,1,1,1.7292,7.20672,3.71928,0.42621
60.8,7,0.9,46.8352,1,1,2.02858,15.7004,4.67811,0.5
60.9,0,0,26.7655,0,0,0.1,0.1,0.15,0.2
60.9,1,0,25.9546,0,0,0.1,0.1,0.15,0.2
60.9,2,0.11206,38.8709,0,1,1.01608,3.62418,3.0471,0.229248
60.9,3,0.146943,40.7016,1,1,1.06035,3.78207,3.08172,0.239235
60.9,4,0,28.9341,0,0,0.1,0.1,0.15,0.2
60.9,5,0,26.3126,0,0,0.1,0.1,0.15,0.2
60.9,6,0.659868,41.9235,1,1,1.88874,6.7368,3.75407,0.426137
60.9,7,0.9,46.82,1,1,2.21612,14.4065,4.64935,0.5
61,0,0,26.7473,0,0,0.1,0.1,0.15,0.2
61,1,0,25.9499,0,0,0.1,0.1,0.15,0.2
61,2,0.111443,38.8727,0,1,0.951974,4.57966,3.10716,0.229079
61,3,0.146319,40.6757,1,1,0.993437,4.77913,3.14433,0.239056
61,4,0,28.8798,0,0,0.1,0.1,0.15,0.2
61,5,0,26.302,0,0,0.1,0.1,0.15,0.2
61,6,0.659663,41.9313,1,1,1.77058,8.51771,3.86379,0.426063
61,7,0.9,46.7962,1,1,2.07783,13.9064,4.53114,0.5
61.1,0,0,26.7295,0,0,0.1,0.1,0.15,0.2
61.1,1,0,25.9454,0,0,0.1,0.1,0.15,0.2
61.1,2,0.11083,38.8733,0,1,0.914722,4.56997,3.08975,0.228906
61.1,3,0.145699,40.6489,1,1,0.954553,4.76896,3.12604,0.238874
61.1,4,0,28.8263,0,0,0.1,0.1,0.15,0.2
61.1,5,0,26.2915,0,0,0.1,0.1,0.15,0.2
61.1,6,0.659461,41.9362,1,1,1.70227,8.50457,3.829,0.425987
61.1,7,0.9,46.7216,1,1,1.99803,7.16781,3.84956,0.5
61.2,0,0,26.7119,0,0,0.1,0.1,0.15,0.2
61.2,1,0,25.9408,0,0,0.1,0.1,0.15,0.2
61.2,2,0.110204,38.8785,0,1,0.685074,6.27614,3.15239,0.228735
61.2,3,0.145066,40.6274,1,1,0.714897,6.54935,3.19084,0.238692
61.2,4,0,28.7738,0,0,0.1,0.1,0.15,0.2
61.2,5,0,26.2813,0,0,0.1,0.1,0.15,0.2
61.2,6,0.659253,41.9487,1,1,1.27563,11.6864,3.92936,0.425912
61.2,7,0.9,46.6612,1,1,1.49753,11.5619,4.02159,0.5
61.3,0,0,26.6946,0,0,0.1,0.1,0.15,0.2
61.3,1,0,25.9364,0,0,0.1,0.1,0.15,0.2
61.3,2,0.109546,38.8961,0,1,0.869487,7.21032,3.3197,0.228561
61.3,3,0.144398,40.6194,1,1,0.907328,7.52412,3.36605,0.238508
61.3,4,0,28.7222,0,0,0.1,0.1,0.15,0.2
61.3,5,0,26.2711,0,0,0.1,0.1,0.15,0.2
61.3,6,0.659027,41.9857,1,1,1.61996,13.4337,4.25944,0.425835
61.3,7,0.9,46.617,1,1,1.90209,11.6121,4.22361,0.5
61.4,0,0,26.6776,0,0,0.1,0.1,0.15,0.2
61.4,1,0,25.9321,0,0,0.1,0.1,0.15,0.2
61.4,2,0.108889,38.9129,0,1,1.00916,6.48013,3.31178,0.228377
61.4,3,0.143732,40.611,1,1,1.05307,6.76205,3.35817,0.238313
61.4,4,0,28.6714,0,0,0.1,0.1,0.15,0.2
61.4,5,0,26.2612,0,0,0.1,0.1,0.15,0.2
61.4,6,0.658802,42.0219,1,1,1.88133,12.0806,4.25803,0.425752
61.4,7,0.9,46.5832,1,1,2.20943,11.3432,4.35327,0.5
61.5,0,0,26.6609,0,0,0.1,0.1,0.15,0.2
61.5,1,0,25.9278,0,0,0.1,0.1,0.15,0.2
61.5,2,0.108271,38.9147,0,1,0.935411,4.74621,3.11541,0.228194
61.5,3,0.143106,40.5872,1,1,0.976095,4.95263,3.15286,0.238119
61.5,4,0,28.6214,0,0,0.1,0.1,0.15,0.2
61.5,5,0,26.2514,0,0,0.1,0.1,0.15,0.2
61.5,6,0.658597,42.0294,1,1,1.7449,8.85348,3.88303,0.425668
61.5,7,0.9,46.5445,1,1,2.0496,11.4348,4.28068,0.5
61.6,0,0,26.6445,0,0,0.1,0.1,0.15,0.2
61.6,1,0,25.9236,0,0,0.1,0.1,0.15,0.2
61.6,2,0.107671,38.9095,0,1,0.768682,4.53934,3.02335,0.228022
61.6,3,0.1425,40.5567,1,1,0.802105,4.73672,3.05626,0.237937
61.6,4,0,28.5723,0,0,0.1,0.1,0.15,0.2
61.6,5,0,26.2418,0,0,0.1,0.1,0.15,0.2
61.6,6,0.658401,42.0229,1,1,1.43471,8.47247,3.69702,0.425592
61.6,7,0.9,46.4643,1,1,1.68555,7.42886,3.71887,0.5
61.7,0,0,26.6283,0,0,0.1,0.1,0.15,0.2
61.7,1,0,25.9194,0,0,0.1,0.1,0.15,0.2
61.7,2,0.107057,38.9098,0,1,0.663018,5.76959,3.09507,0.227855
61.7,3,0.141878,40.5322,1,1,0.69184,6.0204,3.13089,0.23776
61.7,4,0,28.5241,0,0,0.1,0.1,0.15,0.2
61.7,5,0,26.2324,0,0,0.1,0.1,0.15,0.2
61.7,6,0.658199,42.026,1,1,1.23819,10.7747,3.82485,0.425519
61.7,7,0.9,46.4013,1,1,1.45491,10.8148,3.92993,0.5
61.8,0,0,26.6124,0,0,0.1,0.1,0.15,0.2
61.8,1,0,25.9153,0,0,0.1,0.1,0.15,0.2
61.8,2,0.106468,38.9003,0,1,0.803474,3.75045,2.96462,0.227684
61.8,3,0.141284,40.498,1,1,0.838392,3.91345,2.99496,0.237579
61.8,4,0,28.4766,0,0,0.1,0.1,0.15,0.2
61.8,5,0,26.2231,0,0,0.1,0.1,0.15,0.2
61.8,6,0.658009,42.0115,1,1,1.50135,7.00798,3.58989,0.425444
61.8,7,0.9,46.3687,1,1,1.76445,13.3329,4.3201,0.5
61.9,0,0,26.5968,0,0,0.1,0.1,0.15,0.2
61.9,1,0,25.9113,0,0,0.1,0.1,0.15,0.2
61.9,2,0.105895,38.8853,0,1,0.858744,2.65575,2.88847,0.227521
61.9,3,0.140706,40.4583,1,1,0.896056,2.77115,2.91542,0.237407
61.9,4,0,28.4299,0,0,0.1,0.1,0.15,0.2
61.9,5,0,26.214,0,0,0.1,0.1,0.15,0.2
61.9,6,0.657826,41.9866,1,1,1.60551,4.9652,3.44843,0.425374
61.9,7,0.9,46.3454,1,1,1.88717,13.9356,4.43837,0.5
62,0,0,26.5814,0,0,0.1,0.1,0.15,0.2
62,1,0,25.9074,0,0,0.1,0.1,0.15,0.2
62,2,0.105306,38.8765,0,1,0.899374,3.338,2.96856,0.227362
62,3,0.140111,40.4256,1,1,0.938443,3.48301,2.99926,0.237239
62,4,0,28.384,0,0,0.1,0.1,0.15,0.2
62,5,0,26.205,0,0,0.1,0.1,0.15,0.2
62,6,0.657636,41.9739,1,1,1.68238,6.2441,3.6056,0.425306
62,7,0.9,46.3371,1,1,1.97784,15.4967,4.63313,0.5
